time_s,joint2_position_rad,joint2_velocity_rad_s,position_error_rad,pd_torque_Nm,gravity_comp_torque_Nm,command_torque_Nm
0.002,-0.0005892123142965626,-0.2946061571482813,-0.49941078768570346,-20.0,0.0,-20.0
0.004,-0.0012899582163081675,-0.3503729510058024,-0.4987100417836918,-17.619582250241887,0.0,-17.619582250241887
0.006,-0.0020858363906223754,-0.39793908715710385,-0.4979141636093776,-17.145418063301257,0.0,-17.145418063301257
0.008,-0.002962909631957705,-0.43853662066766486,-0.4970370903680423,-16.733053847118274,0.0,-16.733053847118274
0.01,-0.00390810777861481,-0.4725990733285525,-0.49609189222138517,-16.373190649380373,0.0,-16.373190649380373
0.012,-0.0049098557719333144,-0.5008739966592521,-0.4950901442280667,-16.062883102226987,0.0,-16.062883102226987
0.014,-0.006010235885740374,-0.5501900569035301,-0.4939897641142596,-15.796613795848652,0.0,-15.796613795848652
0.016,-0.007181886961102404,-0.5858255376810151,-0.4928181130388976,-15.358070109342144,0.0,-15.358070109342144
0.018000000000000002,-0.008402125959453012,-0.6101194991753035,-0.491597874040547,-15.026120220107785,0.0,-15.026120220107785
0.020000000000000004,-0.009652171887745378,-0.6250229641461831,-0.49034782811225464,-14.782958968219454,0.0,-14.782958968219454
0.022000000000000006,-0.010916694457297618,-0.6322612847761192,-0.4890833055427024,-14.61372941132072,0.0,-14.61372941132072
0.024000000000000007,-0.012183349740688267,-0.6333276416953251,-0.48781665025931176,-14.50524194349914,0.0,-14.50524194349914
0.02600000000000001,-0.013442363504453249,-0.6295068818824907,-0.48655763649554673,-14.44604487680987,0.0,-14.44604487680987
0.02800000000000001,-0.0146861592018357,-0.6218978486912257,-0.4853138407981643,-14.426250404761944,0.0,-14.426250404761944
0.030000000000000013,-0.015909026553620618,-0.6114336758924583,-0.48409097344637936,-14.437370842396765,0.0,-14.437370842396765
0.032000000000000015,-0.017106827332416828,-0.5989003893981059,-0.4828931726675832,-14.472169530715508,0.0,-14.472169530715508
0.034000000000000016,-0.018276735437371953,-0.5849540524775629,-0.48172326456262804,-14.524523791518483,0.0,-14.524523791518483
0.03600000000000002,-0.01941757644915791,-0.5704205058929781,-0.4805824235508421,-14.589298162684617,0.0,-14.589298162684617
0.03800000000000002,-0.020528896092561318,-0.5556598217017025,-0.4794711039074387,-14.65993289488986,0.0,-14.65993289488986
0.04000000000000002,-0.021610777986908077,-0.54094094717338,-0.4783892220130919,-14.733565582683926,0.0,-14.733565582683926
0.04200000000000002,-0.02266373433600148,-0.5264781745467018,-0.4773362656639985,-14.808041303136637,0.0,-14.808041303136637
0.044000000000000025,-0.023688686714717622,-0.5124761893580706,-0.47631131328528237,-14.881625230186325,0.0,-14.881625230186325
0.04600000000000003,-0.024686649282042478,-0.4989812836624276,-0.47531335071795755,-14.95264301654673,0.0,-14.95264301654673
0.04800000000000003,-0.025658938087117954,-0.4861444025377379,-0.47434106191288206,-15.020683759418882,0.0,-15.020683759418882
0.05000000000000003,-0.026607003112266703,-0.47403251257437523,-0.4733929968877333,-15.084487256213377,0.0,-15.084487256213377
0.05200000000000003,-0.027532388553038675,-0.46269272038598663,-0.4724676114469613,-15.14345977491433,0.0,-15.14345977491433
0.054000000000000034,-0.028436697614843003,-0.4521545309021645,-0.471563302385157,-15.19716269479056,0.0,-15.19716269479056
0.056000000000000036,-0.02932148952649041,-0.442395955823703,-0.4706785104735096,-15.245295848188963,0.0,-15.245295848188963
0.05800000000000004,-0.030187973332133432,-0.43324190282151187,-0.4698120266678666,-15.287972772350761,0.0,-15.287972772350761
0.06000000000000004,-0.031037851875980765,-0.4249392719236668,-0.46896214812401926,-15.326545844142569,0.0,-15.326545844142569
0.06200000000000004,-0.03187295894858422,-0.41755353630172515,-0.4681270410514158,-15.358971749571435,0.0,-15.358971749571435
0.06400000000000004,-0.03269545679063697,-0.41124892102637534,-0.46730454320936304,-15.384653351642829,0.0,-15.384653351642829
0.06600000000000004,-0.03352332984000311,-0.4139365246830714,-0.4664766701599969,-15.40219036016352,0.0,-15.40219036016352
0.06800000000000005,-0.034355814949409834,-0.4162425547033604,-0.4656441850505902,-15.347574608935304,0.0,-15.347574608935304
0.07000000000000005,-0.035192601938358464,-0.41839349447431357,-0.4648073980616415,-15.295826964396726,0.0,-15.295826964396726
0.07200000000000005,-0.03603232388429361,-0.41986097296757136,-0.4639676761157064,-15.245147966671151,0.0,-15.245147966671151
0.07400000000000005,-0.036874653583223074,-0.4211648494647314,-0.46312534641677694,-15.199819260887686,0.0,-15.199819260887686
0.07600000000000005,-0.03771930352880558,-0.4223249727912508,-0.4622806964711944,-15.155695060953226,0.0,-15.155695060953226
0.07800000000000006,-0.03856602416889664,-0.4233603200455297,-0.46143397583110335,-15.112628076517769,0.0,-15.112628076517769
0.08000000000000006,-0.03941460036324243,-0.42428809717289545,-0.4605853996367576,-15.070476472879896,0.0,-15.070476472879896
0.08200000000000006,-0.04026484800029153,-0.4251238185245499,-0.4597351519997085,-15.029111208087139,0.0,-15.029111208087139
0.08400000000000006,-0.04111661091212945,-0.42588145591896154,-0.4588833890878705,-14.988415531791942,0.0,-14.988415531791942
0.08600000000000006,-0.041969758024322415,-0.42657355609647996,-0.4580302419756776,-14.948283916163128,0.0,-14.948283916163128
0.08800000000000006,-0.042824180695326675,-0.4272113355021291,-0.4571758193046733,-14.908621230255264,0.0,-14.908621230255264
0.09000000000000007,-0.04368802149543811,-0.43192040005571664,-0.4563119785045619,-14.869342088169901,0.0,-14.869342088169901
0.09200000000000007,-0.044560980576497364,-0.43647954052962784,-0.4554390194235026,-14.797115939736743,0.0,-14.797115939736743
0.09400000000000007,-0.045442776390832086,-0.44089790716736244,-0.4545572236091679,-14.725724452703082,0.0,-14.725724452703082
0.09600000000000007,-0.04633304483886323,-0.4451342240155729,-0.45366695516113675,-14.655105687027815,0.0,-14.655105687027815
0.09800000000000007,-0.047231416207542384,-0.44918568433957573,-0.4527685837924576,-14.585604414320889,0.0,-14.585604414320889
0.10000000000000007,-0.04813756079847382,-0.4530722954657171,-0.4518624392015262,-14.517257876981699,0.0,-14.517257876981699
0.10200000000000008,-0.04905120879233031,-0.4568239969282475,-0.4509487912076697,-14.44991920433531,0.0,-14.44991920433531
0.10400000000000008,-0.0499721546891511,-0.46047294841039493,-0.4500278453108489,-14.383359672880808,0.0,-14.383359672880808
0.10600000000000008,-0.05090025380998548,-0.464049560417188,-0.4490997461900145,-14.317330225150798,0.0,-14.317330225150798
0.10800000000000008,-0.05183541549533859,-0.46758084267655703,-0.4481645845046614,-14.251593364263076,0.0,-14.251593364263076
0.11000000000000008,-0.05277759552286162,-0.4710900137615123,-0.4472224044771384,-14.185936638774,0.0,-14.185936638774
0.11200000000000009,-0.053726788949221886,-0.47459671318013225,-0.4462732110507781,-14.120176068993436,0.0,-14.120176068993436
0.11400000000000009,-0.054683023848811504,-0.47811744979480814,-0.4453169761511885,-14.054154736590068,0.0,-14.054154736590068
0.11600000000000009,-0.05564645219091935,-0.48171417105392117,-0.44435354780908065,-13.987739447689073,0.0,-13.987739447689073
0.11800000000000009,-0.056617121912530585,-0.48533486080561905,-0.4433828780874694,-13.920428543931857,0.0,-13.920428543931857
0.12000000000000009,-0.05759511222406888,-0.4889951557691451,-0.4424048877759311,-13.852636237053822,0.0,-13.852636237053822
0.1220000000000001,-0.05858052588368992,-0.4927068298105216,-0.4414194741163101,-13.784234264884084,0.0,-13.784234264884084
0.1240000000000001,-0.05957348798164891,-0.49648104897949324,-0.4404265120183511,-13.71512432616823,0.0,-13.71512432616823
0.12600000000000008,-0.060574111192077,-0.5003116052140465,-0.439425888807923,-13.645212088898097,0.0,-13.645212088898097
0.12800000000000009,-0.061582560188401456,-0.5042244981622264,-0.43841743981159853,-13.57454271060455,0.0,-13.57454271060455
0.1300000000000001,-0.06259900528625564,-0.5082225489270971,-0.4374009947137444,-13.50290160716613,0.0,-13.50290160716613
0.1320000000000001,-0.06362362082121488,-0.51230776747962,-0.43637637917878513,-13.430259397133,0.0,-13.430259397133
0.1340000000000001,-0.06465658404085875,-0.5164816098219361,-0.4353434159591413,-13.356593027314446,0.0,-13.356593027314446
0.1360000000000001,-0.06569807076654524,-0.5207433628432488,-0.4343019292334548,-13.281883759790162,0.0,-13.281883759790162
0.1380000000000001,-0.06674811537086843,-0.525022302161591,-0.43325188462913156,-13.2061302665922,0.0,-13.2061302665922
0.1400000000000001,-0.06780661532095202,-0.5292499750417905,-0.432193384679048,-13.129896967872535,0.0,-13.129896967872535
0.1420000000000001,-0.06887342223163977,-0.5334034553438726,-0.4311265777683602,-13.053735586827596,0.0,-13.053735586827596
0.1440000000000001,-0.0699484994272563,-0.5375385978082656,-0.4300515005727437,-12.977835467983429,0.0,-12.977835467983429
0.1460000000000001,-0.07103201180040168,-0.5417561865726921,-0.4289679881995983,-12.901751240443623,0.0,-12.901751240443623
0.1480000000000001,-0.07212424342070882,-0.5461158101535665,-0.42787575657929117,-12.824670035402397,0.0,-12.824670035402397
0.1500000000000001,-0.07322553553219953,-0.550646055745352,-0.4267744644678005,-12.746103781943116,0.0,-12.746103781943116
0.1520000000000001,-0.07431760007580986,-0.5460322718051603,-0.42568239992419016,-12.665810132749204,0.0,-12.665810132749204
0.1540000000000001,-0.07541696577772043,-0.5496828509552866,-0.42458303422227955,-12.659037822526322,0.0,-12.659037822526322
0.1560000000000001,-0.07652800428141532,-0.5555192518474404,-0.4234719957185847,-12.585858561248891,0.0,-12.585858561248891
0.1580000000000001,-0.07765184694893563,-0.5619213337601571,-0.4223481530510644,-12.494725813963864,0.0,-12.494725813963864
0.16000000000000011,-0.07878876305579939,-0.5684580534318776,-0.4212112369442006,-12.398555451961318,0.0,-12.398555451961318
0.16200000000000012,-0.07993879076114983,-0.5750138526752192,-0.42006120923885015,-12.300785050313003,0.0,-12.300785050313003
0.16400000000000012,-0.08110190605257848,-0.5815576457143258,-0.4188980939474215,-12.202337548152254,0.0,-12.202337548152254
0.16600000000000012,-0.08227806785386033,-0.5880809006409182,-0.4177219321461397,-12.103462592182254,0.0,-12.103462592182254
0.16800000000000012,-0.08346723010214395,-0.5945811241418083,-0.41653276989785604,-12.004230080718242,0.0,-12.004230080718242
0.17000000000000012,-0.0846693450195451,-0.6010574587005699,-0.4153306549804549,-11.904661802779774,0.0,-11.904661802779774
0.17200000000000013,-0.0858843640409099,-0.6075095106824038,-0.41411563595909007,-11.804766529613637,0.0,-11.804766529613637
0.17400000000000013,-0.0871122381190673,-0.6139370390787019,-0.4128877618809327,-11.704549352904372,0.0,-11.704549352904372
0.17600000000000013,-0.08835291786415497,-0.6203398725438347,-0.411647082135845,-11.60401416260769,0.0,-11.60401416260769
0.17800000000000013,-0.08960635363677698,-0.626717886311003,-0.410393646363223,-11.503164305083123,0.0,-11.503164305083123
0.18000000000000013,-0.09087249562556818,-0.6330709943955979,-0.4091275043744318,-11.402002764040898,0.0,-11.402002764040898
0.18200000000000013,-0.09215129391651868,-0.639399145475249,-0.40784870608348134,-11.300532219812489,0.0,-11.300532219812489
0.18400000000000014,-0.0934426985556441,-0.6457023195627128,-0.40655730144435587,-11.198755079537262,0.0,-11.198755079537262
0.18600000000000014,-0.09474665960534819,-0.6519805248520383,-0.40525334039465183,-11.096673501272534,0.0,-11.096673501272534
0.18800000000000014,-0.09606312719469291,-0.6582337946723639,-0.4039368728053071,-10.994289416969767,0.0,-10.994289416969767
0.19000000000000014,-0.09739205156388146,-0.6644621845942743,-0.4026079484361185,-10.891604554833371,0.0,-10.891604554833371
0.19200000000000014,-0.09873338310335432,-0.6706657697364271,-0.40126661689664567,-10.788620460690545,0.0,-10.788620460690545
0.19400000000000014,-0.10008707238795872,-0.6768446423022009,-0.3999129276120413,-10.685338517974408,0.0,-10.685338517974408
0.19600000000000015,-0.10145307020667585,-0.6829989093585637,-0.3985469297933242,-10.581759966064045,0.0,-10.581759966064045
0.19800000000000015,-0.10283132758838835,-0.6891286908562516,-0.39716867241161163,-10.477885916864459,0.0,-10.477885916864459
0.20000000000000015,-0.10422179582415143,-0.6952341178815434,-0.3957782041758486,-10.373717369614454,0.0,-10.373717369614454
0.20200000000000015,-0.10562442648640037,-0.701315331124467,-0.39437557351359964,-10.269255223981595,0.0,-10.269255223981595
0.20400000000000015,-0.1070391714454909,-0.7073724795452646,-0.3929608285545091,-10.16450029154825,0.0,-10.16450029154825
0.20600000000000016,-0.10846597698220402,-0.7134027683565599,-0.391534023017796,-10.059453305818245,0.0,-10.059453305818245
0.20800000000000016,-0.10990479752718696,-0.7194102724914714,-0.39009520247281304,-9.95413877385936,0.0,-9.95413877385936
0.21000000000000016,-0.11135558724087938,-0.7253948568462106,-0.38864441275912065,-9.848525918980751,0.0,-9.848525918980751
0.21200000000000016,-0.11281830024164671,-0.7313565003836665,-0.38718169975835326,-9.74261765559514,0.0,-9.74261765559514
0.21400000000000016,-0.11429289073522504,-0.7372952467891649,-0.38570710926477497,-9.636415987264797,0.0,-9.636415987264797
0.21600000000000016,-0.1157793130983687,-0.7432111815718305,-0.3842206869016313,-9.52992239627768,0.0,-9.52992239627768
0.21800000000000017,-0.11727752193737269,-0.7491044195019975,-0.3827224780626273,-9.423138023490608,0.0,-9.423138023490608
0.22000000000000017,-0.11878747213071542,-0.7549750966713663,-0.3812125278692846,-9.316063766489112,0.0,-9.316063766489112
0.22200000000000017,-0.12030911886070009,-0.7608233649923329,-0.37969088113929994,-9.208700341400455,0.0,-9.208700341400455
0.22400000000000017,-0.12184241763709157,-0.7666493881957401,-0.3781575823629084,-9.101048325633332,0.0,-9.101048325633332
0.22600000000000017,-0.12338732431479318,-0.7724533388508046,-0.37661267568520684,-8.993108188950416,0.0,-8.993108188950416
0.22800000000000017,-0.12494379510704057,-0.7782353961236897,-0.37505620489295943,-8.884880316601837,0.0,-8.884880316601837
0.23000000000000018,-0.12651178659520945,-0.7839957440844384,-0.37348821340479055,-8.776365026728858,0.0,-8.776365026728858
0.23200000000000018,-0.12809125573606023,-0.7897345704253834,-0.3719087442639398,-8.667562583516116,0.0,-8.667562583516116
0.23400000000000018,-0.12968215986703857,-0.7954520654891738,-0.37031784013296143,-8.558473207154524,0.0,-8.558473207154524
0.23600000000000018,-0.13128445671009756,-0.8011484215294893,-0.3687155432899024,-8.449097081405068,0.0,-8.449097081405068
0.23800000000000018,-0.1328981047469983,-0.8068240184503847,-0.3671018952530017,-8.339434359360181,0.0,-8.339434359360181
0.24000000000000019,-0.13452301055950444,-0.812452906253063,-0.36547698944049556,-8.22948366251699,0.0,-8.22948366251699
0.2420000000000002,-0.13615915351393174,-0.8180714772136501,-0.3638408464860683,-8.119456327595318,0.0,-8.119456327595318
0.2440000000000002,-0.1378065083781434,-0.8236774321058261,-0.3621934916218566,-8.00906204173353,0.0,-8.00906204173353
0.2460000000000002,-0.13946504650999025,-0.8292690659234311,-0.36053495349000975,-7.898320208027655,0.0,-7.898320208027655
0.2480000000000002,-0.14113473665194334,-0.8348450709765415,-0.3588652633480567,-7.787245612212941,0.0,-7.787245612212941
0.25000000000000017,-0.14281554552067338,-0.8404044343650181,-0.3571844544793266,-7.6758499661099355,0.0,-7.6758499661099355
0.25200000000000017,-0.1445074382746465,-0.8459463769865513,-0.3554925617253535,-7.5641427042529195,0.0,-7.5641427042529195
0.25400000000000017,-0.14621037889920763,-0.8514703122805674,-0.3537896211007924,-7.452131453121729,0.0,-7.452131453121729
0.25600000000000017,-0.1479243305277858,-0.8569758142890928,-0.3520756694722142,-7.339822345787157,0.0,-7.339822345787157
0.2580000000000002,-0.14964925571020968,-0.8624625912119283,-0.3503507442897903,-7.227220264575826,0.0,-7.227220264575826
0.2600000000000002,-0.15138511663600818,-0.867930462899243,-0.3486148833639918,-7.114329041896187,0.0,-7.114329041896187
0.2620000000000002,-0.15313187531905245,-0.873379341522137,-0.3468681246809475,-7.001151631365728,0.0,-7.001151631365728
0.2640000000000002,-0.15488949374896643,-0.8788092149569913,-0.34511050625103357,-6.887690255060805,0.0,-6.887690255060805
0.2660000000000002,-0.15665793401404712,-0.8842201325403386,-0.34334206598595285,-6.7739465303854125,0.0,-6.7739465303854125
0.2680000000000002,-0.15843715839986627,-0.8896121929095712,-0.3415628416001337,-6.659921579115406,0.0,-6.659921579115406
0.2700000000000002,-0.1602272924522314,-0.8950670261825688,-0.33977270754776856,-6.54561612072878,0.0,-6.54561612072878
0.2720000000000002,-0.16202828502679223,-0.9004962872804098,-0.33797171497320777,-6.430372092450192,0.0,-6.430372092450192
0.2740000000000002,-0.16384008651788912,-0.9059007455484427,-0.3361599134821109,-6.314898300685033,0.0,-6.314898300685033
0.2760000000000002,-0.16566264882606377,-0.9112811540873232,-0.33433735117393626,-6.199190574896894,0.0,-6.199190574896894
0.2780000000000002,-0.16749592529955135,-0.9166382367437871,-0.3325040747004486,-6.083244814258864,0.0,-6.083244814258864
0.2800000000000002,-0.16933987066810874,-0.9219726842786996,-0.33066012933189126,-5.967057094067648,0.0,-5.967057094067648
0.2820000000000002,-0.1711944409749605,-0.927285153425879,-0.3288055590250395,-5.8506236990460545,0.0,-5.8506236990460545
0.2840000000000002,-0.17305959350908467,-0.9325762670620804,-0.3269404064909153,-5.7339411335945485,0.0,-5.7339411335945485
0.2860000000000002,-0.17493528673891912,-0.9378466149172223,-0.3250647132610809,-5.61700612313997,0.0,-5.61700612313997
0.2880000000000002,-0.17682148024812644,-0.9430967546036686,-0.32317851975187356,-5.499815611105457,0.0,-5.499815611105457
0.2900000000000002,-0.17871813467383502,-0.948327212854282,-0.321281865326165,-5.382366753245593,0.0,-5.382366753245593
0.2920000000000002,-0.18062521164763434,-0.9535384868996591,-0.31937478835236566,-5.264656910212342,0.0,-5.264656910212342
0.2940000000000002,-0.18254267373950184,-0.9587310459337461,-0.31745732626049816,-5.146683638897353,0.0,-5.146683638897353
0.2960000000000002,-0.18447048440475844,-0.9639053326282964,-0.31552951559524156,-5.028444682949958,0.0,-5.028444682949958
0.2980000000000002,-0.18640860793408803,-0.9690617646647943,-0.31359139206591197,-4.9099379627832915,0.0,-4.9099379627832915
0.3000000000000002,-0.18835700940660602,-0.9742007362589916,-0.31164299059339395,-4.791161565318124,0.0,-4.791161565318124
0.3020000000000002,-0.1903156546459232,-0.9793226196585975,-0.3096843453540768,-4.672113733663825,0.0,-4.672113733663825
0.3040000000000002,-0.19228451017912157,-0.9844277665991777,-0.30771548982087843,-4.552792856894292,0.0,-4.552792856894292
0.3060000000000002,-0.19426354319853575,-0.989516509707088,-0.3057364568014642,-4.433197460041716,0.0,-4.433197460041716
0.3080000000000002,-0.19625272152621853,-0.9945891638413956,-0.30374727847378147,-4.313326194401864,0.0,-4.313326194401864
0.3100000000000002,-0.1982520135809572,-0.9996460273693325,-0.30174798641904277,-4.193177828220093,0.0,-4.193177828220093
0.3120000000000002,-0.20026138834770105,-1.004687383371928,-0.299738611652299,-4.07275123780705,0.0,-4.07275123780705
0.3140000000000002,-0.2022808153492574,-1.009713500778184,-0.2977191846507426,-3.9520453991165354,0.0,-3.9520453991165354
0.3160000000000002,-0.20431026462011243,-1.0147246354275132,-0.2956897353798876,-3.8310593798042323,0.0,-3.8310593798042323
0.3180000000000002,-0.2063497066822349,-1.0197210310612435,-0.2936502933177651,-3.7097923317753967,0.0,-3.7097923317753967
0.32000000000000023,-0.20839911252272453,-1.0247029202448086,-0.29160088747727547,-3.5882434842206568,0.0,-3.5882434842206568
0.32200000000000023,-0.2104584535731703,-1.0296705252228886,-0.2895415464268297,-3.4664121371325507,0.0,-3.4664121371325507
0.32400000000000023,-0.2125277016905907,-1.0346240587102031,-0.2874722983094093,-3.344297655290081,0.0,-3.344297655290081
0.32600000000000023,-0.2146068291398327,-1.039563724620989,-0.2853931708601673,-3.221899462694747,0.0,-3.221899462694747
0.32800000000000024,-0.2166958085773135,-1.0444897187403936,-0.2833041914226865,-3.0992170374387804,0.0,-3.0992170374387804
0.33000000000000024,-0.21879461303599576,-1.0494022293411305,-0.2812053869640042,-2.976249906984309,0.0,-2.976249906984309
0.33200000000000024,-0.2209032159114933,-1.0543014377487783,-0.2790967840885067,-2.8529976438311255,0.0,-2.8529976438311255
0.33400000000000024,-0.2230215909492115,-1.059187518859093,-0.2769784090507885,-2.7294598615500405,0.0,-2.7294598615500405
0.33600000000000024,-0.22514971223243277,-1.0640606416106324,-0.27485028776756726,-2.6056362111587976,0.0,-2.6056362111587976
0.33800000000000024,-0.2272875541712646,-1.068920969415904,-0.27271244582873544,-2.481526377817632,0.0,-2.481526377817632
0.34000000000000025,-0.22943509149237282,-1.073768660554117,-0.27056490850762716,-2.3571300778221858,0.0,-2.3571300778221858
0.34200000000000025,-0.23159229922942978,-1.0786038685284878,-0.2684077007705702,-2.23244705587215,0.0,-2.23244705587215
0.34400000000000025,-0.23375915271421158,-1.0834267423908923,-0.26624084728578845,-2.1074770825949063,0.0,-2.1074770825949063
0.34600000000000025,-0.2359356275682846,-1.0882374270365054,-0.26406437243171543,-1.9822199523043995,0.0,-1.9822199523043995
0.34800000000000025,-0.2381216996952264,-1.0930360634709027,-0.2618783003047736,-1.856675480976575,0.0,-1.856675480976575
0.35000000000000026,-0.2403173452733303,-1.097822789051944,-0.25968265472666974,-1.7308435044237225,0.0,-1.7308435044237225
0.35200000000000026,-0.2425225407487475,-1.102597737708598,-0.25747745925125254,-1.6047238766512368,0.0,-1.6047238766512368
0.35400000000000026,-0.24473726282902492,-1.1073610401387128,-0.2552627371709751,-1.4783164683813173,0.0,-1.4783164683813173
0.35600000000000026,-0.24696148847700009,-1.112112823987591,-0.25303851152299994,-1.3516211657293002,0.0,-1.3516211657293002
0.35800000000000026,-0.24919519490501826,-1.1168532140090852,-0.2508048050949817,-1.2246378690192703,0.0,-1.2246378690192703
0.36000000000000026,-0.25143835956943983,-1.1215823322107943,-0.24856164043056017,-1.0973664917265875,0.0,-1.0973664917265875
0.36200000000000027,-0.2536909601654095,-1.126300297984814,-0.24630903983459052,-0.9698069595360526,0.0,-0.9698069595360526
0.36400000000000027,-0.25595297462186023,-1.1310072282253762,-0.24404702537813977,-0.8419592095051076,0.0,-0.8419592095051076
0.36600000000000027,-0.2582243810967294,-1.1357032374345988,-0.2417756189032706,-0.7138231893225804,0.0,-0.7138231893225804
0.36800000000000027,-0.26050515797236434,-1.1403884378174627,-0.23949484202763566,-0.5853988566540327,0.0,-0.5853988566540327
0.3700000000000003,-0.2627952838510984,-1.1450629393670357,-0.2372047161489016,-0.45668617856572524,0.0,-0.45668617856572524
0.3720000000000003,-0.2650947375509802,-1.1497268499408761,-0.23490526244901982,-0.3276851310197788,0.0,-0.3276851310197788
0.3740000000000003,-0.2674034981016391,-1.154380275329458,-0.2325965018983609,-0.19839569843378335,0.0,-0.19839569843378335
0.3760000000000003,-0.2697215447402739,-1.1590233193173949,-0.23027845525972612,-0.0688178732987712,0.0,-0.0688178732987712
0.3780000000000003,-0.27204885690775016,-1.1636560837381542,-0.22795114309224984,0.061048344150114175,0.0,0.061048344150114175
0.3800000000000003,-0.27438541424479596,-1.1682786685229047,-0.22561458575520404,0.19120294621524003,0.0,0.19120294621524003
0.3820000000000003,-0.2767311965882841,-1.1728911717440689,-0.2232688034117159,0.3216459179750757,0.0,0.3216459179750757
0.3840000000000003,-0.2790861839675923,-1.177493689654102,-0.22091381603240767,0.45237723748391545,0.0,0.45237723748391545
0.3860000000000003,-0.2814503566010323,-1.1820863167199729,-0.2185496433989677,0.5833968759365078,0.0,0.5833968759365078
0.3880000000000003,-0.28382369489233983,-1.1866691456537708,-0.21617630510766017,0.7147047978010743,0.0,0.7147047978010743
0.3900000000000003,-0.2862061794272195,-1.1912422674398264,-0.2137938205727805,0.8463009609237595,0.0,0.8463009609237595
0.3920000000000003,-0.2885977909703978,-1.1958057715891437,-0.21140220902960222,0.9781853166073908,0.0,0.9781853166073908
0.3940000000000003,-0.29099851046092196,-1.2003597452620842,-0.20900148953907804,1.1103578115290613,0.0,1.1103578115290613
0.3960000000000003,-0.29340831900998743,-1.2049042745327427,-0.20659168099001257,1.2428183805335529,0.0,1.2428183805335529
0.3980000000000003,-0.29582719789746936,-1.209439443740965,-0.20417280210253064,1.375566956661439,0.0,1.375566956661439
0.4000000000000003,-0.2982551285685858,-1.2139653355582227,-0.20174487143141417,1.5086034658264946,0.0,1.5086034658264946
0.4020000000000003,-0.3006920926306289,-1.2184820310215287,-0.1993079073693711,1.641927827209214,0.0,1.641927827209214
0.4040000000000003,-0.30313807184973474,-1.2229896095529105,-0.19686192815026526,1.7755399533973861,0.0,1.7755399533973861
0.4060000000000003,-0.30559304814767896,-1.227488148972117,-0.19440695185232104,1.9094397504126732,0.0,1.9094397504126732
0.4080000000000003,-0.3080570035986907,-1.2319777255058681,-0.1919429964013093,2.0436271176840943,0.0,2.0436271176840943
0.4100000000000003,-0.31052992042628086,-1.2364584137950798,-0.18947007957371914,2.1781019479945734,0.0,2.1781019479945734
0.4120000000000003,-0.3130117809998375,-1.2409302867783347,-0.1869882190001625,2.3128641274118724,0.0,2.3128641274118724
0.4140000000000003,-0.31550256783218356,-1.2453934161730353,-0.18449743216781644,2.447913534220178,0.0,2.447913534220178
0.4160000000000003,-0.318002263575819,-1.24984787181772,-0.181997736424181,2.583250042671625,0.0,2.583250042671625
0.4180000000000003,-0.32051085101988264,-1.2542937220318005,-0.17948914898011736,2.7188735175745204,0.0,2.7188735175745204
0.4200000000000003,-0.32302831308705704,-1.2587310335872033,-0.17697168691294296,2.854783817049709,0.0,2.854783817049709
0.4220000000000003,-0.3255546328304541,-1.26315987169853,-0.1744453671695459,2.990980792179908,0.0,2.990980792179908
0.4240000000000003,-0.32808979343049416,-1.2675803000200379,-0.17191020656950584,3.127464286806404,0.0,3.127464286806404
0.4260000000000003,-0.330633778191784,-1.2719923806449247,-0.16936622180821598,3.264234137380069,0.0,3.264234137380069
0.4280000000000003,-0.33318657053999445,-1.276396174105225,-0.16681342946000555,3.401290172830759,0.0,3.401290172830759
0.4300000000000003,-0.33574815401905655,-1.2807917395310369,-0.16425184598094345,3.538632214441578,0.0,3.538632214441578
0.43200000000000033,-0.3383185122871205,-1.2851791340319703,-0.1616814877128795,3.676260077010557,0.0,3.676260077010557
0.43400000000000033,-0.34089762911421934,-1.2895584135494012,-0.15910237088578066,3.8141735637405825,0.0,3.8141735637405825
0.43600000000000033,-0.3434854883790267,-1.2939296324036866,-0.1565145116209733,3.952372472963983,0.0,3.952372472963983
0.43800000000000033,-0.3460820740656823,-1.2982928433278162,-0.1539179259343177,4.090856594390561,0.0,4.090856594390561
0.44000000000000034,-0.34868737026064356,-1.3026480974806347,-0.15131262973935644,4.229625709249822,0.0,4.229625709249822
0.44200000000000034,-0.3513013611495462,-1.3069954444513117,-0.1486986388504538,4.36867959027082,0.0,4.36867959027082
0.44400000000000034,-0.35392403101406644,-1.3113349322601366,-0.14607596898593356,4.50801800159234,0.0,4.50801800159234
0.44600000000000034,-0.35655536422855855,-1.31566660724604,-0.14344463577144145,4.647640698643751,0.0,4.647640698643751
0.44800000000000034,-0.35919534525755636,-1.3199905144989053,-0.14080465474244364,4.7875474271106615,0.0,4.7875474271106615
0.45000000000000034,-0.36184395865207136,-1.3243066972575097,-0.13815604134792864,4.927737926293497,0.0,4.927737926293497
0.45200000000000035,-0.3645011890465316,-1.328615197230132,-0.13549881095346838,5.068211924142933,0.0,5.068211924142933
0.45400000000000035,-0.3671670211556617,-1.3329160545650391,-0.1328329788443383,5.2089691397023214,0.0,5.2089691397023214
0.45600000000000035,-0.36984143977160944,-1.3372093079738716,-0.13015856022839056,5.350009282746781,0.0,5.350009282746781
0.45800000000000035,-0.37252442976001077,-1.3414949942006653,-0.12747557023998923,5.49133205465535,0.0,5.49133205465535
0.46000000000000035,-0.37521597605749163,-1.3457731487404274,-0.12478402394250837,5.632937144005753,0.0,5.632937144005753
0.46200000000000035,-0.3779160636684031,-1.3500438054557298,-0.12208393633159692,5.774824232223084,0.0,5.774824232223084
0.46400000000000036,-0.38062467766161034,-1.3543069966036196,-0.11937532233838966,5.916992990381962,0.0,5.916992990381962
0.46600000000000036,-0.3833418031673019,-1.3585627528457715,-0.11665819683269812,6.059443079293371,0.0,6.059443079293371
0.46800000000000036,-0.38606742537380495,-1.3628111032515329,-0.11393257462619505,6.202174149458248,0.0,6.202174149458248
0.47000000000000036,-0.3888015295244011,-1.3670520752980686,-0.11119847047559889,6.3451858409644615,0.0,6.3451858409644615
0.47200000000000036,-0.39154410091392916,-1.3712856947640144,-0.10845589908607084,6.488477783360594,0.0,6.488477783360594
0.47400000000000037,-0.39429512488620116,-1.3755119861360146,-0.10570487511379884,6.632049594669281,0.0,6.632049594669281
0.47600000000000037,-0.39705458683028916,-1.3797309720440103,-0.10294541316971084,6.7759008845361635,0.0,6.7759008845361635
0.47800000000000037,-0.399822472177653,-1.3839426736819154,-0.10017752782234701,6.920031249563649,0.0,6.920031249563649
0.48000000000000037,-0.40259876639828224,-1.3881471103146366,-0.09740123360171776,7.0644402765614425,0.0,7.0644402765614425
0.4820000000000004,-0.40538345499809286,-1.3923442999053002,-0.09461654500190714,7.2091275384483815,0.0,7.2091275384483815
0.4840000000000004,-0.40817652351564176,-1.39653425877446,-0.09182347648435824,7.3540925991661155,0.0,7.3540925991661155
0.4860000000000004,-0.4109779575188875,-1.4007170016228723,-0.0890220424811125,7.499335010821351,0.0,7.499335010821351
0.4880000000000004,-0.4137877426019682,-1.4048925415403484,-0.08621225739803179,7.6448543137384775,0.0,7.6448543137384775
0.4900000000000004,-0.4166058643819856,-1.409060890008696,-0.0833941356180144,7.790650036401516,0.0,7.790650036401516
0.4920000000000004,-0.4194323084957901,-1.4132220569022604,-0.08056769150420989,7.936721695348993,0.0,7.936721695348993
0.4940000000000004,-0.42226706059656127,-1.4173760503855921,-0.07773293940343873,8.083068795049687,0.0,8.083068795049687
0.4960000000000004,-0.42511010635117474,-1.4215228773067297,-0.07488989364882526,8.229690826947188,0.0,8.229690826947188
0.4980000000000004,-0.42796143143670706,-1.4256625427661647,-0.07203856856329294,8.376587272500828,0.0,8.376587272500828
0.5000000000000003,-0.430821021536652,-1.4297950499724896,-0.06917897846334797,8.5237575995976,0.0,8.5237575995976
0.5020000000000003,-0.43368886233827175,-1.4339204008098652,-0.06631113766172825,8.671201261245997,0.0,8.671201261245997
0.5040000000000003,-0.4365649395293052,-1.4380385955167172,-0.0634350604706948,8.818917700009791,0.0,8.818917700009791
0.5060000000000003,-0.4394492387947156,-1.4421496327052026,-0.06055076120528441,8.966906345305945,0.0,8.966906345305945
0.5080000000000003,-0.44234174581345376,-1.4462535093690712,-0.05765825418654624,9.115166613430244,0.0,9.115166613430244
0.5100000000000003,-0.44524244625522685,-1.4503502208865602,-0.054757553744773146,9.26369790749072,0.0,9.26369790749072
0.5120000000000003,-0.44815132577726935,-1.454439761021245,-0.05184867422273065,9.412499617301556,0.0,9.412499617301556
0.5140000000000003,-0.4510683700211135,-1.4585221219220839,-0.048931629978886504,9.561571119260734,0.0,9.561571119260734
0.5160000000000003,-0.4539935646093598,-1.4625972941231613,-0.0460064353906402,9.710911776221211,0.0,9.710911776221211
0.5180000000000003,-0.4569268951422481,-1.4666652664441504,-0.0430731048577519,9.860520937359682,0.0,9.860520937359682
0.5200000000000004,-0.4598683471952017,-1.4707260264767859,-0.0401316528047983,10.010397937243127,0.0,10.010397937243127
0.5220000000000004,-0.46281790630489567,-1.4747795548469755,-0.037182093695104335,10.160542099622354,0.0,10.160542099622354
0.5240000000000004,-0.46577555794363706,-1.4788258193707104,-0.034224442056362936,10.31095269097163,0.0,10.31095269097163
0.5260000000000004,-0.4687412875188026,-1.4828647875827758,-0.03125871248119738,10.461628872711167,0.0,10.461628872711167
0.5280000000000004,-0.47171508037334847,-1.4868964272729208,-0.028284919626651528,10.612569801414311,0.0,10.612569801414311
0.5300000000000004,-0.47469692178608647,-1.4909207063690069,-0.025303078213913532,10.763774633117306,0.0,10.763774633117306
0.5320000000000004,-0.47768679697172767,-1.4949375928206032,-0.022313203028272333,10.915242522395513,0.0,10.915242522395513
0.5340000000000004,-0.4806846910806989,-1.4989470544856058,-0.01931530891930111,11.066972621433933,0.0,11.066972621433933
0.5360000000000004,-0.48369058919874053,-1.5029490590208059,-0.016309410801259472,11.218964079112801,0.0,11.218964079112801
0.5380000000000004,-0.48670447634629393,-1.5069435737767043,-0.013295523653706065,11.371216040116067,0.0,11.371216040116067
0.5400000000000004,-0.4897263374776872,-1.510930565696622,-0.01027366252231282,11.523727644065392,0.0,11.523727644065392
0.5420000000000004,-0.4927561574801273,-1.5149100012200658,-0.007243842519872701,11.676498024680464,0.0,11.676498024680464
0.5440000000000004,-0.49579392117250787,-1.5188818461902733,-0.004206078827492132,11.829526308965619,0.0,11.829526308965619
0.5460000000000004,-0.4988396133040396,-1.522846065765851,-0.0011603866959604137,11.982811616422502,0.0,11.982811616422502
0.5480000000000004,-0.5018932185525151,-1.5268026242377861,0.001893218552515119,12.13635305828839,0.0,12.13635305828839
0.5500000000000004,-0.5049547215233816,-1.5307514854332416,0.004954721523381611,12.290149736002894,0.0,12.290149736002894
0.5520000000000004,-0.5080241067468152,-1.5346926117168178,0.008024106746815196,12.444200744401197,0.0,12.444200744401197
0.5540000000000004,-0.5111013586762985,-1.5386259647416185,0.011101358676298467,12.59850516360715,0.0,12.59850516360715
0.5560000000000004,-0.5141864616864381,-1.542551505069812,0.014186461686438112,12.753062064984887,0.0,12.753062064984887
0.5580000000000004,-0.5172794000706784,-1.5464691921201743,0.017279400070678408,12.907870508016021,0.0,12.907870508016021
0.5600000000000004,-0.5203801580389014,-1.550378984111479,0.020380158038901364,13.06292953978853,0.0,13.06292953978853
0.5620000000000004,-0.5234887197149132,-1.5542808380059157,0.023488719714913175,13.218238194447887,0.0,13.218238194447887
0.5640000000000004,-0.526605069133822,-1.5581747094543852,0.02660506913382199,13.373795492643852,0.0,13.373795492643852
0.5660000000000004,-0.5297291902393108,-1.5620605527444085,0.029729190239310754,13.529600440987961,0.0,13.529600440987961
0.5680000000000004,-0.5328610668808126,-1.5659383207508977,0.032861066880812584,13.685652031527699,0.0,13.685652031527699
0.5700000000000004,-0.5360006828105922,-1.569807964889834,0.03600068281059221,13.841949241239686,0.0,13.841949241239686
0.5720000000000004,-0.5391480216807418,-1.5736694350748144,0.03914802168074183,13.998491031542361,0.0,13.998491031542361
0.5740000000000004,-0.5423030670400946,-1.5775226796763906,0.042303067040094566,14.155276347828188,0.0,14.155276347828188
0.5760000000000004,-0.5454658023310628,-1.5813676454841163,0.04546580233106279,14.312304119014907,0.0,14.312304119014907
0.5780000000000004,-0.5486362108864052,-1.5852042776712107,0.04863621088640524,14.469573257115442,0.0,14.469573257115442
0.5800000000000004,-0.5518142759259287,-1.5890325197617408,0.05181427592592869,14.627082656825895,0.0,14.627082656825895
0.5820000000000004,-0.5549999805531292,-1.5928523136002322,0.05499998055312916,14.784831195131073,0.0,14.784831195131073
0.5840000000000004,-0.5581933077517763,-1.59666359932361,0.058193307751776335,14.942817730927024,0.0,14.942817730927024
0.5860000000000004,-0.5613942403824471,-1.6004663153353764,0.06139424038244712,15.101041104659934,0.0,15.101041104659934
0.5880000000000004,-0.564602761179011,-1.6042603982819303,0.06460276117901098,15.259500137980897,0.0,15.259500137980897
0.5900000000000004,-0.5678188527450728,-1.6080457830309365,0.06781885274507282,15.418193633415882,0.0,15.418193633415882
0.5920000000000004,-0.5710424975503762,-1.6118224026516494,0.07104249755037617,15.577120374050406,0.0,15.577120374050406
0.5940000000000004,-0.5742736779271703,-1.6155901883971022,0.07427367792717032,15.736279123228243,0.0,15.736279123228243
0.5960000000000004,-0.5775123760665465,-1.6193490696880697,0.07751237606654648,15.895668624263632,0.0,15.895668624263632
0.5980000000000004,-0.580758574014744,-1.6230989740987145,0.08075857401474396,16.055287600166416,0.0,16.055287600166416
0.6000000000000004,-0.5840122536694317,-1.626839827343833,0.08401225366943166,16.215134753379473,0.0,16.215134753379473
0.6020000000000004,-0.5872733967759669,-1.6305715532676095,0.0872733967759669,16.37520876552793,0.0,16.37520876552793
0.6040000000000004,-0.5905419849236345,-1.6342940738338005,0.09054198492363452,16.535508297179554,0.0,16.535508297179554
0.6060000000000004,-0.5938179995418691,-1.6380073091172633,0.09381799954186909,16.696031987615786,0.0,16.696031987615786
0.6080000000000004,-0.5971014218964625,-1.6417111772967494,0.09710142189646254,16.856778454612872,0.0,16.856778454612872
0.6100000000000004,-0.6003922330857603,-1.6454055946488881,0.10039223308576029,17.017746294232495,0.0,17.017746294232495
0.6120000000000004,-0.6036904140368469,-1.6490904755432803,0.10369041403684687,17.178934080621517,0.0,17.178934080621517
0.6140000000000004,-0.6069959455017241,-1.6527657324386342,0.10699594550172409,17.34034036582012,0.0,17.34034036582012
0.6160000000000004,-0.6103088080534839,-1.6564312758798707,0.11030880805348386,17.501963679578036,0.0,17.501963679578036
0.6180000000000004,-0.6136289820824761,-1.6600870144961293,0.11362898208247607,17.66380252917832,0.0,17.66380252917832
0.6200000000000004,-0.6169564477924753,-1.6637328549996129,0.11695644779247527,17.82585539926808,0.0,17.82585539926808
0.6220000000000004,-0.6202911851968457,-1.667368702185207,0.12029118519684567,17.988120751695913,0.0,17.988120751695913
0.6240000000000004,-0.6236331741147073,-1.670994458930814,0.12363317411470731,18.150597025355484,0.0,18.150597025355484
0.6260000000000004,-0.626982394167104,-1.674610026198346,0.126982394167104,18.313282636034806,0.0,18.313282636034806
0.6280000000000004,-0.6303388247731746,-1.6782153030353233,0.1303388247731746,18.47617597627093,0.0,18.47617597627093
0.6300000000000004,-0.6337024451463287,-1.681810186577025,0.13370244514632867,18.63927541520957,0.0,18.63927541520957
0.6320000000000005,-0.637073234290427,-1.6853945720491468,0.13707323429042695,18.802579298469347,0.0,18.802579298469347
0.6340000000000005,-0.6404511709959688,-1.6889683527709163,0.14045117099596882,18.966085948010253,0.0,18.966085948010253
0.6360000000000005,-0.6438362338362861,-1.692531420158627,0.14383623383628608,19.129793662006083,0.0,19.129793662006083
0.6380000000000005,-0.6472284011637451,-1.696083663729548,0.14722840116374514,19.293700714720458,0.0,19.293700714720458
0.6400000000000005,-0.6506276511059574,-1.6996249711061728,0.15062765110595744,19.45780535638619,0.0,19.45780535638619
0.6420000000000005,-0.654033961561999,-1.7031552280207745,0.154033961561999,19.62210581308768,0.0,19.62210581308768
0.6440000000000005,-0.6574473101986394,-1.7066743183202306,0.15744731019863945,19.786600286646156,0.0,19.786600286646156
0.6460000000000005,-0.6608676744465817,-1.7101821239710926,0.16086767444658168,19.951286954507424,0.0,19.951286954507424
0.6480000000000005,-0.6642950314967114,-1.7136785250648694,0.16429503149671143,20.11616396963201,0.0,20.11616396963201
0.6500000000000005,-0.6677293582963585,-1.7171633998235034,0.1677293582963585,20.28122946038741,0.0,20.28122946038741
0.6520000000000005,-0.6711706315455686,-1.7206366246050122,0.17117063154556855,20.446481530442366,0.0,20.446481530442366
0.6540000000000005,-0.6746188276933871,-1.724098073909279,0.1746188276933871,20.61191825866284,0.0,20.61191825866284
0.6560000000000005,-0.678073922934155,-1.727547620383974,0.17807392293415503,20.777537699009716,0.0,20.777537699009716
0.6580000000000005,-0.6815358932038162,-1.7309851348305856,0.18153589320381625,20.943337880437994,0.0,20.943337880437994
0.6600000000000005,-0.6850047141762373,-1.7344104862105552,0.18500471417623732,21.109316806797334,0.0,21.109316806797334
0.6620000000000005,-0.6884803612595403,-1.7378235416514953,0.18848036125954026,21.275472456733933,0.0,21.275472456733933
0.6640000000000005,-0.6919628095924473,-1.7412241664534869,0.19196280959244727,21.441802783593573,0.0,21.441802783593573
0.6660000000000005,-0.6954520340406382,-1.7446122240954434,0.19545203404063816,21.608305715325784,0.0,21.608305715325784
0.6680000000000005,-0.6989480091931213,-1.7479875762415358,0.19894800919312128,21.774979154389072,0.0,21.774979154389072
0.6700000000000005,-0.7024507093586166,-1.7513500827476736,0.20245070935861664,21.941820977657137,0.0,21.941820977657137
0.6720000000000005,-0.7059601085619527,-1.7546996016680358,0.20596010856195268,22.108829036326053,0.0,22.108829036326053
0.6740000000000005,-0.709476180540476,-1.7580359892616517,0.209476180540476,22.276001155822392,0.0,22.276001155822392
0.6760000000000005,-0.7129988987404741,-1.7613590999990278,0.21299889874047406,22.443335135712253,0.0,22.443335135712253
0.6780000000000005,-0.7165282363136117,-1.7646687865688215,0.21652823631361173,22.610828749611187,0.0,22.610828749611187
0.6800000000000005,-0.7200641661133809,-1.7679648998845627,0.22006416611338087,22.77847974509504,0.0,22.77847974509504
0.6820000000000005,-0.7236066606915638,-1.771247289091424,0.22360666069156376,22.946285843611737,0.0,22.946285843611737
0.6840000000000005,-0.7271556922947099,-1.774515801573044,0.2271556922947099,23.114244740393943,0.0,23.114244740393943
0.6860000000000005,-0.7307112328606267,-1.7777702829584063,0.23071123286062667,23.282354104372747,0.0,23.282354104372747
0.6880000000000005,-0.7342732540148842,-1.7810105771287776,0.2342732540148842,23.450611578092317,0.0,23.450611578092317
0.6900000000000005,-0.7378417270673336,-1.7842365262247117,0.23784172706733364,23.619014777625587,0.0,23.619014777625587
0.6920000000000005,-0.7414166230086399,-1.7874479706531248,0.24141662300863986,23.78756129249104,0.0,23.78756129249104
0.6940000000000005,-0.7449979125068288,-1.7906447490944486,0.24499791250682879,23.956248685570593,0.0,23.956248685570593
0.6960000000000005,-0.7485855659038485,-1.7938266985098665,0.2485855659038485,24.12507449302874,0.0,24.12507449302874
0.6980000000000005,-0.7521795532121458,-1.7969936541486429,0.2521795532121458,24.294036224232872,0.0,24.294036224232872
0.7000000000000005,-0.7557798441112569,-1.8001454495555493,0.25577984411125687,24.463131361674975,0.0,24.463131361674975
0.7020000000000005,-0.7593864079444137,-1.8032819165784015,0.2593864079444137,24.63235736089467,0.0,24.63235736089467
0.7040000000000005,-0.7629992137151651,-1.8064028853757086,0.2629992137151651,24.80171165040376,0.0,24.80171165040376
0.7060000000000005,-0.766618230084014,-1.8095081844244483,0.266618230084014,24.97119163161227,0.0,24.97119163161227
0.7080000000000005,-0.77024342536507,-1.8125976405279753,0.27024342536506996,25.140794678756144,0.0,25.140794678756144
0.7100000000000005,-0.7738747675227181,-1.8156710788240698,0.2738747675227181,25.310518138826602,0.0,25.310518138826602
0.7120000000000005,-0.7775122241683043,-1.818728322793138,0.27751222416830434,25.480359331501283,0.0,25.480359331501283
0.7140000000000005,-0.7811557625568375,-1.8217691942665717,0.2811557625568375,25.650315549077277,0.0,25.650315549077277
0.7160000000000005,-0.7848053495837081,-1.824793513435278,0.28480534958370807,25.820384056406073,0.0,25.820384056406073
0.7180000000000005,-0.7884609517814248,-1.8278010988583837,0.28846095178142483,25.990562090830547,0.0,25.990562090830547
0.7200000000000005,-0.7921225353163691,-1.8307917674721303,0.2921225353163691,26.160846862124064,0.0,26.160846862124064
0.7220000000000005,-0.795790065985567,-1.8337653345989624,0.295790065985567,26.331235552431806,0.0,26.331235552431806
0.7240000000000005,-0.7994635092134806,-1.836721613956821,0.29946350921348064,26.50172531621438,0.0,26.50172531621438
0.7260000000000005,-0.8031428300488179,-1.8396604176686504,0.3031428300488179,26.67231328019379,0.0,26.67231328019379
0.7280000000000005,-0.8068279931613622,-1.8425815562721273,0.3068279931613622,26.842996543301922,0.0,26.842996543301922
0.7300000000000005,-0.8105189628388214,-1.8454848387296197,0.3105189628388214,27.013772176631505,0.0,27.013772176631505
0.7320000000000005,-0.8142157029836982,-1.8483700724383851,0.31421570298369816,27.184637223389814,0.0,27.184637223389814
0.7340000000000005,-0.8179181771101802,-1.8512370632410147,0.3179181771101802,27.35558869885501,0.0,27.35558869885501
0.7360000000000005,-0.8216263483410525,-1.8540856154361331,0.3216263483410525,27.526623590335326,0.0,27.526623590335326
0.7380000000000005,-0.8253401794046312,-1.8569155317893598,0.3253401794046312,27.697738857131167,0.0,27.697738857131167
0.7400000000000005,-0.8290596326317203,-1.8597266135445407,0.32905963263172033,27.868931430500126,0.0,27.868931430500126
0.7420000000000005,-0.8327846699525908,-1.8625186604352577,0.3327846699525908,28.04019821362514,0.0,28.04019821362514
0.7440000000000005,-0.8365152528939841,-1.8652914706966208,0.3365152528939841,28.211536081585695,0.0,28.211536081585695
0.7460000000000006,-0.8402513425761388,-1.8680448410773531,0.34025134257613876,28.38294188133233,0.0,28.38294188133233
0.7480000000000006,-0.8439928997098431,-1.8707785668521728,0.34399289970984315,28.554412431664375,0.0,28.554412431664375
0.7500000000000006,-0.8477398845935121,-1.873492441834478,0.3477398845935121,28.72594452321111,0.0,28.72594452321111
0.7520000000000006,-0.8514922571102909,-1.8761862583893438,0.35149225711029086,28.89753491841631,0.0,28.89753491841631
0.7540000000000006,-0.8552499767251845,-1.8788598074468346,0.35524997672518455,29.069180351526384,0.0,29.069180351526384
0.7560000000000006,-0.8590130024822158,-1.881512878515638,0.3590130024822158,29.240877528582057,0.0,29.240877528582057
0.7580000000000006,-0.8627812930016099,-1.8841452596970267,0.3627812930016099,29.412623127413738,0.0,29.412623127413738
0.7600000000000006,-0.8665548064770082,-1.8867567376991505,0.3665548064770082,29.584413797640607,0.0,29.584413797640607
0.7620000000000006,-0.8703335006727115,-1.8893470978516693,0.37033350067271154,29.756246160673534,0.0,29.756246160673534
0.7640000000000006,-0.874117332920953,-1.8919161241207254,0.37411733292095295,29.928116809721814,0.0,29.928116809721814
0.7660000000000006,-0.8779062601192015,-1.894463599124264,0.3779062601192015,30.100022309803922,0.0,30.100022309803922
0.7680000000000006,-0.8817002387274969,-1.8969893041477042,0.3817002387274969,30.271959197762172,0.0,30.271959197762172
0.7700000000000006,-0.8854992247658169,-1.8994930191599648,0.3854992247658169,30.44392398228151,0.0,30.44392398228151
0.7720000000000006,-0.8893031738114766,-1.9019745228298508,0.3893031738114766,30.615913143912394,0.0,30.615913143912394
0.7740000000000006,-0.8931120409965622,-1.9044335925428002,0.39311204099656216,30.78792313509787,0.0,30.78792313509787
0.7760000000000006,-0.8969257810053982,-1.9068700044179996,0.3969257810053982,30.959950380204887,0.0,30.959950380204887
0.7780000000000006,-0.90074434807205,-1.9092835333258686,0.40074434807204995,31.131991275559926,0.0,31.131991275559926
0.7800000000000006,-0.9045676959778618,-1.9116739529059164,0.4045676959778618,31.304042189488946,0.0,31.304042189488946
0.7820000000000006,-0.9083957780490317,-1.9140410355849742,0.4083957780490317,31.476099462361802,0.0,31.476099462361802
0.7840000000000006,-0.9122285471542233,-1.9163845525958076,0.4122285471542233,31.648159406641064,0.0,31.648159406641064
0.7860000000000006,-0.9160659557022155,-1.9187042739961093,0.4160659557022155,31.82021830693539,0.0,31.82021830693539
0.7880000000000006,-0.9199079556395913,-1.9209999686878751,0.41990795563959127,31.992272420057496,0.0,31.992272420057496
0.7900000000000006,-0.9237544984484656,-1.9232714044371668,0.4237544984484656,32.164317975086654,0.0,32.164317975086654
0.7920000000000006,-0.9276055351442541,-1.9255183478942628,0.42760553514425415,32.33635117343596,0.0,32.33635117343596
0.7940000000000006,-0.9314610162734825,-1.927740564614198,0.43146101627348254,32.508368188924265,0.0,32.508368188924265
0.7960000000000006,-0.9353208919116379,-1.9299378190776988,0.4353208919116379,32.680365167852884,0.0,32.680365167852884
0.7980000000000006,-0.9391851116610629,-1.9321098747125076,0.4391851116610629,32.85233822908711,0.0,32.85233822908711
0.8000000000000006,-0.9430536246488931,-1.9342564939151061,0.4430536246488931,33.02428346414258,0.0,33.02428346414258
0.8020000000000006,-0.9469263795250388,-1.936377438072834,0.4469263795250388,33.19619693727657,0.0,33.19619693727657
0.8040000000000006,-0.9508033244602115,-1.9384724675864051,0.45080332446021154,33.368074685584226,0.0,33.368074685584226
0.8060000000000006,-0.9546844071439972,-1.940541341892825,0.45468440714399716,33.5399127190997,0.0,33.5399127190997
0.8080000000000006,-0.9585695747829746,-1.9425838194887064,0.45856957478297455,33.71170702090249,0.0,33.71170702090249
0.8100000000000006,-0.9624587740988825,-1.9445996579539873,0.4624587740988825,33.88345354722863,0.0,33.88345354722863
0.8120000000000006,-0.9663519513268346,-1.9465886139760515,0.4663519513268346,34.055148227587196,0.0,34.055148227587196
0.8140000000000006,-0.9702490522135832,-1.948550443374251,0.47024905221358315,34.226786964881796,0.0,34.226786964881796
0.8160000000000006,-0.9741500220158328,-1.9504849011248333,0.4741500220158328,34.39836563553733,0.0,34.39836563553733
0.8180000000000006,-0.9780548054986054,-1.9523917413862697,0.47805480549860535,34.56988008963198,0.0,34.56988008963198
0.8200000000000006,-0.9819633469336553,-1.9542707175249918,0.4819633469336553,34.74132615103437,0.0,34.74132615103437
0.8220000000000006,-0.9858755900979383,-1.956121582141529,0.48587559009793835,34.912699617546146,0.0,34.912699617546146
0.8240000000000006,-0.9897914782721324,-1.9579440870970521,0.48979147827213243,35.08399626104977,0.0,35.08399626104977
0.8260000000000006,-0.9937109542392131,-1.9597379835403226,0.4937109542392131,35.25521182766171,0.0,35.25521182766171
0.8280000000000006,-0.9976339602830832,-1.961503021935044,0.49763396028308315,35.426342037891104,0.0,35.426342037891104
0.8300000000000006,-1.0015604381872585,-1.9632389520876192,0.5015604381872585,35.597382586803676,0.0,35.597382586803676
0.8320000000000006,-1.005490329233609,-1.9649455231753117,0.505490329233609,35.76832914419129,0.0,35.76832914419129
0.8340000000000006,-1.0094235742011586,-1.9666224837748092,0.5094235742011586,35.93917735474686,0.0,35.93917735474686
0.8360000000000006,-1.013360113364941,-1.9682695818911915,0.513360113364941,36.10992283824481,0.0,36.10992283824481
0.8380000000000006,-1.0172998864949157,-1.9698865649873003,0.5172998864949157,36.28056118972717,0.0,36.28056118972717
0.8400000000000006,-1.0212428328549428,-1.9714731800135101,0.5212428328549428,36.45108797969503,0.0,36.45108797969503
0.8420000000000006,-1.0251888912018186,-1.9730291734378993,0.5251888912018186,36.62149875430579,0.0,36.62149875430579
0.8440000000000006,-1.0291379997843721,-1.9745542912768221,0.5291379997843721,36.79178903557594,0.0,36.79178903557594
0.8460000000000006,-1.033090096342624,-1.9760482791258784,0.5330900963426239,36.96195432158946,0.0,36.96195432158946
0.8480000000000006,-1.0370451181070064,-1.9775108821912795,0.5370451181070064,37.13199008671199,0.0,37.13199008671199
0.8500000000000006,-1.0410030017976497,-1.9789418453216105,0.5410030017976497,37.30189178181049,0.0,37.30189178181049
0.8520000000000006,-1.0449636836237297,-1.9803409130399885,0.5449636836237297,37.471654834478876,0.0,37.471654834478876
0.8540000000000006,-1.048927099282883,-1.9817078295766088,0.548927099282883,37.64127464926909,0.0,37.64127464926909
0.8560000000000006,-1.0528931839606863,-1.9830423389016874,0.5528931839606863,37.810746607928195,0.0,37.810746607928195
0.8580000000000007,-1.056861872330204,-1.984344184758787,0.5568618723302039,37.980066069640955,0.0,37.980066069640955
0.8600000000000007,-1.060833098551601,-1.9856131106985349,0.560833098551601,38.149228371278454,0.0,38.149228371278454
0.8620000000000007,-1.0648067962718264,-1.9868488601127199,0.5648067962718264,38.31822882765232,0.0,38.31822882765232
0.8640000000000007,-1.068782898624364,-1.988051176268776,0.5687828986243639,38.48706273177481,0.0,38.48706273177481
0.8660000000000007,-1.0727613382290533,-1.989219802344643,0.5727613382290533,38.655725355124765,0.0,38.655725355124765
0.8680000000000007,-1.0767420471919813,-1.9903544814640053,0.5767420471919813,38.82421194791928,0.0,38.82421194791928
0.8700000000000007,-1.0807249571054451,-1.991454956731905,0.5807249571054451,38.992517739391296,0.0,38.992517739391296
0.8720000000000007,-1.0847099990479865,-1.9925209712707255,0.5847099990479865,39.160637938073044,0.0,39.160637938073044
0.8740000000000007,-1.0886971035844997,-1.9935522682565434,0.5886971035844997,39.32856773208526,0.0,39.32856773208526
0.8760000000000007,-1.0926862007664113,-1.9945485909558478,0.5926862007664113,39.496302289432336,0.0,39.496302289432336
0.8780000000000007,-1.0966772201319366,-1.9955096827626173,0.5966772201319366,39.66383675830323,0.0,39.66383675830323
0.8800000000000007,-1.1006700907064082,-1.9964352872357574,0.6006700907064082,39.8311662673784,0.0,39.8311662673784
0.8820000000000007,-1.104664741002682,-1.997325148136892,0.604664741002682,39.99828592614239,0.0,39.99828592614239
0.8840000000000007,-1.108661099021619,-1.998179009468506,0.608661099021619,40.165190825202416,0.0,40.165190825202416
0.8860000000000007,-1.1126590922526438,-1.9989966155124317,0.6126590922526438,40.33187603661281,0.0,40.33187603661281
0.8880000000000007,-1.1166586476743812,-1.999777710868681,0.6166586476743812,40.4983366142052,0.0,40.4983366142052
0.8900000000000007,-1.1206596917553704,-2.000522040494612,0.6206596917553704,40.664567593924694,0.0,40.664567593924694
0.8920000000000007,-1.1246621504548593,-2.0012293497444307,0.6246621504548593,40.83056399417171,0.0,40.83056399417171
0.8940000000000007,-1.1286659492236772,-2.001899384409022,0.6286659492236772,40.99632081614982,0.0,40.99632081614982
0.8960000000000007,-1.1326710130051894,-2.0025318907561003,0.6326710130051894,41.161833044219264,0.0,41.161833044219264
0.8980000000000007,-1.1366772662363307,-2.0031266155706846,0.6366772662363307,41.327095646256375,0.0,41.327095646256375
0.9000000000000007,-1.1406846328487226,-2.0036833061958803,0.6406846328487226,41.4921035740187,0.0,41.4921035740187
0.9020000000000007,-1.1446930362698706,-2.0042017105739727,0.6446930362698706,41.656851763515945,0.0,41.656851763515945
0.9040000000000007,-1.1487023994244463,-2.0046815772878226,0.6487023994244463,41.821335135386605,0.0,41.821335135386605
0.9060000000000007,-1.1527126447356515,-2.005122655602555,0.6527126447356515,41.985548595280434,0.0,41.985548595280434
0.9080000000000007,-1.1567236941266665,-2.005524695507541,0.6567236941266665,42.149487034246505,0.0,42.149487034246505
0.9100000000000007,-1.1607354690221838,-2.0058874477586626,0.6607354690221838,42.313145329126996,0.0,42.313145329126996
0.9120000000000007,-1.1647478903500255,-2.0062106639208523,0.6647478903500255,42.47651834295665,0.0,42.47651834295665
0.9140000000000007,-1.1687608785428474,-2.0064940964109086,0.6687608785428474,42.63960092536784,0.0,42.63960092536784
0.9160000000000007,-1.1727743535399284,-2.0067374985405704,0.6727743535399284,42.80238791300116,0.0,42.80238791300116
0.9180000000000007,-1.1767882347890481,-2.006940624559852,0.6767882347890481,42.9648741299217,0.0,42.9648741299217
0.9200000000000007,-1.1808024412484495,-2.007103229700624,0.6808024412484495,43.12705438804074,0.0,43.12705438804074
0.9220000000000007,-1.1848168913888903,-2.0072250702204406,0.6848168913888903,43.288923487542974,0.0,43.288923487542974
0.9240000000000007,-1.1888315031957835,-2.0073059034465977,0.6888315031957835,43.450476217319135,0.0,43.450476217319135
0.9260000000000007,-1.1928461941714243,-2.007345487820419,0.6928461941714243,43.61170735540412,0.0,43.61170735540412
0.9280000000000007,-1.1968608813373078,-2.0073435829417625,0.6968608813373078,43.77261166942033,0.0,43.77261166942033
0.9300000000000007,-1.2008754812365352,-2.0072999496137327,0.7008754812365352,43.93318391702641,0.0,43.93318391702641
0.9320000000000007,-1.2048899099363104,-2.0072143498875987,0.7048899099363104,44.093418846371264,0.0,44.093418846371264
0.9340000000000007,-1.2089040830305262,-2.0070865471079027,0.7089040830305262,44.253311196553206,0.0,44.253311196553206
0.9360000000000007,-1.2129179156424417,-2.0069163059577546,0.7129179156424417,44.41285569808427,0.0,44.41285569808427
0.9380000000000007,-1.2169313224274503,-2.006703392504298,0.7169313224274503,44.572047073359705,0.0,44.572047073359705
0.9400000000000007,-1.220944217575939,-2.0064475742443446,0.7209442175759391,44.730880037132394,0.0,44.730880037132394
0.9420000000000007,-1.2249565148162584,-2.006148620159669,0.7249565148162584,44.88934929699232,0.0,44.88934929699232
0.9440000000000007,-1.2289681274349535,-2.0058063093475247,0.7289681274349535,45.04744955392769,0.0,45.04744955392769
0.9460000000000007,-1.2329789682936447,-2.0054204293455444,0.7329789682936447,45.205175572178334,0.0,45.205175572178334
0.9480000000000007,-1.2369889498297386,-2.004990768046958,0.7369889498297386,45.362522166510146,0.0,45.362522166510146
0.9500000000000007,-1.240997984057365,-2.0045171138132547,0.7409979840573651,45.51948413756521,0.0,45.51948413756521
0.9520000000000007,-1.2450059825685398,-2.0039992555873964,0.7450059825685398,45.676056272800636,0.0,45.676056272800636
0.9540000000000007,-1.2490128565345513,-2.0034369830057397,0.7490128565345513,45.83223334744076,0.0,45.83223334744076
0.9560000000000007,-1.2530185167075676,-2.0028300865081556,0.7530185167075676,45.98801012542797,0.0,45.98801012542797
0.9580000000000007,-1.25702287342246,-2.0021783574461725,0.75702287342246,46.14338136036795,0.0,46.14338136036795
0.9600000000000007,-1.2610258365988383,-2.001481588189085,0.7610258365988383,46.29834179646778,0.0,46.29834179646778
0.9620000000000007,-1.2650273157432943,-2.0007395722280084,0.7650273157432943,46.45288616946621,0.0,46.45288616946621
0.9640000000000007,-1.26902721995185,-1.9999521042778585,0.76902721995185,46.60700920755584,0.0,46.60700920755584
0.9660000000000007,-1.2730254579126046,-1.9991189803772702,0.7730254579126046,46.76070563229687,0.0,46.76070563229687
0.9680000000000007,-1.2770219379085774,-1.9982399979864465,0.7770219379085774,46.91397015952234,0.0,46.91397015952234
0.9700000000000008,-1.2810165678207432,-1.9973149560829608,0.7810165678207432,47.06679750023467,0.0,47.06679750023467
0.9720000000000008,-1.2850092551312542,-1.996343655255524,0.7850092551312542,47.21918236149342,0.0,47.21918236149342
0.9740000000000008,-1.2889999069268456,-1.9953258977957367,0.7889999069268456,47.37111944729436,0.0,47.37111944729436
0.9760000000000008,-1.2929884299024212,-1.9942614877878566,0.7929884299024212,47.52260345943972,0.0,47.52260345943972
0.9780000000000008,-1.2969747303648145,-1.9931502311966063,0.7969747303648145,47.6736290983997,0.0,47.6736290983997
0.9800000000000008,-1.3009587142367205,-1.9919919359530522,0.8009587142367205,47.82419106416543,0.0,47.82419106416543
0.9820000000000008,-1.3049402870607978,-1.9907864120385927,0.8049402870607978,47.97428405709324,0.0,47.97428405709324
0.9840000000000008,-1.308919354003932,-1.989533471567089,0.8089193540039319,48.12390277874065,0.0,48.12390277874065
0.9860000000000008,-1.3128958198616623,-1.9882329288651766,0.8128958198616623,48.273041932693985,0.0,48.273041932693985
0.9880000000000008,-1.316869589062764,-1.9868846005507996,0.816869589062764,48.421696225387905,0.0,48.421696225387905
0.9900000000000008,-1.320840565673984,-1.9854883056100054,0.8208405656739839,48.569860366916956,0.0,48.569860366916956
0.9920000000000008,-1.324808653404928,-1.9840438654720443,0.8248086534049279,48.717529071839394,0.0,48.717529071839394
0.9940000000000008,-1.3287737556130936,-1.982551104082813,0.8287737556130936,48.864697059973466,0.0,48.864697059973466
0.9960000000000008,-1.332735775309047,-1.9810098479766882,0.832735775309047,49.011359057186255,0.0,49.011359057186255
0.9980000000000008,-1.3366946151617405,-1.9794199263467898,0.8366946151617405,49.15750979617538,0.0,49.15750979617538
1.0000000000000007,-1.3406501775039679,-1.9777811711137183,0.8406501775039679,49.30314401724394,0.0,49.30314401724394
1.0020000000000007,-1.3446023643379534,-1.9760934169928073,0.8446023643379534,49.44825646906846,0.0,49.44825646906846
1.0040000000000007,-1.3485510773410734,-1.9743565015599345,0.8485510773410734,49.592841909460596,0.0,49.592841909460596
1.0060000000000007,-1.3524962178717053,-1.972570265315931,0.8524962178717053,49.73689510612241,0.0,49.73689510612241
1.0080000000000007,-1.3564376869752046,-1.9707345517496306,0.8564376869752046,49.88041083739566,0.0,49.88041083739566
1.0100000000000007,-1.3603753853900038,-1.9688492073995998,0.8603753853900038,50.02338389300523,0.0,50.02338389300523
1.0120000000000007,-1.364309213553833,-1.966914081914584,0.8643092135538331,50.165809074796954,0.0,50.165809074796954
1.0140000000000007,-1.3682390716100585,-1.9649290281127123,0.8682390716100585,50.30768119746999,0.0,50.30768119746999
1.0160000000000007,-1.3721648594141376,-1.9628939020394942,0.8721648594141376,50.448995089304034,0.0,50.448995089304034
1.0180000000000007,-1.3760864765401868,-1.9608085630246457,0.8760864765401868,50.58974559288146,0.0,50.58974559288146
1.0200000000000007,-1.3800038222876623,-1.9586728737377783,0.8800038222876623,50.72992756580464,0.0,50.72992756580464
1.0220000000000007,-1.3839167956881482,-1.9564867002429853,0.8839167956881482,50.869535881408716,0.0,50.869535881408716
1.0240000000000007,-1.387825295512253,-1.954249912052355,0.887825295512253,51.00856542946981,0.0,51.00856542946981
1.0260000000000007,-1.3917292202766098,-1.951962382178444,0.8917292202766098,51.14701111690896,0.0,51.14701111690896
1.0280000000000007,-1.3956284682509814,-1.9496239871857373,0.8956284682509814,51.28486786849194,0.0,51.28486786849194
1.0300000000000007,-1.3995229374654636,-1.9472346072411242,0.8995229374654636,51.422130627525156,0.0,51.422130627525156
1.0320000000000007,-1.4034125257177905,-1.944794126163417,0.9034125257177905,51.55879435654754,0.0,51.55879435654754
1.0340000000000007,-1.4072971305807345,-1.9423024314719346,0.9072971305807345,51.69485403801896,0.0,51.69485403801896
1.0360000000000007,-1.4111766494096027,-1.9397594144341785,0.9111766494096027,51.830304675004854,0.0,51.830304675004854
1.0380000000000007,-1.415050979349828,-1.93716497011262,0.915050979349828,51.965141291857535,0.0,51.965141291857535
1.0400000000000007,-1.4189200173446492,-1.9345189974106196,0.9189200173446492,52.09935893489408,0.0,52.09935893489408
1.0420000000000007,-1.4227836601428843,-1.931821399117502,0.9227836601428843,52.232952673070926,0.0,52.232952673070926
1.0440000000000007,-1.4266418043067899,-1.9290720819527976,0.9266418043067899,52.365917598655386,0.0,52.365917598655386
1.0460000000000007,-1.4304943462200093,-1.9262709566096736,0.9304943462200093,52.498248827893974,0.0,52.498248827893974
1.0480000000000007,-1.4343411820956045,-1.9234179377975678,0.9343411820956045,52.62994150167776,0.0,52.62994150167776
1.0500000000000007,-1.4381822079841726,-1.9205129442840363,0.9381822079841726,52.760990786204715,0.0,52.760990786204715
1.0520000000000007,-1.4420173197820443,-1.9175558989358334,0.9420173197820443,52.89139187363919,0.0,52.89139187363919
1.0540000000000007,-1.4458464132395628,-1.914546728759231,0.9458464132395628,53.02113998276844,0.0,53.02113998276844
1.0560000000000007,-1.449669383969442,-1.911485364939589,0.9496693839694419,53.15023035965636,0.0,53.15023035965636
1.0580000000000007,-1.4534861274552022,-1.9083717428801867,0.9534861274552022,53.27865827829439,0.0,53.27865827829439
1.0600000000000007,-1.4572965390596828,-1.9052058022403233,0.9572965390596828,53.40641904124958,0.0,53.40641904124958
1.0620000000000007,-1.4611005140336282,-1.9019874869726934,0.9611005140336282,53.5335079803099,0.0,53.5335079803099
1.0640000000000007,-1.4648979475243482,-1.8987167453600444,0.9648979475243482,53.659920457126674,0.0,53.659920457126674
1.0660000000000007,-1.4686887345844504,-1.8953935300511213,0.9686887345844504,53.785651863854284,0.0,53.785651863854284
1.0680000000000007,-1.4724727701806422,-1.8920177980959016,0.9724727701806422,53.91069762378699,0.0,53.91069762378699
1.0700000000000007,-1.4762499492026024,-1.8885895109801247,0.9762499492026024,54.0350531919929,0.0,54.0350531919929
1.0720000000000007,-1.4800201664719206,-1.8851086346591177,0.9800201664719206,54.15871405594509,0.0,54.15871405594509
1.0740000000000007,-1.4837833167511023,-1.8815751395909184,0.9837833167511023,54.281675736149765,0.0,54.281675736149765
1.0760000000000007,-1.4875392947526398,-1.8779890007686983,0.9875392947526398,54.40393378677144,0.0,54.40393378677144
1.0780000000000007,-1.4912879951481448,-1.8743501977524821,0.9912879951481448,54.52548379625518,0.0,54.52548379625518
1.0800000000000007,-1.4950293125775451,-1.8706587147001652,0.9950293125775451,54.64632138794565,0.0,54.64632138794565
1.0820000000000007,-1.4987631416583407,-1.8669145403978296,0.9987631416583407,54.76644222070313,0.0,54.76644222070313
1.0840000000000007,-1.5024893769949195,-1.86311766828935,1.0024893769949195,54.885841989516265,0.0,54.885841989516265
1.0860000000000007,-1.50620791318793,-1.859268096505295,1.00620791318793,55.00451642611158,0.0,55.00451642611158
1.0880000000000007,-1.5099186448437123,-1.8553658278911134,1.0099186448437123,55.12246129955956,0.0,55.12246129955956
1.0900000000000007,-1.5136214665837815,-1.8514108700346075,1.0136214665837815,55.2396724168774,0.0,55.2396724168774
1.0920000000000007,-1.5173162730543668,-1.8474032352926841,1.0173162730543668,55.35614562362812,0.0,55.35614562362812
1.0940000000000007,-1.5210029589360015,-1.843342940817383,1.0210029589360015,55.47187680451614,0.0,55.47187680451614
1.0960000000000008,-1.524681418953164,-1.8392300085811746,1.024681418953164,55.586861883979125,0.0,55.586861883979125
1.0980000000000008,-1.5283515478839669,-1.8350644654015233,1.0283515478839669,55.70109682677595,0.0,55.70109682677595
1.1000000000000008,-1.5320132405698963,-1.8308463429647097,1.0320132405698963,55.81457763857086,0.0,55.81457763857086
1.1020000000000008,-1.5356663919255942,-1.8265756778489048,1.0356663919255942,55.927300366513535,0.0,55.927300366513535
1.1040000000000008,-1.539310896948687,-1.8222525115464936,1.039310896948687,56.03926109981501,0.0,56.03926109981501
1.1060000000000008,-1.5429466507296583,-1.817876890485636,1.0429466507296583,56.150455970319435,0.0,56.150455970319435
1.1080000000000008,-1.5465735484617604,-1.8134488660510621,1.0465735484617604,56.26088115307142,0.0,56.26088115307142
1.1100000000000008,-1.5501914854509686,-1.8089684946040951,1.0501914854509686,56.37053286687891,0.0,56.37053286687891
1.1120000000000008,-1.5538003571259724,-1.8044358375018903,1.0538003571259724,56.4794073748715,0.0,56.4794073748715
1.1140000000000008,-1.5574000590482042,-1.799850961115889,1.0574000590482042,56.58750098505402,0.0,56.58750098505402
1.1160000000000008,-1.5609904869219031,-1.7952139368494753,1.0609904869219031,56.69481005085528,0.0,56.69481005085528
1.1180000000000008,-1.5645715366042128,-1.7905248411548293,1.0645715366042128,56.80133097167193,0.0,56.80133097167193
1.1200000000000008,-1.5681431041153107,-1.7857837555489726,1.0681431041153107,56.90706019340715,0.0,56.90706019340715
1.1220000000000008,-1.5717050856485686,-1.7809907666289917,1.0717050856485686,57.011994209004214,0.0,57.011994209004214
1.1240000000000008,-1.5752573775807415,-1.7761459660864396,1.0752573775807415,57.11612955897468,0.0,57.11612955897468
1.1260000000000008,-1.5787998764821833,-1.7712494507209018,1.0787998764821833,57.21946283192118,0.0,57.21946283192118
1.1280000000000008,-1.5823324791270887,-1.7663013224527226,1.0823324791270887,57.32199066505454,0.0,57.32199066505454
1.1300000000000008,-1.5858550825037585,-1.7613016883348835,1.0858550825037585,57.423709744705334,0.0,57.423709744705334
1.1320000000000008,-1.5893675838248866,-1.7562506605640265,1.0893675838248866,57.524616806829414,0.0,57.524616806829414
1.1340000000000008,-1.5928698805378678,-1.751148356490613,1.0928698805378678,57.62470863750767,0.0,57.62470863750767
1.1360000000000008,-1.5963618703351243,-1.7459948986282152,1.0963618703351243,57.723982073439615,0.0,57.723982073439615
1.1380000000000008,-1.5998434511644481,-1.7407904146619295,1.0998434511644481,57.8224340024307,0.0,57.8224340024307
1.1400000000000008,-1.60331452123936,-1.7355350374559055,1.10331452123936,57.92006136387336,0.0,57.92006136387336
1.1420000000000008,-1.60677497904948,-1.7302289050599857,1.10677497904948,58.01686114922165,0.0,58.01686114922165
1.1440000000000008,-1.610224723370911,-1.7248721607154476,1.110224723370911,58.11283040245909,0.0,58.11283040245909
1.1460000000000008,-1.6136636532766306,-1.719464952859843,1.1136636532766306,58.207966220560024,0.0,58.207966220560024
1.1480000000000008,-1.6170916681468925,-1.7140074351309256,1.1170916681468925,58.30226575394397,0.0,58.30226575394397
1.1500000000000008,-1.6205086676796319,-1.7084997663696666,1.1205086676796319,58.39572620692311,0.0,58.39572620692311
1.1520000000000008,-1.6239145519008766,-1.702942110622345,1.1239145519008766,58.48834483814261,0.0,58.48834483814261
1.1540000000000008,-1.62730922117516,-1.6973346371417144,1.12730922117516,58.580118961013824,0.0,58.580118961013824
1.1560000000000008,-1.6306925762159346,-1.6916775203872354,1.1306925762159346,58.67104594414012,0.0,58.67104594414012
1.1580000000000008,-1.6340645180959832,-1.6859709400243716,1.1340645180959832,58.76112321173527,0.0,58.76112321173527
1.1600000000000008,-1.6374249482578291,-1.680215080922944,1.1374249482578291,58.8503482440343,0.0,58.8503482440343
1.1620000000000008,-1.6407737685241381,-1.6744101331545376,1.1407737685241381,58.93871857769672,0.0,58.93871857769672
1.1640000000000008,-1.644110881108116,-1.6685562919889594,1.144110881108116,59.02623180620182,0.0,59.02623180620182
1.1660000000000008,-1.6474361886238955,-1.6626537578897393,1.1474361886238955,59.11288558023631,0.0,59.11288558023631
1.1680000000000008,-1.6507495940969128,-1.6567027365086744,1.1507495940969128,59.19867760807374,0.0,59.19867760807374
1.1700000000000008,-1.6540510009742717,-1.6507034386794104,1.1540510009742717,59.28360565594591,0.0,59.28360565594591
1.1720000000000008,-1.657340313135092,-1.6446560804100587,1.157340313135092,59.36766754840615,0.0,59.36766754840615
1.1740000000000008,-1.6606174349008416,-1.6385608828748457,1.1606174349008416,59.45086116868414,0.0,59.45086116868414
1.1760000000000008,-1.6638822710456511,-1.6324180724047919,1.1638822710456511,59.53318445903243,0.0,59.53318445903243
1.1780000000000008,-1.667134726806606,-1.6262278804774186,1.167134726806606,59.61463542106438,0.0,59.61463542106438
1.1800000000000008,-1.6703747078940168,-1.619990543705481,1.1703747078940168,59.69521211608358,0.0,59.69521211608358
1.1820000000000008,-1.6736021205016662,-1.613706303824724,1.1736021205016662,59.77491266540452,0.0,59.77491266540452
1.1840000000000008,-1.6768168713170275,-1.607375407680663,1.1768168713170275,59.85373525066444,0.0,59.85373525066444
1.1860000000000008,-1.6800188675314562,-1.6009981072143857,1.1800188675314562,59.931678114126406,0.0,59.931678114126406
1.1880000000000008,-1.683208016850351,-1.594574659447376,1.183208016850351,60.00873955897333,0.0,60.00873955897333
1.1900000000000008,-1.6863842275032817,-1.588105326465358,1.1863842275032817,60.08491794959305,0.0,60.08491794959305
1.1920000000000008,-1.689547408254084,-1.5815903754011633,1.189547408254084,60.16021171185413,0.0,60.16021171185413
1.1940000000000008,-1.6926974684109173,-1.575030078416619,1.1926974684109173,60.23461933337266,0.0,60.23461933337266
1.1960000000000008,-1.6958343178362842,-1.5684247126834576,1.1958343178362842,60.30813936376964,0.0,60.30813936376964
1.1980000000000008,-1.6989578669570107,-1.5617745603632525,1.1989578669570107,60.38077041491903,0.0,60.38077041491903
1.2000000000000008,-1.7020680267741835,-1.555079908586376,1.2020680267741835,60.45251116118645,0.0,60.45251116118645
1.2020000000000008,-1.7051647088730435,-1.548341049429986,1.2051647088730435,60.523360339658346,0.0,60.523360339658346
1.2040000000000008,-1.7082478254328335,-1.5415582798950414,1.2082478254328335,60.59331675036163,0.0,60.59331675036163
1.2060000000000008,-1.7113172892365982,-1.534731901882346,1.2113172892365982,60.66237925647367,0.0,60.66237925647367
1.2080000000000009,-1.7143730136809334,-1.5278622221676312,1.2143730136809334,60.7305467845227,0.0,60.7305467845227
1.2100000000000009,-1.7174149127856848,-1.5209495523756704,1.2174149127856848,60.79781832457839,0.0,60.79781832457839
1.2120000000000009,-1.7204429012035918,-1.5139942089534368,1.2204429012035918,60.86419293043276,0.0,60.86419293043276
1.2140000000000009,-1.7234568942298765,-1.5069965131423053,1.2234568942298765,60.92966971977117,0.0,60.92966971977117
1.2160000000000009,-1.726456807811775,-1.4999567909493003,1.226456807811775,60.9942478743335,0.0,60.9942478743335
1.2180000000000009,-1.7294425585580098,-1.4928753731173978,1.2294425585580098,61.0579266400654,0.0,61.0579266400654
1.2200000000000009,-1.7324140637481995,-1.4857525950948836,1.2324140637481995,61.12070532725957,0.0,61.12070532725957
1.2220000000000009,-1.735371241342207,-1.4785887970037739,1.235371241342207,61.18258331068705,0.0,61.18258331068705
1.2240000000000009,-1.7383140099894216,-1.471384323607302,1.2383140099894216,61.24356002971848,0.0,61.24356002971848
1.2260000000000009,-1.7412422890379746,-1.4641395242764805,1.2412422890379746,61.303634988435284,0.0,61.303634988435284
1.2280000000000009,-1.7441559985438861,-1.4568547529557385,1.2441559985438861,61.36280775573083,0.0,61.36280775573083
1.2300000000000009,-1.7470550592801415,-1.4495303681276468,1.2470550592801415,61.42107796540135,0.0,61.42107796540135
1.2320000000000009,-1.749939392745695,-1.4421667327767336,1.249939392745695,61.47844531622683,0.0,61.47844531622683
1.2340000000000009,-1.7528089211743998,-1.4347642143523982,1.2528089211743998,61.53490957204167,0.0,61.53490957204167
1.2360000000000009,-1.7556635675438617,-1.4273231847309302,1.2556635675438617,61.59047056179518,0.0,61.59047056179518
1.2380000000000009,-1.7585032555842148,-1.4198440201766416,1.2585032555842148,61.64512817960191,0.0,61.64512817960191
1.2400000000000009,-1.761327909786819,-1.4123271013021197,1.261327909786819,61.698882384781726,0.0,61.698882384781726
1.2420000000000009,-1.7641374554128744,-1.4047728130276076,1.2641374554128744,61.75173320188972,0.0,61.75173320188972
1.2440000000000009,-1.766451939105386,-1.1572418462557146,1.266451939105386,61.803680720735834,0.0,61.803680720735834
1.2460000000000009,-1.7683326467247298,-0.9403538096719466,1.2683326467247298,59.91601233426115,0.0,59.91601233426115
1.2480000000000009,-1.7698359226173548,-0.7516379463125404,1.2698359226173548,58.25613634636476,0.0,58.25613634636476
1.2500000000000009,-1.7710123758879104,-0.5882266352777489,1.2710123758879104,56.80654047519451,0.0,56.80654047519451
1.252000000000001,-1.7719071133202922,-0.447368716190907,1.2719071133202922,55.546308117738405,0.0,55.546308117738405
1.254000000000001,-1.7725601888795206,-0.3265377796142047,1.2725601888795206,54.45523426233895,0.0,54.45523426233895
1.256000000000001,-1.773007075244882,-0.22344318268071625,1.273007075244882,53.51470979209446,0.0,53.51470979209446
1.258000000000001,-1.7732791106745172,-0.1360177148175274,1.2732791106745172,52.707828471241015,0.0,52.707828471241015
1.260000000000001,-1.7734039113438862,-0.06240033468454477,1.2734039113438862,52.01930614552091,0.0,52.01930614552091
1.262000000000001,-1.7734057486630626,-0.0009186595881345641,1.2734057486630626,51.435359131231806,0.0,51.435359131231806
1.264000000000001,-1.773305893412274,0.04992762539423774,1.273305893412274,50.94357922322758,0.0,50.94357922322758
1.266000000000001,-1.773122929032381,0.09148218994658364,1.273122929032381,50.53281473333706,0.0,50.53281473333706
1.268000000000001,-1.7728730364206713,0.1249463058547727,1.2728730364206713,50.19305964172256,0.0,50.19305964172256
1.270000000000001,-1.7725702524720914,0.15139197428990384,1.2725702524720914,49.91535100998867,0.0,49.91535100998867
1.272000000000001,-1.7722267044682658,0.17177400191280293,1.2722267044682658,49.69167430456442,0.0,49.69167430456442
1.274000000000001,-1.7718528222772716,0.18694109549706067,1.2718528222772716,49.514876163428205,0.0,49.514876163428205
1.276000000000001,-1.7714575301928401,0.1976460422157779,1.2714575301928401,49.37858412711437,0.0,49.37858412711437
1.278000000000001,-1.771048420114049,0.20455503939558972,1.271048420114049,49.27713286998738,0.0,49.27713286998738
1.280000000000001,-1.770631907645851,0.20825623409907568,1.270631907645851,49.20549648939724,0.0,49.20549648939724
1.282000000000001,-1.7702133725867926,0.2092675295291597,1.2702133725867926,49.15922643304143,0.0,49.15922643304143
1.284000000000001,-1.7697972851628003,0.20804371199613586,1.2697972851628003,49.134394667238425,0.0,49.134394667238425
1.286000000000001,-1.7693873192646903,0.20498294905504313,1.2693873192646903,49.12754171054293,0.0,49.12754171054293
1.288000000000001,-1.7689833677954308,0.2019757346297181,1.2689833677954308,49.13562917814727,0.0,49.13562917814727
1.290000000000001,-1.7685851831040924,0.19909234566922293,1.2685851831040924,49.14352883477949,0.0,49.14352883477949
1.292000000000001,-1.7681925345986105,0.1963242527409136,1.2681925345986105,49.15066855880991,0.0,49.15066855880991
1.294000000000001,-1.7678052063052585,0.19366414667599055,1.2678052063052585,49.157107362017115,0.0,49.157107362017115
1.296000000000001,-1.7674229957724494,0.19110526640455572,1.2674229957724494,49.162895078802414,0.0,49.162895078802414
1.298000000000001,-1.7670457133517663,0.18864121034152326,1.2670457133517663,49.16807769966153,0.0,49.16807769966153
1.300000000000001,-1.766673181594417,0.18626587867461492,1.266673181594417,49.17269885133847,0.0,49.17269885133847
1.302000000000001,-1.7663052346916788,0.18397345136912505,1.2663052346916788,49.17680023437976,0.0,49.17680023437976
1.304000000000001,-1.7659417179393728,0.18175837615292623,1.2659417179393728,49.18042177671415,0.0,49.18042177671415
1.306000000000001,-1.765582487220417,0.17961535947785492,1.265582487220417,49.1836017083515,0.0,49.1836017083515
1.308000000000001,-1.7652274085033965,0.1775393585102855,1.2652274085033965,49.18637661299385,0.0,49.18637661299385
1.310000000000001,-1.7648763573562454,0.1755255735756075,1.2648763573562454,49.18878147205358,0.0,49.18878147205358
1.312000000000001,-1.7645292184745236,0.173569440860853,1.2645292184745236,49.19084970564495,0.0,49.19084970564495
1.314000000000001,-1.7641858852239412,0.1716666252912374,1.2641858852239412,49.192613212094116,0.0,49.192613212094116
1.316000000000001,-1.7638462591968722,0.16981301353447437,1.2638462591968722,49.19410240662775,0.0,49.19410240662775
1.318000000000001,-1.763510249782665,0.1680047071036738,1.263510249782665,49.19534625959909,0.0,49.19534625959909
1.320000000000001,-1.7631777737515857,0.16623801553961998,1.2631777737515857,49.1963723344772,0.0,49.1963723344772
1.322000000000001,-1.762848754852265,0.16450944966023515,1.262848754852265,49.19720682574647,0.0,49.19720682574647
1.324000000000001,-1.7625231234225245,0.16281571487030752,1.2625231234225245,49.197874596808724,0.0,49.197874596808724
1.326000000000001,-1.7622008160134672,0.16115370452860808,1.2622008160134672,49.19839921793852,0.0,49.19839921793852
1.328000000000001,-1.761881775026722,0.15952049337259935,1.261881775026722,49.19880300430982,0.0,49.19880300430982
1.330000000000001,-1.7615659483647155,0.15791333100324945,1.2615659483647155,49.19910705408808,0.0,49.19910705408808
1.332000000000001,-1.7612532890938473,0.15632963543415557,1.2612532890938473,49.199331286562625,0.0,49.199331286562625
1.334000000000001,-1.7609437551204266,0.15476698671036454,1.2609437551204266,49.19949448028065,0.0,49.19949448028065
1.336000000000001,-1.7606373088792204,0.15322312060306464,1.2606373088792204,49.19961431113415,0.0,49.19961431113415
1.338000000000001,-1.7603339170344467,0.1516959223867873,1.2603339170344467,49.199707390344294,0.0,49.199707390344294
1.340000000000001,-1.7600335501930349,0.15018342070596244,1.2600335501930349,49.19978930228357,0.0,49.19978930228357
1.342000000000001,-1.7597361826299596,0.14868378153768416,1.2597361826299596,49.199874642073695,0.0,49.199874642073695
1.344000000000001,-1.7594417920254448,0.14719530225739128,1.2594417920254448,49.199977052896905,0.0,49.199977052896905
1.346000000000001,-1.759150359213817,0.14571640581390485,1.259150359213817,49.20010926295866,0.0,49.20010926295866
1.348000000000001,-1.758861867943777,0.1442456350199015,1.258861867943777,49.20028312204144,0.0,49.20028312204144
1.350000000000001,-1.7585763046498502,0.14278164696348092,1.2585763046498502,49.20050963759187,0.0,49.20050963759187
1.352000000000001,-1.7582936582347581,0.1413232075460116,1.2582936582347581,49.200799010286154,0.0,49.200799010286154
1.354000000000001,-1.7580139198624563,0.13986918615093372,1.2580139198624563,49.20116066902224,0.0,49.20116066902224
1.356000000000001,-1.7577370827615608,0.13841855044767756,1.2577370827615608,49.20160330529078,0.0,49.20160330529078
1.358000000000001,-1.7574631420388922,0.13697036133431797,1.2574631420388922,49.202134906881014,0.0,49.202134906881014
1.360000000000001,-1.757192094502848,0.13552376802205476,1.257192094502848,49.202762790881145,0.0,49.202762790881145
1.362000000000001,-1.75692393849632,0.1340780032640793,1.25692393849632,49.203493635937484,0.0,49.203493635937484
1.364000000000001,-1.7566586737388583,0.1326323787308682,1.2566586737388583,49.20433351374017,0.0,49.20433351374017
1.366000000000001,-1.7563963011777914,0.1311862805334419,1.2563963011777914,49.20528791970739,0.0,49.20528791970739
1.368000000000001,-1.756136822848,0.12973916489564177,1.256136822848,49.20636180284412,0.0,49.20636180284412
1.370000000000001,-1.755880241740048,0.1282905539760119,1.255880241740048,49.20755959475487,0.0,49.20755959475487
1.372000000000001,-1.7556265616763693,0.1268400318394324,1.2556265616763693,49.20888523779383,0.0,49.20888523779383
1.374000000000001,-1.755375787195213,0.1253872405782302,1.255375787195213,49.21034221233931,0.0,49.21034221233931
1.376000000000001,-1.7551279234420487,0.12393187658210095,1.2551279234420487,49.211933563182676,0.0,49.211933563182676
1.378000000000001,-1.754882976068137,0.1224736869558078,1.254882976068137,49.21366192502514,0.0,49.21366192502514
1.380000000000001,-1.7546409511359704,0.1210124660832804,1.2546409511359704,49.215529547079015,0.0,49.215529547079015
1.382000000000001,-1.7544018550312976,0.11954805233642138,1.2544018550312976,49.21753831677257,0.0,49.21753831677257
1.384000000000001,-1.7541656943814443,0.11808032492663818,1.2541656943814443,49.219689782560536,0.0,49.219689782560536
1.386000000000001,-1.7539324759796506,0.11660920089685177,1.2539324759796506,49.221985175844665,0.0,49.221985175844665
1.388000000000001,-1.7537022067151475,0.11513463225149563,1.2537022067151475,49.224425432011216,0.0,49.224425432011216
1.390000000000001,-1.753474893508704,0.11365660322180218,1.253474893508704,49.227011210593936,0.0,49.227011210593936
1.392000000000001,-1.753250543253377,0.11217512766348182,1.253250543253377,49.22974291457374,0.0,49.22974291457374
1.394000000000001,-1.7530291627602095,0.1106902465837311,1.2530291627602095,49.23262070882722,0.0,49.23262070882722
1.396000000000001,-1.7528107587086208,0.10920202579435984,1.2528107587086208,49.23564453773853,0.0,49.23564453773853
1.398000000000001,-1.7525953376012453,0.10771055368769956,1.2525953376012453,49.23881414198995,0.0,49.23881414198995
1.400000000000001,-1.7523829057229816,0.10621593913185015,1.2523829057229816,49.24212907454822,0.0,49.24212907454822
1.402000000000001,-1.752173469104018,0.10471830948173529,1.252173469104018,49.245588715864464,0.0,49.245588715864464
1.404000000000001,-1.7519670334866133,0.10321780870236474,1.2519670334866133,49.24919228830684,0.0,49.24919228830684
1.406000000000001,-1.7517636042954121,0.10171459560065241,1.2517636042954121,49.252938869845615,0.0,49.252938869845615
1.408000000000001,-1.751563186611088,0.10020884216209952,1.251563186611088,49.256827407011265,0.0,49.256827407011265
1.410000000000001,-1.7513657851471107,0.09870073198863051,1.2513657851471107,49.260856727146724,0.0,49.260856727146724
1.412000000000001,-1.751171404229443,0.09719045883386182,1.251171404229443,49.265025549975384,0.0,49.265025549975384
1.414000000000001,-1.750980047778979,0.09567822523208619,1.250980047778979,49.26933249850683,0.0,49.26933249850683
1.416000000000001,-1.7507917192965445,0.09416424121727039,1.2507917192965445,49.273776109302474,0.0,49.273776109302474
1.418000000000001,-1.7506064218502877,0.09264872312839269,1.2506064218502877,49.27835484212362,0.0,49.27835484212362
1.420000000000001,-1.7504241580652928,0.09113189249748031,1.2504241580652928,49.28306708898437,0.0,49.28306708898437
1.422000000000001,-1.7502449301152594,0.08961397501675153,1.2502449301152594,49.28791118263187,0.0,49.28791118263187
1.424000000000001,-1.7500687397160968,0.08809519958132245,1.2500687397160968,49.292885404476365,0.0,49.292885404476365
1.426000000000001,-1.7498955881212888,0.08657579740399525,1.2498955881212888,49.297987991993296,0.0,49.297987991993296
1.428000000000001,-1.7497254761188914,0.08505600119871262,1.2497254761188914,49.30321714561959,0.0,49.30321714561959
1.430000000000001,-1.7495584040300327,0.0835360444293343,1.2495584040300327,49.308571035165954,0.0,49.308571035165954
1.432000000000001,-1.7493943717087919,0.08201616062046854,1.2493943717087919,49.314047805766634,0.0,49.314047805766634
1.434000000000001,-1.7492333785433376,0.08049658272717175,1.2492333785433376,49.31964558338793,0.0,49.31964558338793
1.436000000000001,-1.7490754234582169,0.07897754256041423,1.2490754234582169,49.32536247991613,0.0,49.32536247991613
1.438000000000001,-1.7489205049176864,0.0774592702652973,1.2489205049176864,49.33119659784536,0.0,49.33119659784536
1.440000000000001,-1.7487686209299882,0.07594199384909697,1.2487686209299882,49.337146034585075,0.0,49.337146034585075
1.442000000000001,-1.7486197690524756,0.0744259387563002,1.2486197690524756,49.34320888640676,0.0,49.34320888640676
1.444000000000001,-1.7484739463974999,0.07291132748789567,1.2484739463974999,49.349383252048625,0.0,49.349383252048625
1.446000000000001,-1.7483311496389753,0.07139837926227072,1.2483311496389753,49.355667235996826,0.0,49.355667235996826
1.448000000000001,-1.748191375019545,0.06988730971516545,1.248191375019545,49.362058951460845,0.0,49.362058951460845
1.450000000000001,-1.7480546183582726,0.06837833063622732,1.2480546183582726,49.36855652306048,0.0,49.36855652306048
1.452000000000001,-1.747920875058793,0.06687164973980488,1.247920875058793,49.37515808924109,0.0,49.37515808924109
1.454000000000001,-1.7477901401178575,0.0653674704677143,1.2477901401178575,49.38186180443328,0.0,49.38186180443328
1.456000000000001,-1.7476624081342138,0.06386599182180579,1.2476624081342138,49.38866584097258,0.0,49.38866584097258
1.458000000000001,-1.7475376733177652,0.06236740822424981,1.2475376733177652,49.395568390794104,0.0,49.395568390794104
1.460000000000001,-1.7474159294989582,0.060871909403554636,1.2474159294989582,49.40256766691661,0.0,49.40256766691661
1.462000000000001,-1.7472971701383493,0.05937968030441647,1.2472971701383493,49.40966190472989,0.0,49.40966190472989
1.464000000000001,-1.74718138833631,0.05789090101959261,1.24718138833631,49.41684936309864,0.0,49.41684936309864
1.466000000000001,-1.747068576842826,0.05640574674207496,1.247068576842826,49.42412832529566,0.0,49.42412832529566
1.468000000000001,-1.7469587280673542,0.05492438773592477,1.2469587280673542,49.43149709977644,0.0,49.43149709977644
1.470000000000001,-1.7468518340887058,0.05344698932421502,1.2468518340887058,49.43895402080677,0.0,49.43895402080677
1.472000000000001,-1.7467478866649206,0.05197371189260466,1.2467478866649206,49.44649744895452,0.0,49.44649744895452
1.474000000000001,-1.7466468772431063,0.050504710907149114,1.2466468772431063,49.454125771455985,0.0,49.454125771455985
1.476000000000001,-1.7465487969692162,0.04904013694502908,1.2465487969692162,49.46183740246706,0.0,49.46183740246706
1.478000000000001,-1.7464536366977423,0.04758013573694949,1.2464536366977423,49.469630783208416,0.0,49.469630783208416
1.480000000000001,-1.7463613870013022,0.04612484822003741,1.2463613870013022,49.4775043820141,0.0,49.4775043820141
1.482000000000001,-1.7462720381801018,0.04467441060013216,1.2462720381801018,49.48545669429179,0.0,49.48545669429179
1.484000000000001,-1.746185580271257,0.043228954422430625,1.246185580271257,49.493486242403016,0.0,49.493486242403016
1.486000000000001,-1.746102003057958,0.04178860664951454,1.246102003057958,49.50159157547083,0.0,49.50159157547083
1.488000000000001,-1.7460212960784662,0.04035348974584665,1.2460212960784662,49.509771269122204,0.0,49.509771269122204
1.490000000000001,-1.7459434486349306,0.03892372176788435,1.2459434486349306,49.518023925171875,0.0,49.518023925171875
1.492000000000001,-1.7458684498025239,0.03749941620333322,1.2458684498025239,49.52634817125415,0.0,49.52634817125415
1.494000000000001,-1.7457962884364064,0.036080683058727366,1.2457962884364064,49.53474266247429,0.0,49.53474266247429
1.496000000000001,-1.7457269531811996,0.0346676276033504,1.2457269531811996,49.54320607298644,0.0,49.54320607298644
1.498000000000001,-1.745660432478816,0.03326035119175994,1.245660432478816,49.55173710642118,0.0,49.55173710642118
1.500000000000001,-1.7455967145761835,0.03185895131628678,1.2455967145761835,49.56033448961857,0.0,49.56033448961857
1.5020000000000011,-1.745535787532797,0.030463521693250988,1.245535787532797,49.56899697251705,0.0,49.56899697251705
1.5040000000000011,-1.745477639228069,0.029074152363949,1.245477639228069,49.57772332776587,0.0,49.57772332776587
1.5060000000000011,-1.7454222573684655,0.027690929801869043,1.2454222573684655,49.58651235021117,0.0,49.58651235021117
1.5080000000000011,-1.7453696294944208,0.026313937022349552,1.2453696294944208,49.59536285632367,0.0,49.59536285632367
1.5100000000000011,-1.7453197429870349,0.024943253692937664,1.2453197429870349,49.60427368359804,0.0,49.60427368359804
1.5120000000000011,-1.7452725850745476,0.023578956243563695,1.2452725850745476,49.613243689937896,0.0,49.613243689937896
1.5140000000000011,-1.7452281428385956,0.02222111797600656,1.2452281428385956,49.622271753033395,0.0,49.622271753033395
1.5160000000000011,-1.745186403220251,0.020869809172285366,1.245186403220251,49.63135676973577,0.0,49.63135676973577
1.5180000000000011,-1.7451473530258477,0.019525097201692026,1.2451473530258477,49.640497655431766,0.0,49.640497655431766
1.5200000000000011,-1.7451109789325951,0.01818704662622558,1.2451109789325951,49.649693343420374,0.0,49.649693343420374
1.5220000000000011,-1.7450772674939867,0.01685571930422209,1.2450772674939867,49.658942784294,0.0,49.658942784294
1.5240000000000011,-1.7450462051450026,0.015531174491999838,1.2450462051450026,49.66824494532569,0.0,49.66824494532569
1.5260000000000011,-1.745017778207116,0.014213468943364406,1.245017778207116,49.67759880986411,0.0,49.67759880986411
1.5280000000000011,-1.7449919728931023,0.012902657006838214,1.2449919728931023,49.687003376737714,0.0,49.687003376737714
1.5300000000000011,-1.7449687753116612,0.011598790720498735,1.2449687753116612,49.696457659669385,0.0,49.696457659669385
1.5320000000000011,-1.7449481714718524,0.010301919904330131,1.2449481714718524,49.705960686702454,0.0,49.705960686702454
1.5340000000000011,-1.7449301472873524,0.009012092250006307,1.2449301472873524,49.71551149963946,0.0,49.71551149963946
1.5360000000000011,-1.7449146885805362,0.007729353408041975,1.2449146885805362,49.725109153494046,0.0,49.725109153494046
1.5380000000000011,-1.7449017810863916,0.0064537470722620584,1.2449017810863916,49.734752715957114,0.0,49.734752715957114
1.5400000000000011,-1.7448914104562685,0.0051853150615531855,1.2448914104562685,49.744441266877566,0.0,49.744441266877566
1.5420000000000011,-1.7448835622614707,0.003924097398872246,1.2448835622614707,49.75417389775832,0.0,49.75417389775832
1.5440000000000011,-1.7448782219966956,0.002670132387500657,1.2448782219966956,49.76394971126785,0.0,49.76394971126785
1.5460000000000012,-1.7448753750833266,0.0014234566845416376,1.2448753750833266,49.77376782076782,0.0,49.77376782076782
1.5480000000000012,-1.7448750068725833,0.0001841053716671215,1.2448750068725833,49.78362734985673,0.0,49.78362734985673
1.5500000000000012,-1.744877102648537,-0.0010478879768689908,1.244877102648537,49.793527431929995,0.0,49.793527431929995
1.5520000000000012,-1.744881647630995,-0.0022724912289281683,1.244881647630995,49.803467209756434,0.0,49.803467209756434
1.5540000000000012,-1.7448886269782586,-0.0034896736318646747,1.2448886269782586,49.81344583507123,0.0,49.81344583507123
1.5560000000000012,-1.7448980257897637,-0.00469940575254566,1.2448980257897637,49.82346246818527,0.0,49.82346246818527
1.5580000000000012,-1.7449098291086036,-0.005901659419971769,1.2449098291086036,49.83351627761092,0.0,49.83351627761092
1.5600000000000012,-1.7449240219239446,-0.007096407670450662,1.2449240219239446,49.84360643970392,0.0,49.84360643970392
1.5620000000000012,-1.7449405891733352,-0.008283624695271845,1.2449405891733352,49.85373213832139,0.0,49.85373213832139
1.5640000000000012,-1.744959515744917,-0.009463285790826993,1.244959515744917,49.863892564495586,0.0,49.863892564495586
1.5660000000000012,-1.7449807864795392,-0.01063536731111677,1.2449807864795392,49.87408691612329,0.0,49.87408691612329
1.5680000000000012,-1.7450043861727844,-0.011799846622582471,1.2450043861727844,49.8843143976705,0.0,49.8843143976705
1.5700000000000012,-1.745030299576907,-0.012956702061198786,1.245030299576907,49.894574219892036,0.0,49.894574219892036
1.5720000000000012,-1.7450585114026904,-0.014105912891761793,1.2450585114026904,49.904865599565866,0.0,49.904865599565866
1.5740000000000012,-1.745089006321229,-0.015247459269303298,1.245089006321229,49.91518775924171,0.0,49.91518775924171
1.5760000000000012,-1.7451217689656342,-0.016381322202565777,1.2451217689656342,49.925539927003584,0.0,49.925539927003584
1.5780000000000012,-1.7451567839326732,-0.01750748351946587,1.2451567839326732,49.9359213362459,0.0,49.9359213362459
1.5800000000000012,-1.745194035784342,-0.018625925834477513,1.245194035784342,49.94633122546265,0.0,49.94633122546265
1.5820000000000012,-1.7452335090493778,-0.019736632517865046,1.2452335090493778,49.956768838049506,0.0,49.956768838049506
1.5840000000000012,-1.7452751882247113,-0.020839587666694994,1.2452751882247113,49.96723342211803,0.0,49.96723342211803
1.5860000000000012,-1.7453190577768665,-0.021934776077558445,1.2453190577768665,49.97772423032202,0.0,49.97772423032202
1.5880000000000012,-1.7453651021433083,-0.023022183220932052,1.2453651021433083,49.988240519695125,0.0,49.988240519695125
1.5900000000000012,-1.7454133057337424,-0.02410179521711202,1.2454133057337424,49.99878155149979,0.0,49.99878155149979
1.5920000000000012,-1.7454636529313696,-0.02517359881365017,1.2454636529313696,50.00934659108659,0.0,50.00934659108659
1.5940000000000012,-1.745516128094098,-0.02623758136422782,1.245516128094098,50.01993490776398,0.0,50.01993490776398
1.5960000000000012,-1.7455707155557159,-0.027293730808899803,1.2455707155557159,50.03054577467775,0.0,50.03054577467775
1.5980000000000012,-1.745627399627027,-0.028342035655644835,1.245627399627027,50.04117846869983,0.0,50.04117846869983
1.6000000000000012,-1.7456861645969535,-0.029382484963159407,1.2456861645969535,50.051832270326244,0.0,50.051832270326244
1.6020000000000012,-1.745746994733603,-0.030415068324832574,1.245746994733603,50.06250646358342,0.0,50.06250646358342
1.6040000000000012,-1.7458098742853108,-0.031439775853842625,1.2458098742853108,50.07320033594278,0.0,50.07320033594278
1.6060000000000012,-1.7458747874816494,-0.032456598169315586,1.2458747874816494,50.083913178243165,0.0,50.083913178243165
1.6080000000000012,-1.7459417185344164,-0.0334655263834901,1.2459417185344164,50.0946442846205,0.0,50.0946442846205
1.6100000000000012,-1.746010651638596,-0.034466552089832306,1.246010651638596,50.105392952444575,0.0,50.105392952444575
1.6120000000000012,-1.7460815709733002,-0.03545966735204763,1.2460815709733002,50.1161584822625,0.0,50.1161584822625
1.6140000000000012,-1.746154460702688,-0.036444864693937706,1.246154460702688,50.12694017774839,0.0,50.12694017774839
1.6160000000000012,-1.746229304976868,-0.03742213709005218,1.246229304976868,50.13773734565902,0.0,50.13773734565902
1.6180000000000012,-1.746306087932782,-0.03839147795708749,1.246306087932782,50.14854929579514,0.0,50.14854929579514
1.6200000000000012,-1.746384793695074,-0.03935288114598593,1.246384793695074,50.159375340967976,0.0,50.159375340967976
1.6220000000000012,-1.7464654063769434,-0.04030634093469061,1.2464654063769434,50.170214796970846,0.0,50.170214796970846
1.6240000000000012,-1.7465479100809864,-0.04125185202151286,1.2465479100809864,50.18106698255526,0.0,50.18106698255526
1.6260000000000012,-1.7466322889000245,-0.042189409519071394,1.2466322889000245,50.19193121941156,0.0,50.19193121941156
1.6280000000000012,-1.746718526917922,-0.04311900894876406,1.246718526917922,50.202806832153556,0.0,50.202806832153556
1.6300000000000012,-1.7468066082103935,-0.044040646235733984,1.2468066082103935,50.213693148306994,0.0,50.213693148306994
1.6320000000000012,-1.7468965168458022,-0.0449543177042942,1.2468965168458022,50.22458949830161,0.0,50.22458949830161
1.6340000000000012,-1.7469882368859497,-0.04586002007377682,1.2469882368859497,50.23549521546644,0.0,50.23549521546644
1.6360000000000012,-1.7470817523868594,-0.046757750454774136,1.2470817523868594,50.246409636028204,0.0,50.246409636028204
1.6380000000000012,-1.747177047399551,-0.04764750634573956,1.247177047399551,50.25733209911257,0.0,50.25733209911257
1.6400000000000012,-1.7472741059708108,-0.04852928562992008,1.2472741059708108,50.268261946747955,0.0,50.268261946747955
1.6420000000000012,-1.747372912143956,-0.04940308657259185,1.247372912143956,50.27919852387179,0.0,50.27919852387179
1.6440000000000012,-1.7474734499595932,-0.05026890781857191,1.2474734499595932,50.29014117833898,0.0,50.29014117833898
1.6460000000000012,-1.7475757034563733,-0.05112674838998134,1.2475757034563733,50.30108926093231,0.0,50.30108926093231
1.6480000000000012,-1.7476796566717416,-0.051976607684236606,1.2476796566717416,50.31204212537478,0.0,50.31204212537478
1.6500000000000012,-1.747785293642686,-0.052818485472245415,1.247785293642686,50.32299912834356,0.0,50.32299912834356
1.6520000000000012,-1.7478925984064797,-0.05365238189678739,1.2478925984064797,50.333959629485406,0.0,50.333959629485406
1.6540000000000012,-1.7480015550014218,-0.05447829747105934,1.2480015550014218,50.34492299143349,0.0,50.34492299143349
1.6560000000000012,-1.7481121474675765,-0.055296233077366114,1.2481121474675765,50.35588857982535,0.0,50.35588857982535
1.6580000000000013,-1.7482243598475085,-0.056106189965939524,1.2482243598475085,50.36685576332199,0.0,50.36685576332199
1.6600000000000013,-1.7483381761870163,-0.056908169753870225,1.2483381761870163,50.37782391362786,0.0,50.37782391362786
1.6620000000000013,-1.7484535805358645,-0.05770217442413635,1.2484535805358645,50.388792405511616,0.0,50.388792405511616
1.6640000000000013,-1.748570556948514,-0.05848820632471441,1.248570556948514,50.39976061682767,0.0,50.39976061682767
1.6660000000000013,-1.7486890894848495,-0.05926626816776002,1.2486890894848495,50.41072792853827,0.0,50.41072792853827
1.6680000000000013,-1.7488091622109072,-0.060036363028846476,1.2488091622109072,50.42169372473606,0.0,50.42169372473606
1.6700000000000013,-1.7489307591995997,-0.0607984943462484,1.2489307591995997,50.43265739266706,0.0,50.43265739266706
1.6720000000000013,-1.7490538645314402,-0.06155266592026106,1.2490538645314402,50.44361832275398,0.0,50.44361832275398
1.6740000000000013,-1.7491784622952653,-0.06229888191254595,1.2491784622952653,50.454575908619695,0.0,50.454575908619695
1.6760000000000013,-1.7493045365889563,-0.06303714684549239,1.2493045365889563,50.46552954711098,0.0,50.46552954711098
1.6780000000000013,-1.7494320715201594,-0.06376746560158869,1.2494320715201594,50.4764786383222,0.0,50.4764786383222
1.6800000000000013,-1.749561051207005,-0.06448984342279379,1.249561051207005,50.487422585619086,0.0,50.487422585619086
1.6820000000000013,-1.749691459778825,-0.06520428590990383,1.249691459778825,50.49836079566255,0.0,50.49836079566255
1.6840000000000013,-1.7498232813768688,-0.06591079902190672,1.2498232813768688,50.50929267843223,0.0,50.50929267843223
1.6860000000000013,-1.7499565001550195,-0.06660938907531941,1.2499565001550195,50.52021764725001,0.0,50.52021764725001
1.6880000000000013,-1.7500911002805064,-0.06730006274350288,1.2500911002805064,50.531135118803334,0.0,50.531135118803334
1.6900000000000013,-1.7502270659346184,-0.06798282705595016,1.2502270659346184,50.542044513168285,0.0,50.542044513168285
1.6920000000000013,-1.7503643813134135,-0.0686576893975439,1.2503643813134135,50.552945253832334,0.0,50.552945253832334
1.6940000000000013,-1.750503030628429,-0.06932465750777869,1.250503030628429,50.56383676771689,0.0,50.56383676771689
1.6960000000000013,-1.750642998107389,-0.0699837394799465,1.250642998107389,50.57471848519939,0.0,50.57471848519939
1.6980000000000013,-1.7507842679949095,-0.07063494376028212,1.2507842679949095,50.58558984013513,0.0,50.58558984013513
1.7000000000000013,-1.7509268245532037,-0.07127827914706547,1.2509268245532037,50.59645026987864,0.0,50.59645026987864
1.7020000000000013,-1.751070652062783,-0.0719137547896795,1.251070652062783,50.60729921530468,0.0,50.60729921530468
1.7040000000000013,-1.7512157348231583,-0.07254138018762238,1.2512157348231583,50.61813612082875,0.0,50.61813612082875
1.7060000000000013,-1.7513620571535373,-0.0731611651894719,1.2513620571535373,50.628960434427306,0.0,50.628960434427306
1.7080000000000013,-1.751509603393521,-0.07377311999180124,1.251509603393521,50.639771607657266,0.0,50.639771607657266
1.7100000000000013,-1.751658357903797,-0.07437725513804541,1.251658357903797,50.650569095675245,0.0,50.650569095675245
1.7120000000000013,-1.7518083050668316,-0.07497358151731812,1.2518083050668316,50.66135235725624,0.0,50.66135235725624
1.7140000000000013,-1.751959429287558,-0.07556211036317816,1.251959429287558,50.67212085481181,0.0,50.67212085481181
1.7160000000000013,-1.7521117149940626,-0.07614285325234521,1.2521117149940626,50.68287405440774,0.0,50.68287405440774
1.7180000000000013,-1.7522651466382693,-0.0767158221033659,1.2522651466382693,50.69361142578126,0.0,50.69361142578126
1.7200000000000013,-1.7524197086966198,-0.07728102917522921,1.2524197086966198,50.704332442357696,0.0,50.704332442357696
1.7220000000000013,-1.7525753856707516,-0.0778384870659326,1.2525753856707516,50.715036581266624,0.0,50.715036581266624
1.7240000000000013,-1.7527321620881735,-0.07838820871099855,1.2527321620881735,50.72572332335752,0.0,50.72572332335752
1.7260000000000013,-1.7528900225029374,-0.07893020738194312,1.2528900225029374,50.73639215321493,0.0,50.73639215321493
1.7280000000000013,-1.7530489514963068,-0.07946449668469577,1.2530489514963068,50.74704255917304,0.0,50.74704255917304
1.7300000000000013,-1.7532089336774228,-0.07999109055797304,1.2532089336774228,50.75767403332984,0.0,50.75767403332984
1.7320000000000013,-1.753369953683966,-0.08051000327160583,1.253369953683966,50.768286071560695,0.0,50.768286071560695
1.7340000000000013,-1.7535319961828155,-0.08102124942482176,1.2535319961828155,50.77887817353148,0.0,50.77887817353148
1.7360000000000013,-1.7536950458707046,-0.08152484394448302,1.2536950458707046,50.78944984271119,0.0,50.78944984271119
1.7380000000000013,-1.7538590874748712,-0.08202080208328258,1.2538590874748712,50.80000058638405,0.0,50.80000058638405
1.7400000000000013,-1.754024105753707,-0.08250913941789757,1.254024105753707,50.81052991566111,0.0,50.81052991566111
1.7420000000000013,-1.754190085497401,-0.08298987184710255,1.254190085497401,50.82103734549146,0.0,50.82103734549146
1.7440000000000013,-1.7543570115285807,-0.08346301558984394,1.2543570115285807,50.83152239467286,0.0,50.83152239467286
1.7460000000000013,-1.7545248687029473,-0.08392858718327624,1.2545248687029473,50.84198458586198,0.0,50.84198458586198
1.7480000000000013,-1.7546936419099088,-0.08438660348076187,1.2546936419099088,50.85242344558411,0.0,50.85242344558411
1.7500000000000013,-1.7548633160732086,-0.08483708164983521,1.2548633160732086,50.86283850424245,0.0,50.86283850424245
1.7520000000000013,-1.755033876151549,-0.08528003917013299,1.255033876151549,50.87322929612703,0.0,50.87322929612703
1.7540000000000013,-1.7552053071392115,-0.08571549383129237,1.2552053071392115,50.88359535942302,0.0,50.88359535942302
1.7560000000000013,-1.7553775940666732,-0.0861434637308169,1.2553775940666732,50.893936236218806,0.0,50.893936236218806
1.7580000000000013,-1.755550722001217,-0.0865639672719128,1.255550722001217,50.904251472513465,0.0,50.904251472513465
1.7600000000000013,-1.7557246760475396,-0.08697702316129709,1.2557246760475396,50.91454061822399,0.0,50.91454061822399
1.7620000000000013,-1.7558994413483535,-0.08738265040697694,1.2558994413483535,50.92480322719196,0.0,50.92480322719196
1.7640000000000013,-1.7560750030849854,-0.08778086831600404,1.2560750030849854,50.93503885718996,0.0,50.93503885718996
1.7660000000000013,-1.7562513464779699,-0.08817169649220341,1.2562513464779699,50.945247069927454,0.0,50.945247069927454
1.7680000000000013,-1.7564284567876376,-0.08855515483387867,1.2564284567876376,50.95542743105642,0.0,50.95542743105642
1.7700000000000014,-1.7566063193147006,-0.08893126353149515,1.2566063193147006,50.96557951017653,0.0,50.96557951017653
1.7720000000000014,-1.7567849194008311,-0.08930004306534113,1.2567849194008311,50.97570288083998,0.0,50.97570288083998
1.7740000000000014,-1.7569642424292375,-0.08966151420316881,1.2569642424292375,50.98579712055597,0.0,50.98579712055597
1.7760000000000014,-1.7571442738252332,-0.09001569799781749,1.2571442738252332,50.99586181079485,0.0,50.99586181079485
1.7780000000000014,-1.7573249990568027,-0.09036261578481738,1.2573249990568027,51.00589653699186,0.0,51.00589653699186
1.7800000000000014,-1.7575064036351626,-0.09070228917997707,1.2575064036351626,51.01590088855065,0.0,51.01590088855065
1.7820000000000014,-1.7576884731153166,-0.09103474007695571,1.2576884731153166,51.025874458846324,0.0,51.025874458846324
1.7840000000000014,-1.7578711930966062,-0.09135999064481955,1.2578711930966062,51.03581684522831,0.0,51.03581684522831
1.7860000000000014,-1.7580545492232573,-0.09167806332558517,1.2580545492232573,51.0457276490228,0.0,51.0457276490228
1.7880000000000014,-1.7582385271849208,-0.09198898083174957,1.2582385271849208,51.05560647553498,0.0,51.05560647553498
1.7900000000000014,-1.7584231127172083,-0.09229276614380859,1.2584231127172083,51.06545293405083,0.0,51.06545293405083
1.7920000000000014,-1.7586082916022239,-0.09258944250776371,1.2586082916022239,51.0752666378388,0.0,51.0752666378388
1.7940000000000014,-1.758794049669089,-0.09287903343261941,1.258794049669089,51.08504720415107,0.0,51.08504720415107
1.7960000000000014,-1.7589803727944648,-0.0931615626878698,1.2589803727944648,51.09479425422452,0.0,51.09479425422452
1.7980000000000014,-1.7591672469030668,-0.09343705430097801,1.2591672469030668,51.10450741328155,0.0,51.10450741328155
1.8000000000000014,-1.7593546579681765,-0.09370553255484675,1.2593546579681765,51.11418631053049,0.0,51.11418631053049
1.8020000000000014,-1.759542592012147,-0.09396702198528198,1.259542592012147,51.123830579165826,0.0,51.123830579165826
1.8040000000000014,-1.759731035106904,-0.09422154737845015,1.259731035106904,51.13343985636814,0.0,51.13343985636814
1.8060000000000014,-1.7599199733744406,-0.09446913376832902,1.2599199733744406,51.143013783303765,0.0,51.143013783303765
1.8080000000000014,-1.7601093929873088,-0.09470980643415439,1.2601093929873088,51.15255200512426,0.0,51.15255200512426
1.8100000000000014,-1.7602992801691046,-0.09494359089786106,1.2602992801691046,51.16205417096558,0.0,51.16205417096558
1.8120000000000014,-1.7604896211949477,-0.09517051292152055,1.2604896211949477,51.171519933947074,0.0,51.171519933947074
1.8140000000000014,-1.7606804023919573,-0.09539059850477474,1.2606804023919573,51.18094895117007,0.0,51.18094895117007
1.8160000000000014,-1.760871610139722,-0.09560387388226704,1.260871610139722,51.19034088371649,0.0,51.19034088371649
1.8180000000000014,-1.761063230870764,-0.09581036552107079,1.261063230870764,51.19969539664701,0.0,51.19969539664701
1.8200000000000014,-1.7612552510710002,-0.09601010011811562,1.2612552510710002,51.20901215899913,0.0,51.20901215899913
1.8220000000000014,-1.7614476572801954,-0.09620310459761242,1.2614476572801954,51.218290843784935,0.0,51.218290843784935
1.8240000000000014,-1.7616404360924123,-0.0963894061084773,1.2616404360924123,51.22753112798871,0.0,51.22753112798871
1.8260000000000014,-1.7618335741564557,-0.09656903202175429,1.2618335741564557,51.2367326925643,0.0,51.2367326925643
1.8280000000000014,-1.7620270581763118,-0.09674200992803822,1.2620270581763118,51.24589522243227,0.0,51.24589522243227
1.8300000000000014,-1.7622208749115815,-0.09690836763489726,1.2622208749115815,51.25501840647677,0.0,51.25501840647677
1.8320000000000014,-1.7624150111779102,-0.09706813316429609,1.2624150111779102,51.26410193754244,0.0,51.26410193754244
1.8340000000000014,-1.7626094538474102,-0.09722133475001961,1.2626094538474102,51.27314551243077,0.0,51.27314551243077
1.8360000000000014,-1.7628041898490805,-0.09736800083509727,1.2628041898490805,51.28214883189657,0.0,51.28214883189657
1.8380000000000014,-1.762969663535952,-0.0827368434357533,1.262969663535952,51.291111600644,0.0,51.291111600644
1.8400000000000014,-1.763108735837119,-0.06953615058347513,1.263108735837119,51.1806812889241,0.0,51.1806812889241
1.8420000000000014,-1.7632238954589756,-0.05757981092838564,1.2632238954589756,51.08063863815256,0.0,51.08063863815256
1.8440000000000014,-1.7633174127515228,-0.04675864627356534,1.2633174127515228,50.989594305786106,0.0,50.989594305786106
1.8460000000000014,-1.7633914466950547,-0.03701697176594555,1.2633914466950547,50.90676568024943,0.0,50.90676568024943
1.8480000000000014,-1.763448172593417,-0.02836294918113906,1.263448172593417,50.83179364192975,0.0,50.83179364192975
1.8500000000000014,-1.7634897359571842,-0.02078168188356108,1.2634897359571842,50.7648304971858,0.0,50.7648304971858
1.8520000000000014,-1.763518172244433,-0.014218143624486382,1.263518172244433,50.70584289335585,0.0,50.70584289335585
1.8540000000000014,-1.7635353634416193,-0.008595598593127281,1.2635353634416193,50.654472038773214,0.0,50.654472038773214
1.8560000000000014,-1.763543019332755,-0.0038279455678579153,1.263543019332755,50.61017932640979,0.0,50.61017932640979
1.8580000000000014,-1.7635426741376388,0.00017259755816313727,1.2635426741376388,50.57234433785307,0.0,50.57234433785307
1.8600000000000014,-1.7635356919467944,0.0034910954222267206,1.2635356919467944,50.54032618504025,0.0,50.54032618504025
1.8620000000000014,-1.7635232767605855,0.00620759310444974,1.2635232767605855,50.51349891449396,0.0,50.51349891449396
1.8640000000000014,-1.763506484611883,0.008396074351204784,1.263506484611883,50.49127032558782,0.0,50.49127032558782
1.8660000000000014,-1.763486236338108,0.01012413688750114,1.263486236338108,50.47309078966568,0.0,50.47309078966568
1.8680000000000014,-1.7634633302329052,0.011453052601470295,1.2634633302329052,50.458456358424314,0.0,50.458456358424314
1.8700000000000014,-1.7634384541904995,0.012438021202905382,1.2634384541904995,50.44690878850445,0.0,50.44690878850445
1.8720000000000014,-1.763412197164192,0.013128513153711356,1.263412197164192,50.43803399799673,0.0,50.43803399799673
1.8740000000000014,-1.7633850598670826,0.013568648554752365,1.2633850598670826,50.43145978133799,0.0,50.43145978133799
1.8760000000000014,-1.7633574646941863,0.01379758644817476,1.2633574646941863,50.42685320624528,0.0,50.42685320624528
1.8780000000000014,-1.7633297648683313,0.013849912927509613,1.2633297648683313,50.423917896182054,0.0,50.423917896182054
1.8800000000000014,-1.763302252823036,0.013756022647692273,1.263302252823036,50.42239129131317,0.0,50.42239129131317
1.8820000000000014,-1.7632751678418437,0.013542490596100713,1.2632751678418437,50.4220419317399,0.0,50.4220419317399
1.8840000000000015,-1.763248702123259,0.013232859292383712,1.263248702123259,50.42266678890494,0.0,50.42266678890494
1.8860000000000015,-1.7632230064263645,0.01284784844727366,1.2632230064263645,50.424085210591294,0.0,50.424085210591294
1.8880000000000015,-1.7631981964721317,0.012404977116433133,1.2631981964721317,50.42613746947639,0.0,50.42613746947639
1.8900000000000015,-1.7631743584471014,0.0119190125151316,1.2631743584471014,50.428688041953805,0.0,50.428688041953805
1.8920000000000015,-1.7631515537129867,0.011402367057376087,1.2631515537129867,50.431622237763,0.0,50.431622237763
1.8940000000000015,-1.7631298228305061,0.010865441240340548,1.2631298228305061,50.434843212060464,0.0,50.434843212060464
1.8960000000000015,-1.7631091889953556,0.01031691757523445,1.2631091889953556,50.43826938329752,0.0,50.43826938329752
1.8980000000000015,-1.7630896609723075,0.009764011524101486,1.2630896609723075,50.44183221921235,0.0,50.44183221921235
1.9000000000000015,-1.7630712356016895,0.009212685308936033,1.2630712356016895,50.445474346699484,0.0,50.445474346699484
1.9020000000000015,-1.7630538999416803,0.008667830004633342,1.2630538999416803,50.449147941596095,0.0,50.449147941596095
1.9040000000000015,-1.7630376331002238,0.00813342072824952,1.2630376331002238,50.45281335763015,0.0,50.45281335763015
1.9060000000000015,-1.763022407802015,0.007612649104476982,1.263022407802015,50.45643795818295,0.0,50.45643795818295
1.9080000000000015,-1.7630081917290037,0.007108036505661714,1.2630081917290037,50.45999511924478,0.0,50.45999511924478
1.9100000000000015,-1.7629949486659298,0.00662153153698546,1.2629949486659298,50.463463377114856,0.0,50.463463377114856
1.9120000000000015,-1.7629826394796282,0.006154593150797322,1.2629826394796282,50.46682569434131,0.0,50.46682569434131
1.9140000000000015,-1.7629712229536247,0.005708263001754332,1.2629712229536247,50.47006883397875,0.0,50.47006883397875
1.9160000000000015,-1.7629606564981484,0.005283227738157972,1.2629606564981484,50.47318281413096,0.0,50.47318281413096
1.9180000000000015,-1.7629508967521013,0.004879873023555359,1.2629508967521013,50.47616043802067,0.0,50.47616043802067
1.9200000000000015,-1.7629419000911541,0.004498330473505114,1.2629419000911541,50.478996885895604,0.0,50.478996885895604
1.9220000000000015,-1.76293362305415,0.004138518502171213,1.26293362305415,50.48168935985812,0.0,50.48168935985812
1.9240000000000015,-1.7629260226983292,0.0038001779103445208,1.2629260226983292,50.48423677414863,0.0,50.48423677414863
1.9260000000000015,-1.7629190568925062,0.003482902911485587,1.2629190568925062,50.48663948465041,0.0,50.48663948465041
1.9280000000000015,-1.7629126845561423,0.0031861681819709635,1.2629126845561423,50.48889905240836,0.0,50.48889905240836
1.9300000000000015,-1.7629068658512788,0.002909352431721543,1.2629068658512788,50.491018036789924,0.0,50.491018036789924
1.9320000000000015,-1.7629015623334425,0.0026517589180602994,1.2629015623334425,50.492999814597376,0.0,50.492999814597376
1.9340000000000015,-1.762896737066911,0.002412633265743364,1.262896737066911,50.49484842199322,0.0,50.49484842199322
1.9360000000000015,-1.762892354709097,0.002191178906953225,1.262892354709097,50.496568416550495,0.0,50.496568416550495
1.9380000000000015,-1.762888381568268,0.0019865704144746018,1.262888381568268,50.498164757108256,0.0,50.498164757108256
1.9400000000000015,-1.762884785638333,0.0017979649675420463,1.262884785638333,50.49964269941493,0.0,50.49964269941493
1.9420000000000015,-1.7628815366140098,0.0016245121615311262,1.2628815366140098,50.50100770579298,0.0,50.50100770579298
1.9440000000000015,-1.7628786058893124,0.0014653623486900957,1.2628786058893124,50.502265367268144,0.0,50.502265367268144
1.9460000000000015,-1.7628759665419593,0.0013196736765822767,1.2628759665419593,50.50342133678298,0.0,50.50342133678298
1.9480000000000015,-1.762873593306013,0.0011866179731623797,1.262873593306013,50.504481272265714,0.0,50.504481272265714
1.9500000000000015,-1.762871462534789,0.001065385611918548,1.262871462534789,50.50545078845522,0.0,50.50545078845522
1.9520000000000015,-1.7628695521558353,0.000955189476862899,1.2628695521558353,50.506335416496206,0.0,50.506335416496206
1.9540000000000015,-1.7628678416195653,0.0008552681350264347,1.2628678416195653,50.50714057041851,0.0,50.50714057041851
1.9560000000000015,-1.7628663118429388,0.0007648883132822699,1.2628663118429388,50.5078715197024,0.0,50.5078715197024
1.9580000000000015,-1.7628649451494056,0.0006833467665777229,1.2628649451494056,50.50853336721129,0.0,50.50853336721129
1.9600000000000015,-1.7628637252061738,0.0006099716158577364,1.2628637252061738,50.5091310318436,0.0,50.5091310318436
1.9620000000000015,-1.7628626369597218,0.0005441232259980644,1.2628626369597218,50.50966923532009,0.0,50.50966923532009
1.9640000000000015,-1.762861666570348,0.00048519468682752133,1.262861666570348,50.510152492580886,0.0,50.510152492580886
1.9660000000000015,-1.7628608013464406,0.0004326119537528425,1.2628608013464406,50.5105851053193,0.0,50.5105851053193
1.9680000000000015,-1.7628600296790435,0.0003858336985150413,1.2628600296790435,50.510971158227605,0.0,50.510971158227605
1.9700000000000015,-1.7628593409772133,0.00034435091516343336,1.2628593409772133,50.51131451757362,0.0,50.51131451757362
1.9720000000000015,-1.7628587256045705,0.0003076863213978827,1.2628587256045705,50.51161883176722,0.0,50.51161883176722
1.9740000000000015,-1.7628581748173886,0.00027539359091743995,1.2628581748173886,50.511887533611635,0.0,50.511887533611635
1.9760000000000015,-1.762857680704492,0.00024705644835045214,1.262857680704492,50.512123843968205,0.0,50.512123843968205
1.9780000000000015,-1.7628572361291828,0.00022228765462639258,1.2628572361291828,50.512330776592876,0.0,50.512330776592876
1.9800000000000015,-1.7628568346733682,0.0002007279073054913,1.2628568346733682,50.5125111439303,0.0,50.5125111439303
1.9820000000000015,-1.7628564705840135,0.00018204467735460044,1.2628564705840135,50.51266756367628,0.0,50.51266756367628
1.9840000000000015,-1.7628561387220112,0.0001659310011165307,1.2628561387220112,50.512802465941704,0.0,50.512802465941704
1.9860000000000015,-1.7628558345135237,0.00015210424375949717,1.2628558345135237,50.51291810087152,0.0,50.51291810087152
1.9880000000000015,-1.762855553903827,0.0001403048482786549,1.262855553903827,50.51301654659087,0.0,50.51301654659087
1.9900000000000015,-1.7628552933136628,0.00013029508212378488,1.2628552933136628,50.51309971736685,0.0,50.51309971736685
1.9920000000000015,-1.7628550495980793,0.00012185779175390321,1.2628550495980793,50.513169371889525,0.0,50.513169371889525
1.9940000000000015,-1.7628548200077316,0.00011479517381981573,1.2628548200077316,50.51322712158914,0.0,50.51322712158914
1.9960000000000016,-1.762854602152591,0.00010892757025309521,1.262854602152591,50.51327443891871,0.0,50.51327443891871
1.9980000000000016,-1.7628543939680046,0.0001040922932811045,1.2628543939680046,50.51331266554161,0.0,50.51331266554161
2.0000000000000013,-1.762854193683034,0.00010014248526317244,1.262854193683034,50.51334302037394,0.0,50.51334302037394
2.002000000000001,-1.7628539997909995,9.694601724433488e-05,1.2628539997909995,50.51336660743925,0.0,50.51336660743925
2.004000000000001,-1.762853811022141,9.438442926494615e-05,1.262853811022141,50.51338442350203,0.0,50.51338442350203
2.0060000000000007,-1.7628536263183117,9.235191467499732e-05,1.2628536263183117,50.51339736545152,0.0,50.51339736545152
2.0080000000000005,-1.7628534448096116,9.075435005011615e-05,1.2628534448096116,50.51340623741507,0.0,50.51340623741507
2.0100000000000002,-1.7628532657928682,8.950837170709904e-05,1.2628532657928682,50.51341175758406,0.0,50.51341175758406
2.012,-1.7628530887118696,8.854049931739128e-05,1.2628530887118696,50.51341456474107,0.0,50.51341456474107
2.014,-1.7628529131392563,8.778630668051489e-05,1.2628529131392563,50.51341522448025,0.0,50.51341522448025
2.0159999999999996,-1.7628527387599775,8.718963934183663e-05,1.2628527387599775,50.513414235116805,0.0,50.513414235116805
2.0179999999999993,-1.7628525653562206,8.670187843146882e-05,1.2628525653562206,50.51341203328436,0.0,50.51341203328436
2.019999999999999,-1.762852392793721,8.628124982989658e-05,1.262852392793721,50.513408999221376,0.0,50.513408999221376
2.021999999999999,-1.7628522210093658,8.58921775458331e-05,1.2628522210093658,50.513405461750196,0.0,50.513405461750196
2.0239999999999987,-1.7628520500000058,8.550468001621542e-05,1.2628520500000058,50.51340170295427,0.0,50.51340170295427
2.0259999999999985,-1.76285187981239,8.509380789614113e-05,1.26285187981239,50.5133979625601,0.0,50.5133979625601
2.0279999999999982,-1.7628517105341464,8.463912178522615e-05,1.2628517105341464,50.51339444203243,0.0,50.51339444203243
2.029999999999998,-1.7628515422857298,8.412420826446418e-05,1.2628515422857298,50.513391308391576,0.0,50.513391308391576
2.031999999999998,-1.7628513752132646,8.353623255194064e-05,1.2628513752132646,50.51338869776308,0.0,50.51338869776308
2.0339999999999976,-1.7628512094822126,8.286552604542011e-05,1.2628512094822126,50.51338671867017,0.0,50.51338671867017
2.0359999999999974,-1.7628510452717987,8.210520700845048e-05,1.2628510452717987,50.51338545508014,0.0,50.51338545508014
2.037999999999997,-1.7628508827701335,8.125083264130434e-05,1.2628508827701335,50.51338496921588,0.0,50.51338496921588
2.039999999999997,-1.7628507221699719,8.030008080127782e-05,1.2628507221699719,50.51338530414421,0.0,50.51338530414421
2.0419999999999967,-1.7628505636650527,7.925245964825498e-05,1.2628505636650527,50.51338648615246,0.0,50.51338648615246
2.0439999999999965,-1.7628504074469655,7.810904352905703e-05,1.2628504074469655,50.51338852692492,0.0,50.51338852692492
2.0459999999999963,-1.7628502537024986,7.687223344821233e-05,1.2628502537024986,50.513391425530386,0.0,50.513391425530386
2.047999999999996,-1.7628501026114176,7.554554052985914e-05,1.2628501026114176,50.51339517023236,0.0,50.51339517023236
2.049999999999996,-1.7628499543446359,7.41333909138405e-05,1.2628499543446359,50.51339974013246,0.0,50.51339974013246
2.0519999999999956,-1.7628498090627347,7.2640950595352e-05,1.2628498090627347,50.513405106658126,0.0,50.513405106658126
2.0539999999999954,-1.762849666914797,7.107396877397839e-05,1.262849666914797,50.51341123490462,0.0,50.51341123490462
2.055999999999995,-1.7628495280375205,6.94386383391915e-05,1.2628495280375205,50.51341808484169,0.0,50.51341808484169
2.057999999999995,-1.762849392554576,6.774147218389646e-05,1.262849392554576,50.51342561239411,0.0,50.51342561239411
2.0599999999999947,-1.7628492605761878,6.598919409577429e-05,1.2628492605761878,50.51343377040558,0.0,50.51343377040558
2.0619999999999945,-1.7628491321989017,6.418864305442834e-05,1.2628491321989017,50.513442509494745,0.0,50.513442509494745
2.0639999999999943,-1.762849007505522,6.234668980954036e-05,1.262849007505522,50.513451778811636,0.0,50.513451778811636
2.065999999999994,-1.7628488865651928,6.047016469084693e-05,1.2628488865651928,50.51346152670241,0.0,50.51346152670241
2.067999999999994,-1.7628487694336015,5.856579565781153e-05,1.2628487694336015,50.513471701290186,0.0,50.513471701290186
2.0699999999999936,-1.7628486561532901,5.664015565760646e-05,1.2628486561532901,50.5134822509788,0.0,50.5134822509788
2.0719999999999934,-1.7628485467540533,5.469961842339775e-05,1.2628485467540533,50.513493124886345,0.0,50.513493124886345
2.073999999999993,-1.7628484412534096,5.275032189692282e-05,1.2628484412534096,50.51350427321475,0.0,50.51350427321475
2.075999999999993,-1.7628483396571326,5.0798138516431205e-05,1.2628483396571326,50.513515647561206,0.0,50.513515647561206
2.0779999999999927,-1.7628482419598293,4.884865166858554e-05,1.2628482419598293,50.513527201177176,0.0,50.513527201177176
2.0799999999999925,-1.762848148145554,4.690713764623329e-05,1.262848148145554,50.51353888917982,0.0,50.51353888917982
2.0819999999999923,-1.762848058188449,4.4978552511158714e-05,1.262848058188449,50.513550668720995,0.0,50.513550668720995
2.083999999999992,-1.7628479720534023,4.306752329834756e-05,1.2628479720534023,50.51356249911787,0.0,50.51356249911787
2.085999999999992,-1.7628478896967161,4.117834305210597e-05,1.2628478896967161,50.5135743419497,0.0,50.5135743419497
2.0879999999999916,-1.7628478110667778,3.931496921669513e-05,1.2628478110667778,50.51358616112423,0.0,50.51358616112423
2.0899999999999914,-1.762847736104728,3.748102495076348e-05,1.262847736104728,50.51359792291738,0.0,50.51359792291738
2.091999999999991,-1.762847664745122,3.567980296672254e-05,1.262847664745122,50.513609595989514,0.0,50.513609595989514
2.093999999999991,-1.7628475969165789,3.3914271537246e-05,1.2628475969165789,50.513621151381145,0.0,50.513621151381145
2.0959999999999908,-1.7628475325424142,3.218708233790088e-05,1.2628475325424142,50.51363256249086,0.0,50.51363256249086
2.0979999999999905,-1.7628474715412545,3.0500579825727463e-05,1.2628474715412545,50.513643805037866,0.0,50.513643805037866
2.0999999999999903,-1.7628474138276307,2.8856811889347865e-05,1.2628474138276307,50.51365485701158,0.0,50.51365485701158
2.10199999999999,-1.7628473593125475,2.7257541523925765e-05,1.2628473593125475,50.51366569861011,0.0,50.51366569861011
2.10399999999999,-1.762847307904029,2.5704259315147846e-05,1.262847307904029,50.51367631216971,0.0,50.51367631216971
2.1059999999999897,-1.7628472595076359,2.4198196535733723e-05,1.2628472595076359,50.51368668208664,0.0,50.51368668208664
2.1079999999999894,-1.7628472140269584,2.2740338679889847e-05,1.2628472140269584,50.51369679473315,0.0,50.51369679473315
2.109999999999989,-1.7628471713640799,2.1331439286251624e-05,1.2628471713640799,50.5137066383689,0.0,50.5137066383689
2.111999999999989,-1.762847131420012,1.997203390845581e-05,1.262847131420012,50.51371620304891,0.0,50.51371620304891
2.1139999999999888,-1.7628470940951038,1.8662454114923398e-05,1.2628470940951038,50.51372548052921,0.0,50.51372548052921
2.1159999999999886,-1.762847059289421,1.7402841415847747e-05,1.262847059289421,50.513734464171236,0.0,50.513734464171236
2.1179999999999883,-1.762847026903099,1.6193161025803283e-05,1.262847026903099,50.51374314884551,0.0,50.51374314884551
2.119999999999988,-1.7628469968366682,1.5033215383195655e-05,1.2628469968366682,50.513751530835755,0.0,50.513751530835755
2.121999999999988,-1.7628469689913535,1.3922657364499565e-05,1.2628469689913535,50.513759607743665,0.0,50.513759607743665
2.1239999999999877,-1.7628469432693472,1.2861003132992356e-05,1.2628469432693472,50.51376737839522,0.0,50.51376737839522
2.1259999999999875,-1.7628469195740581,1.184764458093758e-05,1.2628469195740581,50.51377484274882,0.0,50.51377484274882
2.1279999999999872,-1.7628468978103355,1.0881861325630681e-05,1.2628468978103355,50.51378200180568,0.0,50.51378200180568
2.129999999999987,-1.762846877884671,9.96283222801433e-06,1.262846877884671,50.51378885752282,0.0,50.51378885752282
2.131999999999987,-1.7628468597053784,9.089646415552271e-06,1.2628468597053784,50.513795412729024,0.0,50.513795412729024
2.1339999999999866,-1.7628468431827509,8.261313790409292e-06,1.2628468431827509,50.51380167104381,0.0,50.51380167104381
2.1359999999999864,-1.762846828229201,7.4767750110440485e-06,1.262846828229201,50.51380763679971,0.0,50.51380763679971
2.137999999999986,-1.762846814759379,6.734910943453503e-06,1.262846814759379,50.51381331496795,0.0,50.51381331496795
2.139999999999986,-1.762846802690276,6.034551578928798e-06,1.262846802690276,50.51381871108761,0.0,50.51381871108761
2.1419999999999857,-1.7628467919413071,5.374484422124068e-06,1.2628467919413071,50.5138238311984,0.0,50.5138238311984
2.1439999999999855,-1.7628467824343823,4.753462349837921e-06,1.2628467824343823,50.51382868177691,0.0,50.51382868177691
2.1459999999999853,-1.7628467740939604,4.17021095490512e-06,1.2628467740939604,50.51383326967649,0.0,50.51383326967649
2.147999999999985,-1.7628467668470897,3.623435382387814e-06,1.2628467668470897,50.51383760207077,0.0,50.51383760207077
2.149999999999985,-1.7628467606234364,3.1118266690360007e-06,1.2628467606234364,50.51384168640053,0.0,50.51384168640053
2.1519999999999846,-1.762846755355301,2.6340676017485506e-06,1.262846755355301,50.5138455303241,0.0,50.5138455303241
2.1539999999999844,-1.7628467509776249,2.188838113063837e-06,1.2628467509776249,50.51384914167124,0.0,50.51384914167124
2.155999999999984,-1.7628467474279845,1.7748202263669129e-06,1.2628467474279845,50.513852528400086,0.0,50.513852528400086
2.157999999999984,-1.7628467446465794,1.3907025696957863e-06,1.2628467446465794,50.51385569855756,0.0,50.51385569855756
2.1599999999999837,-1.7628467425762104,1.0351844763684266e-06,1.2628467425762104,50.51385866024262,0.0,50.51385866024262
2.1619999999999835,-1.762846741162251,7.069796922100055e-07,1.262846741162251,50.5138614215726,0.0,50.5138614215726
2.1639999999999833,-1.7628467403526116,4.0481970747721507e-07,1.2628467403526116,50.5138639906525,0.0,50.5138639906525
2.165999999999983,-1.7628467400976982,1.274567311126348e-07,1.2628467400976982,50.513866375546804,0.0,50.513866375546804
2.167999999999983,-1.7628467403503656,-1.2633367066261775e-07,1.2628467403503656,50.51386858425408,0.0,50.51386858425408
2.1699999999999826,-1.7628467410658661,-3.5775025571228484e-07,1.2628467410658661,50.51387062468399,0.0,50.51387062468399
2.1719999999999824,-1.7628467422017944,-5.679640865416539e-07,1.2628467422017944,50.513872504636694,0.0,50.513872504636694
2.173999999999982,-1.762846743718028,-7.581167910281261e-07,1.262846743718028,50.51387423178447,0.0,50.51387423178447
2.175999999999982,-1.762846745576666,-9.293190879436514e-07,1.262846745576666,50.513875813655446,0.0,50.513875813655446
2.1779999999999817,-1.7628467477419651,-1.082649556789177e-06,1.2628467477419651,50.51387725761935,0.0,50.51387725761935
2.1799999999999815,-1.7628467501802725,-1.2191536370229495e-06,1.2628467501802725,50.51387857087506,0.0,50.51387857087506
2.1819999999999813,-1.762846752859958,-1.3398428386587765e-06,1.262846752859958,50.51387976043999,0.0,50.51387976043999
2.183999999999981,-1.7628467557513463,-1.445694151164307e-06,1.2628467557513463,50.51388083314103,0.0,50.51388083314103
2.185999999999981,-1.7628467588266457,-1.5376496297457713e-06,1.2628467588266457,50.51388179560706,0.0,50.51388179560706
2.1879999999999806,-1.762846762059878,-1.6166161498976175e-06,1.262846762059878,50.513882654262865,0.0,50.513882654262865
2.1899999999999804,-1.7628467654268087,-1.6834653148706504e-06,1.2628467654268087,50.51388341532432,0.0,50.51388341532432
2.19199999999998,-1.7628467689048757,-1.7390334993960007e-06,1.2628467689048757,50.51388408479487,0.0,50.51388408479487
2.19399999999998,-1.7628467724731198,-1.7841220216704896e-06,1.2628467724731198,50.51388466846302,0.0,50.51388466846302
2.1959999999999797,-1.7628467761121147,-1.8194974259178021e-06,1.2628467761121147,50.51388517190097,0.0,50.51388517190097
2.1979999999999795,-1.7628467798038985,-1.8458918711955655e-06,1.2628467798038985,50.51388560046399,0.0,50.51388560046399
2.1999999999999793,-1.7628467835319057,-1.8640036087081344e-06,1.2628467835319057,50.51388595929091,0.0,50.51388595929091
2.201999999999979,-1.7628467872809008,-1.8744975415850722e-06,1.2628467872809008,50.513886253305095,0.0,50.513886253305095
2.203999999999979,-1.7628467910369126,-1.8780058560013054e-06,1.2628467910369126,50.51388648721636,0.0,50.51388648721636
2.2059999999999786,-1.76284679478717,-1.8751287153954578e-06,1.26284679478717,50.513886665523344,0.0,50.513886665523344
2.2079999999999784,-1.76284679852004,-1.8664350084582446e-06,1.26284679852004,50.51388679251652,0.0,50.51388679251652
2.209999999999978,-1.7628468022249664,-1.8524631438683512e-06,1.2628468022249664,50.51388687228167,0.0,50.51388687228167
2.211999999999978,-1.76284680589241,-1.833721883768456e-06,1.26284680589241,50.5138869087038,0.0,50.5138869087038
2.2139999999999778,-1.7628468095137926,-1.8106912112076352e-06,1.2628468095137926,50.51388690547147,0.0,50.51388690547147
2.2159999999999775,-1.762846813081439,-1.783823220075757e-06,1.262846813081439,50.51388686608139,0.0,50.51388686608139
2.2179999999999773,-1.762846816588525,-1.7535430304461876e-06,1.262846816588525,50.51388679384332,0.0,50.51388679384332
2.219999999999977,-1.7628468200290244,-1.720249714393724e-06,1.2628468200290244,50.51388669188524,0.0,50.51388669188524
2.221999999999977,-1.7628468233976589,-1.684317233400863e-06,1.2628468233976589,50.513886563158685,0.0,50.513886563158685
2.2239999999999767,-1.7628468266898496,-1.646095382822071e-06,1.2628468266898496,50.51388641044422,0.0,50.51388641044422
2.2259999999999764,-1.762846829901671,-1.6059107365214696e-06,1.262846829901671,50.513886236357045,0.0,50.513886236357045
2.227999999999976,-1.7628468330298062,-1.5640675891284462e-06,1.2628468330298062,50.513886043352734,0.0,50.513886043352734
2.229999999999976,-1.762846836071504,-1.520848894147208e-06,1.262846836071504,50.513885833732964,0.0,50.513885833732964
2.231999999999976,-1.7628468390245384,-1.4765171916601342e-06,1.2628468390245384,50.51388560965131,0.0,50.51388560965131
2.2339999999999756,-1.7628468418871694,-1.4313155266631965e-06,1.2628468418871694,50.513885373119074,0.0,50.513885373119074
2.2359999999999753,-1.7628468446581063,-1.385468354203394e-06,1.2628468446581063,50.51388512601099,0.0,50.51388512601099
2.237999999999975,-1.7628468473364711,-1.3391824260576597e-06,1.2628468473364711,50.51388487007109,0.0,50.51388487007109
2.239999999999975,-1.7628468499217664,-1.2926476635670186e-06,1.2628468499217664,50.51388460691825,0.0,50.51388460691825
2.2419999999999747,-1.7628468524138425,-1.2460380085588618e-06,1.2628468524138425,50.513884338051966,0.0,50.513884338051966
2.2439999999999745,-1.762846854812867,-1.1995122544366797e-06,1.262846854812867,50.51388406485777,0.0,50.51388406485777
2.2459999999999742,-1.7628468571192968,-1.1532148572288342e-06,1.2628468571192968,50.51388378861272,0.0,50.51388378861272
2.247999999999974,-1.7628468593338502,-1.1072767217934773e-06,1.2628468593338502,50.51388351049073,0.0,50.51388351049073
2.249999999999974,-1.7628468614574822,-1.0618159658017632e-06,1.2628468614574822,50.51388323156778,0.0,50.51388323156778
2.2519999999999736,-1.7628468634913594,-1.0169386590595793e-06,1.2628468634913594,50.51388295282701,0.0,50.51388295282701
2.2539999999999734,-1.7628468654368386,-9.727395391137103e-07,1.2628468654368386,50.51388267516365,0.0,50.51388267516365
2.255999999999973,-1.762846867295444,-9.293027006712701e-07,1.262846867295444,50.51388239938985,0.0,50.51388239938985
2.257999999999973,-1.7628468690688486,-8.867022610417593e-07,1.2628468690688486,50.513882126239366,0.0,50.513882126239366
2.2599999999999727,-1.7628468707588545,-8.450030004399121e-07,1.2628468707588545,50.51388185637203,0.0,50.51388185637203
2.2619999999999725,-1.7628468723673765,-8.042609759646325e-07,1.2628468723673765,50.51388159037818,0.0,50.51388159037818
2.2639999999999723,-1.7628468738964247,-7.645241101632848e-07,1.2628468738964247,50.513881328782865,0.0,50.513881328782865
2.265999999999972,-1.7628468753480901,-7.258327568625734e-07,1.2628468753480901,50.51388107204987,0.0,50.51388107204987
2.267999999999972,-1.7628468767245307,-6.882202406286514e-07,1.2628468767245307,50.51388082058566,0.0,50.51388082058566
2.2699999999999716,-1.7628468780279574,-6.517133712144916e-07,1.2628468780279574,50.513880574743155,0.0,50.513880574743155
2.2719999999999714,-1.7628468792606233,-6.163329364266175e-07,1.2628468792606233,50.51388033482527,0.0,50.51388033482527
2.273999999999971,-1.7628468804248116,-5.820941684603616e-07,1.2628468804248116,50.513880101088425,0.0,50.513880101088425
2.275999999999971,-1.762846881522826,-5.490071905754618e-07,1.262846881522826,50.513879873745815,0.0,50.513879873745815
2.2779999999999707,-1.762846882556981,-5.170774378794725e-07,1.262846882556981,50.513879652970566,0.0,50.513879652970566
2.2799999999999705,-1.7628468835295932,-4.863060575636787e-07,1.2628468835295932,50.51387943889874,0.0,50.51387943889874
2.2819999999999703,-1.7628468844429737,-4.566902892285359e-07,1.2628468844429737,50.51387923163219,0.0,50.51387923163219
2.28399999999997,-1.7628468852994212,-4.282238229879763e-07,1.2628468852994212,50.51387903124126,0.0,50.51387903124126
2.28599999999997,-1.7628468861012154,-4.00897136030431e-07,1.2628468861012154,50.51387883776743,0.0,50.51387883776743
2.2879999999999696,-1.762846886850611,-3.7469781237500805e-07,1.262846886850611,50.5138786512257,0.0,50.5138786512257
2.2899999999999694,-1.7628468875498329,-3.496108418168125e-07,1.2628468875498329,50.513878471606944,0.0,50.513878471606944
2.291999999999969,-1.7628468882010706,-3.256189024425109e-07,1.2628468882010706,50.513878298880044,0.0,50.513878298880044
2.293999999999969,-1.7628468888064759,-3.027026254387956e-07,1.2628468888064759,50.513878132994044,0.0,50.513878132994044
2.2959999999999687,-1.7628468893681575,-2.8084084034271514e-07,1.2628468893681575,50.51387797388004,0.0,50.51387797388004
2.2979999999999685,-1.762846889888179,-2.600108081467668e-07,1.262846889888179,50.51387782145302,0.0,50.51387782145302
2.2999999999999683,-1.762846890368556,-2.4018843556605525e-07,1.262846890368556,50.51387767561363,0.0,50.51387767561363
2.301999999999968,-1.762846890811253,-2.213484766265918e-07,1.262846890811253,50.513877536249716,0.0,50.513877536249716
2.303999999999968,-1.7628468912181823,-2.0346471905051007e-07,1.2628468912181823,50.51387740323793,0.0,50.51387740323793
2.3059999999999676,-1.7628468915912026,-1.8651015829515997e-07,1.2628468915912026,50.513877276445044,0.0,50.513877276445044
2.3079999999999674,-1.762846891932117,-1.7045715656744205e-07,1.262846891932117,50.51387715572937,0.0,50.51387715572937
2.309999999999967,-1.762846892242672,-1.552775910733103e-07,1.262846892242672,50.513877040941935,0.0,50.513877040941935
2.311999999999967,-1.7628468925245582,-1.4094299161081342e-07,1.2628468925245582,50.51387693192761,0.0,50.51387693192761
2.3139999999999668,-1.7628468927794074,-1.2742466378939123e-07,1.2628468927794074,50.51387682852626,0.0,50.51387682852626
2.3159999999999665,-1.762846893008795,-1.1469380583499468e-07,1.262846893008795,50.51387673057361,0.0,50.51387673057361
2.3179999999999663,-1.7628468932142383,-1.0272161145235788e-07,1.2628468932142383,50.51387663790225,0.0,50.51387663790225
2.319999999999966,-1.762846893397197,-9.147936631924913e-08,1.262846893397197,50.513876550342424,0.0,50.513876550342424
2.321999999999966,-1.7628468935590742,-8.093853415294285e-08,1.2628468935590742,50.51387646772281,0.0,50.51387646772281
2.3239999999999656,-1.7628468937012158,-7.10708347999796e-08,1.2628468937012158,50.51387638987124,0.0,50.51387638987124
2.3259999999999654,-1.7628468938249124,-6.184831551157508e-08,1.2628468938249124,50.51387631661531,0.0,50.51387631661531
2.327999999999965,-1.7628468939313993,-5.324341227169292e-08,1.2628468939313993,50.513876247783024,0.0,50.513876247783024
2.329999999999965,-1.7628468940218573,-4.5229006293892285e-08,1.2628468940218573,50.51387618320327,0.0,50.51387618320327
2.3319999999999648,-1.7628468940974142,-3.777847328104707e-08,1.2628468940974142,50.51387612270634,0.0,50.51387612270634
2.3339999999999645,-1.7628468941591457,-3.086572766879366e-08,1.2628468941591457,50.51387606612436,0.0,50.51387606612436
2.3359999999999643,-1.7628468942080762,-2.4465258616286525e-08,1.2628468942080762,50.51387601329165,0.0,50.51387601329165
2.337999999999964,-1.7628468942451805,-1.855216415461364e-08,1.2628468942451805,50.51387596404511,0.0,50.51387596404511
2.339999999999964,-1.7628468942713849,-1.3102176671716846e-08,1.2628468942713849,50.513875918224535,0.0,50.513875918224535
2.3419999999999637,-1.7628468942875681,-8.091686957477298e-09,1.2628468942875681,50.5138758756728,0.0,50.5138758756728
2.3439999999999634,-1.7628468942945636,-3.497763179222059e-09,1.2628468942945636,50.513875836236224,0.0,50.513875836236224
2.3459999999999632,-1.7628468942931599,7.018359241025236e-10,1.2628468942931599,50.51387579976465,0.0,50.51387579976465
2.347999999999963,-1.7628468942841027,4.528648409971603e-09,1.2628468942841027,50.51387576611171,0.0,50.51387576611171
2.349999999999963,-1.7628468942680957,8.003503183780976e-09,1.2628468942680957,50.51387573513492,0.0,50.51387573513492
2.3519999999999626,-1.7628468942458027,1.1146513106315392e-08,1.2628468942458027,50.513875706695806,0.0,50.513875706695806
2.3539999999999623,-1.7628468942178486,1.3977074298224462e-08,1.2628468942178486,50.51387568066,0.0,50.51387568066
2.355999999999962,-1.7628468941848208,1.6513867158151942e-08,1.2628468941848208,50.51387565689735,0.0,50.51387565689735
2.357999999999962,-1.762846894147271,1.877485798393049e-08,1.262846894147271,50.5138756352819,0.0,50.5138756352819
2.3599999999999617,-1.7628468941057165,2.0777305533885256e-08,1.2628468941057165,50.51387561569198,0.0,50.51387561569198
2.3619999999999615,-1.762846894060641,2.253776740250648e-08,1.262846894060641,50.513875598010216,0.0,50.513875598010216
2.3639999999999612,-1.7628468940124968,2.4072107903888968e-08,1.2628468940124968,50.513875582123504,0.0,50.513875582123504
2.365999999999961,-1.762846893961706,2.5395509030274602e-08,1.262846893961706,50.51387556792301,0.0,50.51387556792301
2.367999999999961,-1.762846893908661,2.6522481689346814e-08,1.262846893908661,50.51387555530417,0.0,50.51387555530417
2.3699999999999606,-1.7628468938537272,2.7466878027562103e-08,1.2628468938537272,50.51387554416658,0.0,50.51387554416658
2.3719999999999604,-1.7628468937972435,2.8241905070198923e-08,1.2628468937972435,50.51387553441406,0.0,50.51387553441406
2.37399999999996,-1.7628468937395232,2.886014087128595e-08,1.2628468937395232,50.513875525954504,0.0,50.513875525954504
2.37599999999996,-1.7628468936808561,2.933354750543316e-08,1.2628468936808561,50.5138755186998,0.0,50.5138755186998
2.3779999999999597,-1.7628468936215091,2.9673488678359816e-08,1.2628468936215091,50.51387551256587,0.0,50.51387551256587
2.3799999999999595,-1.7628468935617276,2.989074552954816e-08,1.2628468935617276,50.513875507472456,0.0,50.513875507472456
2.3819999999999593,-1.7628468935017365,2.9995533912497417e-08,1.2628468935017365,50.51387550334314,0.0,50.51387550334314
2.383999999999959,-1.7628468934417414,2.9997521478040055e-08,1.2628468934417414,50.513875500105186,0.0,50.513875500105186
2.385999999999959,-1.7628468933819297,2.990584540581943e-08,1.2628468933819297,50.51387549768948,0.0,50.51387549768948
2.3879999999999586,-1.7628468933224715,2.9729130338568842e-08,1.2628468933224715,50.51387549603042,0.0,50.51387549603042
2.3899999999999584,-1.7628468932635204,2.9475505835103712e-08,1.2628468932635204,50.51387549506582,0.0,50.51387549506582
2.391999999999958,-1.7628468932052153,2.9152623662157285e-08,1.2628468932052153,50.51387549473677,0.0,50.51387549473677
2.393999999999958,-1.76284689314768,2.87676771035176e-08,1.26284689314768,50.51387549498762,0.0,50.51387549498762
2.3959999999999577,-1.762846893091025,2.832741683022607e-08,1.262846893091025,50.51387549576578,0.0,50.51387549576578
2.3979999999999575,-1.7628468930353487,2.7838169260844162e-08,1.2628468930353487,50.513875497021665,0.0,50.513875497021665
2.3999999999999573,-1.762846892980737,2.7305854691268065e-08,1.262846892980737,50.51387549870859,0.0,50.51387549870859
2.401999999999957,-1.762846892927265,2.673600379981694e-08,1.262846892927265,50.513875500782646,0.0,50.513875500782646
2.403999999999957,-1.7628468928749974,2.6133773643197656e-08,1.2628468928749974,50.51387550320257,0.0,50.51387550320257
2.4059999999999566,-1.7628468928239895,2.5503966316329087e-08,1.2628468928239895,50.51387550592971,0.0,50.51387550592971
2.4079999999999564,-1.7628468927742875,2.4851043608222535e-08,1.2628468927742875,50.51387550892785,0.0,50.51387550892785
2.409999999999956,-1.7628468927259293,2.4179143188829297e-08,1.2628468927259293,50.51387551216315,0.0,50.51387551216315
2.411999999999956,-1.7628468926789451,2.349209437618159e-08,1.2628468926789451,50.51387551560403,0.0,50.51387551560403
2.4139999999999557,-1.7628468926333583,2.2793432887560777e-08,1.2628468926333583,50.51387551922105,0.0,50.51387551922105
2.4159999999999555,-1.7628468925891854,2.2086416390435033e-08,1.2628468925891854,50.513875522986865,0.0,50.513875522986865
2.4179999999999553,-1.7628468925464373,2.1374038132672602e-08,1.2628468925464373,50.513875526876085,0.0,50.513875526876085
2.419999999999955,-1.7628468925051193,2.0659041847797953e-08,1.2628468925051193,50.513875530865185,0.0,50.513875530865185
2.421999999999955,-1.7628468924652314,1.9943933973707087e-08,1.2628468924652314,50.51387553493244,0.0,50.51387553493244
2.4239999999999546,-1.7628468924267695,1.9230997368279468e-08,1.2628468924267695,50.513875539057786,0.0,50.513875539057786
2.4259999999999544,-1.762846892389725,1.8522304259110608e-08,1.262846892389725,50.5138755432228,0.0,50.5138755432228
2.427999999999954,-1.7628468923540854,1.781972737259122e-08,1.2628468923540854,50.51387554741056,0.0,50.51387554741056
2.429999999999954,-1.7628468923198355,1.7124952459602976e-08,1.2628468923198355,50.5138755516056,0.0,50.5138755516056
2.4319999999999538,-1.7628468922869565,1.643948956988964e-08,1.2628468922869565,50.5138755557938,0.0,50.5138755557938
2.4339999999999535,-1.762846892255427,1.5764683734581734e-08,1.262846892255427,50.513875559962344,0.0,50.513875559962344
2.4359999999999533,-1.7628468922252236,1.5101725409767045e-08,1.2628468922252236,50.51387556409961,0.0,50.51387556409961
2.437999999999953,-1.7628468921963203,1.4451660990850569e-08,1.2628468921963203,50.51387556819514,0.0,50.51387556819514
2.439999999999953,-1.7628468921686895,1.3815401063405843e-08,1.2628468921686895,50.51387557223952,0.0,50.51387557223952
2.4419999999999527,-1.762846892142302,1.3193730648132928e-08,1.262846892142302,50.51387557622437,0.0,50.51387557622437
2.4439999999999524,-1.7628468921171274,1.2587317116165287e-08,1.2628468921171274,50.51387558014223,0.0,50.51387558014223
2.445999999999952,-1.762846892093134,1.1996720180921544e-08,1.262846892093134,50.51387558398656,0.0,50.51387558398656
2.447999999999952,-1.762846892070289,1.142239737281692e-08,1.262846892070289,50.5138755877516,0.0,50.5138755877516
2.4499999999999518,-1.7628468920485596,1.0864713362612751e-08,1.2628468920485596,50.51387559143239,0.0,50.51387559143239
2.4519999999999516,-1.7628468920279117,1.0323946592133122e-08,1.2628468920279117,50.51387559502467,0.0,50.51387559502467
2.4539999999999513,-1.7628468920083111,9.800296473922068e-09,1.2628468920083111,50.51387559852489,0.0,50.51387559852489
2.455999999999951,-1.7628468919897233,9.293889633069496e-09,1.2628468919897233,50.513875601930074,0.0,50.513875601930074
2.457999999999951,-1.7628468919721139,8.804785345896976e-09,1.2628468919721139,50.51387560523782,0.0,50.51387560523782
2.4599999999999507,-1.7628468919554479,8.33298265285227e-09,1.2628468919554479,50.51387560844627,0.0,50.51387560844627
2.4619999999999505,-1.762846891939691,7.878424069570162e-09,1.262846891939691,50.513875611554056,0.0,50.513875611554056
2.4639999999999502,-1.7628468919248088,7.441002155557304e-09,1.2628468919248088,50.51387561456024,0.0,50.51387561456024
2.46599999999995,-1.7628468919107676,7.020564264381319e-09,1.2628468919107676,50.513875617464336,0.0,50.513875617464336
2.46799999999995,-1.7628468918975337,6.616916817581155e-09,1.2628468918975337,50.513875620266184,0.0,50.513875620266184
2.4699999999999496,-1.7628468918850742,6.229829815262847e-09,1.2628468918850742,50.51387562296601,0.0,50.51387562296601
2.4719999999999493,-1.762846891873356,5.859040731783675e-09,1.262846891873356,50.513875625564324,0.0,50.513875625564324
2.473999999999949,-1.7628468918623474,5.504257258335808e-09,1.2628468918623474,50.51387562806192,0.0,50.51387562806192
2.475999999999949,-1.762846891852017,5.165162769774666e-09,1.262846891852017,50.513875630459836,0.0,50.513875630459836
2.4779999999999487,-1.7628468918423341,4.841418105031579e-09,1.2628468918423341,50.51387563275938,0.0,50.51387563275938
2.4799999999999485,-1.7628468918332687,4.532665388193104e-09,1.2628468918332687,50.51387563496202,0.0,50.51387563496202
2.4819999999999482,-1.7628468918247917,4.238530714094751e-09,1.2628468918247917,50.51387563706942,0.0,50.51387563706942
2.483999999999948,-1.7628468918168745,3.958627290289026e-09,1.2628468918168745,50.51387563908342,0.0,50.51387563908342
2.485999999999948,-1.7628468918094893,3.692556628110718e-09,1.2628468918094893,50.51387564100596,0.0,50.51387564100596
2.4879999999999476,-1.7628468918026095,3.4399112471115307e-09,1.2628468918026095,50.51387564283912,0.0,50.51387564283912
2.4899999999999474,-1.7628468917962088,3.2002778866662846e-09,1.2628468917962088,50.513875644585085,0.0,50.513875644585085
2.491999999999947,-1.7628468917902622,2.973237951638668e-09,1.2628468917902622,50.51387564624613,0.0,50.51387564624613
2.493999999999947,-1.7628468917847455,2.758370326542023e-09,1.2628468917847455,50.51387564782459,0.0,50.51387564782459
2.4959999999999467,-1.762846891779635,2.555253127124711e-09,1.262846891779635,50.513875649322856,0.0,50.513875649322856
2.4979999999999465,-1.762846891774908,2.3634637193966797e-09,1.262846891774908,50.51387565074337,0.0,50.51387565074337
2.4999999999999463,-1.7628468917705429,2.1825819274497276e-09,1.2628468917705429,50.51387565208861,0.0,50.51387565208861
2.501999999999946,-1.7628468917665185,2.0121896263602606e-09,1.2628468917665185,50.51387565336106,0.0,50.51387565336106
2.503999999999946,-1.7628468917628148,1.8518730367477622e-09,1.2628468917628148,50.51387565456322,0.0,50.51387565456322
2.5059999999999456,-1.7628468917594124,1.701223035263804e-09,1.2628468917594124,50.5138756556976,0.0,50.5138756556976
2.5079999999999454,-1.7628468917562927,1.5598363158056155e-09,1.2628468917562927,50.513875656766714,0.0,50.513875656766714
2.509999999999945,-1.7628468917534381,1.427315687586466e-09,1.2628468917534381,50.51387565777301,0.0,50.51387565777301
2.511999999999945,-1.7628468917508315,1.3032718805546348e-09,1.2628468917508315,50.513875658718995,0.0,50.513875658718995
2.5139999999999447,-1.762846891748457,1.1873230290339178e-09,1.262846891748457,50.51387565960708,0.0,50.51387565960708
2.5159999999999445,-1.7628468917462987,1.0790962971071476e-09,1.2628468917462987,50.513875660439695,0.0,50.513875660439695
2.5179999999999443,-1.7628468917443423,9.78226548922861e-10,1.2628468917443423,50.51387566121918,0.0,50.51387566121918
2.519999999999944,-1.7628468917425735,8.843589616615601e-10,1.2628468917425735,50.51387566194788,0.0,50.51387566194788
2.521999999999944,-1.7628468917409792,7.971474510597682e-10,1.2628468917409792,50.51387566262807,0.0,50.51387566262807
2.5239999999999436,-1.7628468917395468,7.162565428628589e-10,1.2628468917395468,50.51387566326199,0.0,50.51387566326199
2.5259999999999434,-1.762846891738264,6.413607053518501e-10,1.262846891738264,50.51387566385182,0.0,50.51387566385182
2.527999999999943,-1.7628468917371198,5.721436953396156e-10,1.2628468917371198,50.51387566439968,0.0,50.51387566439968
2.529999999999943,-1.7628468917361033,5.083005154457188e-10,1.2628468917361033,50.51387566490764,0.0,50.51387566490764
2.5319999999999427,-1.7628468917352043,4.4953600832465526e-10,1.2628468917352043,50.513875665377725,0.0,50.513875665377725
2.5339999999999425,-1.7628468917342606,4.718480166470024e-10,1.2628468917342606,50.51387566581188,0.0,50.51387566581188
2.5359999999999423,-1.7628468917334228,4.1884518530387603e-10,1.2628468917334228,50.513875665595634,0.0,50.513875665595634
2.537999999999942,-1.7628468917326836,3.6964627713636884e-10,1.2628468917326836,50.51387566598615,0.0,50.51387566598615
2.539999999999942,-1.7628468917318878,3.9790233721488673e-10,1.2628468917318878,50.513875666350174,0.0,50.513875666350174
2.5419999999999416,-1.762846891731183,3.5238238444037117e-10,1.262846891731183,50.5138756660923,0.0,50.5138756660923
2.5439999999999414,-1.762846891730563,3.099264242107845e-10,1.262846891730563,50.51387566642826,0.0,50.51387566642826
2.545999999999941,-1.7628468917300224,2.703651097790525e-10,1.2628468917300224,50.51387566674311,0.0,50.51387566674311
2.547999999999941,-1.7628468917295552,2.336079010285532e-10,1.2628468917295552,50.51387566703798,0.0,50.51387566703798
2.5499999999999408,-1.7628468917290239,2.656873880641214e-10,1.2628468917290239,50.51387566731335,0.0,50.51387566731335
2.5519999999999405,-1.7628468917285611,2.3136554503617078e-10,1.2628468917285611,50.51387566703546,0.0,50.51387566703546
2.5539999999999403,-1.7628468917281626,1.992707668090715e-10,1.2628468917281626,50.51387566729152,0.0,50.51387566729152
2.55599999999994,-1.762846891727824,1.6933631467723814e-10,1.262846891727824,50.51387566753234,0.0,50.51387566753234
2.55799999999994,-1.7628468917274174,2.0325842608856255e-10,1.2628468917274174,50.51387566775826,0.0,50.51387566775826
2.5599999999999397,-1.7628468917270679,1.7472993787293733e-10,1.2628468917270679,50.51387566747062,0.0,50.51387566747062
2.5619999999999394,-1.762846891726772,1.48040253194108e-10,1.262846891726772,50.51387566768488,0.0,50.51387566768488
2.563999999999939,-1.7628468917265256,1.230965321017811e-10,1.2628468917265256,50.51387566788655,0.0,50.51387566788655
2.565999999999939,-1.7628468917262103,1.5767014625680386e-10,1.2628468917262103,50.51387566807625,0.0,50.51387566807625
2.5679999999999388,-1.7628468917259437,1.333579807637283e-10,1.2628468917259437,50.513875667787055,0.0,50.513875667787055
2.5699999999999386,-1.7628468917257223,1.1070009032553e-10,1.2628468917257223,50.51387566797088,0.0,50.51387566797088
2.5719999999999383,-1.7628468917255433,8.952945989618777e-11,1.2628468917255433,50.51387566814329,0.0,50.51387566814329
2.573999999999938,-1.7628468917254037,6.982504376621455e-11,1.2628468917254037,50.513875668305495,0.0,50.513875668305495
2.575999999999938,-1.7628468917251994,1.0210513768537084e-10,1.2628468917251994,50.513875668457544,0.0,50.513875668457544
2.5779999999999377,-1.7628468917250333,8.306566093705154e-11,1.2628468917250333,50.51387566819113,0.0,50.51387566819113
2.5799999999999375,-1.7628468917249027,6.531224806559927e-11,1.2628468917249027,50.5138756683368,0.0,50.5138756683368
2.5819999999999372,-1.7628468917248052,4.878717927014588e-11,1.2628468917248052,50.51387566847361,0.0,50.51387566847361
2.583999999999937,-1.7628468917246456,7.978413730583416e-11,1.2628468917246456,50.51387566860192,0.0,50.51387566860192
2.585999999999937,-1.7628468917245186,6.349630589288174e-11,1.2628468917245186,50.51387566834755,0.0,50.51387566834755
2.5879999999999366,-1.7628468917244218,4.8406935351786924e-11,1.2628468917244218,50.51387566847278,0.0,50.51387566847278
2.5899999999999364,-1.762846891724353,3.4390670220641455e-11,1.262846891724353,50.51387566858962,0.0,50.51387566858962
2.591999999999936,-1.762846891724225,6.3916772839784e-11,1.262846891724225,50.513875668698994,0.0,50.513875668698994
2.593999999999936,-1.7628468917241256,4.973278036501503e-11,1.2628468917241256,50.513875668457665,0.0,50.513875668457665
2.5959999999999357,-1.762846891724052,3.6766555092864266e-11,1.262846891724052,50.51387566856716,0.0,50.51387566856716
2.5979999999999355,-1.7628468917240026,2.4782461119888187e-11,1.2628468917240026,50.51387566866796,0.0,50.51387566866796
2.5999999999999353,-1.762846891723975,1.3740472678124272e-11,1.262846891723975,50.51387566876184,0.0,50.51387566876184
2.601999999999935,-1.7628468917238966,3.9162639533070124e-11,1.2628468917238966,50.51387566884908,0.0,50.51387566884908
2.603999999999935,-1.76284689172384,2.8320571551898665e-11,1.26284689172384,50.51387566864256,0.0,50.51387566864256
2.6059999999999346,-1.7628468917238032,1.839191450052684e-11,1.2628468917238032,50.51387566872704,0.0,50.51387566872704
2.6079999999999344,-1.7628468917237845,9.2770816163458e-12,1.2628468917237845,50.51387566880499,0.0,50.51387566880499
2.609999999999934,-1.7628468917237192,3.266367808080977e-11,1.2628468917237192,50.51387566887716,0.0,50.51387566887716
2.611999999999934,-1.7628468917236724,2.3471105941158523e-11,1.2628468917236724,50.51387566868746,0.0,50.51387566868746
2.6139999999999337,-1.762846891723642,1.518676874336387e-11,1.262846891723642,50.51387566875913,0.0,50.51387566875913
2.6159999999999335,-1.7628468917236266,7.630015441405674e-12,1.2628468917236266,50.513875668824184,0.0,50.513875668824184
2.6179999999999333,-1.7628468917235682,2.9205830147077455e-11,1.2628468917235682,50.51387566888402,0.0,50.51387566888402
2.619999999999933,-1.7628468917235258,2.1240300709904168e-11,1.2628468917235258,50.51387566870908,0.0,50.51387566870908
2.621999999999933,-1.7628468917234974,1.42620154657614e-11,1.2628468917234974,50.513875668771114,0.0,50.513875668771114
2.6239999999999326,-1.7628468917234814,7.96711806934994e-12,1.2628468917234814,50.5138756688258,0.0,50.5138756688258
2.6259999999999324,-1.7628468917234767,2.2845475570174035e-12,1.2628468917234767,50.51387566887552,0.0,50.51387566887552
2.627999999999932,-1.7628468917234374,1.965087083936638e-11,1.2628468917234374,50.5138756689208,0.0,50.5138756689208
2.629999999999932,-1.7628468917234095,1.3998306801149414e-11,1.2628468917234095,50.513875668780294,0.0,50.513875668780294
2.6319999999999317,-1.7628468917233915,9.014212248818983e-12,1.2628468917233915,50.51387566882439,0.0,50.51387566882439
2.6339999999999315,-1.7628468917233824,4.560231219378646e-12,1.2628468917233824,50.51387566886355,0.0,50.51387566886355
2.6359999999999313,-1.7628468917233422,2.0079733885382428e-11,1.2628468917233422,50.51387566889882,0.0,50.51387566889882
2.637999999999931,-1.7628468917233113,1.5416248655348328e-11,1.2628468917233113,50.513875668773046,0.0,50.513875668773046
2.639999999999931,-1.7628468917232885,1.1450630252931108e-11,1.2628468917232885,50.51387566880913,0.0,50.51387566880913
2.6419999999999306,-1.7628468917232725,7.960733046158117e-12,1.2628468917232725,50.51387566883994,0.0,50.51387566883994
2.6439999999999304,-1.7628468917232285,2.2003736459192082e-11,1.2628468917232285,50.513875668867215,0.0,50.513875668867215
2.64599999999993,-1.7628468917231925,1.798678925078203e-11,1.2628468917231925,50.51387566875311,0.0,50.51387566875311
2.64799999999993,-1.762846891723163,1.4777168395091177e-11,1.262846891723163,50.51387566878381,0.0,50.51387566878381
2.6499999999999297,-1.762846891723139,1.202476477529893e-11,1.262846891723139,50.513875668808296,0.0,50.513875668808296
2.6519999999999295,-1.7628468917231197,9.637331426184844e-12,1.2628468917231197,50.513875668829364,0.0,50.513875668829364
2.6539999999999293,-1.7628468917230797,2.0021017820848466e-11,1.2628468917230797,50.51387566884769,0.0,50.51387566884769
2.655999999999929,-1.7628468917230447,1.755609297766906e-11,1.2628468917230447,50.51387566876302,0.0,50.51387566876302
2.657999999999929,-1.7628468917230136,1.55713973067424e-11,1.2628468917230136,50.51387566878134,0.0,50.51387566878134
2.6599999999999286,-1.7628468917229858,1.3903179546003907e-11,1.2628468917229858,50.51387566879597,0.0,50.51387566879597
2.6619999999999284,-1.7628468917229398,2.2950394387790915e-11,1.2628468917229398,50.513875668808204,0.0,50.513875668808204
2.663999999999928,-1.7628468917228979,2.0984366947563546e-11,1.2628468917228979,50.51387566873399,0.0,50.51387566873399
2.665999999999928,-1.7628468917228588,1.9554354072376067e-11,1.2628468917228588,50.51387566874804,0.0,50.51387566874804
2.6679999999999278,-1.762846891722822,1.8413401692344954e-11,1.262846891722822,50.51387566875792,0.0,50.51387566875792
2.6699999999999275,-1.7628468917227689,2.6526954495717832e-11,1.2628468917227689,50.513875668765564,0.0,50.513875668765564
2.6719999999999273,-1.7628468917227194,2.4780791531295825e-11,1.2628468917227194,50.51387566869854,0.0,50.51387566869854
2.673999999999927,-1.762846891722672,2.370315311841247e-11,1.262846891722672,50.513875668710526,0.0,50.513875668710526
2.675999999999927,-1.7628468917226263,2.291962929157549e-11,1.2628468917226263,50.51387566871726,0.0,50.51387566871726
2.6779999999999267,-1.7628468917225817,2.232579001616567e-11,1.2628468917225817,50.513875668721695,0.0,50.513875668721695
2.6799999999999264,-1.7628468917225266,2.7509585073523913e-11,1.2628468917225266,50.51387566872466,0.0,50.51387566872466
2.681999999999926,-1.762846891722473,2.6758195413884535e-11,1.262846891722473,50.51387566868099,0.0,50.51387566868099
2.683999999999926,-1.7628468917224205,2.635316876695291e-11,1.2628468917224205,50.51387566868486,0.0,50.51387566868486
2.685999999999926,-1.7628468917223683,2.6118376967213265e-11,1.2628468917223683,50.51387566868599,0.0,50.51387566868599
2.6879999999999256,-1.7628468917223072,3.0518918703684205e-11,1.2628468917223072,50.513875668685785,0.0,50.513875668685785
2.6899999999999253,-1.7628468917222473,2.992522783533503e-11,1.2628468917222473,50.51387566864814,0.0,50.51387566864814
2.691999999999925,-1.7628468917221878,2.9754193135922736e-11,1.2628468917221878,50.51387566865049,0.0,50.51387566865049
2.693999999999925,-1.7628468917221283,2.97488664069945e-11,1.2628468917221283,50.513875668649476,0.0,50.513875668649476
2.6959999999999247,-1.7628468917220608,3.375039431296492e-11,1.2628468917220608,50.513875668647145,0.0,50.513875668647145
2.6979999999999245,-1.7628468917219946,3.3092622879268176e-11,1.2628468917219946,50.51387566861243,0.0,50.51387566861243
2.6999999999999242,-1.7628468917219287,3.300686983625984e-11,1.2628468917219287,50.51387566861504,0.0,50.51387566861504
2.701999999999924,-1.7628468917218625,3.3111006938775984e-11,1.2628468917218625,50.513875668613096,0.0,50.513875668613096
2.703999999999924,-1.7628468917217959,3.3295965608831104e-11,1.2628468917217959,50.51387566860961,0.0,50.51387566860961
2.7059999999999236,-1.7628468917217257,3.505110858347393e-11,1.2628468917217257,50.513875668605465,0.0,50.513875668605465
2.7079999999999234,-1.7628468917216558,3.502568610492525e-11,1.2628468917216558,50.51387566858862,0.0,50.51387566858862
2.709999999999923,-1.7628468917215852,3.5263488397293213e-11,1.2628468917215852,50.51387566858603,0.0,50.51387566858603
2.711999999999923,-1.7628468917215139,3.558396234458314e-11,1.2628468917215139,50.5138756685813,0.0,50.5138756685813
2.7139999999999227,-1.76284689172144,3.702436277891822e-11,1.26284689172144,50.513875668575885,0.0,50.513875668575885
2.7159999999999225,-1.762846891721366,3.6950958702143955e-11,1.262846891721366,50.5138756685614,0.0,50.5138756685614
2.7179999999999223,-1.7628468917212916,3.72307254411866e-11,1.2628468917212916,50.51387566855903,0.0,50.51387566855903
2.719999999999922,-1.7628468917212163,3.760644765878323e-11,1.2628468917212163,50.51387566855382,0.0,50.51387566855382
2.721999999999922,-1.7628468917211382,3.907993022112286e-11,1.2628468917211382,50.513875668547804,0.0,50.513875668547804
2.7239999999999216,-1.7628468917210607,3.878366822700939e-11,1.2628468917210607,50.51387566853289,0.0,50.51387566853289
2.7259999999999214,-1.7628468917209827,3.899883914417328e-11,1.2628468917209827,50.51387566853216,0.0,50.51387566853216
2.727999999999921,-1.7628468917209041,3.934697683488165e-11,1.2628468917209041,50.51387566852732,0.0,50.51387566852732
2.729999999999921,-1.7628468917208246,3.971920271299966e-11,1.2628468917208246,50.513875668521386,0.0,50.513875668521386
2.7319999999999207,-1.7628468917207456,3.949862829149667e-11,1.2628468917207456,50.51387566851523,0.0,50.51387566851523
2.7339999999999205,-1.7628468917206663,3.9631315002733696e-11,1.2628468917206663,50.51387566851383,0.0,50.51387566851383
2.7359999999999203,-1.7628468917205864,3.9981300207444957e-11,1.2628468917205864,50.513875668509606,0.0,50.513875668509606
2.73799999999992,-1.7628468917205056,4.037150211801608e-11,1.2628468917205056,50.51387566850361,0.0,50.51387566850361
2.73999999999992,-1.7628468917204252,4.018502394254807e-11,1.2628468917204252,50.51387566849725,0.0,50.51387566849725
2.7419999999999196,-1.7628468917203448,4.0166723321719023e-11,1.2628468917203448,50.51387566849553,0.0,50.51387566849553
2.7439999999999194,-1.762846891720264,4.0462910766794704e-11,1.262846891720264,50.51387566849246,0.0,50.51387566849246
2.745999999999919,-1.7628468917201823,4.0822723464434e-11,1.2628468917201823,50.513875668486854,0.0,50.513875668486854
2.747999999999919,-1.7628468917201003,4.096845481176771e-11,1.2628468917201003,50.51387566848071,0.0,50.51387566848071
2.7499999999999187,-1.762846891720019,4.065807439813417e-11,1.262846891720019,50.51387566847627,0.0,50.51387566847627
2.7519999999999185,-1.7628468917199374,4.0822585282126815e-11,1.2628468917199374,50.5138756684755,0.0,50.5138756684755
2.7539999999999183,-1.7628468917198552,4.109445282176354e-11,1.2628468917198552,50.51387566847092,0.0,50.51387566847092
2.755999999999918,-1.7628468917197713,4.191249239059425e-11,1.2628468917197713,50.51387566846545,0.0,50.51387566846545
2.757999999999918,-1.762846891719689,4.114168516703925e-11,1.262846891719689,50.513875668455555,0.0,50.513875668455555
2.7599999999999176,-1.7628468917196067,4.108591459944855e-11,1.2628468917196067,50.513875668458425,0.0,50.513875668458425
2.7619999999999174,-1.7628468917195244,4.120919205722407e-11,1.2628468917195244,50.513875668455576,0.0,50.513875668455576
2.763999999999917,-1.7628468917194415,4.135665710123475e-11,1.2628468917194415,50.513875668451306,0.0,50.513875668451306
2.765999999999917,-1.7628468917193607,4.044124474604702e-11,1.2628468917193607,50.51387566844681,0.0,50.51387566844681
2.7679999999999167,-1.7628468917192803,4.017773830669699e-11,1.2628468917192803,50.5138756684509,0.0,50.5138756684509
2.7699999999999165,-1.7628468917192,4.0220959927075385e-11,1.2628468917192,50.51387566844979,0.0,50.51387566844979
2.7719999999999163,-1.7628468917191193,4.032560499479403e-11,1.2628468917191193,50.513875668446225,0.0,50.513875668446225
2.773999999999916,-1.7628468917190396,3.9873672001798866e-11,1.2628468917190396,50.51387566844217,0.0,50.51387566844217
2.775999999999916,-1.762846891718961,3.9353996578774764e-11,1.262846891718961,50.513875668442594,0.0,50.513875668442594
2.7779999999999156,-1.7628468917188824,3.928256897054795e-11,1.2628468917188824,50.51387566844361,0.0,50.51387566844361
2.7799999999999154,-1.7628468917188038,3.931417168738998e-11,1.2628468917188038,50.51387566844104,0.0,50.51387566844104
2.781999999999915,-1.7628468917187246,3.9656735003964106e-11,1.2628468917187246,50.513875668437635,0.0,50.513875668437635
2.783999999999915,-1.762846891718647,3.8720026147038396e-11,1.262846891718647,50.51387566843172,0.0,50.51387566843172
2.7859999999999148,-1.7628468917185702,3.845477551398662e-11,1.2628468917185702,50.51387566843612,0.0,50.51387566843612
2.7879999999999145,-1.7628468917184934,3.8360919493480584e-11,1.2628468917184934,50.513875668435176,0.0,50.513875668435176
2.7899999999999143,-1.7628468917184168,3.8293007767398746e-11,1.2628468917184168,50.513875668432846,0.0,50.513875668432846
2.791999999999914,-1.7628468917183424,3.722162169050939e-11,1.2628468917183424,50.51387566843033,0.0,50.51387566843033
2.793999999999914,-1.762846891718269,3.676752914945368e-11,1.262846891718269,50.51387566843592,0.0,50.51387566843592
2.7959999999999137,-1.7628468917181956,3.660661250890083e-11,1.2628468917181956,50.51387566843661,0.0,50.51387566843661
2.7979999999999134,-1.7628468917181226,3.650859771536657e-11,1.2628468917181226,50.51387566843498,0.0,50.51387566843498
2.7999999999999132,-1.7628468917180506,3.599475984038475e-11,1.2628468917180506,50.51387566843284,0.0,50.51387566843284
2.801999999999913,-1.76284689171798,3.530669114987918e-11,1.26284689171798,50.51387566843407,0.0,50.51387566843407
2.803999999999913,-1.7628468917179099,3.5046631648326985e-11,1.2628468917179099,50.51387566843675,0.0,50.51387566843675
2.8059999999999126,-1.7628468917178401,3.48906072182086e-11,1.2628468917178401,50.51387566843602,0.0,50.51387566843602
2.8079999999999123,-1.7628468917177698,3.5228738280934103e-11,1.2628468917177698,50.51387566843449,0.0,50.51387566843449
2.809999999999912,-1.7628468917177014,3.415719050946127e-11,1.2628468917177014,50.51387566842896,0.0,50.51387566842896
2.811999999999912,-1.7628468917176339,3.3725593834144334e-11,1.2628468917176339,50.51387566843479,0.0,50.51387566843479
2.8139999999999117,-1.762846891717567,3.3463177170566315e-11,1.262846891717567,50.513875668435546,0.0,50.513875668435546
2.8159999999999115,-1.7628468917175006,3.3234349954696114e-11,1.2628468917175006,50.51387566843498,0.0,50.51387566843498
2.8179999999999112,-1.762846891717436,3.234144913454522e-11,1.262846891717436,50.513875668434146,0.0,50.513875668434146
2.819999999999911,-1.7628468917173725,3.174371496977026e-11,1.2628468917173725,50.51387566843871,0.0,50.51387566843871
2.821999999999911,-1.7628468917173097,3.143018065484684e-11,1.2628468917173097,50.51387566844095,0.0,50.51387566844095
2.8239999999999106,-1.7628468917172473,3.118508557966362e-11,1.2628468917172473,50.513875668440946,0.0,50.513875668440946
2.8259999999999104,-1.7628468917171856,3.087193049358745e-11,1.2628468917171856,50.51387566844041,0.0,50.51387566844041
2.82799999999991,-1.7628468917171254,3.006578772111771e-11,1.2628468917171254,50.51387566844044,0.0,50.51387566844044
2.82999999999991,-1.762846891717066,2.9670837502071695e-11,1.262846891717066,50.51387566844449,0.0,50.51387566844449
2.8319999999999097,-1.7628468917170073,2.938356378494516e-11,1.2628468917170073,50.51387566844528,0.0,50.51387566844528
2.8339999999999095,-1.7628468917169475,2.990818590199876e-11,1.2628468917169475,50.51387566844522,0.0,50.51387566844522
2.8359999999999093,-1.76284689171689,2.875489289105261e-11,1.26284689171689,50.51387566843863,0.0,50.51387566843863
2.837999999999909,-1.7628468917168336,2.821212267718704e-11,1.2628468917168336,50.513875668445564,0.0,50.513875668445564
2.839999999999909,-1.7628468917167779,2.7838062711916975e-11,1.2628468917167779,50.513875668447646,0.0,50.513875668447646
2.8419999999999086,-1.7628468917167228,2.750465270846475e-11,1.2628468917167228,50.513875668448414,0.0,50.513875668448414
2.8439999999999084,-1.762846891716669,2.6907610601255542e-11,1.262846891716669,50.51387566844888,0.0,50.51387566844888
2.845999999999908,-1.7628468917166167,2.6223294208749e-11,1.2628468917166167,50.513875668451504,0.0,50.513875668451504
2.847999999999908,-1.762846891716565,2.5814482568125117e-11,1.262846891716565,50.51387566845488,0.0,50.51387566845488
2.8499999999999077,-1.762846891716514,2.54787182983905e-11,1.262846891716514,50.51387566845608,0.0,50.51387566845608
2.8519999999999075,-1.7628468917164632,2.544758507778152e-11,1.2628468917164632,50.513875668456734,0.0,50.513875668456734
2.8539999999999073,-1.7628468917164142,2.4582350673927226e-11,1.2628468917164142,50.51387566845495,0.0,50.51387566845495
2.855999999999907,-1.762846891716366,2.4110760280395067e-11,1.262846891716366,50.51387566845991,0.0,50.51387566845991
2.857999999999907,-1.7628468917163185,2.3748827278872418e-11,1.2628468917163185,50.51387566846176,0.0,50.51387566846176
2.8599999999999066,-1.7628468917162694,2.450767901176173e-11,1.2628468917162694,50.513875668462745,0.0,50.513875668462745
2.8619999999999064,-1.7628468917162228,2.333127638007679e-11,1.2628468917162228,50.513875668454716,0.0,50.513875668454716
2.863999999999906,-1.7628468917161773,2.2733639503292285e-11,1.2628468917161773,50.513875668462255,0.0,50.513875668462255
2.865999999999906,-1.7628468917161326,2.230205509011387e-11,1.2628468917161326,50.51387566846522,0.0,50.51387566846522
2.8679999999999057,-1.7628468917160889,2.1917473110398283e-11,1.2628468917160889,50.51387566846689,0.0,50.51387566846689
2.8699999999999055,-1.7628468917160456,2.1632767703258926e-11,1.2628468917160456,50.513875668468216,0.0,50.513875668468216
2.8719999999999053,-1.7628468917160038,2.0916743487273065e-11,1.2628468917160038,50.51387566846876,0.0,50.51387566846876
2.873999999999905,-1.762846891715963,2.0465465755662907e-11,1.262846891715963,50.51387566847282,0.0,50.51387566847282
2.875999999999905,-1.7628468917159228,2.0091026537001834e-11,1.2628468917159228,50.513875668474796,0.0,50.513875668474796
2.8779999999999046,-1.7628468917158822,2.0324813131588467e-11,1.2628468917158822,50.51387566847619,0.0,50.51387566847619
2.8799999999999044,-1.7628468917158433,1.9452892757804548e-11,1.2628468917158433,50.513875668472686,0.0,50.513875668472686
2.881999999999904,-1.7628468917158053,1.8954390061243872e-11,1.2628468917158053,50.51387566847811,0.0,50.51387566847811
2.883999999999904,-1.7628468917157682,1.85651573188952e-11,1.2628468917157682,50.51387566848057,0.0,50.51387566848057
2.8859999999999038,-1.7628468917157292,1.9531053230470245e-11,1.2628468917157292,50.51387566848221,0.0,50.51387566848221
2.8879999999999035,-1.7628468917156923,1.838044748920239e-11,1.2628468917156923,50.51387566847292,0.0,50.51387566847292
2.8899999999999033,-1.7628468917156568,1.7774280238691056e-11,1.2628468917156568,50.513875668480644,0.0,50.513875668480644
2.891999999999903,-1.7628468917156221,1.7329833777469207e-11,1.2628468917156221,50.513875668484076,0.0,50.513875668484076
2.893999999999903,-1.7628468917155882,1.693637331099525e-11,1.2628468917155882,50.51387566848624,0.0,50.51387566848624
2.8959999999999027,-1.7628468917155544,1.6912010252942432e-11,1.2628468917155544,50.51387566848803,0.0,50.51387566848803
2.8979999999999024,-1.762846891715522,1.6207583030807135e-11,1.262846891715522,50.51387566848688,0.0,50.51387566848688
2.899999999999902,-1.7628468917154905,1.575463215010444e-11,1.2628468917154905,50.513875668491224,0.0,50.513875668491224
2.901999999999902,-1.7628468917154596,1.537904422413852e-11,1.2628468917154596,50.51387566849358,0.0,50.51387566849358
2.9039999999999018,-1.7628468917154279,1.5825478062931335e-11,1.2628468917154279,50.51387566849535,0.0,50.51387566849535
2.9059999999999016,-1.7628468917153979,1.498460536205877e-11,1.2628468917153979,50.51387566849051,0.0,50.51387566849051
2.9079999999999013,-1.7628468917153688,1.4495422604261218e-11,1.2628468917153688,50.51387566849604,0.0,50.51387566849604
2.909999999999901,-1.7628468917153406,1.4113296489263874e-11,1.2628468917153406,50.51387566849879,0.0,50.51387566849879
2.911999999999901,-1.7628468917153102,1.522515235953975e-11,1.2628468917153102,50.51387566850072,0.0,50.51387566850072
2.9139999999999007,-1.762846891715282,1.4134515702873717e-11,1.262846891715282,50.513875668490606,0.0,50.513875668490606
2.9159999999999004,-1.7628468917152549,1.3554065019649601e-11,1.2628468917152549,50.5138756684982,0.0,50.5138756684982
2.9179999999999002,-1.7628468917152287,1.3128536853006966e-11,1.2628468917152287,50.51387566850176,0.0,50.51387566850176
2.9199999999999,-1.7628468917151983,1.5154627602122455e-11,1.2628468917151983,50.51387566850412,0.0,50.51387566850412
2.9219999999999,-1.762846891715171,1.3667292222088408e-11,1.262846891715171,50.51387566848669,0.0,50.51387566848669
2.9239999999998996,-1.7628468917151452,1.2923904230050981e-11,1.2628468917151452,50.5138756684975,0.0,50.5138756684975
2.9259999999998993,-1.7628468917151203,1.2407076862030757e-11,1.2628468917151203,50.513875668502415,0.0,50.513875668502415
2.927999999999899,-1.7628468917150963,1.196668218326662e-11,1.2628468917150963,50.513875668505555,0.0,50.513875668505555
2.929999999999899,-1.7628468917150713,1.2555670320392409e-11,1.2628468917150713,50.51387566850812,0.0,50.51387566850812
2.9319999999998987,-1.762846891715048,1.1674778224969743e-11,1.262846891715048,50.51387566850241,0.0,50.51387566850241
2.9339999999998985,-1.7628468917150257,1.1138750452510449e-11,1.2628468917150257,50.51387566850852,0.0,50.51387566850852
2.9359999999998982,-1.7628468917150042,1.0714724077720725e-11,1.2628468917150042,50.51387566851192,0.0,50.51387566851192
2.937999999999898,-1.7628468917149804,1.186193329296143e-11,1.2628468917149804,50.513875668514444,0.0,50.513875668514444
2.939999999999898,-1.762846891714959,1.0798846034661293e-11,1.262846891714959,50.513875668504326,0.0,50.513875668504326
2.9419999999998976,-1.7628468917149385,1.0212594871230686e-11,1.2628468917149385,50.51387566851197,0.0,50.51387566851197
2.9439999999998974,-1.762846891714919,9.777112119509288e-12,1.262846891714919,50.51387566851584,0.0,50.51387566851584
2.945999999999897,-1.7628468917148954,1.1753260775340688e-11,1.2628468917148954,50.51387566851854,0.0,50.51387566851854
2.947999999999897,-1.7628468917148747,1.0357857093216436e-11,1.2628468917148747,50.51387566850179,0.0,50.51387566850179
2.9499999999998967,-1.7628468917148554,9.648866870912871e-12,1.2628468917148554,50.51387566851213,0.0,50.51387566851213
2.9519999999998965,-1.7628468917148372,9.15320683682106e-12,1.2628468917148372,50.513875668517024,0.0,50.513875668517024
2.9539999999998963,-1.7628468917148197,8.734556128599209e-12,1.2628468917148197,50.51387566852026,0.0,50.51387566852026
2.955999999999896,-1.7628468917148008,9.40344943057672e-12,1.2628468917148008,50.513875668522914,0.0,50.513875668522914
2.957999999999896,-1.7628468917147837,8.585016123239335e-12,1.2628468917147837,50.51387566851681,0.0,50.51387566851681
2.9599999999998956,-1.7628468917147675,8.088296291356265e-12,1.2628468917147675,50.513875668522665,0.0,50.513875668522665
2.9619999999998954,-1.7628468917147522,7.69877755275232e-12,1.2628468917147522,50.51387566852599,0.0,50.51387566852599
2.963999999999895,-1.7628468917147344,8.887737443111665e-12,1.2628468917147344,50.5138756685285,0.0,50.5138756685285
2.965999999999895,-1.7628468917147186,7.910816906698048e-12,1.2628468917147186,50.513875668518274,0.0,50.513875668518274
2.9679999999998947,-1.762846891714704,7.377368803897283e-12,1.262846891714704,50.51387566852546,0.0,50.51387566852546
2.9699999999998945,-1.76284689171469,6.986703249692464e-12,1.26284689171469,50.51387566852914,0.0,50.51387566852914
2.9719999999998943,-1.7628468917146722,8.934080774480491e-12,1.2628468917146722,50.51387566853171,0.0,50.51387566853171
2.973999999999894,-1.762846891714657,7.655360160601859e-12,1.262846891714657,50.51387566851542,0.0,50.51387566851542
2.975999999999894,-1.762846891714643,7.013802587926367e-12,1.262846891714643,50.51387566852504,0.0,50.51387566852504
2.9779999999998936,-1.7628468917146298,6.572062545091085e-12,1.2628468917146298,50.51387566852961,0.0,50.51387566852961
2.9799999999998934,-1.7628468917146174,6.203492471093327e-12,1.2628468917146174,50.51387566853262,0.0,50.51387566853262
2.981999999999893,-1.7628468917146036,6.933715754109295e-12,1.2628468917146036,50.513875668535064,0.0,50.513875668535064
2.983999999999893,-1.7628468917145912,6.1935534270374714e-12,1.2628468917145912,50.51387566852868,0.0,50.51387566852868
2.9859999999998927,-1.7628468917145796,5.7526556142526856e-12,1.2628468917145796,50.513875668534105,0.0,50.513875668534105
2.9879999999998925,-1.7628468917145688,5.41260810468389e-12,1.2628468917145688,50.51387566853716,0.0,50.51387566853716
2.9899999999998923,-1.7628468917145554,6.6113055513645575e-12,1.2628468917145554,50.51387566853945,0.0,50.51387566853945
2.991999999999892,-1.762846891714544,5.723812376040821e-12,1.262846891714544,50.51387566852932,0.0,50.51387566852932
2.993999999999892,-1.7628468917145335,5.248242284067535e-12,1.2628468917145335,50.51387566853597,0.0,50.51387566853597
2.9959999999998916,-1.7628468917145237,4.906270247992481e-12,1.2628468917145237,50.51387566853935,0.0,50.51387566853935
2.9979999999998914,-1.7628468917145101,6.8009639672042186e-12,1.2628468917145101,50.5138756685417,0.0,50.5138756685417
2.999999999999891,-1.7628468917144988,5.633766423442663e-12,1.2628468917144988,50.513875668526,0.0,50.513875668526
3.001999999999891,-1.7628468917144886,5.058018301083836e-12,1.2628468917144886,50.51387566853489,0.0,50.51387566853489
3.0039999999998908,-1.7628468917144793,4.6680345828800695e-12,1.2628468917144793,50.51387566853908,0.0,50.51387566853908
3.0059999999998905,-1.7628468917144706,4.34680628772531e-12,1.2628468917144706,50.51387566854183,0.0,50.51387566854183
3.0079999999998903,-1.7628468917144604,5.100310761135315e-12,1.2628468917144604,50.51387566854405,0.0,50.51387566854405
3.00999999999989,-1.7628468917144515,4.43300607232048e-12,1.2628468917144515,50.513875668537615,0.0,50.513875668537615
3.01199999999989,-1.7628468917144435,4.043608083493577e-12,1.2628468917144435,50.513875668542596,0.0,50.513875668542596
3.0139999999998897,-1.762846891714436,3.7488635879822385e-12,1.262846891714436,50.51387566854539,0.0,50.51387566854539
3.0159999999998894,-1.7628468917144262,4.9236459895319975e-12,1.2628468917144262,50.51387566854745,0.0,50.51387566854745
3.017999999999889,-1.762846891714418,4.1215482472465675e-12,1.262846891714418,50.51387566853766,0.0,50.51387566853766
3.019999999999889,-1.7628468917144107,3.701194968307584e-12,1.2628468917144107,50.51387566854375,0.0,50.51387566854375
3.0219999999998888,-1.7628468917144038,3.404829853807481e-12,1.2628468917144038,50.51387566854682,0.0,50.51387566854682
3.0239999999998886,-1.7628468917143933,5.212499580810047e-12,1.2628468917143933,50.51387566854891,0.0,50.51387566854891
3.0259999999998883,-1.7628468917143851,4.151048970051194e-12,1.2628468917143851,50.513875668534034,0.0,50.513875668534034
3.027999999999888,-1.7628468917143778,3.637017397797303e-12,1.2628468917143778,50.5138756685422,0.0,50.5138756685422
3.029999999999888,-1.7628468917143711,3.295117215162197e-12,1.2628468917143711,50.513875668546014,0.0,50.513875668546014
3.0319999999998877,-1.7628468917143651,3.0167697569745698e-12,1.2628468917143651,50.513875668548486,0.0,50.513875668548486
3.0339999999998875,-1.7628468917143576,3.7620169753327734e-12,1.2628468917143576,50.51387566855047,0.0,50.51387566855047
3.0359999999998872,-1.7628468917143514,3.1625572022621336e-12,1.2628468917143514,50.5138756685442,0.0,50.5138756685442
3.037999999999887,-1.7628468917143458,2.820264049573899e-12,1.2628468917143458,50.513875668548756,0.0,50.513875668548756
3.039999999999887,-1.7628468917143407,2.5655217091131376e-12,1.2628468917143407,50.51387566855127,0.0,50.51387566855127
3.0419999999998866,-1.7628468917143334,3.6929535524254385e-12,1.2628468917143334,50.513875668553105,0.0,50.513875668553105
3.0439999999998864,-1.7628468917143274,2.9689613827778116e-12,1.2628468917143274,50.51387566854379,0.0,50.51387566854379
3.045999999999886,-1.7628468917143223,2.5967803582024687e-12,1.2628468917143223,50.51387566854934,0.0,50.51387566854934
3.047999999999886,-1.7628468917143176,2.3391439148625937e-12,1.2628468917143176,50.51387566855212,0.0,50.51387566855212
3.0499999999998857,-1.7628468917143096,4.04378261018701e-12,1.2628468917143096,50.51387566855399,0.0,50.51387566855399
3.0519999999998855,-1.7628468917143034,3.0802306676600408e-12,1.2628468917143034,50.51387566854003,0.0,50.51387566854003
3.0539999999998853,-1.762846891714298,2.620729231055534e-12,1.262846891714298,50.5138756685475,0.0,50.5138756685475
3.055999999999885,-1.7628468917142934,2.319821859813392e-12,1.2628468917142934,50.51387566855096,0.0,50.51387566855096
3.057999999999885,-1.7628468917142837,4.846099169499927e-12,1.2628468917142837,50.513875668553176,0.0,50.513875668553176
3.0599999999998846,-1.7628468917142766,3.4973121521963065e-12,1.2628468917142766,50.51387566853258,0.0,50.51387566853258
3.0619999999998844,-1.7628468917142708,2.87869016379183e-12,1.2628468917142708,50.51387566854308,0.0,50.51387566854308
3.063999999999884,-1.762846891714266,2.4871049739118203e-12,1.262846891714266,50.513875668547804,0.0,50.513875668547804
3.065999999999884,-1.7628468917142615,2.1773147918813952e-12,1.2628468917142615,50.51387566855074,0.0,50.51387566855074
3.0679999999998837,-1.762846891714255,3.233056627359266e-12,1.262846891714255,50.51387566855304,0.0,50.51387566855304
3.0699999999998835,-1.7628468917142501,2.482278922070093e-12,1.2628468917142501,50.51387566854434,0.0,50.51387566854434
3.0719999999998833,-1.762846891714246,2.0720053917757583e-12,1.262846891714246,50.51387566855015,0.0,50.51387566855015
3.073999999999883,-1.7628468917142424,1.7755170329820574e-12,1.2628468917142424,50.51387566855326,0.0,50.51387566855326
3.075999999999883,-1.7628468917142357,3.3223022486676574e-12,1.2628468917142357,50.51387566855549,0.0,50.51387566855549
3.0779999999998826,-1.7628468917142308,2.393702976407889e-12,1.2628468917142308,50.513875668542845,0.0,50.513875668542845
3.0799999999998824,-1.762846891714227,1.9316210761432913e-12,1.262846891714227,50.513875668550085,0.0,50.513875668550085
3.081999999999882,-1.7628468917142237,1.6207141289435523e-12,1.2628468917142237,50.51387566855363,0.0,50.51387566855363
3.083999999999882,-1.762846891714216,3.91834204135842e-12,1.262846891714216,50.51387566855598,0.0,50.51387566855598
3.0859999999998817,-1.7628468917142106,2.665183470087832e-12,1.2628468917142106,50.51387566853729,0.0,50.51387566853729
3.0879999999998815,-1.7628468917142064,2.0810838395470584e-12,1.2628468917142064,50.5138756685471,0.0,50.5138756685471
3.0899999999998813,-1.762846891714203,1.7074072093040858e-12,1.262846891714203,50.513875668551606,0.0,50.513875668551606
3.091999999999881,-1.7628468917142002,1.4118957756744215e-12,1.2628468917142002,50.51387566855446,0.0,50.51387566855446
3.093999999999881,-1.7628468917141953,2.3917109068478917e-12,1.2628468917141953,50.51387566855671,0.0,50.51387566855671
3.0959999999998806,-1.762846891714192,1.6983248090998983e-12,1.262846891714192,50.51387566854868,0.0,50.51387566854868
3.0979999999998804,-1.7628468917141893,1.3191525123302472e-12,1.2628468917141893,50.51387566855409,0.0,50.51387566855409
3.09999999999988,-1.7628468917141873,1.0466482737053878e-12,1.2628468917141873,50.51387566855702,0.0,50.51387566855702
3.10199999999988,-1.7628468917141824,2.4910567330265194e-12,1.2628468917141824,50.51387566855912,0.0,50.51387566855912
3.1039999999998797,-1.762846891714179,1.6405948255443518e-12,1.262846891714179,50.513875668547364,0.0,50.513875668547364
3.1059999999998795,-1.7628468917141766,1.2209816131281518e-12,1.2628468917141766,50.51387566855404,0.0,50.51387566855404
3.1079999999998793,-1.7628468917141749,9.413322399458942e-13,1.2628468917141749,50.5138756685573,0.0,50.5138756685573
3.109999999999879,-1.7628468917141686,3.0850874758568576e-12,1.2628468917141686,50.513875668559464,0.0,50.513875668559464
3.111999999999879,-1.7628468917141649,1.9373613310991554e-12,1.2628468917141649,50.51387566854207,0.0,50.51387566854207
3.1139999999998786,-1.762846891714162,1.4079681707577536e-12,1.262846891714162,50.5138756685511,0.0,50.5138756685511
3.1159999999998784,-1.7628468917141598,1.0731286448144438e-12,1.2628468917141598,50.513875668555215,0.0,50.513875668555215
3.117999999999878,-1.7628468917141582,8.102215374295545e-13,1.2628468917141582,50.51387566855781,0.0,50.51387566855781
3.119999999999878,-1.7628468917141547,1.7390282037943892e-12,1.2628468917141547,50.51387566855985,0.0,50.51387566855985
3.1219999999998778,-1.7628468917141524,1.1086231994701323e-12,1.2628468917141524,50.513875668552274,0.0,50.513875668552274
3.1239999999998775,-1.7628468917141509,7.686341817072284e-13,1.2628468917141509,50.51387566855723,0.0,50.51387566855723
3.1259999999998773,-1.7628468917141498,5.273667827378802e-13,1.2628468917141498,50.51387566855989,0.0,50.51387566855989
3.127999999999877,-1.762846891714146,1.878253395613345e-12,1.262846891714146,50.51387566856177,0.0,50.51387566856177
3.129999999999877,-1.7628468917141438,1.1014809633894676e-12,1.2628468917141438,50.51387566855081,0.0,50.51387566855081
3.1319999999998767,-1.7628468917141422,7.234056542345586e-13,1.2628468917141422,50.51387566855694,0.0,50.51387566855694
3.1339999999998764,-1.7628468917141413,4.744622571178973e-13,1.2628468917141413,50.513875668559905,0.0,50.513875668559905
3.135999999999876,-1.7628468917141364,2.4730916220790977e-12,1.2628468917141364,50.51387566856186,0.0,50.51387566856186
3.137999999999876,-1.7628468917141336,1.4212442448808938e-12,1.2628468917141336,50.51387566854568,0.0,50.51387566854568
3.139999999999876,-1.7628468917141318,9.406386342169189e-13,1.2628468917141318,50.51387566855397,0.0,50.51387566855397
3.1419999999998756,-1.7628468917141304,6.405426513957515e-13,1.2628468917141304,50.513875668557745,0.0,50.513875668557745
3.1439999999998753,-1.7628468917141296,4.069183823938316e-13,1.2628468917141296,50.5138756685601,0.0,50.5138756685601
3.145999999999875,-1.7628468917141271,1.2766919684568158e-12,1.2628468917141271,50.51387566856193,0.0,50.51387566856193
3.147999999999875,-1.7628468917141258,7.033301012252404e-13,1.2628468917141258,50.513875668554874,0.0,50.513875668554874
3.1499999999998747,-1.762846891714125,3.983331388993377e-13,1.262846891714125,50.51387566855941,0.0,50.51387566855941
3.1519999999998745,-1.7628468917141245,1.8403620885071847e-13,1.2628468917141245,50.51387566856181,0.0,50.51387566856181
3.1539999999998742,-1.7628468917141216,1.4421927546528072e-12,1.2628468917141216,50.51387566856351,0.0,50.51387566856351
3.155999999999874,-1.76284689171412,7.332379031233705e-13,1.26284689171412,50.513875668553325,0.0,50.513875668553325
3.157999999999874,-1.7628468917141191,3.917492715913401e-13,1.2628468917141191,50.51387566855893,0.0,50.51387566855893
3.1599999999998736,-1.7628468917141187,1.6922241334512016e-13,1.2628468917141187,50.51387566856163,0.0,50.51387566856163
3.1619999999998734,-1.7628468917141147,2.0200898386707898e-12,1.2628468917141147,50.513875668563394,0.0,50.513875668563394
3.163999999999873,-1.7628468917141125,1.0563158386707103e-12,1.2628468917141125,50.51387566854843,0.0,50.51387566854843
3.165999999999873,-1.7628468917141111,6.190806653145236e-13,1.2628468917141111,50.51387566855605,0.0,50.51387566855605
3.1679999999998727,-1.7628468917141105,3.475653540516088e-13,1.2628468917141105,50.51387566855949,0.0,50.51387566855949
3.1699999999998725,-1.7628468917141042,3.053340080633721e-12,1.2628468917141042,50.51387566856164,0.0,50.51387566856164
3.1719999999998723,-1.762846891714101,1.683793467410823e-12,1.262846891714101,50.51387566853974,0.0,50.51387566853974
3.173999999999872,-1.7628468917140987,1.0776287486244606e-12,1.2628468917140987,50.51387566855057,0.0,50.51387566855057
3.175999999999872,-1.7628468917140974,7.083677971892188e-13,1.2628468917140974,50.51387566855533,0.0,50.51387566855533
3.1779999999998716,-1.7628468917140965,4.2431807534624274e-13,1.2628468917140965,50.51387566855823,0.0,50.51387566855823
3.1799999999998714,-1.7628468917140934,1.5861621136396774e-12,1.2628468917140934,50.51387566856046,0.0,50.51387566856046
3.181999999999871,-1.7628468917140916,8.382629194509994e-13,1.2628468917140916,50.513875668551044,0.0,50.513875668551044
3.183999999999871,-1.7628468917140907,4.4523179620260833e-13,1.2628468917140907,50.513875668556956,0.0,50.513875668556956
3.1859999999998707,-1.7628468917140903,1.7120017240531584e-13,1.2628468917140903,50.51387566856007,0.0,50.51387566856007
3.1879999999998705,-1.7628468917140865,1.835459949438659e-12,1.2628468917140865,50.51387566856224,0.0,50.51387566856224
3.1899999999998703,-1.7628468917140847,8.978241432351324e-13,1.2628468917140847,50.51387566854877,0.0,50.51387566854877
3.19199999999987,-1.7628468917140838,4.4787443472484976e-13,1.2628468917140838,50.5138756685562,0.0,50.5138756685562
3.19399999999987,-1.7628468917140836,1.553818792224209e-13,1.2628468917140836,50.51387566855977,0.0,50.51387566855977
3.1959999999998696,-1.7628468917140785,2.6047582276794207e-12,1.2628468917140785,50.5138756685621,0.0,50.5138756685621
3.1979999999998694,-1.7628468917140758,1.325882056640795e-12,1.2628468917140758,50.5138756685423,0.0,50.5138756685423
3.199999999999869,-1.7628468917140743,7.45592340111063e-13,1.2628468917140743,50.51387566855242,0.0,50.51387566855242
3.201999999999869,-1.7628468917140736,3.848315571642579e-13,1.2628468917140736,50.51387566855701,0.0,50.51387566855701
3.2039999999998687,-1.7628468917140734,1.0545206657324499e-13,1.2628468917140734,50.51387566855987,0.0,50.51387566855987
3.2059999999998685,-1.762846891714071,1.1714484654601651e-12,1.262846891714071,50.513875668562086,0.0,50.513875668562086
3.2079999999998683,-1.76284689171407,4.738645608062754e-13,1.26284689171407,50.51387566855347,0.0,50.51387566855347
3.209999999999868,-1.7628468917140698,1.041880854516627e-13,1.2628468917140698,50.51387566855901,0.0,50.51387566855901
3.211999999999868,-1.76284689171407,-1.54336013750368e-13,1.26284689171407,50.51387566856196,0.0,50.51387566856196
3.2139999999998676,-1.7628468917140674,1.3861962161124721e-12,1.2628468917140674,50.51387566856404,0.0,50.51387566856404
3.2159999999998674,-1.7628468917140663,5.216262847426112e-13,1.2628468917140663,50.513875668551606,0.0,50.513875668551606
3.217999999999867,-1.762846891714066,1.0677318319022637e-13,1.262846891714066,50.51387566855848,0.0,50.51387566855848
3.219999999999867,-1.7628468917140663,-1.620601792089298e-13,1.2628468917140663,50.51387566856179,0.0,50.51387566856179
3.2219999999998667,-1.762846891714062,2.105952530719729e-12,1.262846891714062,50.51387566856394,0.0,50.51387566856394
3.2239999999998665,-1.7628468917140603,9.283550063434276e-13,1.2628468917140603,50.51387566854564,0.0,50.51387566854564
3.2259999999998663,-1.7628468917140594,3.9632551238308685e-13,1.2628468917140594,50.51387566855499,0.0,50.51387566855499
3.227999999999866,-1.7628468917140592,6.734128778147353e-14,1.2628468917140592,50.51387566855921,0.0,50.51387566855921
3.229999999999866,-1.7628468917140596,-1.8661269826262248e-13,1.2628468917140596,50.51387566856182,0.0,50.51387566856182
3.2319999999998656,-1.762846891714058,8.126001604917827e-13,1.262846891714058,50.51387566856388,0.0,50.51387566856388
3.2339999999998654,-1.7628468917140576,1.7386021854820201e-13,1.2628468917140576,50.51387566855582,0.0,50.51387566855582
3.235999999999865,-1.7628468917140578,-1.6214142404635594e-13,1.2628468917140578,50.513875668560914,0.0,50.513875668560914
3.237999999999865,-1.7628468917140587,-3.954761879322363e-13,1.2628468917140587,50.513875668563614,0.0,50.513875668563614
3.2399999999998648,-1.7628468917140567,1.0458344843170187e-12,1.2628468917140567,50.51387566856551,0.0,50.51387566856551
3.2419999999998645,-1.7628468917140563,2.5250287220368517e-13,1.2628468917140563,50.5138756685539,0.0,50.5138756685539
3.2439999999998643,-1.7628468917140565,-1.245335632124242e-13,1.2628468917140565,50.51387566856023,0.0,50.51387566856023
3.245999999999864,-1.7628468917140572,-3.667411018271518e-13,1.2628468917140572,50.51387566856326,0.0,50.51387566856326
3.247999999999864,-1.7628468917140536,1.7425123032664532e-12,1.2628468917140536,50.51387566856522,0.0,50.51387566856522
3.2499999999998637,-1.7628468917140523,6.596850564754699e-13,1.2628468917140523,50.5138756685482,0.0,50.5138756685482
3.2519999999998634,-1.7628468917140518,1.7318747211357925e-13,1.2628468917140518,50.513875668556814,0.0,50.513875668556814
3.2539999999998632,-1.762846891714052,-1.2572800308632948e-13,1.262846891714052,50.51387566856069,0.0,50.51387566856069
3.255999999999863,-1.7628468917140527,-3.5516280204526387e-13,1.2628468917140527,50.51387566856309,0.0,50.51387566856309
3.257999999999863,-1.7628468917140516,5.764301505167513e-13,1.2628468917140516,50.51387566856495,0.0,50.51387566856495
3.2599999999998626,-1.7628468917140516,-9.038606872360447e-15,1.2628468917140516,50.51387566855745,0.0,50.51387566855745
3.2619999999998623,-1.7628468917140523,-3.147697165429748e-13,1.2628468917140523,50.513875668562136,0.0,50.513875668562136
3.263999999999862,-1.7628468917140534,-5.253120727104752e-13,1.2628468917140534,50.51387566856461,0.0,50.51387566856461
3.265999999999862,-1.7628468917140518,8.137192559394343e-13,1.2628468917140518,50.513875668566335,0.0,50.513875668566335
3.2679999999998617,-1.7628468917140516,8.600283277041134e-14,1.2628468917140516,50.51387566855556,0.0,50.51387566855556
3.2699999999998615,-1.762846891714052,-2.5825912382790784e-13,1.262846891714052,50.513875668561376,0.0,50.513875668561376
3.2719999999998612,-1.762846891714053,-4.783089537629331e-13,1.262846891714053,50.51387566856415,0.0,50.51387566856415
3.273999999999861,-1.76284689171405,1.473932632131214e-12,1.26284689171405,50.51387566856595,0.0,50.51387566856595
3.275999999999861,-1.7628468917140492,4.792855499376498e-13,1.2628468917140492,50.513875668550206,0.0,50.513875668550206
3.2779999999998606,-1.7628468917140492,3.455007682301245e-14,1.2628468917140492,50.51387566855813,0.0,50.51387566855813
3.2799999999998604,-1.7628468917140496,-2.3682507598744756e-13,1.2628468917140496,50.51387566856169,0.0,50.51387566856169
3.28199999999986,-1.7628468917140505,-4.4436561678796237e-13,1.2628468917140505,50.513875668563884,0.0,50.513875668563884
3.28399999999986,-1.7628468917140496,4.2237283454035834e-13,1.2628468917140496,50.513875668565575,0.0,50.513875668565575
3.2859999999998597,-1.7628468917140498,-1.1389719215763092e-13,1.2628468917140498,50.513875668558605,0.0,50.513875668558605
3.2879999999998595,-1.7628468917140507,-3.9264327742964535e-13,1.2628468917140507,50.5138756685629,0.0,50.5138756685629
3.2899999999998593,-1.7628468917140518,-5.835975900963417e-13,1.2628468917140518,50.51387566856517,0.0,50.51387566856517
3.291999999999859,-1.7628468917140505,6.516837454135299e-13,1.2628468917140505,50.51387566856674,0.0,50.51387566856674
3.293999999999859,-1.7628468917140505,-1.5896817039333084e-14,1.2628468917140505,50.51387566855681,0.0,50.51387566855681
3.2959999999998586,-1.7628468917140512,-3.305769157941802e-13,1.2628468917140512,50.51387566856215,0.0,50.51387566856215
3.2979999999998584,-1.7628468917140523,-5.307349793444203e-13,1.2628468917140523,50.513875668564694,0.0,50.513875668564694
3.299999999999858,-1.7628468917140498,1.273003159512506e-12,1.2628468917140498,50.51387566856634,0.0,50.51387566856634
3.301999999999858,-1.7628468917140492,3.604635670653965e-13,1.2628468917140492,50.51387566855181,0.0,50.51387566855181
3.3039999999998577,-1.7628468917140492,-4.645567548165975e-14,1.2628468917140492,50.51387566855908,0.0,50.51387566855908
3.3059999999998575,-1.7628468917140498,-2.9460604559986916e-13,1.2628468917140498,50.513875668562335,0.0,50.513875668562335
3.3079999999998573,-1.7628468917140452,2.323978070616441e-12,1.2628468917140452,50.51387566856435,0.0,50.51387566856435
3.309999999999857,-1.7628468917140432,1.02139448156019e-12,1.2628468917140432,50.513875668543214,0.0,50.513875668543214
3.311999999999857,-1.7628468917140423,4.509488451221062e-13,1.2628468917140423,50.51387566855355,0.0,50.51387566855355
3.3139999999998566,-1.762846891714042,1.0782474436248125e-13,1.262846891714042,50.513875668558086,0.0,50.513875668558086
3.3159999999998564,-1.7628468917140423,-1.541299166788249e-13,1.2628468917140423,50.51387566856082,0.0,50.51387566856082
3.317999999999856,-1.7628468917140403,9.785808913082739e-13,1.2628468917140403,50.51387566856293,0.0,50.51387566856293
3.319999999999856,-1.7628468917140399,2.7012171021268005e-13,1.2628468917140399,50.51387566855378,0.0,50.51387566855378
3.3219999999998557,-1.76284689171404,-9.743073865411253e-14,1.26284689171404,50.513875668559436,0.0,50.513875668559436
3.3239999999998555,-1.7628468917140407,-3.508773233274211e-13,1.2628468917140407,50.513875668562385,0.0,50.513875668562385
3.3259999999998553,-1.7628468917140383,1.264182581661461e-12,1.2628468917140383,50.51387566856444,0.0,50.51387566856444
3.327999999999855,-1.7628468917140376,3.741767002353911e-13,1.2628468917140376,50.51387566855142,0.0,50.51387566855142
3.329999999999855,-1.7628468917140376,-4.8304780354613983e-14,1.2628468917140376,50.51387566855851,0.0,50.51387566855851
3.3319999999998546,-1.7628468917140383,-3.204024304332282e-13,1.2628468917140383,50.51387566856189,0.0,50.51387566856189
3.3339999999998544,-1.7628468917140343,2.0416050373615545e-12,1.2628468917140343,50.5138756685641,0.0,50.5138756685641
3.335999999999854,-1.7628468917140327,8.23046459143027e-13,1.2628468917140327,50.51387566854503,0.0,50.51387566854503
3.337999999999854,-1.7628468917140323,2.743670836785204e-13,1.2628468917140323,50.513875668554725,0.0,50.513875668554725
3.3399999999998538,-1.7628468917140325,-6.344273381043105e-14,1.2628468917140325,50.513875668559095,0.0,50.513875668559095
3.3419999999998535,-1.7628468917140332,-3.234090455221267e-13,1.2628468917140332,50.5138756685618,0.0,50.5138756685618
3.3439999999998533,-1.7628468917140319,7.122606442166437e-13,1.2628468917140319,50.51387566856391,0.0,50.51387566856391
3.345999999999853,-1.7628468917140319,5.1530609784665875e-14,1.2628468917140319,50.51387566855558,0.0,50.51387566855558
3.347999999999853,-1.7628468917140325,-2.950984284551894e-13,1.2628468917140325,50.513875668560864,0.0,50.513875668560864
3.3499999999998527,-1.7628468917140336,-5.351154640619806e-13,1.2628468917140336,50.51387566856366,0.0,50.51387566856366
3.3519999999998524,-1.7628468917140316,9.555921176391833e-13,1.2628468917140316,50.513875668565625,0.0,50.513875668565625
3.353999999999852,-1.7628468917140314,1.3368538901937081e-13,1.2628468917140314,50.513875668553624,0.0,50.513875668553624
3.355999999999852,-1.7628468917140319,-2.571987335362477e-13,1.2628468917140319,50.51387566856018,0.0,50.51387566856018
3.3579999999998518,-1.762846891714033,-5.086280538698611e-13,1.262846891714033,50.51387566856334,0.0,50.51387566856334
3.3599999999998515,-1.7628468917140296,1.6789190636654015e-12,1.2628468917140296,50.51387566856539,0.0,50.51387566856539
3.3619999999998513,-1.7628468917140285,5.568726033452128e-13,1.2628468917140285,50.513875668547755,0.0,50.513875668547755
3.363999999999851,-1.7628468917140285,5.266860870713195e-14,1.2628468917140285,50.513875668556686,0.0,50.513875668556686
3.365999999999851,-1.762846891714029,-2.564966767994448e-13,1.262846891714029,50.51387566856072,0.0,50.51387566856072
3.3679999999998507,-1.7628468917140299,-4.939410510412826e-13,1.2628468917140299,50.51387566856321,0.0,50.51387566856321
3.3699999999998504,-1.762846891714029,4.700649342651075e-13,1.262846891714029,50.51387566856515,0.0,50.51387566856515
3.3719999999998502,-1.7628468917140292,-1.370360466557483e-13,1.2628468917140292,50.5138756685574,0.0,50.5138756685574
3.37399999999985,-1.76284689171403,-4.541452822349368e-13,1.26284689171403,50.513875668562264,0.0,50.513875668562264
3.37599999999985,-1.7628468917140314,-6.72719878806428e-13,1.2628468917140314,50.513875668564836,0.0,50.513875668564836
3.3779999999998496,-1.76284689171403,7.143994193546362e-13,1.26284689171403,50.513875668566634,0.0,50.513875668566634
3.3799999999998493,-1.76284689171403,-4.101561536420249e-14,1.26284689171403,50.51387566855549,0.0,50.51387566855549
3.381999999999849,-1.762846891714031,-3.983549587100385e-13,1.262846891714031,50.51387566856153,0.0,50.51387566856153
3.383999999999849,-1.7628468917140323,-6.260849925228379e-13,1.2628468917140323,50.51387566856443,0.0,50.51387566856443
3.3859999999998487,-1.7628468917140294,1.4057887167287935e-12,1.2628468917140294,50.5138756685663,0.0,50.5138756685663
3.3879999999998485,-1.7628468917140288,3.729341473620892e-13,1.2628468917140288,50.51387566854993,0.0,50.51387566854993
3.3899999999998482,-1.762846891714029,-8.867026617152699e-14,1.262846891714029,50.513875668558164,0.0,50.513875668558164
3.391999999999848,-1.7628468917140296,-3.7025137808977066e-13,1.2628468917140296,50.513875668561866,0.0,50.513875668561866
3.393999999999848,-1.7628468917140308,-5.856069830938517e-13,1.2628468917140308,50.51387566856415,0.0,50.51387566856415
3.3959999999998476,-1.76284689171403,3.133245558918786e-13,1.26284689171403,50.51387566856591,0.0,50.51387566856591
3.3979999999998474,-1.7628468917140305,-2.4357668108233503e-13,1.2628468917140305,50.5138756685587,0.0,50.5138756685587
3.399999999999847,-1.7628468917140316,-5.32824709216435e-13,1.2628468917140316,50.513875668563166,0.0,50.513875668563166
3.401999999999847,-1.7628468917140332,-7.309497660854415e-13,1.2628468917140332,50.51387566856553,0.0,50.51387566856553
3.4039999999998467,-1.762846891714032,5.59145654129805e-13,1.262846891714032,50.513875668567174,0.0,50.513875668567174
3.4059999999998465,-1.7628468917140323,-1.34575712141328e-13,1.2628468917140323,50.51387566855681,0.0,50.51387566855681
3.4079999999998463,-1.7628468917140332,-4.611588455838295e-13,1.2628468917140332,50.51387566856237,0.0,50.51387566856237
3.409999999999846,-1.7628468917140345,-6.687544137022131e-13,1.2628468917140345,50.513875668565014,0.0,50.513875668565014
3.411999999999846,-1.762846891714032,1.2091886785151158e-12,1.262846891714032,50.51387566856673,0.0,50.51387566856673
3.4139999999998456,-1.7628468917140316,2.5946133691308643e-13,1.2628468917140316,50.51387566855161,0.0,50.51387566855161
3.4159999999998454,-1.7628468917140319,-1.638197905959686e-13,1.2628468917140319,50.513875668559194,0.0,50.513875668559194
3.417999999999845,-1.7628468917140327,-4.2173811485549787e-13,1.2628468917140327,50.513875668562584,0.0,50.513875668562584
3.419999999999845,-1.762846891714028,2.3058958764757885e-12,1.262846891714028,50.51387566856469,0.0,50.51387566856469
3.4219999999998447,-1.762846891714026,9.50075113863567e-13,1.262846891714026,50.51387566854268,0.0,50.51387566854268
3.4239999999998445,-1.7628468917140254,3.5602861924570006e-13,1.2628468917140254,50.51387566855344,0.0,50.51387566855344
3.4259999999998443,-1.7628468917140254,-1.0080910420251669e-15,1.2628468917140254,50.513875668558164,0.0,50.513875668558164
3.427999999999844,-1.7628468917140259,-2.7332572468045117e-13,1.2628468917140259,50.51387566856102,0.0,50.51387566856102
3.429999999999844,-1.762846891714024,9.071560498363506e-13,1.262846891714024,50.51387566856322,0.0,50.51387566856322
3.4319999999998436,-1.7628468917140236,1.704365435404484e-13,1.2628468917140236,50.51387566855371,0.0,50.51387566855371
3.4339999999998434,-1.762846891714024,-2.1196756926227614e-13,1.262846891714024,50.51387566855958,0.0,50.51387566855958
3.435999999999843,-1.762846891714025,-4.754175743674516e-13,1.262846891714025,50.51387566856266,0.0,50.51387566856266
3.437999999999843,-1.7628468917140225,1.208850870201238e-12,1.2628468917140225,50.5138756685648,0.0,50.5138756685648
3.4399999999998427,-1.7628468917140219,2.81977456618129e-13,1.2628468917140219,50.51387566855123,0.0,50.51387566855123
3.4419999999998425,-1.762846891714022,-1.584143814210469e-13,1.262846891714022,50.51387566855862,0.0,50.51387566855862
3.4439999999998423,-1.762846891714023,-4.418825279253596e-13,1.262846891714023,50.51387566856215,0.0,50.51387566856215
3.445999999999842,-1.762846891714019,2.0213273432379563e-12,1.262846891714019,50.51387566856446,0.0,50.51387566856446
3.447999999999842,-1.7628468917140174,7.51912476909248e-13,1.2628468917140174,50.513875668544586,0.0,50.513875668544586
3.4499999999998416,-1.762846891714017,1.8002295358160265e-13,1.262846891714017,50.51387566855468,0.0,50.51387566855468
3.4519999999998414,-1.7628468917140174,-1.7258769606670652e-13,1.2628468917140174,50.51387566855924,0.0,50.51387566855924
3.453999999999841,-1.7628468917140183,-4.437284944707822e-13,1.2628468917140183,50.51387566856208,0.0,50.51387566856208
3.455999999999841,-1.762846891714017,6.366920406684305e-13,1.262846891714017,50.51387566856428,0.0,50.51387566856428
3.4579999999998408,-1.762846891714017,-5.2002793402639555e-14,1.262846891714017,50.513875668555585,0.0,50.513875668555585
3.4599999999998405,-1.7628468917140179,-4.139042617792435e-13,1.2628468917140179,50.5138756685611,0.0,50.5138756685611
3.4619999999998403,-1.7628468917140192,-6.644062295239647e-13,1.2628468917140192,50.513875668564026,0.0,50.513875668564026
3.46399999999984,-1.7628468917140174,8.918791434232214e-13,1.2628468917140174,50.51387566856609,0.0,50.51387566856609
3.46599999999984,-1.7628468917140174,3.566042489406213e-14,1.2628468917140174,50.51387566855357,0.0,50.51387566855357
3.4679999999998397,-1.762846891714018,-3.711030877632539e-13,1.262846891714018,50.513875668560416,0.0,50.513875668560416
3.4699999999998394,-1.7628468917140194,-6.32343726102374e-13,1.2628468917140194,50.51387566856369,0.0,50.51387566856369
3.471999999999839,-1.762846891714016,1.6503023747008725e-12,1.262846891714016,50.51387566856584,0.0,50.51387566856584
3.473999999999839,-1.7628468917140152,4.816853280106499e-13,1.2628468917140152,50.51387566854744,0.0,50.51387566854744
3.4759999999998388,-1.7628468917140152,-4.26805918305788e-14,1.2628468917140152,50.51387566855676,0.0,50.51387566855676
3.4779999999998386,-1.7628468917140159,-3.6438943805799326e-13,1.2628468917140159,50.51387566856095,0.0,50.51387566856095
3.4799999999998383,-1.7628468917140172,-6.111548553569078e-13,1.2628468917140172,50.51387566856355,0.0,50.51387566856355
3.481999999999838,-1.7628468917140163,4.0247107954352046e-13,1.2628468917140163,50.513875668565575,0.0,50.513875668565575
3.483999999999838,-1.7628468917140168,-2.2968282071890877e-13,1.2628468917140168,50.51387566855743,0.0,50.51387566855743
3.4859999999998377,-1.7628468917140179,-5.59380181897232e-13,1.2628468917140179,50.51387566856251,0.0,50.51387566856251
3.4879999999998375,-1.7628468917140194,-7.862570437192655e-13,1.2628468917140194,50.51387566856519,0.0,50.51387566856519
3.4899999999998372,-1.762846891714018,6.629363998185091e-13,1.262846891714018,50.51387566856707,0.0,50.51387566856707
3.491999999999837,-1.7628468917140183,-1.2389950359203496e-13,1.2628468917140183,50.51387566855542,0.0,50.51387566855542
3.493999999999837,-1.7628468917140192,-4.95531595147094e-13,1.2628468917140192,50.51387566856172,0.0,50.51387566856172
3.4959999999998366,-1.7628468917140208,-7.327325697187602e-13,1.2628468917140208,50.51387566856474,0.0,50.51387566856474
3.4979999999998364,-1.7628468917140179,1.38828403062803e-12,1.2628468917140179,50.51387566856669,0.0,50.51387566856669
3.499999999999836,-1.7628468917140172,3.1202003158544167e-13,1.2628468917140172,50.51387566854961,0.0,50.51387566854961
3.501999999999836,-1.7628468917140176,-1.69205131482135e-13,1.2628468917140176,50.51387566855819,0.0,50.51387566855819
3.5039999999998357,-1.7628468917140185,-4.6240116262774e-13,1.2628468917140185,50.513875668562065,0.0,50.513875668562065
3.5059999999998355,-1.7628468917140199,-6.862943834248327e-13,1.2628468917140199,50.513875668564445,0.0,50.513875668564445
3.5079999999998353,-1.7628468917140194,2.5523273328359534e-13,1.2628468917140194,50.513875668566286,0.0,50.513875668566286
3.509999999999835,-1.76284689171402,-3.243484308135403e-13,1.26284689171402,50.51387566855874,0.0,50.51387566855874
3.511999999999835,-1.7628468917140214,-6.247154972183897e-13,1.2628468917140214,50.513875668563394,0.0,50.513875668563394
3.5139999999998346,-1.762846891714023,-8.299569617983888e-13,1.262846891714023,50.51387566856585,0.0,50.51387566856585
3.5159999999998344,-1.7628468917140219,5.126147359803604e-13,1.2628468917140219,50.51387566856756,0.0,50.51387566856756
3.517999999999834,-1.7628468917140223,-2.0983679419908668e-13,1.2628468917140223,50.51387566855677,0.0,50.51387566855677
3.519999999999834,-1.7628468917140234,-5.492954565473943e-13,1.2628468917140234,50.51387566856257,0.0,50.51387566856257
3.5219999999998337,-1.762846891714025,-7.644660348188459e-13,1.262846891714025,50.513875668565326,0.0,50.513875668565326
3.5239999999998335,-1.7628468917140225,1.1956156569633377e-12,1.2628468917140225,50.51387566856712,0.0,50.51387566856712
3.5259999999998333,-1.762846891714022,2.0696229157735344e-13,1.262846891714022,50.513875668551336,0.0,50.513875668551336
3.527999999999833,-1.7628468917140225,-2.3340683960960854e-13,1.2628468917140225,50.51387566855923,0.0,50.51387566855923
3.529999999999833,-1.7628468917140236,-5.010827523080487e-13,1.2628468917140236,50.51387566856277,0.0,50.51387566856277
3.5319999999998326,-1.762846891714025,-7.04406667138239e-13,1.262846891714025,50.51387566856495,0.0,50.51387566856495
3.5339999999998324,-1.7628468917140245,1.6735936814409378e-13,1.2628468917140245,50.513875668566634,0.0,50.513875668566634
3.535999999999832,-1.7628468917140252,-3.644383578507006e-13,1.2628468917140252,50.51387566855965,0.0,50.51387566855965
3.537999999999832,-1.7628468917140265,-6.394559982893399e-13,1.2628468917140265,50.51387566856392,0.0,50.51387566856392
3.5399999999998317,-1.762846891714028,-8.269392233552684e-13,1.262846891714028,50.51387566856618,0.0,50.51387566856618
3.5419999999998315,-1.7628468917140272,4.1306052939302987e-13,1.2628468917140272,50.51387566856774,0.0,50.51387566856774
3.5439999999998313,-1.7628468917140276,-2.5018711693255345e-13,1.2628468917140276,50.51387566855778,0.0,50.51387566855778
3.545999999999831,-1.7628468917140288,-5.613628749791787e-13,1.2628468917140288,50.51387566856311,0.0,50.51387566856311
3.547999999999831,-1.7628468917140303,-7.582146727581722e-13,1.2628468917140303,50.51387566856564,0.0,50.51387566856564
3.5499999999998306,-1.7628468917140283,1.0492045280414506e-12,1.2628468917140283,50.51387566856728,0.0,50.51387566856728
3.5519999999998304,-1.762846891714028,1.4156794260162178e-13,1.262846891714028,50.51387566855274,0.0,50.51387566855274
3.55399999999983,-1.7628468917140285,-2.6159491565036054e-13,1.2628468917140285,50.51387566856,0.0,50.51387566856
3.55599999999983,-1.7628468917140296,-5.06196980446632e-13,1.2628468917140296,50.51387566856324,0.0,50.51387566856324
3.5579999999998297,-1.7628468917140254,2.113047868692979e-12,1.2628468917140254,50.513875668565234,0.0,50.513875668565234
3.5599999999998295,-1.7628468917140239,8.167803748733655e-13,1.2628468917140239,50.51387566854411,0.0,50.51387566854411
3.5619999999998293,-1.7628468917140234,2.509226295583452e-13,1.2628468917140234,50.51387566855442,0.0,50.51387566855442
3.563999999999829,-1.7628468917140236,-8.80131381241892e-14,1.2628468917140236,50.513875668558924,0.0,50.513875668558924
3.565999999999829,-1.7628468917140243,-3.4576737363950064e-13,1.2628468917140243,50.513875668561646,0.0,50.513875668561646
3.5679999999998286,-1.7628468917140228,7.911534413445908e-13,1.2628468917140228,50.513875668563735,0.0,50.513875668563735
3.5699999999998284,-1.7628468917140225,8.825022889316905e-14,1.2628468917140225,50.51387566855458,0.0,50.51387566855458
3.571999999999828,-1.762846891714023,-2.752944049507245e-13,1.262846891714023,50.513875668560196,0.0,50.513875668560196
3.573999999999828,-1.762846891714024,-5.255457109268902e-13,1.262846891714024,50.513875668563124,0.0,50.513875668563124
3.5759999999998278,-1.7628468917140219,1.0942492371923499e-12,1.2628468917140219,50.51387566856517,0.0,50.51387566856517
3.5779999999998275,-1.7628468917140214,2.085433952263543e-13,1.2628468917140214,50.51387566855212,0.0,50.51387566855212
3.5799999999998273,-1.7628468917140219,-2.1122888174111755e-13,1.2628468917140219,50.51387566855919,0.0,50.51387566855919
3.581999999999827,-1.7628468917140228,-4.804657674754777e-13,1.2628468917140228,50.51387566856256,0.0,50.51387566856256
3.583999999999827,-1.762846891714019,1.879924376246819e-12,1.262846891714019,50.51387566856476,0.0,50.51387566856476
3.5859999999998267,-1.7628468917140176,6.659205862327342e-13,1.2628468917140176,50.513875668545715,0.0,50.513875668545715
3.5879999999998264,-1.7628468917140174,1.1980806033628006e-13,1.2628468917140174,50.51387566855538,0.0,50.51387566855538
3.589999999999826,-1.7628468917140179,-2.1605758222602537e-13,1.2628468917140179,50.51387566855974,0.0,50.51387566855974
3.591999999999826,-1.7628468917140188,-4.743572890455832e-13,1.2628468917140188,50.51387566856244,0.0,50.51387566856244
3.593999999999826,-1.7628468917140176,5.629034996591333e-13,1.2628468917140176,50.513875668564545,0.0,50.513875668564545
3.5959999999998256,-1.7628468917140179,-9.542202394196003e-14,1.2628468917140179,50.5138756685562,0.0,50.5138756685562
3.5979999999998253,-1.7628468917140188,-4.404738214858827e-13,1.2628468917140188,50.513875668561475,0.0,50.513875668561475
3.599999999999825,-1.76284689171402,-6.791570703645356e-13,1.26284689171402,50.513875668564275,0.0,50.513875668564275
3.601999999999825,-1.7628468917140185,8.117400875760162e-13,1.2628468917140185,50.513875668566236,0.0,50.513875668566236
3.6039999999998247,-1.7628468917140185,-6.6200711207114146e-15,1.2628468917140185,50.51387566855425,0.0,50.51387566855425
3.6059999999998245,-1.7628468917140194,-3.951465245210655e-13,1.2628468917140194,50.51387566856079,0.0,50.51387566856079
3.6079999999998242,-1.7628468917140208,-6.437886096865655e-13,1.2628468917140208,50.51387566856394,0.0,50.51387566856394
3.609999999999824,-1.7628468917140176,1.5429744842323888e-12,1.2628468917140176,50.51387566856598,0.0,50.51387566856598
3.611999999999824,-1.7628468917140168,4.2555378829457777e-13,1.2628468917140168,50.513875668548366,0.0,50.513875668548366
3.6139999999998236,-1.762846891714017,-7.573037712446036e-14,1.262846891714017,50.51387566855727,0.0,50.51387566855727
3.6159999999998234,-1.7628468917140176,-3.824812603901998e-13,1.2628468917140176,50.51387566856128,0.0,50.51387566856128
3.617999999999823,-1.762846891714019,-6.176942496396519e-13,1.262846891714019,50.51387566856377,0.0,50.51387566856377
3.619999999999823,-1.7628468917140183,3.529528955963808e-13,1.2628468917140183,50.513875668565696,0.0,50.513875668565696
3.6219999999998227,-1.7628468917140188,-2.5067090091146195e-13,1.2628468917140188,50.51387566855791,0.0,50.51387566855791
3.6239999999998225,-1.7628468917140199,-5.650785358893282e-13,1.2628468917140199,50.513875668562754,0.0,50.513875668562754
3.6259999999998223,-1.7628468917140214,-7.812359244652176e-13,1.2628468917140214,50.51387566856531,0.0,50.51387566856531
3.627999999999822,-1.7628468917140203,6.081030623125407e-13,1.2628468917140203,50.51387566856711,0.0,50.51387566856711
3.629999999999822,-1.7628468917140205,-1.438168520682083e-13,1.2628468917140205,50.51387566855595,0.0,50.51387566855595
3.6319999999998216,-1.7628468917140214,-4.986890769085634e-13,1.2628468917140214,50.51387566856197,0.0,50.51387566856197
3.6339999999998214,-1.762846891714023,-7.249925836302848e-13,1.262846891714023,50.51387566856484,0.0,50.51387566856484
3.635999999999821,-1.7628468917140203,1.3058878875181174e-12,1.2628468917140203,50.51387566856672,0.0,50.51387566856672
3.637999999999821,-1.7628468917140199,2.768532103897603e-13,1.2628468917140199,50.51387566855037,0.0,50.51387566855037
3.6399999999998207,-1.7628468917140203,-1.8234429901911956e-13,1.2628468917140203,50.513875668558576,0.0,50.513875668558576
3.6419999999998205,-1.7628468917140212,-4.61837573406937e-13,1.2628468917140212,50.51387566856227,0.0,50.51387566856227
3.6439999999998203,-1.7628468917140225,-6.751493607134125e-13,1.2628468917140225,50.513875668564545,0.0,50.513875668564545
3.64599999999982,-1.762846891714022,2.2742214739681877e-13,1.262846891714022,50.5138756685663,0.0,50.5138756685663
3.64799999999982,-1.7628468917140228,-3.266853720800869e-13,1.2628468917140228,50.513875668559066,0.0,50.513875668559066
3.6499999999998196,-1.762846891714024,-6.136503500663588e-13,1.262846891714024,50.51387566856353,0.0,50.51387566856353
3.6519999999998194,-1.7628468917140256,-8.095274301570242e-13,1.2628468917140256,50.51387566856587,0.0,50.51387566856587
3.653999999999819,-1.7628468917140248,4.759008991927569e-13,1.2628468917140248,50.5138756685675,0.0,50.5138756685675
3.655999999999819,-1.7628468917140252,-2.1425727406036067e-13,1.2628468917140252,50.51387566855718,0.0,50.51387566855718
3.6579999999998187,-1.7628468917140263,-5.381540329184786e-13,1.2628468917140263,50.51387566856272,0.0,50.51387566856272
3.6599999999998185,-1.7628468917140279,-7.431667428292519e-13,1.2628468917140279,50.51387566856536,0.0,50.51387566856536
3.6619999999998183,-1.7628468917140256,1.1327261844746158e-12,1.2628468917140256,50.51387566856706,0.0,50.51387566856706
3.663999999999818,-1.7628468917140252,1.8798022311729563e-13,1.2628468917140252,50.51387566855197,0.0,50.51387566855197
3.665999999999818,-1.7628468917140256,-2.3249482196747773e-13,1.2628468917140256,50.5138756685595,0.0,50.5138756685595
3.6679999999998176,-1.7628468917140265,-4.878449573021188e-13,1.2628468917140265,50.51387566856289,0.0,50.51387566856289
3.6699999999998174,-1.762846891714022,2.230628161825816e-12,1.262846891714022,50.513875668564964,0.0,50.513875668564964
3.671999999999817,-1.7628468917140203,8.805114486188538e-13,1.2628468917140203,50.513875668543044,0.0,50.513875668543044
3.673999999999817,-1.7628468917140196,2.9016550525230113e-13,1.2628468917140196,50.51387566855377,0.0,50.51387566855377
3.6759999999998167,-1.7628468917140199,-6.445981214811584e-14,1.2628468917140199,50.51387566855846,0.0,50.51387566855846
3.6779999999998165,-1.7628468917140205,-3.3430893205113675e-13,1.2628468917140205,50.51387566856131,0.0,50.51387566856131
3.6799999999998163,-1.7628468917140188,8.466647394664e-13,1.2628468917140188,50.51387566856349,0.0,50.51387566856349
3.681999999999816,-1.7628468917140185,1.1333309441277943e-13,1.2628468917140185,50.51387566855398,0.0,50.51387566855398
3.683999999999816,-1.762846891714019,-2.6637526265996404e-13,1.262846891714019,50.513875668559834,0.0,50.513875668559834
3.6859999999998156,-1.76284689171402,-5.279641333461291e-13,1.26284689171402,50.51387566856289,0.0,50.51387566856289
3.6879999999998154,-1.7628468917140179,1.1551900844853771e-12,1.2628468917140179,50.51387566856502,0.0,50.51387566856502
3.689999999999815,-1.7628468917140174,2.3269074229915097e-13,1.2628468917140174,50.51387566855147,0.0,50.51387566855147
3.691999999999815,-1.7628468917140179,-2.0445845753938892e-13,1.2628468917140179,50.51387566855884,0.0,50.51387566855884
3.6939999999998148,-1.7628468917140188,-4.84919315524283e-13,1.2628468917140188,50.51387566856235,0.0,50.51387566856235
3.6959999999998145,-1.7628468917140148,1.969626577524946e-12,1.2628468917140148,50.51387566856463,0.0,50.51387566856463
3.6979999999998143,-1.7628468917140134,7.053840749510941e-13,1.2628468917140134,50.51387566854483,0.0,50.51387566854483
3.699999999999814,-1.7628468917140132,1.369141255311356e-13,1.2628468917140132,50.513875668554896,0.0,50.513875668554896
3.701999999999814,-1.7628468917140137,-2.1262545515588514e-13,1.2628468917140137,50.513875668559436,0.0,50.513875668559436
3.7039999999998137,-1.7628468917140145,-4.814935660938401e-13,1.2628468917140145,50.51387566856224,0.0,50.51387566856224
3.7059999999998134,-1.7628468917140134,5.965494166454453e-13,1.2628468917140134,50.51387566856443,0.0,50.51387566856443
3.7079999999998132,-1.7628468917140137,-8.87572283416334e-14,1.2628468917140137,50.51387566855576,0.0,50.51387566855576
3.709999999999813,-1.7628468917140145,-4.4783970315504787e-13,1.2628468917140145,50.513875668561255,0.0,50.513875668561255
3.711999999999813,-1.7628468917140159,-6.962808658381133e-13,1.2628468917140159,50.51387566856416,0.0,50.51387566856416
3.7139999999998126,-1.762846891714014,8.543858884432356e-13,1.262846891714014,50.51387566856621,0.0,50.51387566856621
3.7159999999998123,-1.762846891714014,1.4724280741472553e-15,1.262846891714014,50.51387566855373,0.0,50.51387566855373
3.717999999999812,-1.762846891714015,-4.0357813150526495e-13,1.262846891714015,50.51387566856055,0.0,50.51387566856055
3.719999999999812,-1.7628468917140163,-6.629923814996685e-13,1.2628468917140163,50.51387566856383,0.0,50.51387566856383
3.7219999999998117,-1.762846891714013,1.6120536161210403e-12,1.262846891714013,50.51387566856595,0.0,50.51387566856595
3.7239999999998115,-1.762846891714012,4.474460013609629e-13,1.262846891714012,50.51387566854762,0.0,50.51387566854762
3.7259999999998112,-1.7628468917140123,-7.502603225503531e-14,1.2628468917140123,50.513875668556906,0.0,50.513875668556906
3.727999999999811,-1.7628468917140132,-3.9487985614522473e-13,1.2628468917140132,50.51387566856109,0.0,50.51387566856109
3.729999999999811,-1.7628468917140145,-6.394703175118218e-13,1.2628468917140145,50.51387566856369,0.0,50.51387566856369
3.7319999999998106,-1.7628468917140139,3.70433952749102e-13,1.2628468917140139,50.513875668565696,0.0,50.513875668565696
3.7339999999998104,-1.7628468917140143,-2.581215674180173e-13,1.2628468917140143,50.513875668557596,0.0,50.513875668557596
3.73599999999981,-1.7628468917140154,-5.854741566340507e-13,1.2628468917140154,50.51387566856264,0.0,50.51387566856264
3.73799999999981,-1.762846891714017,-8.106563557812921e-13,1.262846891714017,50.5138756685653,0.0,50.5138756685653
3.7399999999998097,-1.7628468917140157,6.341019324173706e-13,1.2628468917140157,50.51387566856717,0.0,50.51387566856717
3.7419999999998095,-1.7628468917140159,-1.4987668741530867e-13,1.2628468917140159,50.513875668555556,0.0,50.513875668555556
3.7439999999998093,-1.762846891714017,-5.200894948700782e-13,1.262846891714017,50.51387566856184,0.0,50.51387566856184
3.745999999999809,-1.7628468917140185,-7.556326095751956e-13,1.2628468917140185,50.51387566856484,0.0,50.51387566856484
3.747999999999809,-1.7628468917140159,1.3584956021877015e-12,1.2628468917140159,50.51387566856679,0.0,50.51387566856679
3.7499999999998086,-1.7628468917140152,2.8681480182795224e-13,1.2628468917140152,50.513875668549765,0.0,50.513875668549765
3.7519999999998084,-1.7628468917140157,-1.9191613635471649e-13,1.2628468917140157,50.51387566855831,0.0,50.51387566855831
3.753999999999808,-1.7628468917140165,-4.834315656477058e-13,1.2628468917140165,50.513875668562164,0.0,50.513875668562164
3.755999999999808,-1.7628468917140179,-7.060601361953994e-13,1.2628468917140179,50.51387566856452,0.0,50.51387566856452
3.7579999999998077,-1.7628468917140174,2.3179975760852263e-13,1.2628468917140174,50.513875668566364,0.0,50.513875668566364
3.7599999999998075,-1.762846891714018,-3.4566742335680613e-13,1.262846891714018,50.513875668558846,0.0,50.513875668558846
3.7619999999998073,-1.7628468917140194,-6.448828562055899e-13,1.2628468917140194,50.513875668563486,0.0,50.513875668563486
3.763999999999807,-1.7628468917140212,-8.493602377177563e-13,1.2628468917140212,50.51387566856594,0.0,50.51387566856594
3.765999999999807,-1.7628468917140203,4.938847660663526e-13,1.2628468917140203,50.51387566856764,0.0,50.51387566856764
3.7679999999998066,-1.7628468917140208,-2.253252128414213e-13,1.2628468917140208,50.513875668556864,0.0,50.513875668556864
3.7699999999998064,-1.7628468917140219,-5.629438077884994e-13,1.2628468917140219,50.51387566856263,0.0,50.51387566856263
3.771999999999806,-1.7628468917140234,-7.768402447022766e-13,1.2628468917140234,50.513875668565376,0.0,50.513875668565376
3.773999999999806,-1.762846891714021,1.1768252979334684e-12,1.262846891714021,50.51387566856715,0.0,50.51387566856715
3.7759999999998057,-1.7628468917140205,1.9146638978004028e-13,1.2628468917140205,50.51387566855143,0.0,50.51387566855143
3.7779999999998055,-1.762846891714021,-2.4740701439453233e-13,1.262846891714021,50.51387566855929,0.0,50.51387566855929
3.7799999999998053,-1.762846891714022,-5.141803800152275e-13,1.262846891714022,50.513875668562825,0.0,50.513875668562825
3.781999999999805,-1.7628468917140234,-7.168792672199686e-13,1.2628468917140234,50.513875668565,0.0,50.513875668565
3.783999999999805,-1.7628468917140232,1.505495184972191e-13,1.2628468917140232,50.51387566856667,0.0,50.51387566856667
3.7859999999998046,-1.7628468917140239,-3.787100012027601e-13,1.2628468917140239,50.51387566855972,0.0,50.51387566855972
3.7879999999998044,-1.7628468917140252,-6.521731826890633e-13,1.2628468917140252,50.51387566856398,0.0,50.51387566856398
3.789999999999804,-1.762846891714027,-8.385357656135845e-13,1.262846891714027,50.51387566856622,0.0,50.51387566856622
3.791999999999804,-1.762846891714026,4.02323268752457e-13,1.262846891714026,50.513875668567785,0.0,50.513875668567785
3.7939999999998038,-1.7628468917140265,-2.582815039778776e-13,1.2628468917140265,50.51387566855782,0.0,50.51387566855782
3.7959999999998035,-1.7628468917140276,-5.680545499871699e-13,1.2628468917140276,50.51387566856313,0.0,50.51387566856313
3.7979999999998033,-1.7628468917140292,-7.640017987107404e-13,1.2628468917140292,50.51387566856565,0.0,50.51387566856565
3.799999999999803,-1.7628468917140272,1.038305267232747e-12,1.2628468917140272,50.51387566856728,0.0,50.51387566856728
3.801999999999803,-1.762846891714027,1.3338311449334913e-13,1.262846891714027,50.51387566855278,0.0,50.51387566855278
3.8039999999998027,-1.7628468917140274,-2.686713291655267e-13,1.2628468917140274,50.51387566856001,0.0,50.51387566856001
3.8059999999998024,-1.7628468917140285,-5.126845849582125e-13,1.2628468917140285,50.513875668563244,0.0,50.513875668563244
3.807999999999802,-1.7628468917140243,2.1003573050641457e-12,1.2628468917140243,50.51387566856524,0.0,50.51387566856524
3.809999999999802,-1.7628468917140228,8.073646932647008e-13,1.2628468917140228,50.513875668544166,0.0,50.513875668544166
3.8119999999998018,-1.7628468917140223,2.4258959621594915e-13,1.2628468917140223,50.513875668554455,0.0,50.513875668554455
3.8139999999998015,-1.7628468917140225,-9.591884645111002e-14,1.2628468917140225,50.51387566855895,0.0,50.51387566855895
3.8159999999998013,-1.7628468917140232,-3.53464141338188e-13,1.2628468917140232,50.51387566856167,0.0,50.51387566856167
3.817999999999801,-1.7628468917140216,7.802331150053655e-13,1.2628468917140216,50.513875668563756,0.0,50.513875668563756
3.819999999999801,-1.7628468917140214,7.88162389088349e-14,1.2628468917140214,50.513875668554626,0.0,50.513875668554626
3.8219999999998007,-1.762846891714022,-2.8421534528297753e-13,1.262846891714022,50.513875668560225,0.0,50.513875668560225
3.8239999999998004,-1.7628468917140232,-5.33456251794758e-13,1.2628468917140232,50.51387566856316,0.0,50.51387566856316
3.8259999999998002,-1.762846891714021,1.080437361966399e-12,1.262846891714021,50.5138756685652,0.0,50.5138756685652
3.8279999999998,-1.7628468917140205,1.9765305229138937e-13,1.2628468917140205,50.5138756685522,0.0,50.5138756685522
3.8299999999998,-1.762846891714021,-2.2069133464341845e-13,1.262846891714021,50.51387566855924,0.0,50.51387566855924
3.8319999999997996,-1.7628468917140219,-4.890582836449633e-13,1.2628468917140219,50.513875668562605,0.0,50.513875668562605
3.8339999999997993,-1.762846891714018,1.8644045185178333e-12,1.262846891714018,50.513875668564786,0.0,50.513875668564786
3.835999999999799,-1.7628468917140168,6.538952770739782e-13,1.2628468917140168,50.51387566854581,0.0,50.51387566854581
3.837999999999799,-1.7628468917140165,1.0926360827987653e-13,1.2628468917140165,50.51387566855544,0.0,50.51387566855544
3.8399999999997987,-1.762846891714017,-2.2580215024270777e-13,1.262846891714017,50.513875668559784,0.0,50.513875668559784
3.8419999999997985,-1.7628468917140179,-4.835360856430841e-13,1.2628468917140179,50.513875668562484,0.0,50.513875668562484
3.8439999999997982,-1.7628468917140168,5.492547291422305e-13,1.2628468917140168,50.51387566856458,0.0,50.51387566856458
3.845999999999798,-1.762846891714017,-1.0712703232989234e-13,1.262846891714017,50.51387566855628,0.0,50.51387566855628
3.847999999999798,-1.7628468917140179,-4.512199761258033e-13,1.2628468917140179,50.51387566856154,0.0,50.51387566856154
3.8499999999997976,-1.7628468917140192,-6.892925333489676e-13,1.2628468917140192,50.513875668564324,0.0,50.513875668564324
3.8519999999997974,-1.7628468917140176,7.96526477323082e-13,1.2628468917140176,50.513875668566286,0.0,50.513875668566286
3.853999999999797,-1.7628468917140176,-1.948952373914075e-14,1.2628468917140176,50.513875668554334,0.0,50.513875668554334
3.855999999999797,-1.7628468917140185,-4.069516721536437e-13,1.2628468917140185,50.513875668560864,0.0,50.513875668560864
3.8579999999997967,-1.7628468917140199,-6.549844730489769e-13,1.2628468917140199,50.513875668564,0.0,50.513875668564
3.8599999999997965,-1.7628468917140168,1.5255551928593503e-12,1.2628468917140168,50.51387566856603,0.0,50.51387566856603
3.8619999999997963,-1.7628468917140159,4.1119808181429955e-13,1.2628468917140159,50.513875668548465,0.0,50.513875668548465
3.863999999999796,-1.762846891714016,-8.888348780860109e-14,1.262846891714016,50.51387566855735,0.0,50.51387566855735
3.865999999999796,-1.762846891714017,-3.9504074416635617e-13,1.262846891714017,50.513875668561354,0.0,50.513875668561354
3.8679999999997956,-1.7628468917140183,-6.290591538887839e-13,1.2628468917140183,50.51387566856384,0.0,50.51387566856384
3.8699999999997954,-1.7628468917140176,3.3919670837516687e-13,1.2628468917140176,50.51387566856576,0.0,50.51387566856576
3.871999999999795,-1.762846891714018,-2.623822177576226e-13,1.262846891714018,50.51387566855799,0.0,50.51387566855799
3.873999999999795,-1.7628468917140192,-5.756933819697025e-13,1.2628468917140192,50.51387566856282,0.0,50.51387566856282
3.8759999999997947,-1.7628468917140208,-7.910736730553749e-13,1.2628468917140208,50.513875668565376,0.0,50.513875668565376
3.8779999999997945,-1.7628468917140196,5.928707226424749e-13,1.2628468917140196,50.51387566856716,0.0,50.51387566856716
3.8799999999997943,-1.7628468917140199,-1.56551546567188e-13,1.2628468917140199,50.51387566855604,0.0,50.51387566855604
3.881999999999794,-1.762846891714021,-5.101755346831698e-13,1.262846891714021,50.513875668562044,0.0,50.513875668562044
3.883999999999794,-1.7628468917140225,-7.34870330414809e-13,1.2628468917140225,50.51387566856492,0.0,50.51387566856492
3.8859999999997936,-1.7628468917140199,1.2902738003404192e-12,1.2628468917140199,50.513875668566776,0.0,50.513875668566776
3.8879999999997934,-1.7628468917140194,2.6490120107241795e-13,1.2628468917140194,50.51387566855047,0.0,50.51387566855047
3.889999999999793,-1.7628468917140199,-1.9242875295723592e-13,1.2628468917140199,50.51387566855866,0.0,50.51387566855866
3.891999999999793,-1.7628468917140208,-4.707246881352981e-13,1.2628468917140208,50.513875668562335,0.0,50.513875668562335
3.8939999999997927,-1.762846891714022,-6.830942385927663e-13,1.262846891714022,50.513875668564594,0.0,50.513875668564594
3.8959999999997925,-1.7628468917140216,2.1607668618095755e-13,1.2628468917140216,50.51387566856635,0.0,50.51387566856635
3.8979999999997923,-1.7628468917140223,-3.3604132471164264e-13,1.2628468917140223,50.51387566855914,0.0,50.51387566855914
3.899999999999792,-1.7628468917140236,-6.218999956079121e-13,1.2628468917140236,50.51387566856358,0.0,50.51387566856358
3.901999999999792,-1.7628468917140252,-8.170104204582738e-13,1.2628468917140252,50.513875668565916,0.0,50.513875668565916
3.9039999999997916,-1.7628468917140243,4.655856133668666e-13,1.2628468917140243,50.51387566856754,0.0,50.51387566856754
3.9059999999997914,-1.7628468917140248,-2.225954924632513e-13,1.2628468917140248,50.51387566855725,0.0,50.51387566855725
3.907999999999791,-1.7628468917140259,-5.456276668633218e-13,1.2628468917140259,50.513875668562775,0.0,50.513875668562775
3.909999999999791,-1.7628468917140274,-7.501275245315225e-13,1.2628468917140274,50.5138756685654,0.0,50.5138756685654
3.9119999999997908,-1.7628468917140252,1.1213716308225706e-12,1.2628468917140252,50.5138756685671,0.0,50.5138756685671
3.9139999999997905,-1.7628468917140248,1.791473584349487e-13,1.2628468917140248,50.51387566855203,0.0,50.51387566855203
3.9159999999997903,-1.7628468917140252,-2.4034711487219686e-13,1.2628468917140252,50.51387566855956,0.0,50.51387566855956
3.91799999999979,-1.762846891714026,-4.952122504595e-13,1.262846891714026,50.51387566856293,0.0,50.51387566856293
3.91999999999979,-1.7628468917140216,2.215536409957913e-12,1.2628468917140216,50.51387566856501,0.0,50.51387566856501
3.9219999999997897,-1.7628468917140199,8.69074840559523e-13,1.2628468917140199,50.51387566854314,0.0,50.51387566854314
3.9239999999997894,-1.7628468917140192,2.801370088397096e-13,1.2628468917140192,50.513875668553844,0.0,50.513875668553844
3.925999999999789,-1.7628468917140194,-7.376332452785378e-14,1.2628468917140194,50.51387566855853,0.0,50.51387566855853
3.927999999999789,-1.76284689171402,-3.430820898926964e-13,1.26284689171402,50.51387566856137,0.0,50.51387566856137
3.9299999999997888,-1.7628468917140183,8.344484276923784e-13,1.2628468917140183,50.51387566856354,0.0,50.51387566856354
3.9319999999997886,-1.762846891714018,1.0302654650073666e-13,1.262846891714018,50.51387566855405,0.0,50.51387566855405
3.9339999999997883,-1.7628468917140185,-2.758062087232936e-13,1.2628468917140185,50.5138756685599,0.0,50.5138756685599
3.935999999999788,-1.7628468917140196,-5.368928289373514e-13,1.2628468917140196,50.51387566856295,0.0,50.51387566856295
3.937999999999788,-1.7628468917140174,1.1430392415142945e-12,1.2628468917140174,50.51387566856508,0.0,50.51387566856508
3.9399999999997877,-1.762846891714017,2.2273847310510314e-13,1.262846891714017,50.513875668551556,0.0,50.513875668551556
3.9419999999997875,-1.7628468917140174,-2.1365271227375692e-13,1.2628468917140174,50.513875668558896,0.0,50.513875668558896
3.9439999999997872,-1.7628468917140183,-4.93747907103471e-13,1.2628468917140183,50.51387566856241,0.0,50.51387566856241
3.945999999999787,-1.7628468917140143,1.956364586536011e-12,1.2628468917140143,50.51387566856468,0.0,50.51387566856468
3.947999999999787,-1.762846891714013,6.949506472018895e-13,1.262846891714013,50.51387566854492,0.0,50.51387566854492
3.9499999999997866,-1.7628468917140128,1.2735707336281348e-13,1.2628468917140128,50.51387566855496,0.0,50.51387566855496
3.9519999999997864,-1.7628468917140132,-2.2182530193060935e-13,1.2628468917140132,50.51387566855949,0.0,50.51387566855949
3.953999999999786,-1.762846891714014,-4.904512532113758e-13,1.262846891714014,50.51387566856231,0.0,50.51387566856231
3.955999999999786,-1.762846891714013,5.845985820232708e-13,1.262846891714013,50.51387566856449,0.0,50.51387566856449
3.9579999999997857,-1.7628468917140132,-9.910404615512948e-14,1.2628468917140132,50.51387566855584,0.0,50.51387566855584
3.9599999999997855,-1.762846891714014,-4.57490037756794e-13,1.262846891714014,50.513875668561326,0.0,50.513875668561326
3.9619999999997852,-1.7628468917140154,-7.05547116348885e-13,1.2628468917140154,50.513875668564225,0.0,50.513875668564225
3.963999999999785,-1.7628468917140137,8.425847728206622e-13,1.2628468917140137,50.51387566856626,0.0,50.51387566856626
3.965999999999785,-1.7628468917140137,-8.411904144899811e-15,1.2628468917140137,50.5138756685538,0.0,50.5138756685538
3.9679999999997846,-1.7628468917140145,-4.1281109308341446e-13,1.2628468917140145,50.51387566856061,0.0,50.51387566856061
3.9699999999997844,-1.7628468917140159,-6.719524095305888e-13,1.2628468917140159,50.513875668563884,0.0,50.513875668563884
3.971999999999784,-1.7628468917140128,1.5983432732666084e-12,1.2628468917140128,50.513875668566016,0.0,50.513875668566016
3.973999999999784,-1.7628468917140119,4.372539858801516e-13,1.2628468917140119,50.51387566854772,0.0,50.51387566854772
3.9759999999997837,-1.762846891714012,-8.368857915809992e-14,1.262846891714012,50.51387566855698,0.0,50.51387566855698
3.9779999999997835,-1.762846891714013,-4.0256436388636086e-13,1.262846891714013,50.513875668561155,0.0,50.513875668561155
3.9799999999997833,-1.7628468917140143,-6.46398238300708e-13,1.2628468917140143,50.513875668563735,0.0,50.513875668563735
3.981999999999783,-1.7628468917140137,3.6089323868813665e-13,1.2628468917140137,50.513875668565746,0.0,50.513875668565746
3.983999999999783,-1.762846891714014,-2.6582389179402784e-13,1.262846891714014,50.51387566855766,0.0,50.51387566855766
3.9859999999997826,-1.7628468917140152,-5.922738713352336e-13,1.2628468917140152,50.51387566856269,0.0,50.51387566856269
3.9879999999997824,-1.7628468917140168,-8.168024791558117e-13,1.2628468917140168,50.51387566856535,0.0,50.51387566856535
3.989999999999782,-1.7628468917140154,6.237151818453585e-13,1.2628468917140154,50.51387566856721,0.0,50.51387566856721
3.991999999999782,-1.7628468917140157,-1.5791605903381753e-13,1.2628468917140157,50.51387566855563,0.0,50.51387566855563
3.9939999999997817,-1.7628468917140168,-5.270151673150982e-13,1.2628468917140168,50.513875668561894,0.0,50.513875668561894
3.9959999999997815,-1.7628468917140183,-7.618558736266291e-13,1.2628468917140183,50.513875668564886,0.0,50.513875668564886
3.9979999999997813,-1.7628468917140157,1.3461402911669784e-12,1.2628468917140157,50.513875668566826,0.0,50.513875668566826
3.999999999999781,-1.762846891714015,2.7758933412128714e-13,1.262846891714015,50.51387566854986,0.0,50.51387566854986
4.001999999999781,-1.7628468917140154,-1.9978302322153373e-13,1.2628468917140154,50.51387566855838,0.0,50.51387566855838
4.003999999999781,-1.7628468917140163,-4.905134528427715e-13,1.2628468917140163,50.513875668562214,0.0,50.513875668562214
4.005999999999781,-1.7628468917140176,-7.125657092015328e-13,1.2628468917140176,50.51387566856457,0.0,50.51387566856457
4.007999999999781,-1.7628468917140172,2.23274389731503e-13,1.2628468917140172,50.513875668566406,0.0,50.513875668566406
4.00999999999978,-1.7628468917140179,-3.5268838946837357e-13,1.2628468917140179,50.5138756685589,0.0,50.5138756685589
4.01199999999978,-1.7628468917140192,-6.512026173281036e-13,1.2628468917140192,50.513875668563536,0.0,50.513875668563536
4.01399999999978,-1.762846891714021,-8.552324897440085e-13,1.262846891714021,50.51387566856598,0.0,50.51387566856598
4.01599999999978,-1.76284689171402,4.838034775499139e-13,1.26284689171402,50.513875668567685,0.0,50.513875668567685
4.0179999999997795,-1.7628468917140205,-2.3333053335668693e-13,1.2628468917140205,50.51387566855693,0.0,50.51387566855693
4.019999999999779,-1.7628468917140216,-5.700077748491593e-13,1.2628468917140216,50.51387566856269,0.0,50.51387566856269
4.021999999999779,-1.7628468917140232,-7.833742605513435e-13,1.2628468917140232,50.513875668565426,0.0,50.513875668565426
4.023999999999779,-1.7628468917140208,1.1659048488318203e-12,1.2628468917140208,50.513875668567195,0.0,50.513875668567195
4.025999999999779,-1.7628468917140203,1.8315273993510082e-13,1.2628468917140203,50.5138756685515,0.0,50.5138756685515
4.027999999999778,-1.7628468917140208,-2.547111302331959e-13,1.2628468917140208,50.51387566855935,0.0,50.51387566855935
4.029999999999778,-1.7628468917140219,-5.209693876461165e-13,1.2628468917140219,50.51387566856287,0.0,50.51387566856287
4.031999999999778,-1.7628468917140234,-7.233285885805036e-13,1.2628468917140234,50.51387566856504,0.0,50.51387566856504
4.033999999999778,-1.7628468917140232,1.4848278155144844e-13,1.2628468917140232,50.51387566856672,0.0,50.51387566856672
4.0359999999997775,-1.7628468917140239,-3.7941742067473926e-13,1.2628468917140239,50.51387566855974,0.0,50.51387566855974
4.037999999999777,-1.7628468917140252,-6.522646885599073e-13,1.2628468917140252,50.51387566856399,0.0,50.51387566856399
4.039999999999777,-1.762846891714027,-8.38242127262249e-13,1.262846891714027,50.51387566856622,0.0,50.51387566856622
4.041999999999777,-1.762846891714026,4.00096250234212e-13,1.262846891714026,50.513875668567785,0.0,50.513875668567785
4.043999999999777,-1.7628468917140265,-2.5882646495479246e-13,1.2628468917140265,50.513875668557844,0.0,50.513875668557844
4.045999999999776,-1.7628468917140276,-5.679806523537789e-13,1.2628468917140276,50.51387566856313,0.0,50.51387566856313
4.047999999999776,-1.7628468917140292,-7.635999238093271e-13,1.2628468917140292,50.513875668565646,0.0,50.513875668565646
4.049999999999776,-1.7628468917140272,1.0334238162637653e-12,1.2628468917140272,50.51387566856728,0.0,50.51387566856728
4.051999999999776,-1.762846891714027,1.3103153972134545e-13,1.262846891714027,50.513875668552814,0.0,50.513875668552814
4.053999999999776,-1.7628468917140274,-2.699938726098848e-13,1.2628468917140274,50.513875668560026,0.0,50.513875668560026
4.055999999999775,-1.7628468917140285,-5.134485566433256e-13,1.2628468917140285,50.51387566856326,0.0,50.51387566856326
4.057999999999775,-1.7628468917140243,2.0894879484262883e-12,1.2628468917140243,50.51387566856525,0.0,50.51387566856525
4.059999999999775,-1.7628468917140228,8.006585383008374e-13,1.2628468917140228,50.51387566854425,0.0,50.51387566854425
4.061999999999775,-1.7628468917140223,2.3775813485766203e-13,1.2628468917140223,50.51387566855451,0.0,50.51387566855451
4.0639999999997745,-1.7628468917140225,-9.962203008130027e-14,1.2628468917140225,50.51387566855899,0.0,50.51387566855899
4.065999999999774,-1.7628468917140232,-3.563464625462483e-13,1.2628468917140232,50.513875668561695,0.0,50.513875668561695
4.067999999999774,-1.7628468917140216,7.739654391378648e-13,1.2628468917140216,50.51387566856378,0.0,50.51387566856378
4.069999999999774,-1.7628468917140214,7.470070588932298e-14,1.2628468917140214,50.513875668554675,0.0,50.513875668554675
4.071999999999774,-1.762846891714022,-2.872406728250898e-13,1.262846891714022,50.51387566856026,0.0,50.51387566856026
4.073999999999773,-1.7628468917140232,-5.357835920602072e-13,1.2628468917140232,50.51387566856318,0.0,50.51387566856318
4.075999999999773,-1.762846891714021,1.073680939680252e-12,1.262846891714021,50.51387566856521,0.0,50.51387566856521
4.077999999999773,-1.7628468917140205,1.9341442604757135e-13,1.2628468917140205,50.51387566855225,0.0,50.51387566855225
4.079999999999773,-1.762846891714021,-2.2382848037473492e-13,1.262846891714021,50.51387566855927,0.0,50.51387566855927
4.0819999999997725,-1.7628468917140219,-4.91514966832071e-13,1.2628468917140219,50.51387566856263,0.0,50.51387566856263
4.083999999999772,-1.762846891714018,1.8545987674748022e-12,1.262846891714018,50.5138756685648,0.0,50.5138756685648
4.085999999999772,-1.7628468917140168,6.476614836671279e-13,1.2628468917140168,50.513875668545886,0.0,50.513875668545886
4.087999999999772,-1.7628468917140165,1.0454683234753688e-13,1.2628468917140165,50.51387566855549,0.0,50.51387566855549
4.089999999999772,-1.762846891714017,-2.2962834015983804e-13,1.262846891714017,50.51387566855982,0.0,50.51387566855982
4.091999999999771,-1.7628468917140179,-4.867290308816681e-13,1.2628468917140179,50.51387566856252,0.0,50.51387566856252
4.093999999999771,-1.7628468917140168,5.435450667279148e-13,1.2628468917140168,50.51387566856461,0.0,50.51387566856461
4.095999999999771,-1.762846891714017,-1.1107599084728376e-13,1.262846891714017,50.513875668556324,0.0,50.513875668556324
4.097999999999771,-1.7628468917140179,-4.543318493629671e-13,1.2628468917140179,50.51387566856157,0.0,50.51387566856157
4.0999999999997705,-1.7628468917140192,-6.918638450517757e-13,1.2628468917140192,50.51387566856435,0.0,50.51387566856435
4.10199999999977,-1.7628468917140176,7.899374348279276e-13,1.2628468917140176,50.51387566856631,0.0,50.51387566856631
4.10399999999977,-1.7628468917140176,-2.3789278162218513e-14,1.2628468917140176,50.51387566855439,0.0,50.51387566855439
4.10599999999977,-1.7628468917140185,-4.102821047191329e-13,1.2628468917140185,50.5138756685609,0.0,50.5138756685609
4.10799999999977,-1.7628468917140199,-6.577443298591565e-13,1.2628468917140199,50.513875668564026,0.0,50.513875668564026
4.109999999999769,-1.7628468917140168,1.5149778094115798e-12,1.2628468917140168,50.51387566856606,0.0,50.51387566856606
4.111999999999769,-1.7628468917140159,4.04089407151099e-13,1.2628468917140159,50.51387566854855,0.0,50.51387566854855
4.113999999999769,-1.762846891714016,-9.441239879387683e-14,1.262846891714016,50.513875668557404,0.0,50.513875668557404
4.115999999999769,-1.762846891714017,-3.996061448652591e-13,1.262846891714017,50.5138756685614,0.0,50.5138756685614
4.1179999999997685,-1.7628468917140183,-6.329068051976329e-13,1.2628468917140183,50.51387566856388,0.0,50.51387566856388
4.119999999999768,-1.7628468917140176,3.3245292306093934e-13,1.2628468917140176,50.513875668565795,0.0,50.513875668565795
4.121999999999768,-1.762846891714018,-2.672869012236488e-13,1.262846891714018,50.51387566855805,0.0,50.51387566855805
4.123999999999768,-1.7628468917140192,-5.796652532590306e-13,1.2628468917140192,50.51387566856286,0.0,50.51387566856286
4.125999999999768,-1.7628468917140208,-7.943923806554621e-13,1.2628468917140208,50.51387566856541,0.0,50.51387566856541
4.127999999999767,-1.7628468917140196,5.855180228951864e-13,1.2628468917140196,50.51387566856718,0.0,50.51387566856718
4.129999999999767,-1.7628468917140199,-1.616571039036527e-13,1.2628468917140199,50.5138756685561,0.0,50.5138756685561
4.131999999999767,-1.762846891714021,-5.142504522900453e-13,1.262846891714021,50.513875668562086,0.0,50.513875668562086
4.133999999999767,-1.7628468917140225,-7.383149256909514e-13,1.2628468917140225,50.51387566856496,0.0,50.51387566856496
4.1359999999997665,-1.7628468917140199,1.2819792523579152e-12,1.2628468917140199,50.513875668566804,0.0,50.513875668566804
4.137999999999766,-1.7628468917140194,2.594603989867672e-13,1.2628468917140194,50.51387566855054,0.0,50.51387566855054
4.139999999999766,-1.7628468917140199,-1.9673644161011667e-13,1.2628468917140199,50.513875668558704,0.0,50.513875668558704
4.141999999999766,-1.7628468917140208,-4.744184036914615e-13,1.2628468917140208,50.51387566856237,0.0,50.51387566856237
4.143999999999766,-1.762846891714022,-6.863174888889737e-13,1.262846891714022,50.51387566856462,0.0,50.51387566856462
4.145999999999765,-1.7628468917140216,2.110439678295419e-13,1.2628468917140216,50.51387566856638,0.0,50.51387566856638
4.147999999999765,-1.7628468917140223,-3.396743747346663e-13,1.2628468917140223,50.51387566855917,0.0,50.51387566855917
4.149999999999765,-1.7628468917140236,-6.249185885115239e-13,1.2628468917140236,50.51387566856361,0.0,50.51387566856361
4.151999999999765,-1.7628468917140252,-8.19626483420317e-13,1.2628468917140252,50.513875668565944,0.0,50.513875668565944
4.1539999999997645,-1.7628468917140243,4.590375732398112e-13,1.2628468917140243,50.513875668567565,0.0,50.513875668567565
4.155999999999764,-1.7628468917140248,-2.2718183546396358e-13,1.2628468917140248,50.5138756685573,0.0,50.5138756685573
4.157999999999764,-1.7628468917140259,-5.493539458497145e-13,1.2628468917140259,50.51387566856281,0.0,50.51387566856281
4.159999999999764,-1.7628468917140274,-7.533426659319567e-13,1.2628468917140274,50.51387566856543,0.0,50.51387566856543
4.161999999999764,-1.7628468917140252,1.1135651562818633e-12,1.2628468917140252,50.513875668567124,0.0,50.513875668567124
4.1639999999997634,-1.7628468917140248,1.7393281127741075e-13,1.2628468917140248,50.513875668552096,0.0,50.513875668552096
4.165999999999763,-1.7628468917140252,-2.4453528903848267e-13,1.2628468917140252,50.5138756685596,0.0,50.5138756685596
4.167999999999763,-1.762846891714026,-4.988394511869648e-13,1.262846891714026,50.51387566856296,0.0,50.51387566856296
4.169999999999763,-1.7628468917140216,2.2045937485219447e-12,1.2628468917140216,50.513875668565035,0.0,50.513875668565035
4.171999999999763,-1.7628468917140199,8.61872706239471e-13,1.2628468917140199,50.51387566854323,0.0,50.51387566854323
4.173999999999762,-1.7628468917140194,2.7442249909033315e-13,1.2628468917140194,50.5138756685539,0.0,50.5138756685539
4.175999999999762,-1.7628468917140196,-7.790003649199315e-14,1.2628468917140196,50.51387566855858,0.0,50.51387566855858
4.177999999999762,-1.7628468917140203,-3.4593864989552464e-13,1.2628468917140203,50.51387566856141,0.0,50.51387566856141
4.179999999999762,-1.7628468917140188,8.286040692272758e-13,1.2628468917140188,50.51387566856358,0.0,50.51387566856358
4.1819999999997615,-1.7628468917140185,1.0044715586724198e-13,1.2628468917140185,50.51387566855412,0.0,50.51387566855412
4.183999999999761,-1.762846891714019,-2.7633834115227383e-13,1.262846891714019,50.51387566855994,0.0,50.51387566855994
4.185999999999761,-1.76284689171402,-5.358468895361692e-13,1.26284689171402,50.51387566856297,0.0,50.51387566856297
4.187999999999761,-1.7628468917140179,1.1378983963205238e-12,1.2628468917140179,50.513875668565085,0.0,50.513875668565085
4.189999999999761,-1.7628468917140174,2.2118820434751202e-13,1.2628468917140174,50.51387566855161,0.0,50.51387566855161
4.19199999999976,-1.7628468917140179,-2.1316393145874887e-13,1.2628468917140179,50.51387566855893,0.0,50.51387566855893
4.19399999999976,-1.7628468917140188,-4.917906752162117e-13,1.2628468917140188,50.51387566856242,0.0,50.51387566856242
4.19599999999976,-1.7628468917140148,1.948686011572245e-12,1.2628468917140148,50.51387566856469,0.0,50.51387566856469
4.19799999999976,-1.7628468917140134,6.919720503316488e-13,1.2628468917140134,50.513875668545,0.0,50.513875668545
4.1999999999997595,-1.7628468917140132,1.268072490506745e-13,1.2628468917140132,50.513875668555,0.0,50.513875668555
4.201999999999759,-1.7628468917140137,-2.2073737574164146e-13,1.2628468917140137,50.513875668559514,0.0,50.513875668559514
4.203999999999759,-1.7628468917140145,-4.880427923725924e-13,1.2628468917140145,50.513875668562314,0.0,50.513875668562314
4.205999999999759,-1.7628468917140134,5.835151166543459e-13,1.2628468917140134,50.51387566856448,0.0,50.51387566856448
4.207999999999759,-1.7628468917140137,-9.775178083729663e-14,1.2628468917140137,50.51387566855587,0.0,50.51387566855587
4.209999999999758,-1.7628468917140145,-4.5473489040900177e-13,1.2628468917140145,50.513875668561326,0.0,50.513875668561326
4.211999999999758,-1.7628468917140159,-7.017477840538035e-13,1.2628468917140159,50.51387566856422,0.0,50.51387566856422
4.213999999999758,-1.762846891714014,8.406428822431186e-13,1.262846891714014,50.51387566856625,0.0,50.51387566856625
4.215999999999758,-1.762846891714014,-7.370653707305133e-15,1.262846891714014,50.513875668553844,0.0,50.513875668553844
4.2179999999997575,-1.762846891714015,-4.102059757895429e-13,1.262846891714015,50.51387566856062,0.0,50.51387566856062
4.219999999999757,-1.7628468917140163,-6.682522082117679e-13,1.2628468917140163,50.513875668563884,0.0,50.513875668563884
4.221999999999757,-1.7628468917140132,1.5938442701208078e-12,1.2628468917140132,50.513875668565994,0.0,50.513875668565994
4.223999999999757,-1.7628468917140123,4.366962799756687e-13,1.2628468917140123,50.513875668547776,0.0,50.513875668547776
4.225999999999757,-1.7628468917140125,-8.229511550492035e-14,1.2628468917140125,50.513875668557,0.0,50.513875668557
4.227999999999756,-1.7628468917140134,-3.9992879173221296e-13,1.2628468917140134,50.51387566856116,0.0,50.51387566856116
4.229999999999756,-1.7628468917140148,-6.427909374502012e-13,1.2628468917140148,50.513875668563735,0.0,50.513875668563735
4.231999999999756,-1.762846891714014,3.6121878285544554e-13,1.262846891714014,50.51387566856573,0.0,50.51387566856573
4.233999999999756,-1.7628468917140145,-2.6338686782366087e-13,1.2628468917140145,50.513875668557674,0.0,50.513875668557674
4.2359999999997555,-1.7628468917140157,-5.886410956735862e-13,1.2628468917140157,50.51387566856269,0.0,50.51387566856269
4.237999999999755,-1.7628468917140172,-8.122957158543202e-13,1.2628468917140172,50.51387566856534,0.0,50.51387566856534
4.239999999999755,-1.7628468917140159,6.234864272609752e-13,1.2628468917140159,50.51387566856719,0.0,50.51387566856719
4.241999999999755,-1.762846891714016,-1.5560109623267758e-13,1.262846891714016,50.51387566855565,0.0,50.51387566855565
4.243999999999755,-1.7628468917140172,-5.234368522149931e-13,1.2628468917140172,50.51387566856189,0.0,50.51387566856189
4.245999999999754,-1.7628468917140188,-7.574177406342733e-13,1.2628468917140188,50.51387566856487,0.0,50.51387566856487
4.247999999999754,-1.762846891714016,1.3431010530478772e-12,1.262846891714016,50.51387566856681,0.0,50.51387566856681
4.249999999999754,-1.7628468917140154,2.78085577020739e-13,1.2628468917140154,50.5138756685499,0.0,50.5138756685499
4.251999999999754,-1.7628468917140159,-1.9758959778522234e-13,1.2628468917140159,50.51387566855839,0.0,50.51387566855839
4.2539999999997535,-1.7628468917140168,-4.872271250085815e-13,1.2628468917140168,50.513875668562214,0.0,50.513875668562214
4.255999999999753,-1.762846891714018,-7.083917204861425e-13,1.262846891714018,50.51387566856457,0.0,50.51387566856457
4.257999999999753,-1.7628468917140176,2.241815304988959e-13,1.2628468917140176,50.51387566856639,0.0,50.51387566856639
4.259999999999753,-1.7628468917140183,-3.4981333048077464e-13,1.2628468917140183,50.51387566855892,0.0,50.51387566855892
4.261999999999753,-1.7628468917140196,-6.472129068411445e-13,1.2628468917140196,50.51387566856353,0.0,50.51387566856353
4.263999999999752,-1.7628468917140214,-8.504223896061259e-13,1.2628468917140214,50.513875668565966,0.0,50.513875668565966
4.265999999999752,-1.7628468917140205,4.842749122435725e-13,1.2628468917140205,50.51387566856766,0.0,50.51387566856766
4.267999999999752,-1.762846891714021,-2.304728056403462e-13,1.262846891714021,50.51387566855695,0.0,50.51387566855695
4.269999999999752,-1.762846891714022,-5.659583793634791e-13,1.262846891714022,50.51387566856268,0.0,50.51387566856268
4.2719999999997516,-1.7628468917140236,-7.785086518016999e-13,1.2628468917140236,50.51387566856541,0.0,50.51387566856541
4.273999999999751,-1.7628468917140214,1.164105426345265e-12,1.2628468917140214,50.513875668567174,0.0,50.513875668567174
4.275999999999751,-1.762846891714021,1.8539547704693397e-13,1.262846891714021,50.51387566855154,0.0,50.51387566855154
4.277999999999751,-1.7628468917140214,-2.5024999972426847e-13,1.2628468917140214,50.51387566855936,0.0,50.51387566855936
4.279999999999751,-1.7628468917140225,-5.149199590637084e-13,1.2628468917140225,50.51387566856286,0.0,50.51387566856286
4.2819999999997505,-1.7628468917140239,-7.159894734540022e-13,1.2628468917140239,50.51387566856502,0.0,50.51387566856502
4.28399999999975,-1.7628468917140236,1.476298280550933e-13,1.2628468917140236,50.51387566856668,0.0,50.51387566856668
4.28599999999975,-1.7628468917140243,-3.783480843457697e-13,1.2628468917140243,50.51387566855976,0.0,50.51387566855976
4.28799999999975,-1.7628468917140256,-6.500855390789807e-13,1.2628468917140256,50.513875668564,0.0,50.513875668564
4.28999999999975,-1.7628468917140274,-8.352406359660085e-13,1.2628468917140274,50.51387566856623,0.0,50.51387566856623
4.291999999999749,-1.7628468917140265,3.986181474960912e-13,1.2628468917140265,50.51387566856778,0.0,50.51387566856778
4.293999999999749,-1.762846891714027,-2.579705268371172e-13,1.262846891714027,50.51387566855787,0.0,50.51387566855787
4.295999999999749,-1.762846891714028,-5.658343081169087e-13,1.262846891714028,50.51387566856314,0.0,50.51387566856314
4.297999999999749,-1.7628468917140296,-7.605523087594565e-13,1.2628468917140296,50.51387566856565,0.0,50.51387566856565
4.2999999999997485,-1.7628468917140276,1.0308694949649e-12,1.2628468917140276,50.513875668567266,0.0,50.513875668567266
4.301999999999748,-1.7628468917140274,1.3146858858500826e-13,1.2628468917140274,50.513875668552856,0.0,50.513875668552856
4.303999999999748,-1.7628468917140279,-2.681264188207244e-13,1.2628468917140279,50.51387566856005,0.0,50.51387566856005
4.305999999999748,-1.762846891714029,-5.106513971954288e-13,1.262846891714029,50.51387566856326,0.0,50.51387566856326
4.307999999999748,-1.7628468917140248,2.0863298344481296e-12,1.2628468917140248,50.51387566856524,0.0,50.51387566856524
4.309999999999747,-1.7628468917140232,8.011778300584138e-13,1.2628468917140232,50.5138756685443,0.0,50.5138756685443
4.311999999999747,-1.7628468917140228,2.3977376226502653e-13,1.2628468917140228,50.51387566855452,0.0,50.51387566855452
4.313999999999747,-1.762846891714023,-9.674959878414299e-14,1.262846891714023,50.513875668558995,0.0,50.513875668558995
4.315999999999747,-1.7628468917140236,-3.5278478724217186e-13,1.2628468917140236,50.513875668561695,0.0,50.513875668561695
4.3179999999997465,-1.762846891714022,7.741196745622146e-13,1.262846891714022,50.51387566856376,0.0,50.51387566856376
4.319999999999746,-1.7628468917140219,7.689600321697105e-14,1.2628468917140219,50.51387566855469,0.0,50.51387566855469
4.321999999999746,-1.7628468917140225,-2.84003022504828e-13,1.2628468917140225,50.51387566856025,0.0,50.51387566856025
4.323999999999746,-1.7628468917140236,-5.318076701153248e-13,1.2628468917140236,50.51387566856317,0.0,50.51387566856317
4.325999999999746,-1.7628468917140214,1.0727947149079924e-12,1.2628468917140214,50.5138756685652,0.0,50.5138756685652
4.327999999999745,-1.762846891714021,1.952117877081827e-13,1.262846891714021,50.513875668552274,0.0,50.513875668552274
4.329999999999745,-1.7628468917140214,-2.2075453576663004e-13,1.2628468917140214,50.51387566855928,0.0,50.51387566855928
4.331999999999745,-1.7628468917140223,-4.876332539246979e-13,1.2628468917140223,50.513875668562626,0.0,50.513875668562626
4.333999999999745,-1.7628468917140185,1.8522863952051005e-12,1.2628468917140185,50.51387566856479,0.0,50.51387566856479
4.3359999999997445,-1.7628468917140172,6.488438184607377e-13,1.2628468917140172,50.51387566854593,0.0,50.51387566854593
4.337999999999744,-1.762846891714017,1.0721300533488351e-13,1.262846891714017,50.51387566855549,0.0,50.51387566855549
4.339999999999744,-1.7628468917140174,-2.2607272132959674e-13,1.2628468917140174,50.51387566855982,0.0,50.51387566855982
4.341999999999744,-1.7628468917140183,-4.824459039738478e-13,1.2628468917140183,50.51387566856251,0.0,50.51387566856251
4.343999999999744,-1.7628468917140172,5.444084920023595e-13,1.2628468917140172,50.51387566856459,0.0,50.51387566856459
4.345999999999743,-1.7628468917140174,-1.082372288465749e-13,1.2628468917140174,50.51387566855633,0.0,50.51387566855633
4.347999999999743,-1.7628468917140183,-4.50408636251009e-13,1.2628468917140183,50.51387566856157,0.0,50.51387566856157
4.349999999999743,-1.7628468917140196,-6.871650217840108e-13,1.2628468917140196,50.51387566856433,0.0,50.51387566856433
4.351999999999743,-1.762846891714018,7.909873137762449e-13,1.262846891714018,50.513875668566286,0.0,50.513875668566286
4.3539999999997425,-1.762846891714018,-2.0363486415841493e-14,1.262846891714018,50.51387566855439,0.0,50.51387566855439
4.355999999999742,-1.762846891714019,-4.057669754496161e-13,1.262846891714019,50.513875668560885,0.0,50.513875668560885
4.357999999999742,-1.7628468917140203,-6.525288849917641e-13,1.2628468917140203,50.513875668564005,0.0,50.513875668564005
4.359999999999742,-1.7628468917140172,1.5149167243298087e-12,1.2628468917140172,50.51387566856604,0.0,50.51387566856604
4.361999999999742,-1.7628468917140163,4.0708591448267973e-13,1.2628468917140163,50.513875668548565,0.0,50.513875668548565
4.363999999999741,-1.7628468917140165,-9.019054147824301e-14,1.2628468917140165,50.5138756685574,0.0,50.5138756685574
4.365999999999741,-1.7628468917140174,-3.9466499465243594e-13,1.2628468917140174,50.51387566856138,0.0,50.51387566856138
4.367999999999741,-1.7628468917140188,-6.273951308348676e-13,1.2628468917140188,50.513875668563855,0.0,50.513875668563855
4.369999999999741,-1.762846891714018,3.351129432062629e-13,1.262846891714018,50.51387566856577,0.0,50.51387566856577
4.3719999999997405,-1.7628468917140185,-2.6294207578282575e-13,1.2628468917140185,50.51387566855804,0.0,50.51387566855804
4.37399999999974,-1.7628468917140196,-5.744472594426802e-13,1.2628468917140196,50.51387566856285,0.0,50.51387566856285
4.37599999999974,-1.7628468917140212,-7.88577128880238e-13,1.2628468917140212,50.51387566856538,0.0,50.51387566856538
4.37799999999974,-1.76284689171402,5.876365969283835e-13,1.26284689171402,50.51387566856716,0.0,50.51387566856716
4.37999999999974,-1.7628468917140203,-1.5737909405537572e-13,1.2628468917140203,50.513875668556096,0.0,50.513875668556096
4.381999999999739,-1.7628468917140214,-5.08956560198799e-13,1.2628468917140214,50.51387566856207,0.0,50.51387566856207
4.383999999999739,-1.762846891714023,-7.323910527951078e-13,1.262846891714023,50.51387566856493,0.0,50.51387566856493
4.385999999999739,-1.7628468917140203,1.2810584242110243e-12,1.2628468917140203,50.51387566856678,0.0,50.51387566856678
4.387999999999739,-1.7628468917140199,2.6169792395450126e-13,1.2628468917140199,50.51387566855057,0.0,50.51387566855057
4.3899999999997386,-1.7628468917140203,-1.9305420612088276e-13,1.2628468917140203,50.5138756685587,0.0,50.5138756685587
4.391999999999738,-1.7628468917140212,-4.698085721893158e-13,1.2628468917140212,50.513875668562356,0.0,50.513875668562356
4.393999999999738,-1.7628468917140225,-6.809739989899159e-13,1.2628468917140225,50.51387566856461,0.0,50.51387566856461
4.395999999999738,-1.762846891714022,2.1234752476043497e-13,1.262846891714022,50.51387566856635,0.0,50.51387566856635
4.397999999999738,-1.7628468917140228,-3.363792532263178e-13,1.2628468917140228,50.51387566855919,0.0,50.51387566855919
4.3999999999997375,-1.762846891714024,-6.204517369273682e-13,1.262846891714024,50.51387566856361,0.0,50.51387566856361
4.401999999999737,-1.7628468917140256,-8.143356114088892e-13,1.2628468917140256,50.51387566856593,0.0,50.51387566856593
4.403999999999737,-1.7628468917140248,4.609984949003638e-13,1.2628468917140248,50.51387566856754,0.0,50.51387566856754
4.405999999999737,-1.7628468917140252,-2.2304467559367e-13,1.2628468917140252,50.513875668557304,0.0,50.513875668557304
4.407999999999737,-1.7628468917140263,-5.441293255073895e-13,1.2628468917140263,50.51387566856279,0.0,50.51387566856279
4.409999999999736,-1.7628468917140279,-7.473936968666717e-13,1.2628468917140279,50.51387566856541,0.0,50.51387566856541
4.411999999999736,-1.7628468917140256,1.1129663779428091e-12,1.2628468917140256,50.51387566856709,0.0,50.51387566856709
4.413999999999736,-1.7628468917140252,1.7641844941840285e-13,1.2628468917140252,50.513875668552124,0.0,50.513875668552124
4.415999999999736,-1.7628468917140256,-2.406114384699065e-13,1.2628468917140256,50.51387566855959,0.0,50.51387566855959
4.4179999999997355,-1.7628468917140265,-4.939768369547552e-13,1.2628468917140265,50.51387566856295,0.0,50.51387566856295
4.419999999999735,-1.762846891714022,2.2000533645006914e-12,1.262846891714022,50.513875668565014,0.0,50.513875668565014
4.421999999999735,-1.7628468917140203,8.617076477057502e-13,1.2628468917140203,50.513875668543285,0.0,50.513875668543285
4.423999999999735,-1.7628468917140199,2.762670913461561e-13,1.2628468917140199,50.51387566855392,0.0,50.51387566855392
4.425999999999735,-1.76284689171402,-7.479160126299377e-14,1.26284689171402,50.51387566855858,0.0,50.51387566855858
4.427999999999734,-1.7628468917140208,-3.4189598682566796e-13,1.2628468917140208,50.5138756685614,0.0,50.5138756685614
4.429999999999734,-1.7628468917140192,8.291592537418152e-13,1.2628468917140192,50.513875668563564,0.0,50.513875668563564
4.431999999999734,-1.762846891714019,1.0329349633835432e-13,1.262846891714019,50.513875668554135,0.0,50.513875668554135
4.433999999999734,-1.7628468917140194,-2.722993954324917e-13,1.2628468917140194,50.51387566855993,0.0,50.51387566855993
4.4359999999997335,-1.7628468917140205,-5.30986479875931e-13,1.2628468917140205,50.51387566856296,0.0,50.51387566856296
4.437999999999733,-1.7628468917140183,1.137667653046124e-12,1.2628468917140183,50.51387566856507,0.0,50.51387566856507
4.439999999999733,-1.7628468917140179,2.2376665309897123e-13,1.2628468917140179,50.51387566855163,0.0,50.51387566855163
4.441999999999733,-1.7628468917140183,-2.0926997714809915e-13,1.2628468917140183,50.513875668558924,0.0,50.513875668558924
4.443999999999733,-1.7628468917140192,-4.870532677433471e-13,1.2628468917140192,50.513875668562406,0.0,50.513875668562406
4.445999999999732,-1.7628468917140152,1.947323974474412e-12,1.2628468917140152,50.513875668564665,0.0,50.513875668564665
4.447999999999732,-1.7628468917140139,6.941407130934416e-13,1.2628468917140139,50.51387566854503,0.0,50.51387566854503
4.449999999999732,-1.7628468917140137,1.3046948978881214e-13,1.2628468917140137,50.513875668555,0.0,50.513875668555
4.451999999999732,-1.762846891714014,-2.1621024213439417e-13,1.262846891714014,50.5138756685595,0.0,50.5138756685595
4.4539999999997315,-1.762846891714015,-4.828682668064303e-13,1.262846891714015,50.51387566856229,0.0,50.51387566856229
4.455999999999731,-1.7628468917140139,5.862957918943395e-13,1.2628468917140139,50.51387566856447,0.0,50.51387566856447
4.457999999999731,-1.762846891714014,-9.317124279079876e-14,1.262846891714014,50.51387566855587,0.0,50.51387566855587
4.459999999999731,-1.762846891714015,-4.493266047151498e-13,1.262846891714015,50.51387566856131,0.0,50.51387566856131
4.461999999999731,-1.7628468917140163,-6.957687838993186e-13,1.2628468917140163,50.5138756685642,0.0,50.5138756685642
4.46399999999973,-1.7628468917140145,8.431869464312321e-13,1.2628468917140145,50.513875668566214,0.0,50.513875668566214
4.46599999999973,-1.7628468917140145,-2.613804065447609e-15,1.2628468917140145,50.51387566855384,0.0,50.51387566855384
4.46799999999973,-1.7628468917140154,-4.045500574701592e-13,1.2628468917140154,50.5138756685606,0.0,50.5138756685606
4.46999999999973,-1.7628468917140168,-6.620756985160425e-13,1.2628468917140168,50.51387566856385,0.0,50.51387566856385
4.4719999999997295,-1.7628468917140137,1.5932710479647404e-12,1.2628468917140137,50.513875668565966,0.0,50.513875668565966
4.473999999999729,-1.7628468917140128,4.394665274305464e-13,1.2628468917140128,50.5138756685478,0.0,50.5138756685478
4.475999999999729,-1.762846891714013,-7.814349717209366e-14,1.262846891714013,50.51387566855699,0.0,50.51387566855699
4.477999999999729,-1.7628468917140139,-3.949715684596886e-13,1.2628468917140139,50.51387566856114,0.0,50.51387566856114
4.479999999999729,-1.7628468917140152,-6.371967475053894e-13,1.2628468917140152,50.51387566856372,0.0,50.51387566856372
4.481999999999728,-1.7628468917140145,3.6336226277301976e-13,1.2628468917140145,50.5138756685657,0.0,50.5138756685657
4.483999999999728,-1.762846891714015,-2.593091352789392e-13,1.262846891714015,50.513875668557674,0.0,50.513875668557674
4.485999999999728,-1.762846891714016,-5.835356906534646e-13,1.262846891714016,50.513875668562676,0.0,50.513875668562676
4.487999999999728,-1.7628468917140176,-8.064759001047103e-13,1.2628468917140176,50.51387566856531,0.0,50.51387566856531
4.4899999999997275,-1.7628468917140163,6.25576063777284e-13,1.2628468917140163,50.51387566856716,0.0,50.51387566856716
4.491999999999727,-1.7628468917140165,-1.5122053718871962e-13,1.2628468917140165,50.51387566855565,0.0,50.51387566855565
4.493999999999727,-1.7628468917140176,-5.180100384274917e-13,1.2628468917140176,50.513875668561866,0.0,50.513875668561866
4.495999999999727,-1.7628468917140192,-7.513034247281186e-13,1.2628468917140192,50.51387566856485,0.0,50.51387566856485
4.497999999999727,-1.7628468917140165,1.3432455781937821e-12,1.2628468917140165,50.51387566856678,0.0,50.51387566856678
4.499999999999726,-1.7628468917140159,2.813579024921505e-13,1.2628468917140159,50.513875668549915,0.0,50.513875668549915
4.501999999999726,-1.7628468917140163,-1.929726965615381e-13,1.2628468917140163,50.513875668558384,0.0,50.513875668558384
4.503999999999726,-1.7628468917140172,-4.817916239563818e-13,1.2628468917140172,50.51387566856219,0.0,50.51387566856219
4.505999999999726,-1.7628468917140185,-7.023536269637342e-13,1.2628468917140185,50.51387566856454,0.0,50.51387566856454
4.507999999999726,-1.762846891714018,2.2685225059921286e-13,1.262846891714018,50.513875668566364,0.0,50.513875668566364
4.509999999999725,-1.7628468917140188,-3.453408589255035e-13,1.2628468917140188,50.51387566855891,0.0,50.51387566855891
4.511999999999725,-1.76284689171402,-6.417738710176149e-13,1.26284689171402,50.513875668563514,0.0,50.513875668563514
4.513999999999725,-1.7628468917140219,-8.443273670565324e-13,1.2628468917140219,50.51387566856594,0.0,50.51387566856594
4.515999999999725,-1.762846891714021,4.874491456327868e-13,1.262846891714021,50.51387566856763,0.0,50.51387566856763
4.5179999999997245,-1.7628468917140214,-2.2530674173261353e-13,1.2628468917140214,50.51387566855694,0.0,50.51387566855694
4.519999999999724,-1.7628468917140225,-5.599170772054592e-13,1.2628468917140225,50.51387566856266,0.0,50.51387566856266
4.521999999999724,-1.762846891714024,-7.719394247604063e-13,1.262846891714024,50.513875668565376,0.0,50.513875668565376
4.523999999999724,-1.7628468917140219,1.1649779559506565e-12,1.2628468917140219,50.51387566856714,0.0,50.51387566856714
4.525999999999724,-1.7628468917140214,1.8913287639138713e-13,1.2628468917140214,50.51387566855155,0.0,50.51387566855155
4.527999999999723,-1.7628468917140219,-2.4530125953072624e-13,1.2628468917140219,50.51387566855934,0.0,50.51387566855934
4.529999999999723,-1.762846891714023,-5.092474227022496e-13,1.262846891714023,50.51387566856283,0.0,50.51387566856283
4.531999999999723,-1.7628468917140243,-7.097526079822226e-13,1.2628468917140243,50.51387566856499,0.0,50.51387566856499
4.533999999999723,-1.762846891714024,1.5077265752944746e-13,1.262846891714024,50.51387566856665,0.0,50.51387566856665
4.5359999999997225,-1.7628468917140248,-3.735472140430554e-13,1.2628468917140248,50.513875668559756,0.0,50.513875668559756
4.537999999999722,-1.762846891714026,-6.443824158223832e-13,1.262846891714026,50.51387566856398,0.0,50.51387566856398
4.539999999999722,-1.7628468917140276,-8.288904191460554e-13,1.2628468917140276,50.5138756685662,0.0,50.5138756685662
4.541999999999722,-1.7628468917140268,3.9588578158368814e-13,1.2628468917140268,50.513875668567735,0.0,50.513875668567735
4.543999999999722,-1.7628468917140272,-2.589244460391256e-13,1.2628468917140272,50.5138756685579,0.0,50.5138756685579
4.545999999999721,-1.7628468917140283,-5.660397032818992e-13,1.2628468917140283,50.51387566856316,0.0,50.51387566856316
4.547999999999721,-1.7628468917140299,-7.602984195742499e-13,1.2628468917140299,50.51387566856566,0.0,50.51387566856566
4.549999999999721,-1.7628468917140279,1.0248939958087616e-12,1.2628468917140279,50.51387566856728,0.0,50.51387566856728
4.551999999999721,-1.7628468917140276,1.2829644622160803e-13,1.2628468917140276,50.51387566855291,0.0,50.51387566855291
4.5539999999997205,-1.762846891714028,-2.700034302651425e-13,1.262846891714028,50.51387566856008,0.0,50.51387566856008
4.55599999999972,-1.7628468917140292,-5.117406315812282e-13,1.2628468917140292,50.51387566856329,0.0,50.51387566856329
4.55799999999972,-1.762846891714025,2.076978276406569e-12,1.262846891714025,50.51387566856526,0.0,50.51387566856526
4.55999999999972,-1.7628468917140234,7.957854735929666e-13,1.2628468917140234,50.51387566854439,0.0,50.51387566854439
4.56199999999972,-1.762846891714023,2.3617286558308867e-13,1.262846891714023,50.51387566855457,0.0,50.51387566855457
4.563999999999719,-1.7628468917140232,-9.92536177513048e-14,1.2628468917140232,50.51387566855903,0.0,50.51387566855903
4.565999999999719,-1.7628468917140239,-3.5446385261480646e-13,1.2628468917140239,50.513875668561724,0.0,50.513875668561724
4.567999999999719,-1.7628468917140223,7.696146802342267e-13,1.2628468917140223,50.51387566856379,0.0,50.51387566856379
4.569999999999719,-1.762846891714022,7.441027214904754e-14,1.262846891714022,50.51387566855473,0.0,50.51387566855473
4.5719999999997185,-1.7628468917140228,-2.8543488629288345e-13,1.2628468917140228,50.51387566856029,0.0,50.51387566856029
4.573999999999718,-1.7628468917140239,-5.325325349280325e-13,1.2628468917140239,50.513875668563195,0.0,50.513875668563195
4.575999999999718,-1.7628468917140216,1.0681897586297802e-12,1.2628468917140216,50.51387566856522,0.0,50.51387566856522
4.577999999999718,-1.7628468917140212,1.9300652475336024e-13,1.2628468917140212,50.513875668552316,0.0,50.513875668552316
4.579999999999718,-1.7628468917140216,-2.21876622003277e-13,1.2628468917140216,50.51387566855931,0.0,50.51387566855931
4.581999999999717,-1.7628468917140225,-4.880769487738911e-13,1.2628468917140225,50.51387566856264,0.0,50.51387566856264
4.583999999999717,-1.7628468917140188,1.843536327760084e-12,1.2628468917140188,50.51387566856481,0.0,50.51387566856481
4.585999999999717,-1.7628468917140174,6.438159506724171e-13,1.2628468917140174,50.513875668546,0.0,50.513875668546
4.587999999999717,-1.7628468917140172,1.0390905111050953e-13,1.2628468917140172,50.51387566855555,0.0,50.51387566855555
4.5899999999997165,-1.7628468917140176,-2.2828892747270383e-13,1.2628468917140176,50.513875668559855,0.0,50.513875668559855
4.591999999999716,-1.7628468917140185,-4.838447414104309e-13,1.2628468917140185,50.513875668562534,0.0,50.513875668562534
4.593999999999716,-1.7628468917140174,5.404715919456082e-13,1.2628468917140174,50.513875668564616,0.0,50.513875668564616
4.595999999999716,-1.7628468917140176,-1.1025439397912688e-13,1.2628468917140176,50.51387566855637,0.0,50.51387566855637
4.597999999999716,-1.7628468917140185,-4.514662106711643e-13,1.2628468917140185,50.51387566856159,0.0,50.51387566856159
4.599999999999715,-1.7628468917140199,-6.875426227232098e-13,1.2628468917140199,50.51387566856435,0.0,50.51387566856435
4.601999999999715,-1.7628468917140183,7.865007433047294e-13,1.2628468917140183,50.51387566856629,0.0,50.51387566856629
4.603999999999715,-1.7628468917140183,-2.2488088254449247e-14,1.2628468917140183,50.513875668554434,0.0,50.513875668554434
4.605999999999715,-1.7628468917140192,-4.067677932304008e-13,1.2628468917140192,50.51387566856091,0.0,50.51387566856091
4.6079999999997145,-1.7628468917140205,-6.52815962979755e-13,1.2628468917140205,50.513875668564026,0.0,50.513875668564026
4.609999999999714,-1.7628468917140174,1.5079939208604057e-12,1.2628468917140174,50.513875668566044,0.0,50.513875668566044
4.611999999999714,-1.7628468917140165,4.035143064902126e-13,1.2628468917140165,50.513875668548636,0.0,50.513875668548636
4.613999999999714,-1.7628468917140168,-9.225719202985807e-14,1.2628468917140168,50.51387566855743,0.0,50.51387566855743
4.615999999999714,-1.7628468917140176,-3.958182653224355e-13,1.2628468917140176,50.51387566856141,0.0,50.51387566856141
4.6179999999997134,-1.762846891714019,-6.278392577352721e-13,1.262846891714019,50.51387566856388,0.0,50.51387566856388
4.619999999999713,-1.7628468917140183,3.314876949553085e-13,1.2628468917140183,50.51387566856578,0.0,50.51387566856578
4.621999999999713,-1.7628468917140188,-2.64652496274219e-13,1.2628468917140188,50.51387566855808,0.0,50.51387566855808
4.623999999999713,-1.7628468917140199,-5.751623367339242e-13,1.2628468917140199,50.51387566856287,0.0,50.51387566856287
4.625999999999713,-1.7628468917140214,-7.885669588489365e-13,1.2628468917140214,50.5138756685654,0.0,50.5138756685654
4.627999999999712,-1.7628468917140203,5.827975821194201e-13,1.2628468917140203,50.51387566856717,0.0,50.51387566856717
4.629999999999712,-1.7628468917140205,-1.597645283507982e-13,1.2628468917140205,50.51387566855615,0.0,50.51387566855615
4.631999999999712,-1.7628468917140216,-5.101157919736761e-13,1.2628468917140216,50.5138756685621,0.0,50.5138756685621
4.633999999999712,-1.7628468917140232,-7.327046838368128e-13,1.2628468917140232,50.51387566856494,0.0,50.51387566856494
4.6359999999997115,-1.7628468917140208,1.2742326399009033e-12,1.2628468917140208,50.51387566856679,0.0,50.51387566856679
4.637999999999711,-1.7628468917140203,2.5896800868769815e-13,1.2628468917140203,50.51387566855063,0.0,50.51387566855063
4.639999999999711,-1.7628468917140208,-1.93567569530401e-13,1.2628468917140208,50.51387566855874,0.0,50.51387566855874
4.641999999999711,-1.7628468917140216,-4.687736875893327e-13,1.2628468917140216,50.51387566856238,0.0,50.51387566856238
4.643999999999711,-1.762846891714023,-6.786918483897042e-13,1.262846891714023,50.513875668564616,0.0,50.513875668564616
4.64599999999971,-1.7628468917140225,2.128468558510106e-13,1.2628468917140225,50.51387566856635,0.0,50.51387566856635
4.64799999999971,-1.7628468917140232,-3.3387956773235493e-13,1.2628468917140232,50.513875668559194,0.0,50.513875668559194
4.64999999999971,-1.7628468917140245,-6.16811003101489e-13,1.2628468917140245,50.5138756685636,0.0,50.5138756685636
4.65199999999971,-1.762846891714026,-8.098352619575997e-13,1.262846891714026,50.513875668565916,0.0,50.513875668565916
4.6539999999997095,-1.7628468917140252,4.610850523616982e-13,1.2628468917140252,50.51387566856752,0.0,50.51387566856752
4.655999999999709,-1.7628468917140256,-2.2056261181277963e-13,1.2628468917140256,50.51387566855732,0.0,50.51387566855732
4.657999999999709,-1.7628468917140268,-5.40398197848217e-13,1.2628468917140268,50.51387566856279,0.0,50.51387566856279
4.659999999999709,-1.7628468917140283,-7.427830962338347e-13,1.2628468917140283,50.51387566856539,0.0,50.51387566856539
4.661999999999709,-1.762846891714026,1.1110179252015712e-12,1.262846891714026,50.513875668567074,0.0,50.513875668567074
4.663999999999708,-1.7628468917140256,1.7768209175136312e-13,1.2628468917140256,50.51387566855215,0.0,50.51387566855215
4.665999999999708,-1.762846891714026,-2.37765241014072e-13,1.262846891714026,50.513875668559606,0.0,50.513875668559606
4.667999999999708,-1.762846891714027,-4.900989855459657e-13,1.262846891714027,50.513875668562946,0.0,50.513875668562946
4.669999999999708,-1.7628468917140225,2.195718473754476e-12,1.2628468917140225,50.513875668565,0.0,50.513875668565
4.6719999999997075,-1.7628468917140208,8.616192986302201e-13,1.2628468917140208,50.513875668543335,0.0,50.513875668543335
4.673999999999707,-1.76284689171402,2.780671661716389e-13,1.26284689171402,50.513875668553936,0.0,50.513875668553936
4.675999999999707,-1.7628468917140203,-7.264105986481036e-14,1.2628468917140203,50.513875668558576,0.0,50.513875668558576
4.677999999999707,-1.762846891714021,-3.395338497718361e-13,1.262846891714021,50.5138756685614,0.0,50.5138756685614
4.679999999999707,-1.7628468917140194,8.279110859586362e-13,1.2628468917140194,50.51387566856356,0.0,50.51387566856356
4.681999999999706,-1.7628468917140192,1.0377499363201703e-13,1.2628468917140192,50.51387566855416,0.0,50.51387566855416
4.683999999999706,-1.7628468917140196,-2.7108188863290667e-13,1.2628468917140196,50.51387566855994,0.0,50.51387566855994
4.685999999999706,-1.7628468917140208,-5.292918634964636e-13,1.2628468917140208,50.51387566856295,0.0,50.51387566856295
4.687999999999706,-1.7628468917140185,1.1330334949347697e-12,1.2628468917140185,50.51387566856506,0.0,50.51387566856506
4.6899999999997055,-1.762846891714018,2.2185856324569767e-13,1.262846891714018,50.51387566855168,0.0,50.51387566855168
4.691999999999705,-1.7628468917140185,-2.0989561253129638e-13,1.2628468917140185,50.513875668558946,0.0,50.513875668558946
4.693999999999705,-1.7628468917140194,-4.868680651680597e-13,1.2628468917140194,50.51387566856242,0.0,50.51387566856242
4.695999999999705,-1.7628468917140157,1.9393653380978413e-12,1.2628468917140157,50.51387566856467,0.0,50.51387566856467
4.697999999999705,-1.7628468917140143,6.908505914575386e-13,1.2628468917140143,50.51387566854511,0.0,50.51387566854511
4.699999999999704,-1.762846891714014,1.2960754090558496e-13,1.262846891714014,50.513875668555045,0.0,50.513875668555045
4.701999999999704,-1.7628468917140145,-2.1543236152515444e-13,1.2628468917140145,50.51387566855953,0.0,50.51387566855953
4.703999999999704,-1.7628468917140154,-4.807738705545399e-13,1.2628468917140154,50.51387566856231,0.0,50.51387566856231
4.705999999999704,-1.7628468917140143,5.835502749714282e-13,1.2628468917140143,50.51387566856446,0.0,50.51387566856446
4.7079999999997035,-1.7628468917140145,-9.319643317792123e-14,1.2628468917140145,50.513875668555904,0.0,50.513875668555904
4.709999999999703,-1.7628468917140154,-4.4768707418967684e-13,1.2628468917140154,50.513875668561326,0.0,50.513875668561326
4.711999999999703,-1.7628468917140168,-6.92903203566239e-13,1.2628468917140168,50.5138756685642,0.0,50.5138756685642
4.713999999999703,-1.762846891714015,8.391711006514667e-13,1.262846891714015,50.513875668566214,0.0,50.513875668566214
4.715999999999703,-1.762846891714015,-3.2820156564262136e-15,1.262846891714015,50.51387566855389,0.0,50.51387566855389
4.717999999999702,-1.7628468917140159,-4.0332932835349337e-13,1.2628468917140159,50.51387566856063,0.0,50.51387566856063
4.719999999999702,-1.7628468917140172,-6.595112682983554e-13,1.2628468917140172,50.51387566856386,0.0,50.51387566856386
4.721999999999702,-1.762846891714014,1.5889235483479334e-12,1.262846891714014,50.513875668565966,0.0,50.513875668565966
4.723999999999702,-1.7628468917140132,4.3901320767921906e-13,1.2628468917140132,50.513875668547854,0.0,50.513875668547854
4.7259999999997016,-1.7628468917140134,-7.669752283259863e-14,1.2628468917140134,50.51387566855702,0.0,50.51387566855702
4.727999999999701,-1.7628468917140143,-3.9227475375781803e-13,1.2628468917140143,50.51387566856115,0.0,50.51387566856115
4.729999999999701,-1.7628468917140157,-6.335459971950206e-13,1.2628468917140157,50.51387566856371,0.0,50.51387566856371
4.731999999999701,-1.762846891714015,3.6495084125055873e-13,1.262846891714015,50.513875668565696,0.0,50.513875668565696
4.733999999999701,-1.7628468917140154,-2.5585046565846036e-13,1.2628468917140154,50.51387566855768,0.0,50.51387566855768
4.7359999999997004,-1.7628468917140165,-5.791236395796304e-13,1.2628468917140165,50.51387566856266,0.0,50.51387566856266
4.7379999999997,-1.762846891714018,-8.014220665621166e-13,1.262846891714018,50.51387566856529,0.0,50.51387566856529
4.7399999999997,-1.7628468917140168,6.270858919499301e-13,1.2628468917140168,50.51387566856713,0.0,50.51387566856713
4.7419999999997,-1.762846891714017,-1.4749858357944382e-13,1.262846891714017,50.513875668555656,0.0,50.513875668555656
4.7439999999997,-1.762846891714018,-5.132982241752297e-13,1.262846891714018,50.51387566856186,0.0,50.51387566856186
4.745999999999699,-1.7628468917140196,-7.459795216295503e-13,1.2628468917140196,50.51387566856483,0.0,50.51387566856483
4.747999999999699,-1.762846891714017,1.3427717513685523e-12,1.262846891714017,50.513875668566754,0.0,50.513875668566754
4.749999999999699,-1.7628468917140163,2.839314501757016e-13,1.2628468917140163,50.513875668549936,0.0,50.513875668549936
4.751999999999699,-1.7628468917140168,-1.8911822444550474e-13,1.2628468917140168,50.51387566855838,0.0,50.51387566855838
4.7539999999996985,-1.7628468917140176,-4.771653397696861e-13,1.2628468917140176,50.513875668562186,0.0,50.513875668562186
4.755999999999698,-1.762846891714019,-6.971469659751291e-13,1.262846891714019,50.51387566856452,0.0,50.51387566856452
4.757999999999698,-1.7628468917140185,2.2945409096679446e-13,1.2628468917140185,50.513875668566335,0.0,50.513875668566335
4.759999999999698,-1.7628468917140192,-3.4104416207913825e-13,1.2628468917140192,50.51387566855891,0.0,50.51387566855891
4.761999999999698,-1.7628468917140205,-6.366275181066557e-13,1.2628468917140205,50.5138756685635,0.0,50.5138756685635
4.763999999999697,-1.7628468917140223,-8.385763219853918e-13,1.2628468917140223,50.513875668565916,0.0,50.513875668565916
4.765999999999697,-1.7628468917140214,4.88443486168593e-13,1.2628468917140214,50.5138756685676,0.0,50.5138756685676
4.767999999999697,-1.7628468917140219,-2.2198520508974167e-13,1.2628468917140219,50.51387566855695,0.0,50.51387566855695
4.769999999999697,-1.762846891714023,-5.554341295168572e-13,1.262846891714023,50.51387566856265,0.0,50.51387566856265
4.7719999999996965,-1.7628468917140245,-7.666566395544636e-13,1.2628468917140245,50.51387566856536,0.0,50.51387566856536
4.773999999999696,-1.7628468917140223,1.1641404592113807e-12,1.2628468917140223,50.51387566856712,0.0,50.51387566856712
4.775999999999696,-1.7628468917140219,1.91424080016171e-13,1.2628468917140219,50.51387566855158,0.0,50.51387566855158
4.777999999999696,-1.7628468917140223,-2.415528652174776e-13,1.2628468917140223,50.513875668559336,0.0,50.513875668559336
4.779999999999696,-1.7628468917140234,-5.04603584593262e-13,1.2628468917140234,50.513875668562825,0.0,50.513875668562825
4.781999999999695,-1.7628468917140188,2.29932151540181e-12,1.2628468917140188,50.51387566856497,0.0,50.51387566856497
4.783999999999695,-1.762846891714017,9.089768294807655e-13,1.262846891714017,50.513875668542354,0.0,50.513875668542354
4.785999999999695,-1.7628468917140163,3.010408393402672e-13,1.2628468917140163,50.51387566855341,0.0,50.51387566855341
4.787999999999695,-1.7628468917140165,-6.416557730095725e-14,1.2628468917140165,50.51387566855824,0.0,50.51387566855824
4.7899999999996945,-1.7628468917140172,-3.421130851463778e-13,1.2628468917140172,50.51387566856117,0.0,50.51387566856117
4.791999999999694,-1.7628468917140154,8.733917852545611e-13,1.2628468917140154,50.51387566856342,0.0,50.51387566856342
4.793999999999694,-1.7628468917140152,1.1839365268416933e-13,1.2628468917140152,50.51387566855363,0.0,50.51387566855363
4.795999999999694,-1.7628468917140157,-2.724928950568251e-13,1.2628468917140157,50.51387566855966,0.0,50.51387566855966
4.797999999999694,-1.7628468917140168,-5.419130309388127e-13,1.2628468917140168,50.51387566856281,0.0,50.51387566856281
4.799999999999693,-1.7628468917140143,1.1912194891519428e-12,1.2628468917140143,50.51387566856501,0.0,50.51387566856501
4.801999999999693,-1.7628468917140139,2.4055952751802327e-13,1.2628468917140139,50.513875668551044,0.0,50.513875668551044
4.803999999999693,-1.7628468917140143,-2.103040520394459e-13,1.2628468917140143,50.51387566855863,0.0,50.51387566855863
4.805999999999693,-1.7628468917140154,-4.998081475476872e-13,1.2628468917140154,50.51387566856226,0.0,50.51387566856226
4.8079999999996925,-1.7628468917140114,2.0340388881204717e-12,1.2628468917140114,50.513875668564616,0.0,50.513875668564616
4.809999999999692,-1.7628468917140099,7.321069413072796e-13,1.2628468917140099,50.51387566854419,0.0,50.51387566854419
4.811999999999692,-1.7628468917140097,1.458869731830207e-13,1.2628468917140097,50.51387566855454,0.0,50.51387566855454
4.813999999999692,-1.76284689171401,-2.147865688916588e-13,1.26284689171401,50.51387566855922,0.0,50.51387566855922
4.815999999999692,-1.762846891714011,-4.923522013969486e-13,1.262846891714011,50.51387566856212,0.0,50.51387566856212
4.817999999999691,-1.7628468917140097,6.173112334232654e-13,1.2628468917140097,50.513875668564374,0.0,50.513875668564374
4.819999999999691,-1.7628468917140099,-8.963354538046196e-14,1.2628468917140099,50.51387566855545,0.0,50.51387566855545
4.821999999999691,-1.7628468917140108,-4.605726815655919e-13,1.2628468917140108,50.51387566856111,0.0,50.51387566856111
4.823999999999691,-1.762846891714012,-7.175501014134353e-13,1.262846891714012,50.51387566856412,0.0,50.51387566856412
4.8259999999996905,-1.7628468917140103,8.793006415215587e-13,1.2628468917140103,50.51387566856623,0.0,50.51387566856623
4.82799999999969,-1.7628468917140103,1.4933319398881504e-16,1.2628468917140103,50.51387566855338,0.0,50.51387566855338
4.82999999999969,-1.7628468917140112,-4.1781240489209587e-13,1.2628468917140112,50.513875668560416,0.0,50.513875668560416
4.83199999999969,-1.7628468917140125,-6.858310150850677e-13,1.2628468917140125,50.513875668563784,0.0,50.513875668563784
4.83399999999969,-1.7628468917140092,1.657104688009894e-12,1.2628468917140092,50.51387566856599,0.0,50.51387566856599
4.835999999999689,-1.7628468917140083,4.573317052413781e-13,1.2628468917140083,50.51387566854711,0.0,50.51387566854711
4.837999999999689,-1.7628468917140085,-8.117444859053825e-14,1.2628468917140085,50.51387566855667,0.0,50.51387566855667
4.839999999999689,-1.7628468917140094,-4.1098814372588987e-13,1.2628468917140094,50.51387566856099,0.0,50.51387566856099
4.841999999999689,-1.7628468917140108,-6.633639761700455e-13,1.2628468917140108,50.513875668563664,0.0,50.513875668563664
4.8439999999996886,-1.76284689171401,3.7578842101644323e-13,1.26284689171401,50.51387566856574,0.0,50.51387566856574
4.845999999999688,-1.7628468917140105,-2.71861071944018e-13,1.2628468917140105,50.5138756685574,0.0,50.5138756685574
4.847999999999688,-1.7628468917140117,-6.09408794354705e-13,1.2628468917140117,50.5138756685626,0.0,50.5138756685626
4.849999999999688,-1.7628468917140134,-8.41814886253514e-13,1.2628468917140134,50.51387566856534,0.0,50.51387566856534
4.851999999999688,-1.762846891714012,6.507318185714274e-13,1.262846891714012,50.51387566856727,0.0,50.51387566856727
4.8539999999996875,-1.7628468917140123,-1.5669513365974246e-13,1.2628468917140123,50.51387566855528,0.0,50.51387566855528
4.855999999999687,-1.7628468917140134,-5.381435482355844e-13,1.2628468917140134,50.513875668561745,0.0,50.513875668561745
4.857999999999687,-1.762846891714015,-7.810325154280573e-13,1.262846891714015,50.51387566856484,0.0,50.51387566856484
4.859999999999687,-1.762846891714012,1.3948027106107841e-12,1.262846891714012,50.51387566856685,0.0,50.51387566856685
4.861999999999687,-1.7628468917140114,2.9045820741931666e-13,1.2628468917140114,50.51387566854933,0.0,50.51387566854933
4.863999999999686,-1.7628468917140119,-2.0320292399256243e-13,1.2628468917140119,50.513875668558136,0.0,50.513875668558136
4.865999999999686,-1.762846891714013,-5.040814467748372e-13,1.262846891714013,50.5138756685621,0.0,50.5138756685621
4.867999999999686,-1.7628468917140145,-7.332620548730266e-13,1.2628468917140145,50.51387566856455,0.0,50.51387566856455
4.869999999999686,-1.762846891714014,2.369760451819187e-13,1.262846891714014,50.51387566856645,0.0,50.51387566856645
4.8719999999996855,-1.7628468917140148,-3.573800357965161e-13,1.2628468917140148,50.51387566855867,0.0,50.51387566855867
4.873999999999685,-1.762846891714016,-6.653700661350099e-13,1.262846891714016,50.51387566856344,0.0,50.51387566856344
4.875999999999685,-1.7628468917140179,-8.760038520989431e-13,1.2628468917140179,50.513875668565966,0.0,50.513875668565966
4.877999999999685,-1.7628468917140168,5.057426157416215e-13,1.2628468917140168,50.51387566856772,0.0,50.51387566856772
4.879999999999685,-1.7628468917140172,-2.356113851006438e-13,1.2628468917140172,50.51387566855663,0.0,50.51387566855663
4.881999999999684,-1.7628468917140183,-5.840402028871606e-13,1.2628468917140183,50.51387566856257,0.0,50.51387566856257
4.883999999999684,-1.7628468917140199,-8.051538924179e-13,1.2628468917140199,50.513875668565404,0.0,50.513875668565404
4.885999999999684,-1.7628468917140174,1.2063676653878532e-12,1.2628468917140174,50.51387566856724,0.0,50.51387566856724
4.887999999999684,-1.762846891714017,1.9112363388539175e-13,1.262846891714017,50.51387566855105,0.0,50.51387566855105
4.8899999999996835,-1.7628468917140174,-2.6128854485585143e-13,1.2628468917140174,50.51387566855915,0.0,50.51387566855915
4.891999999999683,-1.7628468917140185,-5.365069527459322e-13,1.2628468917140185,50.51387566856279,0.0,50.51387566856279
4.893999999999683,-1.76284689171402,-7.458613585342223e-13,1.26284689171402,50.513875668565035,0.0,50.513875668565035
4.895999999999683,-1.7628468917140199,1.5316940712639968e-13,1.2628468917140199,50.51387566856677,0.0,50.51387566856677
4.897999999999683,-1.7628468917140208,-3.923104065908566e-13,1.2628468917140208,50.51387566855957,0.0,50.51387566855957
4.899999999999682,-1.762846891714022,-6.736862968431626e-13,1.262846891714022,50.51387566856397,0.0,50.51387566856397
4.901999999999682,-1.7628468917140239,-8.656167708806819e-13,1.2628468917140239,50.51387566856628,0.0,50.51387566856628
4.903999999999682,-1.762846891714023,4.1404135396191886e-13,1.262846891714023,50.513875668567884,0.0,50.513875668567884
4.905999999999682,-1.7628468917140234,-2.667122340282768e-13,1.2628468917140234,50.51387566855761,0.0,50.51387566855761
4.9079999999996815,-1.7628468917140245,-5.862146511921353e-13,1.2628468917140245,50.51387566856307,0.0,50.51387566856307
4.909999999999681,-1.762846891714026,-7.885748702131647e-13,1.262846891714026,50.513875668565674,0.0,50.513875668565674
4.911999999999681,-1.7628468917140239,1.0662567203674718e-12,1.2628468917140239,50.51387566856735,0.0,50.51387566856735
4.913999999999681,-1.7628468917140236,1.3340367848315347e-13,1.2628468917140236,50.51387566855243,0.0,50.51387566855243
4.915999999999681,-1.7628468917140243,-2.8152137195636403e-13,1.2628468917140243,50.513875668559876,0.0,50.513875668559876
4.91799999999968,-1.7628468917140254,-5.328863161029731e-13,1.2628468917140254,50.51387566856322,0.0,50.51387566856322
4.91999999999968,-1.7628468917140212,2.1563757117649152e-12,1.2628468917140212,50.51387566856528,0.0,50.51387566856528
4.92199999999968,-1.7628468917140196,8.255277333093171e-13,1.2628468917140196,50.5138756685436,0.0,50.5138756685436
4.92399999999968,-1.7628468917140192,2.4451347962407536e-13,1.2628468917140192,50.513875668554185,0.0,50.513875668554185
4.9259999999996795,-1.7628468917140194,-1.0356807058374777e-13,1.2628468917140194,50.51387566855882,0.0,50.51387566855882
4.927999999999679,-1.76284689171402,-3.683866678767064e-13,1.26284689171402,50.51387566856161,0.0,50.51387566856161
4.929999999999679,-1.7628468917140185,7.980763942058196e-13,1.2628468917140185,50.51387566856375,0.0,50.51387566856375
4.931999999999679,-1.7628468917140183,7.639591819331333e-14,1.2628468917140183,50.513875668554356,0.0,50.513875668554356
4.933999999999679,-1.762846891714019,-2.9692932006234727e-13,1.262846891714019,50.51387566856012,0.0,50.51387566856012
4.935999999999678,-1.76284689171402,-5.533130304655373e-13,1.26284689171402,50.51387566856313,0.0,50.51387566856313
4.937999999999678,-1.7628468917140179,1.1084905055735316e-12,1.2628468917140179,50.51387566856523,0.0,50.51387566856523
4.939999999999678,-1.7628468917140174,1.9977280737087736e-13,1.2628468917140174,50.51387566855185,0.0,50.51387566855185
4.941999999999678,-1.7628468917140179,-2.3071494211984336e-13,1.2628468917140179,50.5138756685591,0.0,50.5138756685591
4.9439999999996775,-1.762846891714019,-5.068953487414731e-13,1.262846891714019,50.51387566856256,0.0,50.51387566856256
4.945999999999677,-1.7628468917140152,1.920051774579784e-12,1.2628468917140152,50.513875668564815,0.0,50.513875668564815
4.947999999999677,-1.7628468917140139,6.746819700247884e-13,1.2628468917140139,50.513875668545246,0.0,50.513875668545246
4.949999999999677,-1.7628468917140137,1.1484454547599034e-13,1.2628468917140137,50.51387566855516,0.0,50.51387566855516
4.951999999999677,-1.762846891714014,-2.2937576818731625e-13,1.262846891714014,50.51387566855963,0.0,50.51387566855963
4.953999999999676,-1.762846891714015,-4.941818248013996e-13,1.262846891714015,50.5138756685624,0.0,50.5138756685624
4.955999999999676,-1.7628468917140139,5.698451328865492e-13,1.2628468917140139,50.51387566856455,0.0,50.51387566856455
4.957999999999676,-1.762846891714014,-1.0571700772369352e-13,1.262846891714014,50.513875668556,0.0,50.513875668556
4.959999999999676,-1.762846891714015,-4.597993718431647e-13,1.262846891714015,50.51387566856141,0.0,50.51387566856141
4.961999999999676,-1.7628468917140163,-7.048565382989409e-13,1.2628468917140163,50.51387566856428,0.0,50.51387566856428
4.963999999999675,-1.7628468917140148,8.248370566780567e-13,1.2628468917140148,50.51387566856629,0.0,50.51387566856629
4.965999999999675,-1.7628468917140148,-1.5284504910315756e-14,1.2628468917140148,50.513875668553986,0.0,50.513875668553986
4.967999999999675,-1.7628468917140157,-4.1423057954118877e-13,1.2628468917140157,50.51387566856071,0.0,50.51387566856071
4.969999999999675,-1.762846891714017,-6.696935154156142e-13,1.262846891714017,50.51387566856394,0.0,50.51387566856394
4.9719999999996745,-1.7628468917140139,1.5734946537597143e-12,1.2628468917140139,50.51387566856604,0.0,50.51387566856604
4.973999999999674,-1.762846891714013,4.265562244935918e-13,1.262846891714013,50.51387566854797,0.0,50.51387566854797
4.975999999999674,-1.7628468917140132,-8.792087727246547e-14,1.2628468917140132,50.513875668557105,0.0,50.513875668557105
4.977999999999674,-1.762846891714014,-4.0281416177355014e-13,1.262846891714014,50.513875668561234,0.0,50.513875668561234
4.979999999999674,-1.7628468917140154,-6.436196883934791e-13,1.2628468917140154,50.51387566856379,0.0,50.51387566856379
4.981999999999673,-1.7628468917140148,3.5304925674834155e-13,1.2628468917140148,50.51387566856577,0.0,50.51387566856577
4.983999999999673,-1.7628468917140152,-2.663277391259006e-13,1.2628468917140152,50.513875668557766,0.0,50.513875668557766
4.985999999999673,-1.7628468917140163,-5.889461453943923e-13,1.2628468917140163,50.51387566856274,0.0,50.51387566856274
4.987999999999673,-1.7628468917140179,-8.108631767150013e-13,1.2628468917140179,50.51387566856536,0.0,50.51387566856536
4.9899999999996725,-1.7628468917140165,6.130233392746821e-13,1.2628468917140165,50.5138756685672,0.0,50.5138756685672
4.991999999999672,-1.7628468917140168,-1.5943447270907222e-13,1.2628468917140168,50.513875668555755,0.0,50.513875668555755
4.993999999999672,-1.7628468917140179,-5.242998949118633e-13,1.2628468917140179,50.51387566856195,0.0,50.51387566856195
4.995999999999672,-1.7628468917140194,-7.564134181729262e-13,1.2628468917140194,50.51387566856491,0.0,50.51387566856491
4.997999999999672,-1.7628468917140168,1.326499343297999e-12,1.2628468917140168,50.51387566856683,0.0,50.51387566856683
4.999999999999671,-1.7628468917140163,2.7058351701989324e-13,1.2628468917140163,50.51387566855006,0.0,50.51387566855006
