time_s,desired_position_rad,desired_velocity_rad_s,desired_acceleration_rad_s2,actual_position_rad,actual_velocity_rad_s,position_error_rad,feedback_component,model_component,command_torque_Nm,gravity_torque_Nm,dynamic_bias_Nm,virtual_acceleration_rad_s2
0.002,-0.5,0.7853981633974483,-0.0,-0.5003346986560782,-0.16734932803907795,0.0003346986560781584,37.159091168795435,37.159091168795435,57.991288338105605,20.832197169310167,20.832197169310167,12.566370614359172
0.004,-0.4984292140086103,0.7853826603101113,-0.015503036333789666,-0.5007379187946335,-0.2016100692776675,0.0023087047860231857,45.436672491148336,45.390829601566345,66.22302677087652,20.834372309603207,20.832197169310167,15.350159794691182
0.006,-0.4968584900291618,0.7853361516601358,-0.031005460634250324,-0.501168259186657,-0.21517019601176213,0.004309769157495147,47.44012324531754,47.34841777212389,68.21148938464069,20.83605968621685,20.863071612516798,16.008417515360787
0.008,-0.49528789007114793,0.7852586392836037,-0.046506660892214995,-0.5016093353320152,-0.2205380726791481,0.006321445260867309,48.48188704672659,48.34426252930573,69.02710571500798,20.83654725556447,20.682843185702243,16.336698327226216
0.01,-0.4937174761391656,0.7851501262405708,-0.062006025146839804,-0.5020465241079699,-0.21859438797733868,0.008329047968804293,49.14817004598749,48.96454350284499,69.22664053282422,20.83547820065241,20.262097029979234,16.534084145911038
0.012,-0.4921473102304679,0.7850106168149463,-0.07750294150976313,-0.5024680354404822,-0.210755666256175,0.010320725210014314,49.47553039388663,49.24579902044643,68.99702330694912,20.8325498984397,19.751224286502687,16.613726823326925
0.014,-0.49057745433251637,0.7848401165143234,-0.09299679818926194,-0.5028643007801655,-0.19813266984162486,0.012286846447649158,49.52627540092254,49.25032340196828,68.50954488855817,20.82754101377147,19.25922148658988,16.59753291704853
0.016,-0.4890079704205338,0.784638632069762,-0.10848698351440426,-0.5032269850287403,-0.18134212428738697,0.014219014608206515,49.348984998184015,49.026687997696534,67.85433966720339,20.8202879969223,18.827651669506853,16.502658990084218
0.018000000000000002,-0.4874389204550576,0.7844061714355232,-0.12397288595919691,-0.5035487740599444,-0.160894515602036,0.01610985360488676,48.969335651284744,48.60056399008721,67.07137563377876,20.810653336677227,18.470811643691555,16.33843597832306
0.020000000000000004,-0.4858703663794939,0.7841427437887544,-0.1394538941667275,-0.5038660204512936,-0.15862319567463115,0.017995654071799705,48.408279147504004,47.99290152497731,66.19918185231347,20.798518042137744,18.206280327336152,16.112560347634748
0.022000000000000006,-0.48430237011767163,0.7838483595291283,-0.15492939697329963,-0.504157531422757,-0.14575548573172084,0.019855161305085356,48.71284481780308,48.25073191268318,66.2968519324389,20.78424208919477,18.046120019755712,16.17668910763866
0.024000000000000007,-0.48273499357139854,0.7835230302784315,-0.17039878343256096,-0.5044064035512345,-0.12443606423873946,0.02167140997983591,48.5074370655788,47.99845532747421,66.04598985848052,20.767524744282213,18.04753453100631,16.069099895216816
0.02600000000000001,-0.4811682986180168,0.7831667688801055,-0.1858614428396218,-0.5045994964460438,-0.0965464474046763,0.02343119782802705,47.88813383517858,47.332157689425046,65.45038774464471,20.7481354287384,18.118230055219666,15.823022602787827
0.02800000000000001,-0.4796023471079606,0.7827795893987404,-0.20131676475516505,-0.5047268388519486,-0.06367120295238082,0.025124491743987953,46.9398123676217,46.336726620554145,64.5845009569529,20.725907837510675,18.24777433639874,15.46771738173683
0.030000000000000013,-0.4780372008623142,0.7823615071195192,-0.21676413902954533,-0.5047811123536573,-0.027136750854361173,0.026743911491343086,45.73439496459314,45.08409665532529,63.50815362941172,20.700729823634077,18.424056974086437,15.027896053457455
0.032000000000000015,-0.4764729216703714,0.7819125385476144,-0.23220295582687636,-0.5047572069705087,0.011952691574282054,0.028284285300137324,44.33254046154855,43.63494021885064,62.26919469405952,20.672534763914665,18.634254475208884,14.52430987833503
0.034000000000000016,-0.47490957128719624,0.7814327014075365,-0.24763260564910652,-0.504651840231891,0.052683369308883156,0.029742268944694783,42.785199867038344,42.04022282175172,60.905834596882016,20.641294211928265,18.865611775130297,13.974296235414965
0.03600000000000002,-0.473347211431185,0.7809220146424342,-0.2630524793600805,-0.5044636427939204,0.09409871898527963,0.031116431362735397,41.13497937879172,40.34256568083759,59.4486667327856,20.607011631466158,19.10610105194801,13.39226208922192
0.03800000000000002,-0.47178590378162955,0.7803804984133462,-0.27846196820958746,-0.5041923792446114,0.13563177465455245,0.03240647546298181,39.42732300292569,38.587427991633405,57.93235806360936,20.56973527486998,19.34493007197595,12.793421799426094
0.04000000000000002,-0.47022570997628255,0.7798081740984065,-0.29386046385739273,-0.5038386766188073,0.1768513129020254,0.03361296664252478,37.68956113075522,36.80215245344246,56.361386858414306,20.529532553752034,19.55923440497185,12.186828760417317
0.04200000000000002,-0.46866669160892394,0.7792050642919989,-0.3092473583972546,-0.5034038496867879,0.21741346600973432,0.03473715807786393,35.942835569980126,35.007892493978304,54.75423713520844,20.48648393507483,19.746344641230134,11.579419704474859
0.044000000000000025,-0.46710891022692935,0.7785711928038657,-0.3246220443809232,-0.5028897515373417,0.2570490747230631,0.03578084131041237,34.204321982297884,33.221835107210374,53.12876894369902,20.440679973953202,19.906933836488648,10.976777709756123
0.04600000000000003,-0.46555242732884045,0.777906584658168,-0.3399839148421217,-0.5022986522698462,0.2955496337477998,0.03674622494100571,32.487772123259305,31.45774304870665,51.499567670609395,20.392218672199494,20.04182462190274,10.383324993463638
0.04800000000000003,-0.4639973043619369,0.7772112660924975,-0.3553323633205078,-0.50163312798086,0.332762144493079,0.03763582361892309,30.804138072630742,29.726579035853703,49.87855086182034,20.34120337161697,20.151971825966633,9.802540020300846
0.05000000000000003,-0.4624436027198107,0.7764852645568404,-0.3706667838856166,-0.5008959777117316,0.3685751345642112,0.038452374991920835,29.16177439939763,28.036707874723657,48.27509716668824,20.28774073097543,20.238389291964587,9.23703275384172
0.05200000000000003,-0.46089138373994226,0.7757286087124945,-0.38598657116078067,-0.500090152536612,0.4029125875597726,0.03919876879666978,27.567078389335645,26.394536717909777,46.696817540622924,20.231939301500653,20.302280822713147,8.688763029406267
0.054000000000000034,-0.4593407087012791,0.7749413284309367,-0.40129112034703024,-0.49921869735090857,0.4357275928517247,0.03987798864962949,26.024755983555927,24.804780995291583,45.149640932245525,20.173908302276214,20.34485993695394,8.159133139052905
0.056000000000000036,-0.4577916388218165,0.7741234547926445,-0.416579827246969,-0.4982847034047494,0.4669969730795811,0.04049306458293289,24.538107442664234,23.27075008540139,43.63810661243332,20.113756630239994,20.367356527031934,7.649085709669641
0.05800000000000004,-0.45624423525618096,0.7732750200858688,-0.4318520882886269,-0.497291179219884,0.49676209243268904,0.041046943963703064,23.109270972139406,21.794590952097526,42.165586600314256,20.051592067772862,20.37099564821673,7.1591866253203555
0.06000000000000004,-0.45469855909321566,0.7723960578053589,-0.4471073005492885,-0.4962411181460444,0.5250305369198336,0.04154255905282872,21.737202488749407,20.375267925087673,40.73224811192385,19.987517148517426,20.356980186836175,6.688963833520205
0.06200000000000004,-0.4531546713535688,0.7714866026510409,-0.4623448617792946,-0.4951377751821211,0.5516714819616453,0.041983103828552304,20.422459034007616,19.013347103469382,39.34040210627706,19.921632103774705,20.32705500280768,6.238484784638459
0.06400000000000004,-0.45161263298728493,0.7705466905266468,-0.4775641704258189,-0.4939847218037284,0.5765266891963667,0.04237208881644344,19.172378073141505,17.716174956205023,37.99796385995319,19.854056006058023,20.28178890374816,5.810048267083721
0.06600000000000004,-0.4500725048713982,0.769576358538298,-0.49276462565661566,-0.49280160293912956,0.5915594322994031,0.04272909806773134,17.995756636447783,16.49255154632068,36.71303443075082,19.784914094583648,20.220482884430137,5.406411967483415
0.06800000000000005,-0.44853434780752965,0.7685756449930398,-0.5079456273837397,-0.4915702498712909,0.6156765339193281,0.04303590206376123,17.289224985728893,15.739106291055496,35.885663055702466,19.714486135484844,20.14655676464697,5.15741810413684
0.07000000000000005,-0.4469982225194863,0.7675445893973297,-0.5231065762872368,-0.49031161804617907,0.6293159125559235,0.04331339552669278,16.126553843628347,14.529600025693247,34.605529434110025,19.642594525015603,20.075929408416776,4.759392061876284
0.07200000000000005,-0.4454641896508643,0.7664832324554769,-0.538246873838804,-0.48902633971057696,0.6426391678010602,0.043562150059712645,15.46707428499676,13.823392518991103,33.805027519574836,19.569526260658932,19.98163500058373,4.526665661854195
0.07400000000000005,-0.4439323097626547,0.7653916160680364,-0.5533659223254184,-0.48771508887098985,0.6556254197935668,0.04378277910833517,14.814988643199934,13.124676610897867,33.01641413145055,19.495337323369398,19.891737520552685,4.296691166613226
0.07600000000000005,-0.44240264333085233,0.7642697833301538,-0.5684631248729335,-0.48637864965364697,0.6682196086714579,0.043976006322794636,14.171559317879664,12.43471653109474,32.229373512560976,19.420082291713605,19.794656981466236,4.06984320628126
0.07800000000000006,-0.4408752507440688,0.7631177785298648,-0.5835378854696435,-0.4850152550414986,0.6816973060741702,0.04414000429742981,13.539729923478285,11.756457606752235,31.448764236262488,19.34381846478145,19.692306629510252,3.84705036247787
0.08000000000000006,-0.43935019230114813,0.7619356471463465,-0.5985896089898118,-0.4836255669987259,0.6948440213863705,0.04427537469757775,12.856871519985638,11.027271169987023,30.61434377258007,19.266476585941863,19.58707260259305,3.60778786354744
0.08200000000000006,-0.43782752820878623,0.7607234358481215,-0.6136177012171671,-0.4822102988128995,0.7076340929131926,0.044382770604113275,12.182257852139617,10.306479468886131,29.75077425061964,19.188106016487666,19.444294781733507,3.3715274127269876
0.08400000000000006,-0.4363073185791544,0.7594811924912165,-0.62862156886836,-0.48077019233801666,0.7200532374414286,0.044462873758862265,11.517386195443597,9.595587509501271,28.882173539068404,19.108758304619595,19.286586029567133,3.1387227593397102
0.08600000000000006,-0.4347896234275257,0.7582089661172721,-0.6436006196163865,-0.47930601567421716,0.7320883318997363,0.04451639224669146,10.86319930861101,8.895545581625685,28.010344843495766,19.028485720741966,19.11479926187008,2.909647449468531
0.08800000000000006,-0.4332745026699061,0.756906806951607,-0.6585542621139713,-0.47782523171355834,0.7403919803294148,0.04455072904365226,10.220584066136698,8.207247891320895,27.13701082252426,18.947341132519075,18.929762931203364,2.6845581709918678
0.09000000000000007,-0.43176201612066867,0.7555747664012353,-0.6734819060169133,-0.47632839983008984,0.748415941734253,0.044566383709421176,9.754818770388793,7.695979869968937,26.428260573284852,18.86567999752607,18.732280703315915,2.5174884690771546
0.09200000000000007,-0.43025222349019265,0.7542128970528376,-0.6883829620073917,-0.47481591202865553,0.7562439007171569,0.044563688538462876,9.297834351245237,7.193542255593931,25.89541580530409,18.783530300149867,18.701873549710157,2.353243608843382
0.09400000000000007,-0.4287451843825059,0.7528212526706833,-0.7032568418172304,-0.4732882078411076,0.7638520937739635,0.04454302345860167,8.845561179776713,6.695869294695144,25.358885520244996,18.700910514581626,18.663016225549853,2.1905073587927686
0.09600000000000007,-0.42724095829293196,0.7513998881945103,-0.7181029582511226,-0.47174575879263964,0.771224524233974,0.044504800499707675,8.399200330066494,6.204165957922863,24.820988705688674,18.617840427617693,18.61682274776581,2.0296857235608674
0.09800000000000007,-0.42573960460574123,0.7499488597373538,-0.7329207252098124,-0.4701890547983396,0.7783519971500091,0.04444945019259838,7.959584095858595,5.719268541127321,24.283438059060238,18.53434068192335,18.564169517932918,1.8710625108057624
0.10000000000000007,-0.42424118259180643,0.7484682245833333,-0.747709557713232,-0.46861860676021566,0.7852240190619707,0.04437742416840923,7.527220013111557,5.241688753048757,23.74744437945984,18.450432282603373,18.505755626411084,1.714813902438078
0.10200000000000008,-0.4227457514062631,0.7469580411853889,-0.7624688719235971,-0.4670349508747871,0.7918279427143001,0.044289199468524,7.102686807921701,4.772009816134871,23.214069420537058,18.366136763393442,18.442059604402186,1.561138224704059
0.10400000000000008,-0.42125337008617375,0.7454183691629755,-0.7771980851684545,-0.4654386490496781,0.7981509125545104,0.044185278963504326,6.686677409612763,4.310929332851842,22.684560249126648,18.28147639556119,18.373630916274806,1.4102699084816055
0.10600000000000008,-0.41976409754819755,0.7438492692997084,-0.7918966159636858,-0.46383028695041273,0.8041810496326735,0.04406618940221518,6.279904108617297,3.8591642608973955,22.160248395780613,18.19647421424207,18.30108413488322,1.2624483880542359
0.10800000000000008,-0.4182779925862643,0.7422508035409632,-0.8065638840364628,-0.4622104708103755,0.809908070018632,0.04393247822411117,5.883040043559156,3.4173922916887918,21.64240899176637,18.111153938780742,18.22501670007758,1.1178990178016721
0.11000000000000008,-0.4167951138692533,0.7406230349914312,-0.8211993103481567,-0.46057982371443973,0.8153235479678638,0.043784709845186454,5.496687942984699,2.986220531842941,21.132192786197773,18.025539841555503,18.14597225435483,0.9768229734484519
0.11200000000000009,-0.4153155199386771,0.7389660279126274,-0.8358023171171965,-0.4589389817783794,0.8204209680301671,0.04362346183970228,5.121366052844758,2.566171400762553,20.63060025950899,17.939656597946854,18.06442885874644,0.8393928036478302
0.11400000000000009,-0.4138392692063707,0.7372798477203543,-0.8503723278418793,-0.45728859045783626,0.8251956602715491,0.043449321251465556,4.757504352230381,2.1576788347432823,20.138478570323652,17.853529135841494,17.98079973558037,0.7057513518096714
0.11600000000000009,-0.4123664199521852,0.7355645609821184,-0.8649087673231296,-0.4556293011038492,0.8296446769935398,0.04326288115166399,4.405446536523719,1.7610902690023404,19.656529785066343,17.767182494145718,17.895439516064002,0.576012556407647
0.11800000000000009,-0.4108970303216873,0.7338202354145031,-0.879411061687207,-0.4539617678134981,0.8337666451755339,0.043064737491810834,4.065454954134923,1.3766715790488435,19.185323815090886,17.680641694502036,17.808652236042043,0.4502632031065681
0.12000000000000009,-0.4094311583238635,0.7320469398804953,-0.893878638408362,-0.4522866445864606,0.83756161351874,0.04285548626259711,3.7377168393138502,1.0046133211150088,18.725312552973453,17.59393162746771,17.720699231858443,0.3285650842076353
0.1220000000000001,-0.4079688618288304,0.7302447443867661,-0.908310926331438,-0.45060458284159155,0.841030872434539,0.04263572101276114,3.422350920286908,0.6450373493627708,18.27684349740997,17.507076952904576,17.6318061480472,0.2109572640453128
0.1240000000000001,-0.4065101985655498,0.7284137200809077,-0.9227073556944196,-0.4489162300652025,0.8441763881945397,0.04240603149965266,3.1194154702390287,0.29800487657849833,17.840173697575032,17.420102015940916,17.542168820996533,0.09745880031414966
0.12600000000000008,-0.40505522611954964,0.7265539392486247,-0.9370673581509267,-0.44722222766834563,0.847001198428413,0.04216700154879599,2.8289355034590566,-0.036456321373148456,17.415502689736304,17.33303080578681,17.45195901110945,-0.01192228876378465
0.12800000000000009,-0.4036040019306508,0.7246654753108797,-0.95139036679265,-0.44552320870370804,0.8495094823187817,0.041919206773057216,2.5508828431287642,-0.35837185228657814,17.0029691472524,17.24588688550451,17.361340999538978,-0.11719548946071656
0.1300000000000001,-0.40215658329069937,0.7227484028209955,-0.9656758161717338,-0.443820029546499,0.8515895786044994,0.04166344625579965,2.28517207425617,-0.6678247435065688,16.602634282766044,17.158693317957294,17.27045902627261,-0.21838906170375694
0.1320000000000001,-0.40071302734130476,0.7208027974617113,-0.9799231423230972,-0.4421132407361567,0.8533944051711619,0.04140021339485195,2.0374294633145,-0.9591865007246454,16.220247781276495,17.071480721861672,17.17943428200114,-0.31366349947527405
0.1340000000000001,-0.39927339107158427,0.7188287360421954,-0.9941317827866984,-0.44040339281302593,0.8549239615653934,0.04113000174144166,1.800280032339346,-1.2398364850662753,15.851968712356337,16.984268666274502,17.091805197422612,-0.40543211031752646
0.1360000000000001,-0.39783773131591266,0.7168262964950126,-1.0083011766297418,-0.43869103409961213,0.8561793567069038,0.040853302783699474,1.5738244805287862,-1.5096708112293653,15.493738186874523,16.89707649547671,17.00340899810389,-0.4936614819405851
0.1380000000000001,-0.3964061047516789,0.7147955578730474,-1.0224307644688198,-0.43697670548116185,0.8571643092251499,0.04057060072948293,1.358109440144582,-1.7686400633529904,15.145888734481161,16.809923364378314,16.91452879783415,-0.5783360675427973
0.1400000000000001,-0.3949785678970484,0.7127366003463833,-1.0365199884919987,-0.43526093747803934,0.8578840015612599,0.04028236958099096,1.1530527837520443,-2.016823884767429,14.808545412303602,16.722828066301354,16.82536929707103,-0.6594825251690013
0.1420000000000001,-0.3935551771087318,0.7106495051991383,-1.0505682924808382,-0.4335442482769723,0.8583446005335097,0.03998907116824052,0.9584989455039241,-2.254375576970393,14.48170260746188,16.635808936690268,16.736078184432273,-0.7371515706390996
0.1440000000000001,-0.3921359885797602,0.7085343548262547,-1.0645751218323516,-0.43182714234653136,0.8585529652204638,0.03969115376677118,0.7742418878282211,-2.4814990858579717,14.165269295275912,16.548883789187375,16.646768381133885,-0.8114104325268554
0.1460000000000001,-0.39072105833726667,0.7063912327302476,-1.0785399235809,-0.43011010946072137,0.8585164429049897,0.0393890511234547,0.6000390551419472,-2.6984350117956186,13.85909198257391,16.462069873407657,16.55752699436953,-0.8823382668314181
0.1480000000000001,-0.38931044224027456,0.704220223517908,-1.092462146420021,-0.428393624026263,0.8582427172291753,0.03908318178598846,0.43562112521088947,-2.9054508302999253,13.562970966907413,16.37538384835394,16.468421797207338,-0.9500229545047325
0.1500000000000001,-0.3879041959774919,0.7020214128969621,-1.1063412407241966,-0.4266781454201547,0.8577393030541747,0.038773949442662825,0.28069928372593456,-3.1028335957717137,13.276672356922688,16.28884176739142,16.3795059526944,-1.0145587149182553
0.1520000000000001,-0.3865023750651132,0.699794887672688,-1.1201766585705477,-0.42496411810995843,0.8570136550981412,0.03846174304484523,0.13498999723406957,-3.2908651516392777,12.999956335210722,16.20245909680035,16.29082148685,-1.076038001951678
0.1540000000000001,-0.385105034844628,0.6975407357444896,-1.1339678537604683,-0.42325190612442765,0.8561059927653841,0.038146871279799655,-0.0017902817365325063,-3.469827436370126,12.732585080666274,16.11625073547938,16.2024125170364,-1.1345532344377456
0.1560000000000001,-0.38371223048063535,0.695259046102425,-1.1477142818411863,-0.421541784703564,0.8550607104318044,0.03782955422292866,-0.13154416463453034,-3.641621549572505,12.472705610980093,16.030230364884304,16.114327160552598,-1.1907261872458264
0.1580000000000001,-0.3823240169586668,0.6929499088236943,-1.161415400127259,-0.41983398611642403,0.8538992935699817,0.03750996915775723,-0.25639595912593993,-3.8083702466775637,12.21818557264528,15.944410462988598,16.026555819322844,-1.2452510901835987
0.16000000000000011,-0.38094044908301516,0.6906134150690837,-1.1750706677219964,-0.41812873384566535,0.8526261353793387,0.03718828476265018,-0.3773573597490305,-3.9710836018879854,11.96799508667915,15.858802842986556,15.939078688567134,-1.2984583535981977
0.16200000000000012,-0.3795615814745711,0.6882496570793656,-1.188679545538815,-0.4164262665956134,0.8512336250259726,0.036864685121042295,-0.4946053634910763,-4.12993696393488,11.721954467033608,15.77341902479613,15.85189143096849,-1.3504054465883528
0.16400000000000012,-0.37818746856866686,0.6858587281716584,-1.2022414963225212,-0.4147268828945209,0.8496918505462409,0.03653941432585406,-0.6077265567718388,-4.28451527618844,11.480486517050945,15.688270466266985,15.765001793239385,-1.4009567722669707
0.16600000000000012,-0.37681816461292705,0.683440722735741,-1.2157559846705202,-0.41303095046827953,0.8479662131206894,0.03621278585535248,-0.7152045453141147,-4.433300532540686,11.24512586261569,15.603368953816029,15.678426395156377,-1.4496160596165109
0.16800000000000012,-0.3754537236651272,0.680995736230328,-1.229222477053952,-0.41133887369379635,0.8460383872415801,0.035885150028669155,-0.8152800756110938,-4.5745319551532955,11.017668709891316,15.5187266044673,15.592200665044611,-1.495807591897984
0.17000000000000012,-0.3740941995910597,0.6785238651793002,-1.2426404418387553,-0.40965106959856573,0.8439020476153052,0.035556870007506014,-0.9069830507757244,-4.707238027801571,10.79912628041768,15.43435546422818,15.50636430821925,-1.5392136522600894
0.17200000000000013,-0.37273964606240706,0.676025207167894,-1.2560093493066564,-0.4079679512488088,0.8415591748784544,0.03522830518640174,-0.9899281163679183,-4.831032046824021,10.589911299270826,15.35026722920896,15.420943346094846,-1.5797076901510796
0.17400000000000013,-0.3713901165546233,0.6734998608388494,-1.2693286716760792,-0.4062899169708866,0.839017138961092,0.03489980041626334,-1.0641371168475446,-4.945934550525888,10.39001899153073,15.266473068333468,15.335953542056618,-1.617296275881887
0.17600000000000013,-0.37004566434482256,0.6709479258885153,-1.282597883122983,-0.40461734390223797,0.8362865343243385,0.03457167955741541,-1.1298984620581023,-5.052232665811581,10.199170706695693,15.18298352317938,15.251403372507273,-1.6520731242161102
0.17800000000000013,-0.368706342509676,0.6683695030629141,-1.2958164598016206,-0.40295058460268113,0.8333796497784345,0.03424424209300514,-1.1876624400502749,-5.150375407125753,10.0169209784905,15.099808463055158,15.167296385616252,-1.6841848708604448
0.18000000000000013,-0.3673722039233164,0.6657646941537637,-1.3089838798652182,-0.4012899657376044,0.8303094325383692,0.03391776181428802,-1.2379669864732712,-5.2408994365879416,9.842733526309587,15.016957077633979,15.083632962897529,-1.7138068063806065
0.18200000000000013,-0.36604330125525075,0.66313360199446,-1.3220996234865785,-0.39963578810412664,0.8270888167388635,0.03359248684887589,-1.2813872368524981,-5.324378610426788,9.676032964381662,14.934437893792936,15.00041157480845,-1.7411263853184922
0.18400000000000014,-0.36471968696828094,0.6604763304560161,-1.3351631728786002,-0.3979883274843764,0.8237303098751179,0.03326864051609546,-1.3185026536491895,-5.4013911026186205,9.516238538796923,14.852258807057868,14.917629641415543,-1.766332480710034
0.18600000000000014,-0.3634014133164326,0.6577929844429624,-1.3481740123147226,-0.3963478359730553,0.8202457556605701,0.032946422656622676,-1.3498766154869042,-5.47249899235509,9.362785108975116,14.77042712102202,14.835284101330206,-1.7896087124808069
0.18800000000000014,-0.3620885323428924,0.655083669889205,-1.361131628149282,-0.39471454354539337,0.8166462138309507,0.03262601120250097,-1.376044548524403,-5.538236394761388,9.215135379010125,14.688949590320549,14.753371773771512,-1.8111295681606998
0.19000000000000014,-0.36078109587795293,0.6523484937538432,-1.3740355088377934,-0.393088659715375,0.8129419150091981,0.03230756383742206,-1.3975077351185066,-5.59910326961298,9.07278630909714,14.607832464326098,14.67188957871012,-1.8310583793553254
0.19200000000000014,-0.3594791555369673,0.6495875640169475,-1.3868851449571409,-0.3914703751914387,0.8091422619681428,0.03199121965447138,-1.4147307791172627,-5.655562887118262,8.93527177537069,14.5270815298258,14.590834662488952,-1.8495464934150583
0.19400000000000014,-0.3581827627183108,0.6468009896752965,-1.3996800292256937,-0.38985986347508783,0.8052558581754206,0.031677100756777044,-1.4281413430072396,-5.708041565807825,8.802162896496368,14.44670215167615,14.510204462304193,-1.8667331876310482
0.19600000000000015,-0.3568919686013522,0.6439888807380738,-1.4124196565233287,-0.38825728237270185,0.8012905511929891,0.03136531377134966,-1.4381312319314707,-5.756929757426928,8.673066974970624,14.366699310914036,14.429996732397552,-1.8827460236017959
0.19800000000000015,-0.355606824144433,0.6411513482225252,-1.4251035239113736,-0.3866627695513536,0.7972564106741424,0.031055945406920582,-1.4450582220579946,-5.802583876235225,8.547625670972325,14.28707764010679,14.35020954720755,-1.8977014448295904
0.20000000000000015,-0.3543273800828559,0.6382885041495756,-1.4377311306524627,-0.38507645744741115,0.7931560519712124,0.030749077364555233,-1.4493926224808806,-5.845472861848843,8.425368429552304,14.207841324736572,14.270841291401148,-1.9117527090616806
0.20200000000000015,-0.35305368692688166,0.6354004615394073,-1.4503019782303037,-0.38349846622402783,0.7889956116916568,0.030444779297146174,-1.4512408886673631,-5.8857015640985,8.306122202486101,14.128994444955659,14.191823766584601,-1.924934111825298
0.20400000000000015,-0.35178579495973505,0.6324873344069971,-1.462815570369359,-0.3819289049617995,0.7847806311141663,0.030143110002064433,-1.4508841325671007,-5.923549773377795,8.189692835868124,14.050540811319589,14.11324260924592,-1.9373370460091757
0.20600000000000016,-0.3505237542356202,0.6295492377576165,-1.4752714130544373,-0.38036787279217066,0.780516084814418,0.029844118556550447,-1.4485763911590235,-5.959270184901961,8.075821518553997,13.972483988805873,14.035091703455958,-1.9490440602837602
0.20800000000000016,-0.3492676145777437,0.6265862875822901,-1.487669014550198,-0.37881545989936805,0.7762064464013126,0.029547845321624355,-1.444545808168864,-5.9930895849718295,7.9642769539267535,13.894827322895704,13.957366538898583,-1.9601292445409195
0.21000000000000016,-0.3480174255763485,0.6235986008532175,-1.5000078854205614,-0.37727174841737526,0.7718557409963902,0.029254322841026748,-1.4389976567208969,-6.025211877275848,7.854851980624296,13.817573962500306,13.880063857900144,-1.9706592175168338
0.21200000000000016,-0.3467732365867558,0.620586295519155,-1.5122875385480328,-0.3757368132368626,0.7674675902563293,0.028963576650106793,-1.4321167336511866,-6.055820480133917,7.747360896732783,13.740726880320985,13.8031813768667,-1.98069390902415
0.21400000000000016,-0.34553509672741634,0.6175494905007594,-1.524507489152934,-0.37421072273261324,0.7630452521246627,0.028675626005196908,-1.4240694063413235,-6.085080375696495,7.641637195931,13.664288891013964,13.726717571627495,-1.9902872286374924
0.21600000000000016,-0.34430305487797175,0.614488305685893,-1.536667254812538,-0.37269353941990896,0.7585916563521465,0.02839048454193721,-1.4150054169885342,-6.1131399161375,7.537531596531965,13.588262667436888,13.650671512669465,-1.9994876551357976
0.21800000000000017,-0.3430771596773248,0.6114028619248905,-1.548766355480118,-0.3711853205470668,0.7541094364210577,0.02810816086974205,-1.4050594935344538,-6.140132436159721,7.434910302636226,13.512650755201093,13.575042738795947,-2.008338762790827
0.22000000000000017,-0.3418574595217188,0.6082932810257886,-1.560804313503896,-0.3696861186303988,0.7496009583340207,0.027828659108679987,-1.3943527969494607,-6.166177701584673,7.333653458612246,13.43745558571899,13.49983116019692,-2.0168796942059277
0.22200000000000017,-0.34064400256282745,0.6051596857495168,-1.5727806536459024,-0.3681959819371371,0.7450683466308591,0.027551979374309643,-1.382994226202661,-6.191383215415751,7.233653768545214,13.362679487908672,13.425036983960965,-2.025145586673399
0.22400000000000017,-0.3394368367058538,0.6020021998050509,-1.5846949031007345,-0.36671495492127365,0.740513507931721,0.027278118215419866,-1.3710815976367678,-6.215845398139198,7.134815258539335,13.288324698697256,13.350660656678533,-2.033167957511534
0.22600000000000017,-0.33823600960763883,0.5988209478445297,-1.5965465915142245,-0.36524307861676036,0.7359381522566442,0.02700706900912153,-1.358702712389805,-6.239650655940381,7.03705216410641,13.214393372446535,13.276702820046792,-2.0409750528366573
0.22800000000000017,-0.3370415686747802,0.5956160554583331,-1.608335251002007,-0.36378039099209025,0.7313438123350608,0.026738822317310063,-1.3459363232494281,-6.262876348248383,6.940287928108766,13.140887589410683,13.20316427635715,-2.0485921634882533
0.23000000000000018,-0.3358535610617608,0.5923876491701252,-1.6200604161679912,-0.362326927425913,0.7267317830886291,0.026473366364152207,-1.3328530106133583,-6.285591664303788,6.844454297188839,13.067809363323036,13.130045961492627,-2.0560419112658757
0.23200000000000018,-0.33467203366908693,0.5891358564318581,-1.6317216241227328,-0.36088272129567056,0.7221030651212146,0.02621068762658363,-1.3195121300387234,-6.30785457124885,6.749494352382834,12.99516065107225,13.057348923631684,-2.063343250194201
0.23400000000000018,-0.33349703314143697,0.5858608056187412,-1.643318414501709,-0.35944775541708457,0.7174829392930084,0.025950722275647597,-1.3059589355866734,-6.329708944886949,6.655366951921476,12.922943363923917,12.985075896808425,-2.0705105246703335
0.23600000000000018,-0.3323286058658199,0.582562626024173,-1.6548503294834924,-0.35802207732886565,0.7128390441094609,0.025693471463045736,-1.2934360961567197,-6.352396100283587,6.560836626914125,12.851158528617793,12.913232727197713,-2.0779497705039223
0.23800000000000018,-0.3311667979697438,0.5792414478546362,-1.6663169138078255,-0.3566057287177464,0.7081743055596339,0.025438930748002575,-1.2803535093286085,-6.374322419007055,6.467013853552225,12.779808346244607,12.84133627255928,-2.085140574901222
0.24000000000000019,-0.33001165531939514,0.5758974022245584,-1.6777177147935929,-0.3551987459078136,0.7034914049663945,0.025187090588418448,-1.2668489043465225,-6.395624997814113,6.37441931620863,12.708894899407564,12.770044314022742,-2.092127470660321
0.2420000000000002,-0.3288632235178277,0.5725306211511351,-1.6890522823566931,-0.3538011608447784,0.6987925315175838,0.02493793732695071,-1.2530489428890013,-6.4164297240253685,6.282889207541812,12.638420139973755,12.69931893156718,-2.098951390441748
0.2440000000000002,-0.32772154790316277,0.5691412375491182,-1.7003201690278067,-0.35241300184910096,0.6940794978387235,0.02469145394593819,-1.2390569315862257,-6.436839010651523,6.192289816849042,12.568385914434169,12.629128827500566,-2.1056456442598552
0.2460000000000002,-0.32658667354679866,0.5657293852255686,-1.7115209299700616,-0.3510342942339895,0.6893538075557288,0.024447620687190863,-1.224958335974483,-6.456937330262533,6.102511192115657,12.498793983708385,12.55944852237819,-2.112237720433192
0.2480000000000002,-0.3254586452516317,0.5622951988745744,-1.7226541229965944,-0.3496650608254554,0.6846167042670727,0.024206415573823692,-1.2108239713702664,-6.47679442323278,6.013463134500398,12.429646039270894,12.490257557733178,-2.1187503270241663
0.25000000000000017,-0.32433750755028756,0.5588388140719319,-1.7337193085880078,-0.3483053224030447,0.6798692112053679,0.02396781485275712,-1.1967123024969872,-6.4964676124647145,5.92507215180912,12.36094371644536,12.421539764273835,-2.125202142099518
0.25200000000000017,-0.323223304703363,0.5553603672697954,-1.7447160499097207,-0.3469550980734479,0.675112164798401,0.023731793370084853,-1.182671302242352,-6.51600367521992,5.837278929256264,12.292688605371293,12.353282604476185,-2.1316084200992544
0.25400000000000017,-0.3221160806976786,0.5518599957912884,-1.7556439128292156,-0.3456144055864875,0.6703462434802072,0.023498324888808875,-1.1687400242843573,-6.535440427022112,5.750036163358378,12.224882260014509,12.28547659038049,-2.1379815048937836
0.25600000000000017,-0.3210158792445421,0.548337837825083,-1.7665024659331763,-0.3442832616014795,0.665571992504013,0.02326738235693737,-1.1549499538993588,-6.554808082149157,5.66330669150937,12.15752620552457,12.218114773658527,-2.1443312705306594
0.2580000000000002,-0.3199227437780232,0.5447940324199453,-1.777291280544518,-0.3429616819108956,0.660789845291932,0.02303893813287239,-1.1413261722672567,-6.574130426213229,5.577061876946,12.090621944196288,12.15119230315923,-2.1506655011884
0.2600000000000002,-0.31883671745323827,0.5412287194792443,-1.7880099307393147,-0.34164968162737847,0.6560001417585806,0.022812964174140193,-1.1278883591786197,-6.593425825899926,5.491280218331328,12.02417096025628,12.084706044231254,-2.156990218452248
0.2620000000000002,-0.31775784314464706,0.5376420397554302,-1.7986579933636089,-0.3403472753394028,0.6512031439878392,0.022589432194755732,-1.1146516544306904,-6.612708096304071,5.40594615745525,11.958174723664467,12.01865425375932,-2.163309962519204
0.2640000000000002,-0.3166861634443599,0.5340341348444773,-1.8092350480501207,-0.3390544772402046,0.6463990495990952,0.022368313795844696,-1.101627395503451,-6.6319872435896405,5.321049061240548,11.892634693093939,11.953036304830189,-2.1696280330611666
0.2660000000000002,-0.31562172066045646,0.5304051471802936,-1.8197406772348421,-0.33777130123399796,0.6415880031033129,0.022149580573541494,-1.0888237471309852,-6.651270098712539,5.236582356431255,11.827552318228486,11.887852455143793,-2.1759466948317865
0.2680000000000002,-0.31456455681531514,0.5267552200290984,-1.8301744661735215,-0.3364977610229634,0.6367701055172709,0.02193320420764827,-1.0762462367310457,-6.67056085628013,5.1525427973436395,11.762929041497024,11.82310365362377,-2.182267352565254
0.2700000000000002,-0.31351471364395433,0.5230844974837657,-1.8405360029580373,-0.3352338701780132,0.6319454224751179,0.02171915653405887,-1.0638982081869317,-6.689861531141579,5.068929848963178,11.698766299345403,11.758791380104757,-2.1885906992375386
0.2720000000000002,-0.312472232592385,0.5193931244581366,-1.8508248785326582,-0.33397964219591414,0.6271139910495291,0.02150740960352915,-1.0517812051336621,-6.709172343949755,4.985745169489709,11.635065523130955,11.694917513439464,-2.1949168413241535
0.2740000000000002,-0.31143715481597395,0.5156812466812972,-1.8610406867101947,-0.3327350905449742,0.6222758254699773,0.02129793572900024,-1.0398952936623234,-6.7284920456880295,4.902992178160383,11.571828139710995,11.631484223848412,-2.201245404285733
0.2760000000000002,-0.31040952117781945,0.5119490106918266,-1.8711830241880318,-0.33150022870116846,0.6174309219028549,0.021090707523349017,-1.0282393332126345,-6.747818190001633,4.820675695805933,11.509055571784918,11.568493885807566,-2.207575621140539
0.2780000000000002,-0.3093893722471379,0.5081965638320111,-1.8812514905640527,-0.33027507017629376,0.6125792624373417,0.020885697929155844,-1.0168112033687011,-6.767147361109965,4.7388016471102485,11.44674923803947,11.505949008220213,-2.2139064066395986
0.2800000000000002,-0.3083767482976625,0.5044240542420273,-1.8912456883524444,-0.32905962853948983,0.6077208184019575,0.02068288024182735,-1.0056079933052802,-6.786475364100787,4.657376814939945,11.384910553137942,11.443852179040732,-2.2202364192450736
0.2820000000000002,-0.30737168930605263,0.5006316308540945,-1.9011652229993914,-0.3278539174332506,0.6028555531196256,0.020482228127197966,-0.9946261597498971,-6.80579738351803,4.576408638384976,11.323540927587025,11.382206021903006,-2.2265641128252183
0.2840000000000002,-0.30637423495031646,0.49681944338659406,-1.9110097028986506,-0.32665795058486313,0.5979834241937264,0.020283715634546673,-0.9838616585284683,-6.825108115350955,4.495905047303467,11.262641767508656,11.321013162654422,-2.23288777971937
0.2860000000000002,-0.30538442460824405,0.49298764233815995,-1.9207787394070122,-0.3254717418140552,0.5931043854039585,0.02008731720581114,-0.9733100540442026,-6.844401876808898,4.41587432719746,11.2022144743392,11.260276204006358,-2.2392055865924547
0.2880000000000002,-0.3044022973558529,0.48913637898173634,-1.9304719468596419,-0.32429530503749765,0.5882183882787597,0.01989300768164476,-0.9629666104007306,-6.863672697621656,4.336325009164003,11.142260444473873,11.199997706785659,-2.245515604290249
0.2900000000000002,-0.3034278919658452,0.48526580535860625,-1.9400889425853072,-0.32312865427069676,0.5833253834004519,0.01970076230485157,-0.9528263673142083,-6.882914396035101,4.257265780475599,11.082781068870998,11.1401801765107,-2.251815832722005
0.2920000000000002,-0.30246124690607734,0.48137607427238865,-1.9496293469214834,-0.32197180362771666,0.5784253214900593,0.019510556721639316,-0.9428842034618752,-6.902120642170395,4.178705412053208,11.023777732627424,11.080826054223603,-2.258104221634853
0.2940000000000002,-0.3015024003380411,0.4774673392830067,-1.9590927832293432,-0.3208247673190951,0.573518154310782,0.019322366981053996,-0.933134889480808,-6.921285010977712,4.1006526997108335,10.965251814534422,11.021937710688546,-2.264378688002949
0.2960000000000002,-0.30055139011535714,0.47353975470062487,-1.9684788779086253,-0.3196875596482506,0.5686038354222729,0.019136169532893432,-0.9235731324556316,-6.940401026637829,4.023116416582171,10.907204686621217,10.96351744322,-2.2706371306319104
0.2980000000000002,-0.29960825378228073,0.4695934755795574,-1.9777872604123836,-0.31856019500662647,0.5636823208120478,0.018951941224345736,-0.9141936134109878,-6.95946219993908,3.9461052745958805,10.849637713691763,10.90556747453496,-2.2768774424737614
0.3000000000000002,-0.29867302857221945,0.46562865771214684,-1.9870175632616147,-0.3174426878677756,0.558753569425443,0.01876965929555613,-0.9049910190500858,-6.97846205988058,3.8696278932533383,10.792552252859302,10.848089953133918,-2.2830975210579814
0.3020000000000002,-0.297745751406263,0.4616454576226137,-1.9961694220597672,-0.31633505278055274,0.5538175436114147,0.018589301374289713,-0.8959600687477813,-6.9973941805179996,3.7936927742909257,10.735949653082042,10.791086954808925,-2.289295277368232
0.3040000000000002,-0.29682645889172643,0.4576440325608773,-2.0052424755071265,-0.3152373043615566,0.5488742094980618,0.018410845469830184,-0.8870955376121197,-7.016252203871869,3.7183082810832024,10.679831254702659,10.734560484955072,-2.2954686434308402
0.3060000000000002,-0.29591518732070393,0.45362454049634765,-2.0142363654150777,-0.31414945728693877,0.5439235373089295,0.01823426996623484,-0.8783922762654441,-7.035029859554363,3.643482621872865,10.624198388993705,10.678512481427228,-2.3016155788279318
0.3080000000000002,-0.2950119726686368,0.4495871401116887,-2.0231507367202477,-0.313071526283681,0.5389655016288698,0.018059553615044188,-0.8698452278634621,-7.05372098163662,3.569223836101627,10.569052377710461,10.622944817738247,-2.307734076304776
0.3100000000000002,-0.29411685059289305,0.44553199079655464,-2.0319852374985206,-0.31200352612042825,0.5340000816263806,0.0178866755275352,-0.8614494427612032,-7.0723195231683444,3.495539783271166,10.514394532652567,10.56785930643951,-2.3138221666051337
0.3120000000000002,-0.29322985643135946,0.4414592526412969,-2.040739518978933,-0.3109454715979525,0.5290272612378835,0.017715615166593035,-0.8532000911473965,-7.090819568673212,3.422438133888522,10.460226155235235,10.513257702561734,-2.3198779226398694
0.3140000000000002,-0.2923510252010467,0.43736908643064426,-2.0494132355574424,-0.309897377539316,0.5240470293182421,0.01754635233826929,-0.8450924738991645,-7.109215344873357,3.349926362150484,10.406548536070948,10.459141707023841,-2.3258994630713
0.3160000000000002,-0.29148039159670713,0.4332616536373551,-2.058006044810569,-0.30885925877979414,0.5190593797609364,0.01737886718308701,-0.8371220318538555,-7.127501229840606,3.2780117401016593,10.353362954562124,10.405512969942265,-2.331884955377793
0.3180000000000002,-0.2906179899894645,0.429137116415843,-2.0665176075089176,-0.3078311301566129,0.5140643115906315,0.017213140167148422,-0.8292843536526799,-7.145671760729831,3.206701333062746,10.30067067850531,10.352373093792577,-2.3378326184493132
0.32000000000000023,-0.2897638544254576,0.42499563759577536,-2.0749475876305663,-0.30681300649855214,0.5090618290303809,0.017049152073094542,-0.8215751822792665,-7.163721640217324,3.1360019961736585,10.248472963707176,10.299723636390983,-2.3437407247543254
0.32200000000000023,-0.2889180186244962,0.4208373806756445,-2.0832956523743347,-0.30580490261546145,0.5040519415453418,0.016886883990965273,-0.813990420392094,-7.1816457417435915,3.065920371932042,10.196771053612661,10.247566113675633,-2.3496076021105345
0.32400000000000023,-0.2880805159787291,0.4166625098163136,-2.091561472172921,-0.30480683328773217,0.4990346638646263,0.01672631730900309,-0.8065261345330352,-7.1994391136421,2.996462888635069,10.145566178945602,10.195902002277169,-2.3554316350865014
0.32600000000000023,-0.28725137955132696,0.41247118983453573,-2.099744720705913,-0.30381881325576665,0.49401001598274635,0.016567433704439694,-0.7991785582829234,-7.217096982224822,2.927635759650812,10.094859557361865,10.144732741875634,-2.3612112660574285
0.32800000000000024,-0.2864306420751761,0.40826358619644687,-2.10784507491267,-0.3028408572094827,0.48897802314200206,0.01641021513430657,-0.791944094426567,-7.234614753886375,2.8594449834596256,10.044652393115248,10.094059737346,-2.3669449959356665
0.33000000000000024,-0.2856183359515868,0.4040398650110343,-2.1158622150050785,-0.30187297977788846,0.48393871579710307,0.01625464382630165,-0.7848193161858807,-7.251988016284893,2.7918963444141065,9.994945876736256,10.043884360699,-2.372631384595228
0.33200000000000024,-0.284814493249014,0.399800193023578,-2.123795824480175,-0.3009151955187619,0.4788921295632824,0.016100702269747913,-0.7778009675767974,-7.269212538654842,2.7249954141719064,9.94574118472382,9.994207952826748,-2.3782690510086093
0.33400000000000024,-0.2840191457017911,0.3955447376090688,-2.131645590132642,-0.29996751890846357,0.47383830514915193,0.015948373206672473,-0.7708859629446847,-7.286284271305746,2.658747553758735,9.897039479249889,9.945031825064481,-2.3838566731139297
0.33600000000000024,-0.2832323247088774,0.3912736667656,-2.1394112020671723,-0.2990299643319125,0.4687772882755482,0.015797639623035098,-0.7640713857333905,-7.3031993443614205,2.5931579162195995,9.848841907877116,9.89635726058102,-2.389392987430487
0.33800000000000024,-0.2824540613326185,0.3869871491077349,-2.147092353710704,-0.2981025460727492,0.46370912958162414,0.015648484740130697,-0.7573544865432078,-7.3199540657944615,2.528231449816798,9.80114960328939,9.84818551561126,-2.3948767884409037
0.34000000000000025,-0.2816843862975199,0.38268535385985125,-2.154688741824522,-0.29718527830371033,0.4586338845194428,0.015500892006190425,-0.7507326805336678,-7.336544918811268,2.4639729017326895,9.753963683035225,9.800517820543957,-2.400306927758212
0.34200000000000025,-0.280923329989034,0.37836845084945947,-2.162200066516231,-0.29627817507723364,0.4535516132383318,0.01535484508819962,-0.7442035442283981,-7.352968558644287,2.4003868222337115,9.707285249283988,9.753355380877998,-2.4056823130966807
0.34400000000000025,-0.28017092245236086,0.37403661050049886,-2.169626031251593,-0.2953812503163131,0.4484623804602452,0.015210327863952267,-0.7377648117790345,-7.369221808807997,2.3374775692521164,9.66111538859457,9.706699378060113,-2.4110019070650623
0.34600000000000025,-0.2794271933912616,0.3696900038266088,-2.1769663428662365,-0.2944945178056184,0.4433662553473677,0.01506732441435682,-0.7314143707456076,-7.385301656875522,2.2752493133403364,9.615455171696704,9.660550970215859,-2.416264725801121
0.34800000000000025,-0.27869217216688613,0.3653288024243784,-2.1842207115772267,-0.29361799118289206,0.43826331136316893,0.014925819016005926,-0.7251502574506601,-7.401205249832726,2.213706042953037,9.570305653284336,9.614911292785763,-2.4214698374661894
0.35000000000000026,-0.2779658877966138,0.36095317846657127,-2.191388850994509,-0.2927516839306359,0.4331536261280826,0.014785796134022089,-0.7189706519634642,-7.416929889065744,2.1528515700112036,9.525667871821092,9.569781459076948,-2.426616360618263
0.35200000000000026,-0.27724836895290794,0.35656330469532915,-2.198470478132213,-0.291895609368094,0.4280372812709438,0.014647240415186058,-0.7128738727694461,-7.432473025036554,2.0926895357036788,9.481542849357364,9.525162560740233,-2.43170346248168
0.35400000000000026,-0.276539643962184,0.35215935441535207,-2.205465313419824,-0.2910497806435395,0.4229143622772667,0.014510136681355479,-0.7068583711787086,-7.44783225170032,2.033223416481394,9.43793159135896,9.481055668181714,-2.436730357131052
0.35600000000000026,-0.27583974080369095,0.34774150148705585,-2.212373080713223,-0.2902142107268687,0.41778495833539253,0.014374469923177757,-0.7009227255250288,-7.463005300715425,1.9744565302015964,9.39483508654671,9.437461830917021,-2.4416963036062906
0.35800000000000026,-0.2751486871084071,0.34330992031970975,-2.2191935073055853,-0.2893889124029309,0.4126491619689026,0.01424022529452379,-0.6950656352049283,-7.477990035495558,1.9163920423800134,9.352254306746937,9.394382077875571,-2.4466006039749684
0.36000000000000026,-0.2744665101579492,0.33886478586455016,-2.2259263239381464,-0.28857389826349455,0.4075070697181693,0.014107388105545349,-0.689285904124783,-7.492784434671547,1.8590329829899837,9.310190206751892,9.35181741766153,-2.4514425979289567
0.36200000000000027,-0.273793236883495,0.33440627360787406,-2.2325712648108356,-0.2877691807018687,0.4023587808129385,0.013975943818373693,-0.6835824757256779,-7.507386627134577,1.8023822117924047,9.268643724191046,9.309768838926981,-2.4562216742555876
0.36400000000000027,-0.2731288938647207,0.3299345595641114,-2.2391280675927634,-0.28697477190656406,0.3972043976523083,0.01384587804184334,-0.6779543692464038,-7.5217948283103215,1.7464424816654844,9.227615779411945,9.268237309975806,-2.460937249996528
0.36600000000000027,-0.272473507328751,0.32544982026887537,-2.2455964734325846,-0.28619068385535856,0.3920440256027417,0.013717176526607588,-0.6724007045677656,-7.536007365027362,1.6912164147226312,9.187107275369591,9.227223779749993,-2.465588778587474
0.36800000000000027,-0.27182710314912417,0.32095223277199453,-2.251976226968712,-0.28541692830942156,0.38687777296849235,0.013589825160297386,-0.6669206936307619,-7.550022666953833,1.6367065105692173,9.147119097524918,9.18672917752305,-2.4701757470616656
0.3700000000000003,-0.2711897068447705,0.3164419746305221,-2.258267076339399,-0.2846535168088561,0.3817057502827318,0.013463809964085582,-0.6615136402787538,-7.5638392664595795,1.5829151466000457,9.10765211375191,9.146754413059625,-2.4746976760092556
0.3720000000000003,-0.27056134357900463,0.3119192239017268,-2.264468773192685,-0.2839004606669638,0.37652807094614293,0.013339117087959151,-0.6561789066061516,-7.577455764984017,1.5298446116562934,9.06870717425215,9.10730037664031,-2.479154108578271
0.3740000000000003,-0.26994203815853235,0.30738415913606304,-2.2705810726961966,-0.2831577709656505,0.3713448506566385,0.01321573280711813,-0.6509159454573483,-7.590870865560669,1.4774970739642264,9.030285111477092,9.068367939524896,-2.483544621117863
0.3760000000000003,-0.2693318150324712,0.30283695937012256,-2.2766037335468163,-0.2824254585510217,0.36615620731439236,0.013093643518550468,-0.6457242735873319,-7.6040833459957415,1.4258746075158673,8.992386740057846,9.029957953511609,-2.4878688144075993
0.3780000000000003,-0.2687306982913854,0.298277804119566,-2.2825365179802053,-0.2817035340292061,0.3609622609077993,0.01297283573782071,-0.6406034680340298,-7.617092055263186,1.3749791960303028,8.955012856741567,8.992071251293488,-2.4921263124807047
0.3800000000000003,-0.2681387116663346,0.29370687337203627,-2.288379191780193,-0.2809920077624159,0.35576313339511073,0.012853296096081324,-0.6355531615171808,-7.629895908926109,1.3248127375635832,8.918164240334018,8.954708646489692,-2.496316761128623
0.3820000000000003,-0.26755587852793705,0.2891243475800527,-2.2941315242880216,-0.2802908898652406,0.3505589485876563,0.012735011337303537,-0.6305730375832503,-7.642493884304194,1.2753770493840015,8.881841651648166,8.917870933688196,-2.5004398263223044
0.3840000000000003,-0.2669822218854472,0.28453040765388665,-2.299793288411454,-0.27960019020116667,0.3453498320369653,0.012617968315719486,-0.6256628257860442,-7.654885015676924,1.2266738728124595,8.846045833458156,8.881558888489383,-2.50449519264499
0.3860000000000003,-0.2664177643858469,0.27992523495442057,-2.305364260633737,-0.2789199183793133,0.34013591092669015,0.01250215399346638,-0.6208222970176394,-7.667068389637148,1.178704877909853,8.810777510458493,8.845773267547,-2.508482561773988
0.3880000000000003,-0.2658625283129519,0.2753090112859872,-2.3108442210224256,-0.27825008375137394,0.33491731396967206,0.012387555438422071,-0.6160512590357277,-7.679043140641031,1.1314716679651404,8.776037389227918,8.810514808606172,-2.5124016510265417
0.3900000000000003,-0.2653165355865314,0.27068191888919285,-2.3162329532380674,-0.2775906954090385,0.32969417116769867,0.012274159822507125,-0.6113495522058141,-7.6908084467727935,1.0849757837656497,8.741826158197664,8.775784230538443,-2.516252191975812
0.3920000000000003,-0.26477980776144355,0.2660441404337226,-2.3215302445427417,-0.2769417621804805,0.32446661427901274,0.012161954419036947,-0.6067170384384974,-7.70236351870449,1.0392187146698548,8.708144487623493,8.741582233374345,-2.5200339268402807
0.3940000000000003,-0.2642523660267838,0.26139585901112833,-2.3267358858084575,-0.27630329262858355,0.31923477594847693,0.012050926601799739,-0.6021536249247159,-7.713707623455112,0.9942018749605159,8.674993029562199,8.707909498415628,-2.52374661625802
0.3960000000000003,-0.2637342312050487,0.2567372581276018,-2.331849671525412,-0.2756752950482586,0.3139987901624643,0.01194106384320992,-0.59765922213347,-7.724840042406185,0.9499266455368458,8.642372417851067,8.67476668794303,-2.5273900255531827
0.3980000000000003,-0.26322542375131386,0.2520685216967289,-2.3368713998101005,-0.2750577774648953,0.30875879168167053,0.011832353713581434,-0.5932337667754073,-7.735760094291157,0.9063943514014401,8.610283268090472,8.642154445692597,-2.530963932257403
0.4000000000000003,-0.2627259637524263,0.24738983403223005,-2.3418008724132893,-0.2744507476316975,0.3035149165988923,0.011724783879271228,-0.5888771945645699,-7.74646710797717,0.8636062885970022,8.578726177628738,8.610073396574172,-2.534468117206321
0.4020000000000003,-0.26223587092621153,0.24270137984068268,-2.346637894727841,-0.27385421302787216,0.29826730191268425,0.011618342101660628,-0.5845894682171942,-7.756960450488891,0.8215636964785107,8.547701725549826,8.578524146967402,-2.5379023737080915
0.4040000000000003,-0.26175516462069526,0.23800334421423053,-2.351382275796396,-0.2732681808568847,0.2930160854937312,0.011513016236189444,-0.5803705571598803,-7.767239506734769,0.7802677776658973,8.517210472663532,8.547507284400666,-2.5412665009123336
0.4060000000000003,-0.2612838638133392,0.23329591262327584,-2.3560338283189144,-0.2726926580448096,0.2877614060375498,0.011408794231470398,-0.5762204364337089,-7.777303678432871,0.7397196993394584,8.487252961497529,8.517023377772329,-2.5445603034592867
0.4080000000000003,-0.2608219871102923,0.2285792709091573,-2.360592368660066,-0.27212765123901717,0.28250340289620174,0.011305664128724857,-0.5721390849150128,-7.787152382352617,0.6999205950019762,8.457829716291254,8.487072977354593,-2.5477835909052406
0.4100000000000003,-0.260369552745656,0.2238536052768139,-2.365057716856485,-0.2715731668060312,0.27724221649297287,0.011203614060375233,-0.5681264775570058,-7.796785042577153,0.6608715722312963,8.428941242990938,8.45765661480845,-2.550936175191575
0.4120000000000003,-0.2599265785807642,0.21911910228743273,-2.36942969662387,-0.27102921083077197,0.2719779876296203,0.011102632250007793,-0.5641826063063835,-7.806201111441466,0.6225736918185429,8.400588029246855,8.428774803260008,-2.5540178774954216
0.4140000000000003,-0.25949308210347843,0.21437594885108527,-2.373708135363946,-0.27049578911499444,0.26671085788877547,0.01100270701151601,-0.5603074465951501,-7.8154000360405895,0.5850280010504569,8.372770544411104,8.400428037091046,-2.5570285172737197
0.4160000000000003,-0.25906908042749754,0.2096243322193476,-2.3778928641712764,-0.2699729071766293,0.2614409691825763,0.010903826749131762,-0.5565009775505674,-7.824381278462354,0.5482355138147827,8.345489239536683,8.372616792277137,-2.559967918882321
0.4180000000000003,-0.2586545902916815,0.20486443997790824,-2.3819837178399346,-0.2694605702481366,0.25616846424635215,0.010805979956455103,-0.5527631602796195,-7.833144294089706,0.5121972320967689,8.318744547376667,8.345341526186475,-2.5628359044779625
0.4200000000000003,-0.25824962805939117,0.2000964600391628,-2.385980534870022,-0.26895878327552747,0.2508934863045558,0.010709155216136301,-0.5490939625666149,-7.841688556320173,0.4769141214708883,8.292536882384628,8.31860267779106,-2.5656323021053455
0.4220000000000003,-0.2578542097178422,0.19532058063479488,-2.3898831574740456,-0.2684675509173975,0.24561617906497596,0.010613341199555315,-0.545493342963459,-7.850013540672064,0.44238712676412817,8.266866640715563,8.292400667436192,-2.568356940498362
0.4240000000000003,-0.25746835087747344,0.19053699030834592,-2.393691431583148,-0.26798687754419914,0.24033668659917554,0.010518526666725703,-0.5419612509353673,-7.858118724948868,0.4086171720491443,8.241734200227242,8.266735896998012,-2.5710096491340892
0.4260000000000003,-0.25709206677133145,0.18574587790777117,-2.397405206853187,-0.2675167672367631,0.23505515371801902,0.010424700465431647,-0.5384976213995571,-7.866003583796145,0.3756051660889437,8.217139920481538,8.241608749885089,-2.5735902564521247
0.4280000000000003,-0.25672537225446834,0.18094743257798465,-2.401024336670675,-0.26705722378596947,0.2297717253968264,0.010331851531501124,-0.5351023936255404,-7.873667607620468,0.34335198346939766,8.19308414274662,8.217019591089866,-2.5760985960443605
0.4300000000000003,-0.2563682818033557,0.17614184375339142,-2.404548678158563,-0.2666082506916952,0.22448654713712995,0.010239968888339501,-0.5317754834378396,-7.881110274806256,0.3118584922279677,8.169567189998768,8.192968767034223,-2.578534497566241
0.43200000000000033,-0.2560208095153131,0.17132930115040998,-2.4079780921818847,-0.26616985116251507,0.2191997645900486,0.010149041647201984,-0.5285168013667212,-7.888331069886075,0.2811255359270284,8.146589366924381,8.169456605813103,-2.5808977926809495
0.43400000000000033,-0.2556829691079516,0.16650999475998188,-2.411312443353246,-0.26574202811451414,0.2139115240004555,0.010059059006562565,-0.5253262345457168,-7.895329465453259,0.25115395159276677,8.124150959921312,8.146483417046026,-2.58318830914225
0.43600000000000033,-0.2553547739186319,0.1616841148400714,-2.4145516000381715,-0.26532478417065236,0.2086219719309004,0.009970010252020434,-0.5222036689257976,-7.90210494439472,0.22194454763365457,8.102252237100538,8.124049492028375,-2.5854058780678555
0.43800000000000033,-0.25503623690393823,0.15685185190815476,-2.417695434360302,-0.2649181216602916,0.2033312551803761,0.009881884756353376,-0.5191489761626178,-7.908656986791353,0.19349811676953976,8.080893448287664,8.102155103560893,-2.587550329654528
0.44000000000000034,-0.2547273706391664,0.15201339673369801,-2.420743822206442,-0.2645220426180352,0.19803952112821618,0.009794671978868796,-0.5161620100041295,-7.914985066321347,0.16581543974016189,8.060074825023872,8.08080050606151,-2.5896214920012777
0.44200000000000034,-0.2544281873178278,0.14716894033062683,-2.4236966432314584,-0.2641365487833895,0.19274691732285545,0.009708361465561699,-0.5132426236062049,-7.9210886675917935,0.1388972680022187,8.039796580567174,8.059985935594012,-2.5916191967796145
0.44400000000000034,-0.25413869875116757,0.14231867394978498,-2.4265537808630335,-0.2637616416007192,0.18745359133514178,0.009622942849551619,-0.5103906497622619,-7.926967266379891,0.11274434336990691,8.020058909893109,8.039711609749798,-2.593543272769958
0.44600000000000034,-0.25385891636769864,0.13746278907138423,-2.4293151223062655,-0.26339732221758505,0.18215969156706324,0.009538405849886411,-0.5076058940165851,-7.932620322761947,0.08735740503435352,8.000861989694176,8.0199777277963,-2.595393543613071
0.44800000000000034,-0.25358885121275043,0.13260147739744507,-2.4319805585481227,-0.26304359148508283,0.17686536625112154,0.009454740272332396,-0.5048881748199374,-7.938047321285662,0.06273714943249331,7.982205978380186,8.000784470718155,-2.597169840952598
0.45000000000000034,-0.2533285139480329,0.1277349308442282,-2.4345499843617464,-0.2627004499569974,0.17157076404272056,0.009371936008964465,-0.5022372748141244,-7.9432477222620586,0.03888427869528588,7.9640910160771305,7.982132000957344,-2.5988719885008447
0.45200000000000035,-0.25307791485121556,0.12286334153465883,-2.4370232983106046,-0.26236789788883647,0.16627603408046127,0.009289983037620908,-0.4996529702552337,-7.948220991206506,0.015799471529731157,7.946517224625843,7.964020462736237,-2.600499811669556
0.45400000000000035,-0.25283706381552146,0.11798690179074141,-2.4394004027524976,-0.26204593523770414,0.1609813255661681,0.009208871422182685,-0.4971350344424783,-7.952966602278387,-0.006516620412966745,7.929484707580722,7.94644998186542,-2.6020531386958545
0.45600000000000035,-0.2526059703493372,0.1131058041259674,-2.441681203843413,-0.26173456166157655,0.15568678806378777,0.009128591312239365,-0.4946832174998175,-7.957484018072285,-0.028063352338420167,7.912993550207579,7.929420665733865,-2.603531794031139
0.45800000000000035,-0.2523846435758371,0.10822024123771448,-2.4438656115412276,-0.2614337765191544,0.15039257121106692,0.009049132943317273,-0.49229726143279784,-7.96177270468868,-0.04884010125922966,7.897043819481123,7.91293260342945,-2.604935603271077
0.46000000000000035,-0.2521730922326233,0.10333040599964025,-2.4459535396092673,-0.26114357886898504,0.1450988250846884,0.00897048663636174,-0.48997688635899905,-7.965832117974232,-0.06884625232353425,7.8816355640815,7.896985865650698,-2.606264388654104
0.46200000000000035,-0.2519713246713805,0.09843649145406712,-2.4479449056197065,-0.26086396746915,0.13980569991750047,0.008892642797769523,-0.48772180884085614,-7.969661721867316,-0.08808121708664096,7.86676881439077,7.881580504780675,-2.607517975062957
0.46400000000000036,-0.25177934885754655,0.09353869080436165,-2.449839630956825,-0.2605949407763613,0.13451334639434964,0.008815591918814758,-0.48553172842644265,-7.97326097494698,-0.10654442015792398,7.852443582488573,7.866716554789056,-2.6086961856244235
0.46600000000000036,-0.2515971723699979,0.08863719740730731,-2.45163764082011,-0.26033649694583283,0.12922191526425073,0.008739324575834928,-0.483406342604745,-7.976629345398973,-0.12423531409755295,7.838659862147954,7.85239403130142,-2.6097988466055293
0.46800000000000036,-0.25142480240075027,0.08373220476547034,-2.453338864227212,-0.26008863383073433,0.12393155754926173,0.008663831429984059,-0.4813453281793425,-7.979766292396449,-0.1411533608697395,7.825417628830246,7.8386129315267095,-2.610825781322414
0.47000000000000036,-0.25126224575467493,0.07882390651956174,-2.4549432340167434,-0.25985134898155987,0.1186424245872149,0.008589103226884942,-0.4793483519078663,-7.982671276750314,-0.15729804240810896,7.812716839679416,7.825373234342205,-2.6117768136241417
0.47200000000000036,-0.25110950884923,0.07391249644079188,-2.456450686850932,-0.25962463964598786,0.11335466778599097,0.008515130796757864,-0.477415073036342,-7.985343763451489,-0.17266886321274022,7.800557433516262,7.812674900238749,-2.6126517687245885
0.47400000000000037,-0.2509665977142068,0.068998168423221,-2.4578611632181206,-0.2594085027682139,0.10806843888698058,0.008441905054007104,-0.4755451316342727,-7.987783210013181,-0.18726533870405415,7.7889393308315995,7.800517871309127,-2.6134504693884533
0.47600000000000037,-0.2508335179914925,0.06408111647610473,-2.4591746074351177,-0.25920293498815783,0.10278389002803981,0.008369416996665324,-0.4737381619369758,-7.9899890798224735,-0.20108700853428374,7.777862433779273,7.78890207128819,-2.6141727402989607
0.47800000000000037,-0.2507102749348465,0.059161534716234275,-2.460390967649395,-0.2590079326412079,0.0975011734749617,0.008297657706361428,-0.4719937959101088,-7.991960845710827,-0.21413344021616876,7.767326626169179,7.777827405494659,-2.6148184092263578
0.48000000000000037,-0.25059687340969367,0.05423961736027398,-2.4615101958411336,-0.25882349175817776,0.09222044151508398,0.008226618348484094,-0.4703116505019693,-7.993697977211115,-0.2264042163916713,7.757331773459681,7.7672937608194434,-2.615387302859225
0.4820000000000004,-0.25049331789293205,0.04931555871709341,-2.462532247825121,-0.2586496080641744,0.08694184700168299,0.008156290171242364,-0.46869132278645065,-7.995199935707803,-0.23789892994344886,7.7478777227489894,7.757301005764354,-2.615879245217245
0.4840000000000004,-0.2503996124727562,0.044389553180096616,-2.4634570832524947,-0.25848627697848336,0.08166554284553837,0.008086664505727148,-0.46713241714732767,-7.996466201629139,-0.24861721118654412,7.738964302767041,7.747848990442595,-2.6162940665471117
0.4860000000000004,-0.2503157608484956,0.039461795219547194,-2.4642846656123356,-0.25833349361397434,0.07639168225451598,0.008017732765478736,-0.46563452078034295,-7.997496249950694,-0.25855870345656573,7.73059132386658,7.738937546494128,-2.616631595308978
0.4880000000000004,-0.2502417663304688,0.03453247937489192,-2.4650149622331092,-0.2581912527770659,0.07112041845421932,0.007949486446597098,-0.46419721587255847,-7.998289562381169,-0.26772307523082794,7.722758578014212,7.730566487150341,-2.616891662162739
0.4900000000000004,-0.25017763183985264,0.029601800247079996,-2.465647944283956,-0.25805954896667677,0.06585190519456405,0.007881917126824123,-0.46282006629833106,-7.998845614061883,-0.27611000686958853,7.715465838780444,7.722735607192295,-2.6170740956165375
0.4920000000000004,-0.2501233599085671,0.02466995249088072,-2.4661835867758275,-0.25793837637410566,0.060586296285557235,0.00781501646553856,-0.461502642950399,-7.999163898903816,-0.28371921593395655,7.708712861330213,7.715444682969859,-2.617178730315742
0.4940000000000004,-0.250078952679175,0.019737130807199008,-2.466621868562476,-0.25782772888246763,0.05532374581902573,0.007748776203292618,-0.4602445014177512,-7.999243907265349,-0.29055043492374644,7.702499382412892,7.7086934723416025,-2.6172053997406466
0.4960000000000004,-0.25004441190479776,0.014803529935388231,-2.466962772341287,-0.2577276000666542,0.05006440790671215,0.007683188161856425,-0.45904519329838944,-7.999085137269673,-0.29660342255738037,7.696825120352096,7.702481714712293,-2.617153939908615
0.4980000000000004,-0.25001973894904594,0.009869344645563308,-2.4672062846539626,-0.25763798319234416,0.04480843715500539,0.007618244243298211,-0.4579042537616109,-7.998687082368568,-0.30187795136690543,7.691689775034734,7.696809131001663,-2.617024185305417
0.5000000000000003,-0.25000493478596575,0.0049347697309108035,-2.467352395887054,-0.2575588712158862,0.039555988228967914,0.007553936429920471,-0.45682122532260383,-7.998049255121051,-0.30637383147149766,7.687093027900641,7.691675423649554,-2.6168159766643493
0.5020000000000003,-0.25,-8.238753571591132e-16,-2.4674011002723395,-0.25749025678386267,0.03430721601177851,0.00749025678386267,-0.45579563691345015,-7.997171166262565,-0.3100908896843704,7.683034541931619,7.687080276578195,-2.6165291541191213
0.5040000000000003,-0.25000493478596575,-0.0049347697309124515,-2.467352395887054,-0.2574321322325794,0.029062275641643084,0.0074271974466136315,-0.4548270121373701,-7.996052332961874,-0.3130289777544242,7.679513961640353,7.68302335520745,-2.6161635599047064
0.5060000000000003,-0.25001973894904594,-0.009869344645564956,-2.4672062846539626,-0.25738448958803717,0.02382132227109294,0.007364750638991224,-0.4539148715478962,-7.994692281100436,-0.31518797466672765,7.676530913059349,7.679504306433708,-2.6157190391031513
0.5080000000000003,-0.25004441190479776,-0.01480352993538988,-2.4669627723412866,-0.25734732056501747,0.01858451150984769,0.007302908660219709,-0.4530587212611952,-7.993090533884165,-0.3165677752645122,7.674085003729184,7.676522758619653,-2.6151954359176894
0.5100000000000003,-0.250078952679175,-0.019737130807200656,-2.466621868562476,-0.2573206165669803,0.0133519990185866,0.007241663887805283,-0.45225807517255845,-7.9912466340614206,-0.31716831247731214,7.6721758226873895,7.674078321584108,-2.6145926009413327
0.5120000000000003,-0.25012335990856716,-0.02466995249088255,-2.4661835867758275,-0.25730436868566686,0.008123940656704704,0.007181008777099707,-0.4515124354942266,-7.9891601244569275,-0.31698953786786443,7.6708029404569675,7.672170586589063,-2.613910384788893
0.5140000000000003,-0.2501776318398527,-0.029601800247081648,-2.4656479442839556,-0.2572985677007238,0.0029004924715426202,0.0071209358608710915,-0.4508213004452628,-7.986830555661858,-0.316031429330736,7.669965909034726,7.670799126331122,-2.613148640612431
0.5160000000000003,-0.2502417663304688,-0.034532479374893565,-2.4650149622331092,-0.25730320407934126,-0.0023181893087406095,0.007061437748872468,-0.45018416418789187,-7.9842574859679685,-0.31429399103933253,7.669664261879763,7.669963494928636,-2.6123072240797685
0.5180000000000003,-0.2503157608484956,-0.03946179521954884,-2.464284665612335,-0.2573182679759029,-0.007531948280809609,0.007002507127407298,-0.44960051694203784,-7.981440481479805,-0.3117772535690193,7.669897513901828,7.669663227910785,-2.6113859934111447
0.5200000000000004,-0.2503996124727562,-0.04438955318009826,-2.4634570832524942,-0.25734374923164544,-0.012740627871263923,0.006944136758889219,-0.44906984517321025,-7.978379116299668,-0.3084812740933396,7.6706651614497,7.669897842206328,-2.610384809439725
0.5220000000000004,-0.25049331789293217,-0.049315558717095226,-2.4625322478251204,-0.2573796373743287,-0.017944071341623093,0.006886319481396508,-0.4485916318073473,-7.9750729727391025,-0.3044061366067501,7.671966682299674,7.6706668361323525,-2.609303535680772
0.5240000000000004,-0.2505968734096937,-0.054239617360275626,-2.461510195841133,-0.2574259216179154,-0.023142121793354925,0.006829048208221666,-0.44816535645259314,-7.971521641536865,-0.2995519521537924,7.673801535644035,7.671969689383072,-2.608142038402937
0.5260000000000004,-0.25071027493484654,-0.05916153471623591,-2.4603909676493947,-0.2574825908622614,-0.02833462217301208,0.00677231592741484,-0.44779049562013107,-7.967724722075537,-0.2939188590568511,7.676169162079619,7.673805863018686,-2.6069001866990846
0.5280000000000004,-0.25083351799149256,-0.06408111647610638,-2.4591746074351173,-0.2575496336928164,-0.033521415277502194,0.006716115701323855,-0.44746652294027367,-7.96368182259278,-0.28750702313852106,7.679068983596462,7.676174799454259,-2.605577852555421
0.5300000000000004,-0.25096659771420693,-0.06899816842322282,-2.45786116321812,-0.2576270383803354,-0.038702343759498284,0.006660440666128475,-0.4471929093729843,-7.959392560386705,-0.2803166379379398,7.6825004035666,7.6790759224487655,-2.604174910918643
0.5320000000000004,-0.25110950884923,-0.07391249644079351,-2.456450686850931,-0.2577147928806014,-0.043877250132991076,0.0066052840313713945,-0.44696912341220774,-7.954856562014502,-0.27234792492027804,7.686462806732971,7.682508637094224,-2.602691239760909
0.5340000000000004,-0.251262245754675,-0.07882390651956338,-2.454943234016743,-0.2578128848341594,-0.04904597677897969,0.006550639079484388,-0.44679463128392527,-7.950073463484354,-0.2636011336793471,7.690955559198462,7.686472329805007,-2.6011267201426094
0.5360000000000004,-0.25142480240075027,-0.08373220476547198,-2.4533388642272116,-0.25792130156606197,-0.05420836595129823,0.006496499165311698,-0.4466688971378696,-7.945042910440534,-0.2540765421332809,7.695978008415181,7.690966368307253,-2.5994812362729056
0.5380000000000004,-0.2515971723699979,-0.08863719740730895,-2.4516376408201097,-0.2580400300856271,-0.05936425978257397,0.006442857715629191,-0.4465913832333017,-7.939764558342044,-0.24377445671352138,7.701529483173875,7.695990101628523,-2.597754675568181
0.5400000000000004,-0.2517793488575466,-0.09353869080436347,-2.449839630956824,-0.25816905708620774,-0.06451350029031394,0.0063897082286611395,-0.4465615501185889,-7.9342380726347015,-0.2326952125470827,7.7076092935935705,7.701542860087619,-2.5959469287083046
0.5420000000000004,-0.2519713246713806,-0.09843649145406874,-2.4479449056197056,-0.258308368944974,-0.06965592938311449,0.006337044273593384,-0.44657885680497156,-7.928463128916855,-0.22083917363223904,7.714216731111495,7.707623955284616,-2.594057889690846
0.5440000000000004,-0.2521730922326234,-0.10333040599964187,-2.445953539609267,-0.25845795172270797,-0.07479138886699034,0.00628485949008456,-0.44664276093459687,-7.922439413098904,-0.2082067330077182,7.721351068473219,7.714232680091186,-2.5920874558832674
0.5460000000000004,-0.25238464357583723,-0.10822024123771612,-2.4438656115412267,-0.2586177911636116,-0.07991972045181997,0.006233147587774379,-0.446752718942931,-7.916166621556809,-0.19479831291566896,7.729011559723023,7.72136830864114,-2.5900355280731118
0.5480000000000004,-0.2526059703493373,-0.11310580412596903,-2.441681203843412,-0.25878787269512743,-0.0850407657579005,0.006181902345790136,-0.4469081862156141,-7.909644461279434,-0.18061436495821237,7.737197440194674,7.729030096321222,-2.587902010516241
0.5500000000000004,-0.2528370638155215,-0.11798690179074323,-2.4394004027524967,-0.25896818142777267,-0.0901543663226115,0.006131117612251158,-0.4471086172401115,-7.902872650010397,-0.16565537024812915,7.745907926502432,7.737217279762268,-2.5856868109832014
0.5520000000000004,-0.2530779148512156,-0.12286334153466046,-2.4370232983106037,-0.25915870215498704,-0.09526036360718004,0.006080787303771429,-0.4473534657521192,-7.8958509163841,-0.1499218395534534,7.755142216532374,7.745929076830647,-2.5833898408037355
0.5540000000000004,-0.253328513948033,-0.12773493084422985,-2.4345499843617455,-0.2593594193529941,-0.10035859900354611,0.0060309054049610955,-0.44764218487692276,-7.888579000056206,-0.13341431343621313,7.7648994894341445,7.755164686619993,-2.581011014909485
0.5560000000000004,-0.25358885121275054,-0.1326014773974467,-2.431980558548122,-0.25957031718067675,-0.10544891384132171,0.005981465967926203,-0.4479742272658598,-7.881056651828893,-0.1161333623855123,7.775178905613023,7.764923289443381,-2.578550251874943
0.5580000000000004,-0.2538589163676987,-0.137462789071386,-2.4293151223062646,-0.25979137947946646,-0.11053114939484163,0.005932463111767761,-0.4483490452280092,-7.873283633770755,-0.09807958694496044,7.7859796067223765,7.775204046825794,-2.576007473956698
0.5600000000000004,-0.2541386987511676,-0.14231867394978662,-2.4265537808630326,-0.26002258977324705,-0.11560514689030092,0.005883891022079424,-0.44876609085732255,-7.865259719331738,-0.07925361783471718,7.797300715656552,7.786006101497021,-2.5733826071310273
0.5620000000000004,-0.2544281873178279,-0.14716894033062847,-2.4236966432314575,-0.260263931268273,-0.12067074751297545,0.005835743950445116,-0.4492248161552421,-7.856984693453072,-0.05965611606811905,7.809141336544181,7.7973285773849526,-2.5706755811298727
0.5640000000000004,-0.2547273706391665,-0.15201339673369962,-2.420743822206441,-0.26051538685310205,-0.12572779241452192,0.005788016213935543,-0.44972467314888664,-7.848458352672365,-0.03928777306305875,7.821500554741878,7.809170579609306,-2.5678863294752112
0.5660000000000004,-0.25503623690393834,-0.15685185190815637,-2.417695434360301,-0.26077693909854277,-0.13077612272035394,0.00574070219460443,-0.4502651140052505,-7.8396805052241065,-0.01814931074835524,7.834377436828529,7.821531194475751,-2.565014789511975
0.5680000000000004,-0.25535477391863204,-0.1616841148400732,-2.41455160003817,-0.26104857025761696,-0.1358155795370898,0.005693796338984924,-0.4508455911410474,-7.830650971135562,0.0037585183350632434,7.847771030599887,7.834409489470625,-2.5620609024393914
0.5700000000000004,-0.2556829691079517,-0.16650999475998346,-2.4113124433532445,-0.2613302622655371,-0.14084600396006908,0.005647293157585442,-0.451465557328838,-7.821369582318332,0.02643493093759286,7.861680365063844,7.847804513255925,-2.559024613340965
0.5720000000000004,-0.25602080951531325,-0.1713293011504116,-2.4079780921818834,-0.261621996739699,-0.14586723708093394,0.00560118722438574,-0.4521244657992831,-7.8118361826556555,0.04987911300935899,7.876104450436058,7.8617152956650145,-2.5559058712130356
0.5740000000000004,-0.2563682818033558,-0.17614184375339306,-2.404548678158562,-0.26192375497968956,-0.15087911999527304,0.005555473176333758,-0.45282177033957804,-7.802050628085336,0.07409021961333995,7.891042278136238,7.876140847698676,-2.5527046289919437
0.5760000000000004,-0.25672537225446845,-0.18094743257798626,-2.4010243366706736,-0.2622355179673102,-0.15588149381032285,0.005510145712841752,-0.45355692538849546,-7.792012786679005,0.09906737484279127,7.90649282078495,7.8910801615217965,-2.5494208435799344
0.5780000000000004,-0.25709206677133156,-0.18574587790777292,-2.3974052068531857,-0.26255726636661564,-0.16087419965272506,0.005465199595284076,-0.45432938612788565,-7.781722538717191,0.12480967174340041,7.9224550322008955,7.9065322104605915,-2.5460544758697536
0.5800000000000004,-0.2574683508774736,-0.19053699030834753,-2.3936914315831466,-0.2628889805239683,-0.16585707867633576,0.005420629646494701,-0.4551386085708682,-7.7711797767607065,0.1513161722395937,7.938927847398966,7.9224959490003,-2.542605490768016
0.5820000000000004,-0.2578542097178423,-0.1953205806347965,-2.3898831574740447,-0.26323064046810846,-0.17082997207008369,0.00537643075026617,-0.45598404964675066,-7.760384405718359,0.17858590706529576,7.955910182588725,7.938970312783654,-2.539073857217351
0.5840000000000004,-0.25824962805939133,-0.20009646003916443,-2.3859805348700207,-0.2635822259102402,-0.17579272106587499,0.005332597850848886,-0.4568651672829356,-7.7493363429110795,0.20661787569868206,7.973400935173616,7.955954218609762,-2.5354595482174167
0.5860000000000004,-0.2586545902916816,-0.20486443997790996,-2.3819837178399332,-0.2639437162441333,-0.18074516694654053,0.005289125952451734,-0.4577814204836832,-7.738035518132549,0.23541104630117804,7.991398983750772,7.973446564433727,-2.53176254084474
0.5880000000000004,-0.25906908042749766,-0.20962433221934915,-2.377892864171275,-0.26431509054624097,-0.18568715105382444,0.005246010118743316,-0.4587322694062035,-7.726481873706674,0.26496435566019994,8.009903188111533,7.991446229366874,-2.5279828162715305
0.5900000000000004,-0.2594930821034786,-0.21437594885108682,-2.3737081353639446,-0.2646963275758338,-0.19061851479641018,0.005203245472355178,-0.4597171754336946,-7.71467536454151,0.2952767091361359,8.028912389242526,8.009952073677646,-2.524120359783351
0.5920000000000004,-0.2599265785807643,-0.21911910228743434,-2.3694296966238686,-0.2650874057751497,-0.19553909965798136,0.005160827194385431,-0.46073560124583146,-7.702615958180241,0.32634698061287004,8.048425409327578,8.02896293879311,-2.520175160795808
0.5940000000000004,-0.2603695527456561,-0.22385360527681544,-2.3650577168564837,-0.26548830326956036,-0.20044874720531555,0.0051187505239042586,-0.4617870108866331,-7.6903036348490605,0.35817401245220104,8.068441051750282,8.048477647301262,-2.516147212870237
0.5960000000000004,-0.2608219871102925,-0.22857927090915905,-2.3605923686600647,-0.2658989978677532,-0.20534729909640814,0.005077010757460698,-0.4628708698298123,-7.677738387502103,0.3907566154518811,8.088958101097237,8.068495002953984,-2.5120365137284164
0.5980000000000004,-0.26128386381333935,-0.2332959126232774,-2.3560338283189126,-0.26631946706193044,-0.2102345970886234,0.005035603248591092,-0.4639866450416781,-7.664920221863471,0.4240935688072147,8.109975323162121,8.089013790670686,-2.5078430652663357
0.6000000000000004,-0.26175516462069537,-0.2380033442142321,-2.3513822757963943,-0.2667496880280242,-0.21511048304687155,0.00499452340732881,-0.4651338050418099,-7.65184915646652,0.45818362007625346,8.1314914649505,8.110032776542774,-2.503566873567089
0.6020000000000004,-0.2622358709262117,-0.24270137984068424,-2.3466378947278392,-0.2671896376259278,-0.21997479895180838,0.004953766699716089,-0.4663118199613452,-7.638525222690483,0.49302548514836086,8.153505254685363,8.131550707838844,-2.4992079489128436
0.6040000000000004,-0.26272596375242646,-0.2473898340322316,-2.3418008724132875,-0.2676392923997439,-0.22482738690805565,0.0049133286473174165,-0.4675201615991762,-7.624948464794323,0.5286178482162951,8.176015401813544,8.153566313010618,-2.494766305795974
0.6060000000000004,-0.263225423751314,-0.2520685216967306,-2.3368713998100987,-0.2680986285780488,-0.2296680891524406,0.004873204826734756,-0.4687583034760907,-7.611118939948277,0.564959361751475,8.199020597012892,8.176078301699752,-2.4902419629293875
0.6080000000000004,-0.2637342312050489,-0.25673725812760334,-2.3318496715254105,-0.2685676220741733,-0.2344967480622519,0.0048333908691243765,-0.47002572088685923,-7.5970367182627925,0.6020486464825847,8.222519512200332,8.199085364745377,-2.4856349432560223
0.6100000000000004,-0.264252366026784,-0.26139585901112994,-2.3267358858084557,-0.26904624848650033,-0.23931320616350993,0.004793882459716348,-0.47132189095042776,-7.582701882815237,0.6398842913773288,8.246510800540662,8.222586174192566,-2.480945273957589
0.6120000000000004,-0.2647798077614437,-0.2660441404337241,-2.3215302445427395,-0.2695344830987788,-0.2441173061392502,0.00475467533733509,-0.47264629265819824,-7.568114529674045,0.6784648536274691,8.270993096456383,8.246579383301514,-2.4761729864625432
0.6140000000000004,-0.26531653558653157,-0.2706819188891946,-2.3162329532380657,-0.27003230088045443,-0.2489088908378173,0.004715765293922869,-0.47399840692061,-7.553274767920996,0.7177888586367374,8.29596501563826,8.271063626557734,-2.471318116453352
0.6160000000000004,-0.265862528312952,-0.2753090112859888,-2.310844221022424,-0.27053967648701677,-0.2536878032811676,0.0046771481740647824,-0.47537771661185424,-7.538182719670939,0.7578548000120726,8.321425155056888,8.296037519683011,-2.4663807038730106
0.6180000000000004,-0.2664177643858471,-0.2799252349544221,-2.3053642606337346,-0.2710565842603631,-0.25845388667317937,0.004638819874516031,-0.47678370661315306,-7.522838520089822,0.7986611395575434,8.347372092975096,8.321499659647365,-2.461360792930947
0.6200000000000004,-0.2669822218854474,-0.2845304076538882,-2.2997932884114523,-0.27158299822917903,-0.26320698440796836,0.004600776343731627,-0.4782158638542189,-7.507242317410336,0.8402063072714778,8.373804388961345,8.347448624681814,-2.4562584321081884
0.6220000000000004,-0.2675558785279373,-0.28912434758005423,-2.29413152428802,-0.27211889210933543,-0.2679469400782072,0.0045630135813981565,-0.47967367735331656,-7.491394272945831,0.8824887013463201,8.400720583904048,8.373882974292151,-2.4510736741619215
0.6240000000000004,-0.2681387116663348,-0.293706873372038,-2.288379191780191,-0.27266423930430234,-0.2726735974834463,0.004525527637967541,-0.48115663825585564,-7.475294561102183,0.9255066881714828,8.428119200026842,8.400801249273666,-2.445806576129443
0.6260000000000004,-0.26873069829138563,-0.29827780411956756,-2.282536517980203,-0.2732190129055792,-0.2773868006384363,0.004488314614193578,-0.4826642398715144,-7.4589433693879545,0.9692586023388206,8.455998740904905,8.428201971726775,-2.4404571993314743
0.6280000000000004,-0.2693318150324714,-0.30283695937012406,-2.276603733546814,-0.2737831856931421,-0.28208639378144884,0.004451370660670695,-0.48419597771006195,-7.442340898422615,1.0137427466511317,8.484357691482192,8.456083645073747,-2.435025609374918
0.6300000000000004,-0.26994203815853257,-0.30738415913606454,-2.270581072696195,-0.2743567301359073,-0.28677222138259484,0.004414691977374707,-0.48575134951585586,-7.425487361943168,1.058957392133121,8.513194518089751,8.48444475407629,-2.429511876155037
0.6320000000000005,-0.27056134357900485,-0.3119192239017283,-2.2644687731926827,-0.27493961839221154,-0.2914441281521399,0.004378274813206684,-0.4873298553010299,-7.408382986808907,1.104900778045356,8.542507668465037,8.513283764854263,-2.4239160738570633
0.6340000000000005,-0.27118970684477073,-0.31644197463052376,-2.2582670763393966,-0.27553182231030915,-0.296101959048813,0.004342115465538421,-0.48893099737763546,-7.391028013004806,1.151571111900581,8.57229557177231,8.542599124905387,-2.418238280957327
0.6360000000000005,-0.2718271031491244,-0.320952232771996,-2.2519762269687096,-0.27613331342888536,-0.3007455592881097,0.004306210279760969,-0.4905542803884746,-7.37342269364306,1.1989665694829386,8.602556638624042,8.572389263125999,-2.412478580223814
0.6380000000000005,-0.2724735073287512,-0.3254498202688769,-2.2455964734325824,-0.2767440629775865,-0.30537477435058713,0.004270555648835328,-0.49219921133696243,-7.355567294963336,1.2470852948695423,8.633289261103453,8.602652589832879,-2.4066370587162713
0.6400000000000005,-0.27312889386472095,-0.3299345595641129,-2.239128067592761,-0.2773640418775668,-0.30998944999014927,0.004235148012845857,-0.4938652996157886,-7.337462096331297,1.2959254004548466,8.664491812788157,8.633387496786144,-2.400713807785776
0.6420000000000005,-0.2737932368834953,-0.3344062736078757,-2.232571264810833,-0.27799322074205146,-0.3145894322423229,0.004199983858556189,-0.4955520570346934,-7.319107390235886,1.345484966977419,8.696162648774878,8.664592357213305,-2.3947089230738783
0.6440000000000005,-0.27446651015794943,-0.33886478586455177,-2.225926323938144,-0.2786315698769165,-0.3191745674325206,0.004165059718967079,-0.4972589978472435,-7.300503482285184,1.3957620435491824,8.728300105705326,8.696265525834367,-2.388622504511276
0.6460000000000005,-0.2751486871084074,-0.34330992031971136,-2.2191935073055826,-0.2792790592812851,-0.3237447021842924,0.004130372172877705,-0.4989856387766718,-7.281650691200803,1.446754647687297,8.760902501793188,8.7284053388881,-2.382454656316052
0.6480000000000005,-0.2758397408036912,-0.34774150148705746,-2.2123730807132205,-0.27993565864814024,-0.3282996834275627,0.004095917844449015,-0.5007314990407679,-7.262549348811062,1.4984607653483746,8.793968136852325,8.761010114159436,-2.376205486991453
0.6500000000000005,-0.2765396439621842,-0.35215935441535334,-2.205465313419822,-0.28060133736495396,-0.3328393584068521,0.004061693402769739,-0.5024961003759829,-7.24319980004282,1.5508783509652435,8.827495292326125,8.794078151008064,-2.369875109323287
0.6520000000000005,-0.27724836895290816,-0.35656330469533065,-2.1984704781322106,-0.28127606451433296,-0.337363574689484,0.004027695561424793,-0.5042789670608272,-7.223602402912311,1.6040053274858739,8.861482231318039,8.827607730398185,-2.3634636403769367
0.6540000000000005,-0.277965887796614,-0.36095317846657277,-2.1913888509945068,-0.28195980887468053,-0.34187218017377374,0.003993921078066509,-0.5060796259382272,-7.2037575285143625,1.6578395864151076,8.895927198623333,8.86159711492947,-2.3569712014939146
0.6560000000000005,-0.27869217216688635,-0.36532880242437976,-2.1842207115772245,-0.28265253892087494,-0.34636502309719963,0.003960366753988587,-0.5078976064373482,-7.183665561010835,1.7123789878583677,8.930828420762083,8.896044548869202,-2.3503979182880936
0.6580000000000005,-0.2794271933912619,-0.3696900038266102,-2.176966342866234,-0.28335422282496403,-0.35084195204455515,0.003927029433702156,-0.5097324405946839,-7.163326897617745,1.7676213605679774,8.966184106013374,8.930948258185722,-2.343743920641567
0.6600000000000005,-0.2801709224523611,-0.3740366105005003,-2.1696260312515907,-0.2840648284568762,-0.3553028159560815,0.003893906004515113,-0.5115836630743775,-7.142741948591342,1.8235645019916804,9.001992444450751,8.966306450583023,-2.3370093427001244
0.6620000000000005,-0.2809233299890343,-0.3783684508494611,-2.162200066516228,-0.28478432338514736,-0.35974746413557934,0.003860993396113066,-0.5134508111880232,-7.121911137213149,1.8802061783234985,9.038251607979035,9.002117315536648,-2.33019432286842
0.6640000000000005,-0.28168438629752013,-0.3826853538598528,-2.1546887418245193,-0.28551267487766435,-0.36417574625849863,0.0038282885801442235,-0.5153334249136856,-7.1008348997739255,1.937544124557009,9.074959750372246,9.038379024330935,-2.3232990038047516
0.6660000000000005,-0.28245406133261874,-0.3869871491077365,-2.1470923537107014,-0.28624984990242436,-0.3685875123800064,0.0037957885698056137,-0.5172310469145565,-7.079513685556681,1.99557604454069,9.112115007313001,9.075089730097371,-2.3163235324155886
0.6680000000000005,-0.2832323247088776,-0.3912736667656012,-2.13941120206717,-0.2869958151283104,-0.37298261294303114,0.0037634904194328023,-0.5191432225567771,-7.057947956818662,2.0542996110357876,9.149715496433116,9.11224756785445,-2.3092680598496944
0.6700000000000005,-0.2840191457017913,-0.39554473760907016,-2.13164559013264,-0.287750536925883,-0.37736089878628326,0.0037313912240916625,-0.5210694999270462,-7.03613818877254,2.1137124657761746,9.187759317355528,9.149850654548715,-2.3021327414920427
0.6720000000000005,-0.28481449324901426,-0.3998001930235794,-2.1237958244801725,-0.2885139813681875,-0.3817222211522507,0.0036994881191732554,-0.5230094298493277,-7.014084869566309,2.1738122195308485,9.226244551737684,9.187897089097158,-2.294917736957312
0.6740000000000005,-0.28561833595158714,-0.40403986501103567,-2.115862215005076,-0.28928611423157785,-0.3860664316951689,0.0036677782799907077,-0.5249625659014594,-6.991788500262845,2.234596452168195,9.265169263316146,9.22638495243104,-2.287623210083212
0.6760000000000005,-0.28643064207517643,-0.40826358619644826,-2.1078450749126674,-0.2900669009965558,-0.39039338248896543,0.003636258921379365,-0.5269284644310428,-6.96924959481816,2.2960627127228497,9.304531497952594,9.26531230754101,-2.2802493289234462
0.6780000000000005,-0.28725137955132723,-0.4124711898345371,-2.09974472070591,-0.2908563068486262,-0.3947029260351768,0.0036049272972989432,-0.5289066845709893,-6.946468680058937,2.3582085194646254,9.34432928368127,9.304677199523562,-2.272796265740429
0.6800000000000005,-0.2880805159787294,-0.41666250981631514,-2.0915614721729185,-0.29165429667916787,-0.3989949152708384,0.003573780700438456,-0.530896788254644,-6.923446295659341,2.4210313599696374,9.384560630757788,9.344477655628978,-2.2652641969977387
0.6820000000000005,-0.28891801862449645,-0.4208373806756461,-2.0832956523743316,-0.29246083508632054,-0.40326920357634627,0.003542816461824083,-0.5328983402304557,-6.900182994116914,2.4845286911937094,9.4252235317093,9.384711685310624,-2.2576533033522836
0.6840000000000005,-0.28976385442545793,-0.4249956375957769,-2.074947587630563,-0.29327588637588714,-0.4075256447832904,0.0035120319504292064,-0.5349109080763181,-6.876679340727697,2.548697939547943,9.46631596138618,9.42537728027564,-2.249963769646247
0.6860000000000005,-0.29061798998946475,-0.4291371164158443,-2.066517607508915,-0.29409941456225164,-0.41176409318225843,0.0034814245727868842,-0.5369340622134846,-6.85293591356062,2.6135365009764993,9.507835877015076,9.466472414537119,-2.2421957848987444
0.6880000000000005,-0.29148039159670736,-0.4332616536373563,-2.058006044810566,-0.29493138336931285,-0.41598440353061,0.003450991772605494,-0.5389673759202713,-6.828953303431229,2.6790417410364658,9.549781218253386,9.507995044467695,-2.234349542297298
0.6900000000000005,-0.29235102520104705,-0.43736908643064554,-2.0494132355574393,-0.2957717562314333,-0.42018643106022074,0.0034207310303862593,-0.5410104253451973,-6.804732113874456,2.745210994980072,9.592149907245313,9.549943108854528,-2.226425239188997
0.6920000000000005,-0.29322985643135974,-0.44145925264129826,-2.0407395189789304,-0.2966204962944037,-0.42437003148519575,0.0033906398630439427,-0.5430627895199374,-6.780272961116875,2.8120415678390636,9.634939848679233,9.592314528955939,-2.2184230770714617
0.6940000000000005,-0.2941168505928934,-0.44553199079655603,-2.0319852374985174,-0.29747756641642276,-0.4285350610095512,0.00336071582352937,-0.5451240503720678,-6.755576474048247,2.8795307345110412,9.678148929846698,9.635107208559289,-2.210343261583623
0.6960000000000005,-0.2950119726686371,-0.4495871401116901,-2.0231507367202446,-0.2983429291690925,-0.4326813763348655,0.0033309565004553954,-0.5471937927372474,-6.7306432941922605,2.9476757398482984,9.721775020702797,9.678319034040559,-2.2021860024961852
0.6980000000000005,-0.2959151873207042,-0.45362454049634904,-2.0142363654150746,-0.2992165468384283,-0.4368088346678972,0.0033013595177240895,-0.5492716043713877,-6.7054740756766895,3.016473798748593,9.765815973928136,9.721947874425283,-2.193951513701961
0.7000000000000005,-0.29682645889172676,-0.4576440325608788,-2.005242475507123,-0.30009838142588463,-0.44091729372817184,0.0032719225341578673,-0.5513570759623541,-6.680069485202905,3.0859220962481917,9.81026962499227,9.765991581451097,-2.1856400132059304
0.7020000000000005,-0.29774575140626336,-0.4616454576226152,-1.9961694220597639,-0.3009883946493957,-0.44500661175553446,0.003242643243132337,-0.5534498011414399,-6.654430202014599,3.156017787617178,9.855133792218686,9.810447989631777,-2.1772517231150967
0.7040000000000005,-0.2986730285722198,-0.46562865771214834,-1.9870175632616112,-0.30188654794443104,-0.4490766475176706,0.00321351937221126,-0.5555493764946906,-6.628556917866088,3.2267579984567165,9.900406276851331,9.855314916322804,-2.1687868696281747
0.7060000000000005,-0.29960825378228106,-0.4695934755795586,-1.9777872604123805,-0.30279280246506624,-0.45312726031759276,0.003184548682785171,-0.5576554015737392,-6.602450336989718,3.2981398247988,9.946084863122675,9.900590161788518,-2.16024568302499
0.7080000000000005,-0.3005513901153575,-0.4735397547006261,-1.9684788779086222,-0.3037071190850684,-0.45715831000109375,0.003155728969710947,-0.5597674789067453,-6.576111176062947,3.3701603332078394,9.992167318323325,9.946271509270787,-2.151628397655795
0.7100000000000005,-0.3015024003380414,-0.477467339283008,-1.9590927832293403,-0.30462945839899674,-0.46116965696416584,0.0031270580609553678,-0.5618852140086537,-6.549540164174458,3.4428165608848103,10.03865139287328,9.992356725059269,-2.142935251930237
0.7120000000000005,-0.3024612469060777,-0.48137607427239,-1.94962934692148,-0.3055597807233175,-0.465161162160386,0.0030985338172398458,-0.5640082153915813,-6.5227380427899835,3.51610551577331,10.085534820394653,10.038843558563293,-2.1341664883062457
0.7140000000000005,-0.3034278919658455,-0.4852658053586075,-1.9400889425853038,-0.30649804609753406,-0.46913268710826617,0.0030701541316885406,-0.5661360945747038,-6.495705565717222,3.590024176668022,10.132815317786058,10.085729742385244,-2.1253223532786403
0.7160000000000005,-0.3044022973558532,-0.48913637898173773,-1.9304719468596385,-0.3074442142853312,-0.47308409389856965,0.0030419169294779724,-0.5682684660941391,-6.468443499070444,3.6645694933251782,10.180490585298564,10.133012992395622,-2.11640309736761
0.7180000000000005,-0.30538442460824444,-0.49298764233816134,-1.9207787394070086,-0.30839824477573435,-0.47701524520159194,0.0030138201674899112,-0.5704049475123512,-6.440952621234189,3.739738386575457,10.22855830661334,10.180691007809646,-2.1074089751069236
0.7200000000000005,-0.3063742349503168,-0.49681944338659545,-1.911009702898647,-0.30936009678428317,-0.48092600427440757,0.0029858618339663745,-0.5725451594274533,-6.413233722826616,3.815527748438983,10.277016148920719,10.2287614712656,-2.098340245031979
0.7220000000000005,-0.30737168930605296,-0.5006316308540959,-1.9011652229993878,-0.3103297292542193,-0.48481623496808074,0.0029580399481663466,-0.5746887254822841,-6.385287606662039,3.8919344422425537,10.325861763001106,10.277222048904592,-2.089197169667668
0.7240000000000005,-0.30837674829766276,-0.5044240542420285,-1.8912456883524413,-0.311307100857689,-0.48868580173484183,0.002930352560026217,-0.5768352723730796,-6.357115087712954,3.9689553027392233,10.375092783307384,10.326070390452177,-2.0799800155159867
0.7260000000000005,-0.30938937224713825,-0.5081965638320123,-1.8812514905640494,-0.3122921699969594,-0.49253456963522796,0.002902797749821162,-0.5789844298581581,-6.328716993071524,4.046587136229935,10.424706828048983,10.375304129301458,-2.0706890530435302
0.7280000000000005,-0.3104095211778198,-0.5119490106918279,-1.8711830241880285,-0.3132848948056498,-0.49636240434518875,0.0028753736278300246,-0.5811358307660335,-6.300094161910233,4.124826720687657,10.474701499277623,10.42492088259789,-2.0613245566686906
0.7300000000000005,-0.31143715481597434,-0.5156812466812984,-1.8610406867101912,-0.31428523314997614,-0.500169172163156,0.0028480783340018023,-0.5832891110034772,-6.271247445442118,4.203670805883661,10.525074382974655,10.474918251325779,-2.051886804748716
0.7320000000000005,-0.3124722325923854,-0.5193931244581378,-1.8508248785326546,-0.3152931426300103,-0.5039547400170794,0.002820910037624913,-0.5854439095632697,-6.242177706880261,4.2831161135160745,10.575823049140133,10.525293820396335,-2.042376079566554
0.7340000000000005,-0.3135147136439548,-0.5230844974837671,-1.8405360029580333,-0.3163085805809531,-0.5077189754714249,0.002793866936998346,-0.5875998685316528,-6.212885821396767,4.363159337340773,10.626945051883473,10.57604515873754,-2.0327926673174828
0.7360000000000005,-0.3145645568153155,-0.5267552200290997,-1.830174466173518,-0.3173315040744214,-0.5114617467341392,0.002766947259105923,-0.5897566330954112,-6.1833726760808965,4.443797143304625,10.678437929515821,10.627169819385522,-2.023136858095506
0.7380000000000005,-0.3156217206604568,-0.530405147180295,-1.8197406772348383,-0.3183618699197486,-0.5151829226635792,0.0027401492592917798,-0.591913851548834,-6.153639169896787,4.525026169680978,10.730299204644114,10.678665339577766,-2.013408945879595
0.7400000000000005,-0.3166861634443603,-0.5340341348444787,-1.809235048050117,-0.31939963466529936,-0.5188823727754045,0.0027134712209390677,-0.5940711753001846,-6.123686213640333,4.606843027207557,10.782526384266756,10.73052924084789,-2.0036092285196583
0.7420000000000005,-0.3177578431446474,-0.5376420397554313,-1.7986579933636055,-0.3204447545997982,-0.5225599672494362,0.00268691145515082,-0.5962282588779004,-6.093514729895402,4.689244299226765,10.835116959871064,10.782759029122166,-1.993738007722309
0.7440000000000005,-0.3188367174532386,-0.5412287194792454,-1.7880099307393111,-0.32149718575367114,-0.5262155769364806,0.002660468300432539,-0.5983847599365744,-6.063125652989616,4.7722265418281165,10.888068407532304,10.835352194817732,-1.9837955890364443
0.7460000000000006,-0.31992274377802354,-0.5447940324199464,-1.777291280544515,-0.3225568839004014,-0.5298490733651172,0.002634140122377837,-0.6005403392623068,-6.032519928948987,4.8557862839934645,10.941378188014504,10.888306212942451,-1.9737822818385216
0.7480000000000006,-0.32101587924454245,-0.5483378378250843,-1.7665024659331727,-0.3236238045578983,-0.5334603287484524,0.002607925313355852,-0.6026946607779573,-6.001698515452261,4.939920027744283,10.99504374687292,10.941618543196544,-1.9636983993176738
0.7500000000000006,-0.32211608069767894,-0.5518599957912896,-1.755643912829212,-0.32469790298988,-0.5370492159908385,0.0025818222922010525,-0.6048473915479065,-5.970662381784347,5.024624248291506,11.049062514558184,10.995286630075853,-1.9535442584605691
0.7520000000000006,-0.3232233047033634,-0.5553603672697967,-1.744716049909717,-0.3257791342072691,-0.5406156086945582,0.0025558295039057044,-0.6069982017823081,-5.93941250878899,5.109895394187866,11.10343190652218,11.049307902976857,-1.9433201800359854
0.7540000000000006,-0.324337507550288,-0.5588388140719333,-1.7337193085880036,-0.32686745296960207,-0.5441593811664743,0.0025299454193140614,-0.6091467648411353,-5.907949888820738,5.1957298874825995,11.15814932332564,11.103679776303338,-1.933026488579214
0.7560000000000006,-0.32545864525163215,-0.5622951988745756,-1.7226541229965902,-0.32796281378645137,-0.5476804084246472,0.0025041685348192178,-0.6112927572375604,-5.8762755256961885,5.2821241238786545,11.213212150747388,11.158399649574843,-1.9226635123761353
0.7580000000000006,-0.3265866735467991,-0.5657293852255699,-1.7115209299700571,-0.32906517091886117,-0.5511785662049151,0.0024784973720620718,-0.6134358586409956,-5.844390434644254,5.36907447289251,11.26861775989529,11.213464907536764,-1.9122315834470762
0.7600000000000006,-0.32772154790316316,-0.5691412375491193,-1.7003201690278031,-0.33017447838079605,-0.5546537309674446,0.0024529304776328975,-0.6155757518796214,-5.81229564225583,5.456577278016297,11.324363507319026,11.268872920272127,-1.9017310375303966
0.7620000000000006,-0.3288632235178281,-0.5725306211511362,-1.6890522823566896,-0.33129068994060257,-0.5581057799032443,0.0024274664227744713,-0.617712122942434,-5.779992186432544,5.544628856882676,11.38044673512436,11.32462104331522,-1.8911622140658049
0.7640000000000006,-0.33001165531939547,-0.5758974022245595,-1.6777177147935889,-0.3324137591224839,-0.5615345909406476,0.002402103803088418,-0.6198446609806778,-5.747481116334594,5.633225501432118,11.43686477108933,11.380706617766712,-1.8805254561773788
0.7660000000000006,-0.3311667979697442,-0.5792414478546374,-1.6663169138078215,-0.3335436392079874,-0.5649400427517618,0.0023768412382432214,-0.6219730583088046,-5.7147634923278225,5.722363478082865,11.493614928781978,11.437126970410688,-1.869821110656317
0.7680000000000006,-0.3323286058658203,-0.5825626260241741,-1.6548503294834882,-0.33468028323750515,-0.5683220147588843,0.002351677371684846,-0.6240970104048209,-5.68184038592979,5.81203902790346,11.550694507679884,11.49387941383325,-1.85904952794339
0.7700000000000006,-0.3334970331414374,-0.5858608056187424,-1.6433184145017048,-0.33582364401178694,-0.5716803871408866,0.0023266108703495214,-0.626216215910044,-5.648712879755031,5.902248366787836,11.608100793291342,11.550961246542867,-1.8482110621110994
0.7720000000000006,-0.3346720336690874,-0.5891358564318593,-1.6317216241227284,-0.33697367409346607,-0.5750150408395668,0.0023016404243786925,-0.6283303766282318,-5.6153820674593184,5.992987685633128,11.665831057278297,11.608369753092447,-1.8373060708455187
0.7740000000000006,-0.33585356106176123,-0.5923876491701263,-1.620060416167987,-0.33813032580859803,-0.5783258575659691,0.0022767647468368013,-0.630439197524054,-5.581849053682967,6.084253150520115,11.723882557580911,11.666102204203082,-1.8263349154278299
0.7760000000000006,-0.33704156867478063,-0.5956160554583344,-1.6083352510020026,-0.33929355124821137,-0.5816127198066735,0.002251982573430733,-0.6325423867209068,-5.548114953993207,6.176040902896275,11.782252538543844,11.724155856889482,-1.815297960715534
0.7780000000000006,-0.3382360096076393,-0.5988209478445309,-1.59654659151422,-0.3404633022698715,-0.5848755108300523,0.0022272926622322053,-0.6346396554979776,-5.514180894825432,6.268347059761651,11.840938231044278,11.782527954587083,-1.8041955751233243
0.7800000000000006,-0.33943683670585423,-0.602002199805052,-1.5846949031007307,-0.3416395304992565,-0.5881141146924974,0.002202693793402266,-0.6367307182866018,-5.480048013423523,6.361167713857392,11.89993685262155,11.841215727280915,-1.7930281306036215
0.7820000000000006,-0.3406440025628279,-0.6051596857495178,-1.5727806536458986,-0.34282218733174574,-0.591328416244616,0.0021781847689178457,-0.6388152926659565,-5.445717457779137,6.454498933856925,11.959245607608528,11.900216391636063,-1.7817960026267952
0.7840000000000006,-0.3418574595217192,-0.6082932810257896,-1.560804313503892,-0.34401122393402056,-0.5945183011373959,0.002153764412301362,-0.640893099357772,-5.411190386569762,6.548336764560075,12.018861687264625,11.959527151129837,-1.7704995701609716
0.7860000000000006,-0.3430771596773252,-0.6114028619248916,-1.5487663554801137,-0.34520659124567726,-0.5976836558283417,0.002129431568352047,-0.6429638622204523,-5.376467969095882,6.642677227089773,12.078782269910503,12.019145196185654,-1.7591392156515424
0.7880000000000006,-0.3443030548779722,-0.614488305685894,-1.5366672548125335,-0.3464082399808524,-0.6008243675875797,0.0021051851028802138,-0.6450273082421729,-5.341551385216796,6.737516319091682,12.139004521064471,12.079067704308478,-1.747715325000245
0.7900000000000006,-0.3455350967274168,-0.6175494905007605,-1.5245074891529293,-0.34761612062986025,-0.6039403245039349,0.0020810239024434685,-0.6470831675333351,-5.306441825285532,6.832850014936515,12.199525593580455,12.139291840222047,-1.736228287543941
0.7920000000000006,-0.34677323658675624,-0.6205862955191561,-1.5122875385480283,-0.3488301834608422,-0.6070314154909775,0.002056946874085974,-0.649131173317854,-5.271140490082289,6.928674265925328,12.26034262778774,12.199814756007617,-1.7246784960329118
0.7940000000000006,-0.34801742557634907,-0.6235986008532186,-1.5000078854205563,-0.3500503785214283,-0.6100975302930407,0.002032952945079214,-0.6511710619238098,-5.2356485907469885,7.024985000497471,12.321452751632263,12.26063359124446,-1.713066346608853
0.7960000000000006,-0.34926761457774425,-0.6265862875822912,-1.487669014550193,-0.3512766556404107,-0.6131385594912102,0.0020090410626664723,-0.6532025727730071,-5.199967348710408,7.121778124441495,12.382853080819592,12.321745473151903,-1.701392238782422
0.7980000000000006,-0.3505237542356206,-0.6295492377576174,-1.4752714130544335,-0.3525089644294293,-0.6161543945092844,0.0019852101938087063,-0.6552254483695972,-5.164097995624144,7.219049521108903,12.444540718959514,12.383147516733047,-1.689656575410381
0.8000000000000006,-0.3517857949597355,-0.6324873344069981,-1.4628155703693548,-0.35374725428466874,-0.6191449276197065,0.0019614593249332457,-0.657239434287848,-5.128041773289364,7.316795051630712,12.506512757712258,12.444836824920076,-1.67785976267237
0.8020000000000006,-0.35305368692688205,-0.6354004615394082,-1.4503019782302995,-0.3549914743885677,-0.6221100519494686,0.0019377874616856583,-0.659244279158651,-5.091799933584163,7.415010555136984,12.568766276936316,12.506810488721147,-1.666002210047178
0.8040000000000006,-0.35432738008285636,-0.6382885041495766,-1.4377311306524585,-0.3562415737115397,-0.625049661485987,0.001914193628683336,-0.6612397346552239,-5.055373738389677,7.513691848979252,12.631298344837898,12.569065587368929,-1.654084330288661
0.8060000000000006,-0.35560682414443345,-0.6411513482225261,-1.4251035239113692,-0.3574975010137056,-0.6279636510829507,0.0018906768692721343,-0.6632255554776956,-5.018764459514956,7.6128347289557174,12.694106018121904,12.631599188470673,-1.6421065394011956
0.8080000000000006,-0.35689196860135264,-0.6439888807380748,-1.4124196565233238,-0.35875920484663787,-0.6308519164661409,0.001867236245285231,-0.6652014993366651,-4.981973378620397,7.712434969539451,12.757186342144557,12.694408348159849,-1.6300692566147206
0.8100000000000006,-0.3581827627183113,-0.6468009896752974,-1.399680029225689,-0.3600266335551163,-0.6337143542392234,0.0018438708368050394,-0.6671673269355702,-4.945001787139886,7.812488324109464,12.820536351067583,12.75749011124935,-1.6179729043592919
0.8120000000000006,-0.35947915553696774,-0.6495875640169485,-1.3868851449571362,-0.36129973527889536,-0.6365508618895125,0.0018205797419276193,-0.6691228019520699,-4.907850986201537,7.912990525184743,12.884153068013902,12.82084151138628,-1.6058179082392285
0.8140000000000006,-0.3607810958779534,-0.6523484937538442,-1.3740355088377885,-0.3625784579544828,-0.6393613377937082,0.0017973620765294185,-0.671067691018302,-4.870522286547167,8.01393728466103,12.948033505224902,12.884459571208195,-1.5936046970068083
0.8160000000000006,-0.3620885323428928,-0.6550836698892057,-1.361131628149278,-0.36386274931693,-0.6421456812236047,0.0017742169740372349,-0.6730017636999372,-4.833017008450221,8.115324294050687,13.012174664219259,12.948341302500909,-1.5813337025354788
0.8180000000000006,-0.36340141331643305,-0.6577929844429634,-1.3481740123147183,-0.36515255690163356,-0.6449037923517712,0.0017511435852005097,-0.6749247924742168,-4.795336481632468,8.217147224725306,13.076573535953251,13.012483706357774,-1.5690053597926514
0.8200000000000006,-0.3647196869682814,-0.6604763304560171,-1.335163172878596,-0.36644782804614795,-0.6476355722572049,0.001728141077866563,-0.6768365527066962,-4.757482045179183,8.319401728161333,13.141227100982533,13.076883773340516,-1.5566201068119905
0.8220000000000006,-0.3660433012552512,-0.6631336019944609,-1.3220996234865738,-0.36774850989200986,-0.6503409229309557,0.0017052086367586594,-0.6787368226269539,-4.719455047452951,8.42208343618844,13.206132329625529,13.14153848364139,-1.5441783846652777
0.8240000000000006,-0.3673722039233169,-0.6657646941537647,-1.3089838798652136,-0.36905454938451543,-0.653019746252777,0.0016823454611985533,-0.68062538330312,-4.681256846006158,8.525187961240867,13.271286182128101,13.206444807247024,-1.5316806374338072
0.8260000000000006,-0.3687063425096765,-0.668369503062915,-1.295816459801616,-0.3703658932632341,-0.6556719393593454,0.0016595507535576148,-0.682502069333744,-4.642888858210466,8.628710845892947,13.336685608811372,13.271599704103412,-1.519127328774131
0.8280000000000006,-0.370045664344823,-0.6709479258885163,-1.2825978831229783,-0.37168248806377374,-0.6582974002698113,0.0016368237189507417,-0.6843669978051579,-4.6043527901489085,8.732647334811766,13.402327550139873,13.337000124960674,-1.506519016811401
0.8300000000000006,-0.37139011655462384,-0.6734998608388504,-1.269328671676074,-0.3730042801214732,-0.6608960288497149,0.001614163566849347,-0.6862202934557682,-4.565650361702483,8.836992652928163,13.468208936907509,13.402643014630646,-1.4938562641951054
0.8320000000000006,-0.3727396460624076,-0.6760252071678949,-1.2560093493066513,-0.3743312155749732,-0.6634677267499812,0.0015915695125655605,-0.6880620414222607,-4.526783259233553,8.941742049307361,13.534326690442176,13.468525308540915,-1.4811396226173357
0.8340000000000006,-0.3740941995910603,-0.6785238651793012,-1.24264044183875,-0.37566324036967114,-0.6660123973489939,0.001569040778610864,-0.6898922901291402,-4.487753138414855,9.046890793871444,13.600677722808271,13.5346439322863,-1.4683696337374437
0.8360000000000006,-0.37545372366512764,-0.6809957362303289,-1.2292224770539473,-0.37700030026106623,-0.6685299456975545,0.001546576595938598,-0.6917110540495961,-4.448561626929416,9.152434174917797,13.667258937007198,13.600995801847212,-1.4555468300645245
0.8380000000000006,-0.3768181646129275,-0.6834407227357419,-1.2157559846705157,-0.3783423408179998,-0.6710202784667619,0.0015241762050722807,-0.6935183163465841,-4.409210327050157,9.258367496755923,13.734067227176372,13.66757782380608,-1.4426717358006338
0.8400000000000006,-0.3781874685686673,-0.6858587281716592,-1.2022414963225168,-0.3796893074257973,-0.673483303898768,0.0015018388571300112,-0.6953140313906148,-4.369700818095993,9.364686077466246,13.801099478786423,13.734386895562238,-1.4297448676435942
0.8420000000000006,-0.3795615814745716,-0.6882496570793665,-1.1886795455388104,-0.38104114528931804,-0.6759189317603491,0.001479563814746454,-0.6970981271559169,-4.330034658765695,9.471385246779132,13.868352568837246,13.801419905544826,-1.4167667355499394
0.8440000000000006,-0.3809404490830156,-0.6906134150690845,-1.1750706677219913,-0.38239779943591645,-0.6783270732992162,0.0014573503529008436,-0.698870507496244,-4.2902133893511385,9.57846034407335,13.935823366052741,13.868673733424487,-1.4037378434584014
0.8460000000000006,-0.3823240169586673,-0.6929499088236952,-1.161415400127254,-0.3837592147183224,-0.6807076412029885,0.0014351977596551158,-0.7006310543034342,-4.250238533832885,9.685906716490537,14.003508731074591,13.936145250323422,-1.3906586899749735
0.8480000000000006,-0.38371223048063585,-0.6952590461024258,-1.1477142818411812,-0.3851253358174439,-0.6830605495607455,0.0014131053368080515,-0.70237962955086,-4.2101116018602704,9.793719717164052,14.071405516655044,14.003831319024323,-1.3775297690202377
0.8500000000000006,-0.3851050348446285,-0.6975407357444905,-1.1339678537604632,-0.38649610724509803,-0.6853857138270744,0.0013910724004695396,-0.7041160772255366,-4.169834090619817,9.901894703558154,14.139510567849078,14.071728794177972,-1.3643515704401972
0.8520000000000006,-0.38650237506511376,-0.6997948876726889,-1.1201766585705424,-0.3878714733466751,-0.687683050788529,0.0013690982815613428,-0.7058402251512605,-4.129407486594332,10.010427035915562,14.207820722205803,14.139834522509894,-1.351124580581382
0.8540000000000006,-0.3879041959774923,-0.7020214128969627,-1.106341240724192,-0.3892513783037399,-0.6899524785324093,0.0013471823262475868,-0.7075518867064186,-4.088833267216331,10.119312075809603,14.276332809959506,14.208145343025933,-1.337849282831434
0.8560000000000006,-0.389310442240275,-0.7042202235179087,-1.0924621464200164,-0.39063576613657547,-0.6921939164177782,0.0013253238963004677,-0.7092508624398373,-4.048112902419159,10.228545184797849,14.34504365422016,14.276658087217008,-1.3245261581262535
0.8580000000000007,-0.39072105833726717,-0.7063912327302484,-1.078539923580895,-0.39202458070667273,-0.6944072850486246,0.001303522369405563,-0.7109369415875819,-4.007247856088785,10.338121723174305,14.413950071163779,14.34536957926309,-1.3111556854246875
0.8600000000000007,-0.3921359885797607,-0.7085343548262554,-1.064575121832347,-0.3934177657191709,-0.6965925062490863,0.001281777139410245,-0.7126099034947941,-3.966239587420302,10.448037048816156,14.4830488702226,14.414276636236458,-1.2977383421520678
0.8620000000000007,-0.3935551771087323,-0.7106495051991389,-1.050568292480833,-0.3948152647252522,-0.6987495030406446,0.0012600876165199115,-0.7142695189455575,-3.925089552182153,10.558286516122251,14.552336854275048,14.483376068304405,-1.2842746046136022
0.8640000000000007,-0.3949785678970489,-0.7127366003463841,-1.0365199884919936,-0.3962170211244946,-0.7008781996212046,0.0012384532274457016,-0.7159155514044744,-3.8837992038918037,10.668865475039574,14.621810819835867,14.552664678931377,-1.2707649483788128
0.8660000000000007,-0.3964061047516794,-0.7147955578730482,-1.0224307644688146,-0.39762297816718656,-0.7029785213459742,0.001216873415507136,-0.7175477581733793,-3.8423699949062526,10.77976927017443,14.691467557246211,14.622139265080683,-1.2572098486381418
0.8680000000000007,-0.3978377313159132,-0.7168262964950134,-1.0083011766297365,-0.39903307895660667,-0.7050503947100587,0.001195347640693456,-0.7191658914666568,-3.8008033774308774,10.890993239984954,14.761303850864014,14.691796617415832,-1.24360978053287
0.8700000000000007,-0.3992733910715848,-0.7188287360421962,-0.994131782786693,-0.40044726645127204,-0.7070937473326853,0.001173875379687217,-0.7207696994087076,-3.7591008044501937,11.002532716051453,14.831316479254399,14.761633520501647,-1.2299652194594954
0.8720000000000007,-0.40071302734130526,-0.7208027974617119,-0.9799231423230925,-0.401865483467158,-0.7091085079429764,0.001152456125852741,-0.722358926956804,-3.7172637305837046,11.11438302242123,14.901502215380601,14.831646753004934,-1.2162766413496453
0.8740000000000007,-0.4021565832906998,-0.7227484028209961,-0.9656758161717292,-0.4032876726798924,-0.7110946063671922,0.0011310893891925966,-0.7239333167530408,-3.6752936128706395,11.22653947502461,14.971857826795013,14.90183308789525,-1.202544522926719
0.8760000000000007,-0.40360400193065127,-0.7246654753108803,-0.9513903667926452,-0.40471377662692715,-0.7130519735173633,0.001109774696275878,-0.7254926099082284,-3.63319191148637,11.338997381158922,15.042380075830707,14.972189292645293,-1.1887693419402217
0.8780000000000007,-0.40505522611955014,-0.7265539392486253,-0.9370673581509216,-0.4061437377096896,-0.7149805413812339,0.0010885115901394515,-0.7270365467214961,-3.590960090394321,11.451752039037048,15.11306571979345,15.042712129431369,-1.174951577378986
0.8800000000000007,-0.4065101985655504,-0.7284137200809083,-0.9227073556944145,-0.4075774981957165,-0.7168802430134463,0.0010672996301661075,-0.7285648673386129,-3.5485996179363823,11.564798737397414,15.183911511154019,15.113398355333796,-1.1610917096642954
0.8820000000000007,-0.40796886182883096,-0.7302447443867667,-0.9083109263314326,-0.40901500022077225,-0.7187510125278888,0.001046138391941287,-0.7300773123520434,-3.506111967364805,11.67813275517247,15.254914197741119,15.184244722537276,-1.147190220823885
0.8840000000000007,-0.40943115832386406,-0.732046939880496,-0.8938786384083565,-0.41045618579095455,-0.7205927850911371,0.001025027467090489,-0.7315736233461725,-3.4634986173190705,11.791749361212256,15.326070522934838,15.255247978531326,-1.1332475946479477
0.8860000000000007,-0.41089703032168784,-0.7338202354145038,-0.8794110616872014,-0.4119009967847884,-0.7224054969169239,0.0010039664631005807,-0.7330535433903256,-3.420761052250395,11.905643814060483,15.397377225860605,15.326404866310877,-1.1192643168279988
0.8880000000000007,-0.41236641995218576,-0.735564560982119,-0.8649087673231239,-0.41334937495531154,-0.7241890852615659,0.000982955003125785,-0.734516817482834,-3.3779007627970055,12.019811361779897,15.468831041583677,15.397712124576902,-1.1052408750796747
0.8900000000000007,-0.41383926920637126,-0.7372798477203549,-0.8503723278418736,-0.4148012619321521,-0.7259434884202867,0.0009619927257808469,-0.7359631929487831,-3.3349192461129644,12.134247241824205,15.540428701304268,15.46916648793717,-1.0911777592503202
0.8920000000000007,-0.4153155199386776,-0.7389660279126281,-0.8358023171171917,-0.41625659922360086,-0.7276686457243737,0.000941079284923263,-0.7373924197942419,-3.2918180061532567,12.248946680954006,15.612166932553263,15.540764687107263,-1.0770754614122864
0.8940000000000007,-0.4167951138692538,-0.7406230349914318,-0.8211993103481516,-0.41771532821867907,-0.7293644975391078,0.0009202143494252968,-0.7388042510198365,-3.248598553918052,12.36390489519365,15.684042459388465,15.612503449111703,-1.0629344759428667
0.8960000000000007,-0.41827799258626486,-0.7422508035409638,-0.8065638840364576,-0.4191773901892039,-0.7310309852624092,0.000899397602939056,-0.7401984428959634,-3.2052624076584455,12.479117089826866,15.756052002591481,15.684379497485311,-1.0487552995916443
0.8980000000000007,-0.4197640975481981,-0.743849269299709,-0.7918966159636804,-0.42064272629185223,-0.7326680513241459,0.0008786287436541307,-0.7415747552023353,-3.1618110930463352,12.59457845942839,15.82819227986524,15.756389552474726,-1.034538431536105
0.9000000000000007,-0.4212533700861743,-0.7454183691629762,-0.7771980851684491,-0.4221112775702243,-0.7342756391860499,0.0008579074840500134,-0.7429329514343297,-3.118246143310946,12.710284187929386,15.90046000603203,15.828530331240332,-1.0202843734263465
0.9020000000000007,-0.42274575140626364,-0.7469580411853894,-0.7624688719235916,-0.4235829849569087,-0.7358536933421912,0.0008372335506450779,-0.7442727989781766,-3.074569099344036,12.826229448714134,15.972851893232109,15.90079854805817,-1.005993629419541
0.9040000000000007,-0.42424118259180704,-0.7484682245833338,-0.7477095577132264,-0.42505778927554866,-0.7374021593199619,0.0008166066837416164,-0.7455940692575749,-3.0307815097763795,12.942409404745902,16.04536465112304,15.97319091452228,-0.9916667062050017
0.9060000000000007,-0.4257396046057418,-0.7499488597373545,-0.7329207252098067,-0.4265356312429117,-0.7389209836815247,0.0007960266371699332,-0.7468965378535555,-2.9868849310273293,13.058819208719935,16.117994987079385,16.045704139747265,-0.9773041130204481
0.9080000000000007,-0.42724095829293257,-0.7513998881945108,-0.7181029582511167,-0.42801645147096307,-0.7404101140256801,0.0007754931780304952,-0.7481799845999033,-2.9428809273298047,13.17545400324124,16.190739606393088,16.118334930571045,-0.9629063616602282
0.9100000000000007,-0.4287451843825064,-0.7528212526706838,-0.7032568418172254,-0.4295001904689433,-0.7418694989901131,0.0007550060864368602,-0.7494441936558403,-2.898771070732403,13.292308921025464,16.263595212474346,16.191079991757867,-0.9484739664760582
0.9120000000000007,-0.43025222349019315,-0.754212897052838,-0.6883829620073866,-0.43098678864545126,-0.7432990882539776,0.0007345651552581045,-0.7506889535581358,-2.8545569410807694,13.409379085120918,16.336558507052953,16.263936026201687,-0.9340074443709768
0.9140000000000007,-0.43176201612066917,-0.7555747664012359,-0.6734819060169083,-0.4324761863105328,-0.744698832540783,0.0007141701898636388,-0.751914057254008,-2.8102401259796532,13.526659609149913,16.40962619038022,16.336899735129567,-0.9195073147869869
0.9160000000000007,-0.4332745026699066,-0.7569068069516074,-0.6585542621139661,-0.4339683236777759,-0.7460686836215459,0.0006938210078692997,-0.7531193021170361,-2.7658222207378476,13.644145597567656,16.48279496143128,16.409967818305503,-0.9049740996870786
0.9180000000000007,-0.43478962342752625,-0.7582089661172725,-0.643600619616381,-0.43546314086641225,-0.7474085943181747,0.0006735174388859955,-0.7543044899472127,-2.7213048282971104,13.76183214593729,16.556061518107875,16.4831369742344,-0.8904083235320308
0.9200000000000007,-0.43630731857915495,-0.7594811924912169,-0.6286215688683544,-0.43696057790342635,-0.7487185185070554,0.0006532593242714047,-0.7554694269569124,-2.6766895591469004,13.879714341219334,16.629422557441547,16.556403900366234,-0.8758105132525621
0.9220000000000007,-0.43782752820878684,-0.760723435848122,-0.6136177012171614,-0.43846057472567196,-0.7499984111228072,0.0006330465168851163,-0.7566139237442056,-2.631978031226336,13.997787262074137,16.702874775797174,16.629765293300473,-0.861181198217298
0.9240000000000007,-0.4393501923011487,-0.7619356471463469,-0.5985896089898061,-0.43996307118199635,-0.7512482281621838,0.000612878880847656,-0.7577377952547126,-2.5871718698145703,14.116045979175977,16.77641486907694,16.703217848990548,-0.8465209101969519
0.9260000000000007,-0.4408752507440694,-0.7631177785298654,-0.5835378854696376,-0.44146800703537253,-0.7524679266880909,0.0005927562913031204,-0.7588408607335311,-2.5422727074111324,14.234485555537574,16.85003953292459,16.776758262948707,-0.8318301833252189
0.9280000000000007,-0.44240264333085283,-0.7642697833301542,-0.5684631248729285,-0.4429753219650399,-0.7536574648336968,0.0005726786341870849,-0.7599229436681436,-2.4972821836071426,14.353101046843674,16.92374546292998,16.850383230450817,-0.8171095540566792
0.9300000000000007,-0.4439323097626552,-0.7653916160680367,-0.5533659223254133,-0.44448495556865314,-0.7548168018066149,0.0005526458059979533,-0.7609838717238904,-2.4522019449489725,14.471887501792425,16.997529354833798,16.924089446741398,-0.8023595611222301
0.9320000000000007,-0.4454641896508649,-0.7664832324554773,-0.5382468738387988,-0.4459968473644394,-0.7559458978931349,0.0005326577135745247,-0.7620234766722731,-2.4070336447946272,14.590839962444061,17.071387904732717,16.997873607238688,-0.7875807454821483
0.9340000000000007,-0.44699822251948684,-0.7675445893973301,-0.5231065762872315,-0.44751093679336434,-0.7570447144624841,0.0005127142738775015,-0.7630415943140321,-2.361778943164838,14.70995346457505,17.145317809284528,17.071732407739887,-0.77277365027739
0.9360000000000007,-0.4485343478075302,-0.7685756449930402,-0.5079456273837342,-0.44902716322130654,-0.7581132139711015,0.0004928154137763263,-0.7640380643972737,-2.3164395065890715,14.829223038037329,17.219315765913514,17.1456625446264,-0.757938820779247
0.9380000000000007,-0.45007250487139877,-0.7695763585382983,-0.4927646256566101,-0.45054546594124034,-0.7591513599669073,0.00047296106984157094,-0.765012730531591,-2.271017007947428,14.948643707121658,17.293378473015977,17.219660715069086,-0.7430768043376614
0.9400000000000007,-0.4516126329872855,-0.7705466905266471,-0.47756417042581323,-0.4520657841754274,-0.7601591170935524,0.00045315118814193145,-0.7659654400992553,-2.225513126309563,15.068210490924047,17.36750263016574,17.29372361723361,-0.7281881503285402
0.9420000000000007,-0.4531546713535694,-0.7714866026510412,-0.4623448617792888,-0.4535880570776167,-0.7611364510946352,0.00043338572404727493,-0.7668960441638049,-2.1799295467708717,15.187918403714772,17.441684938319824,17.367847950485643,-0.7132734101001957
0.9440000000000007,-0.4546985590932162,-0.7723960578053592,-0.4471073005492825,-0.4551122237352524,-0.7620833288178717,0.00041366464203618225,-0.7678043973770663,-2.134267960287051,15.307762455309128,17.515922100023978,17.44203041559618,-0.6983331369192369
0.9460000000000007,-0.4562442352561816,-0.7732750200858691,-0.43185208828862093,-0.45663822317169084,-0.7629997182192078,0.00039398791550926404,-0.7686903578849922,-2.0885300635073727,15.427737651439235,17.590210819618346,17.516267714946608,-0.6833678859160477
0.9480000000000007,-0.457791638821817,-0.7741234547926448,-0.4165798272469639,-0.4581659943484246,-0.7638855883668637,0.00037435552660758376,-0.7695537872328775,-2.042717558607276,15.547838994126586,17.664547803442854,17.59055655273386,-0.6683782140300307
0.9500000000000007,-0.45934070870127963,-0.774941328430937,-0.4012911203470251,-0.4596954761673152,-0.7647409094453017,0.00035476746603557707,-0.7703945502708744,-1.996832153121144,15.668061482054064,17.73892976004266,17.664893635175208,-0.6533646799549204
0.9520000000000007,-0.4608913837399428,-0.7757286087124948,-0.38598657116077534,-0.46122660747283345,-0.7655656527591068,0.0003352237328906327,-0.771212515059374,-1.95087555977492,15.788400110938158,17.81335340037338,17.739275670713077,-0.6383278440840321
0.9540000000000007,-0.4624436027198113,-0.7764852645568407,-0.3706667838856111,-0.462759327054307,-0.7663597907367758,0.0003157243344957261,-0.7720075527757897,-1.9048494963200193,15.908849873899591,17.887815438006093,17.81369937021961,-0.6232682684559347
0.9560000000000007,-0.46399730436193753,-0.7772112660924978,-0.3553323633205022,-0.4642935736481758,-0.7671232969344063,0.000296269286238271,-0.7727795376222637,-1.8587556853680978,16.029405761832823,17.962312589332196,17.888161447200922,-0.6081865167004076
0.9580000000000007,-0.46555242732884106,-0.7779065846581683,-0.33998391484211593,-0.46582928594025436,-0.7678561460392801,0.0002768586114132998,-0.7735283467349454,-1.8125958542273342,16.15006276377391,18.03684157376786,17.962658618001242,-0.5930831539848844
0.9600000000000007,-0.46710891022692996,-0.778571192803866,-0.32462204438091735,-0.46736640256800105,-0.7685583138733378,0.0002574923410710861,-0.7742538600952764,-1.766371734740651,16.270815867265917,18.111399113958306,18.03718760200657,-0.5779587469615306
0.9620000000000007,-0.46866669160892455,-0.7792050642919991,-0.3092473583972486,-0.46890486212279414,-0.7692297773965384,0.00023817051386959553,-0.7749559604432043,-1.7200850631257973,16.391660058722355,18.185981935981623,18.111745121848152,-0.5628138637149325
0.9640000000000007,-0.47022570997628316,-0.7798081740984067,-0.2938604638573866,-0.47044460315221437,-0.7698705147101017,0.00021889317593121183,-0.7756345331928858,-1.673737579817867,16.51259032378767,18.26058676955232,18.186327903605537,-0.5476490737105769
0.9660000000000007,-0.4717859037816301,-0.7803804984133464,-0.27846196820958236,-0.4719855641623336,-0.7704805050596311,0.00019966038070351466,-0.7762894663508132,-1.6273310293141863,16.63360164769506,18.335210348224237,18.260932677009244,-0.532464947744105
0.9680000000000007,-0.4733472114311855,-0.7809220146424343,-0.2630524793600753,-0.47352768362000985,-0.7710597288381129,0.00018047218882433214,-0.776920650436708,-1.5808671600218924,16.754689015621057,18.409849409593214,18.33555617564295,-0.5172620578914486
0.9700000000000008,-0.4749095712871968,-0.7814327014075367,-0.24763260564910117,-0.4750708999551874,-0.7716081675887934,0.0001613286679906234,-0.7775279784071293,-1.5343477241082144,16.875847413037015,18.484500695499097,18.41019513714523,-0.5020409774598467
0.9720000000000008,-0.476472921670372,-0.7819125385476147,-0.2322029558268709,-0.4766151515632033,-0.7721258040079284,0.0001422298928313026,-0.7781113455821149,-1.4877744773537045,16.997071826057166,18.559160952227295,18.48484630341087,-0.48680228093982325
0.9740000000000008,-0.47803720086231477,-0.7823615071195194,-0.21676413902953975,-0.4781603768070981,-0.7726126219474094,0.00012317594478333804,-0.778670649574793,-1.4411491790084074,17.118357241783123,18.6338269307096,18.55950642079153,-0.47154654395813045
0.9760000000000008,-0.4796023471079612,-0.7827795893987406,-0.2013167647551594,-0.47970651401993264,-0.7730686064172625,0.00010416691197145944,-0.7792057902241155,-1.3944735916511026,17.239698648644676,18.708495386724593,18.63417224029578,-0.4562743432316946
0.9780000000000008,-0.4811682986180174,-0.7831667688801057,-0.18586144283961595,-0.48125350150710866,-0.7734937435880219,8.520288909125151e-05,-0.7797166695306077,-1.34774948105153,17.361091036737285,18.783163081097143,18.708840517788815,-0.44098625652253287
0.9800000000000008,-0.48273499357139915,-0.7835230302784316,-0.17039878343255502,-0.4828012775486946,-0.7738880207929778,6.628397729546709e-05,-0.7802031915952992,-1.3009786160357495,17.482529398155332,18.8578267798974,18.78350801419108,-0.4256828625937016
0.9820000000000008,-0.48430237011767224,-0.7838483595291285,-0.1549293969732936,-0.4843497804017552,-0.7742514265303003,4.741028408294934e-05,-0.7806652625618462,-1.2541627683546621,17.604008727321947,18.932483254638957,18.858171495676608,-0.41036474116627203
0.9840000000000008,-0.4858703663794944,-0.7841427437887545,-0.13945389416672238,-0.48589894830268526,-0.7745839504650399,2.8581923190884595e-05,-0.7811027905617067,-1.2073037125555537,17.725524021314854,19.007129282476185,18.932827733870408,-0.3950324728772968
0.9860000000000008,-0.48743892045505816,-0.7844061714355232,-0.12397288595919169,-0.48744871946954726,-0.7748855834310059,9.799014489109137e-06,-0.7815156856624623,-1.160403225856736,17.84707028018841,19.08176164640086,19.007473506045148,-0.3796866392387887
0.9880000000000008,-0.48900797042053434,-0.7846386320697621,-0.10848698351439892,-0.4889990321044123,-0.7751563174325246,-8.938316122031331e-06,-0.7819038598191022,-1.1134630880251584,17.968642507291907,19.156377135437857,19.082105595317067,-0.36432782259767205
0.9900000000000008,-0.4905774543325169,-0.7848401165143235,-0.09299679818925645,-0.4905498243957045,-0.7753961456460785,-2.762993681243442e-05,-0.782267226828437,-1.066485081257089,18.090235709583986,19.23097254483995,19.156720790841074,-0.34895660609673496
0.9920000000000008,-0.4921473102304685,-0.7850106168149463,-0.0775029415097575,-0.49210103452054815,-0.7756050624218302,-4.6275709920329255e-05,-0.7826057022864346,-1.0194709900617165,18.21184489794317,19.305544676281716,19.231315888004886,-0.333573573636538
0.9940000000000008,-0.4937174761391662,-0.7851501262405709,-0.06200602514683405,-0.4936526006471182,-0.7757830632850305,-6.487549204803322e-05,-0.7829192035483842,-0.9724226011475516,18.333465087474803,19.380090338052455,19.305887688622356,-0.31817930983824094
0.9960000000000008,-0.49528789007114854,-0.7852586392836038,-0.04650666089220912,-0.49520446093699283,-0.7759301449373148,-8.34291341557103e-05,-0.7832076496918244,-0.9253417033115819,18.455091297814256,19.454606345248145,19.380433001125837,-0.30277440000732425
0.9980000000000008,-0.49685849002916244,-0.7853361516601358,-0.031005460634244315,-0.4967565535475086,-0.7760463052578899,-0.0001019364816538526,-0.7834709614822987,-0.8782300873312361,18.576718553426385,19.52908951996226,19.45494864075762,-0.287359430098235
1.0000000000000007,-0.4984292140086109,-0.7853826603101113,-0.015503036333783526,-0.4983088166341178,-0.7761315433046124,-0.00012039737449309751,-0.7837090613416982,-0.8310895458589269,18.69834188390126,19.603536691475643,19.529431429760187,-0.2719349866798743
1.0020000000000007,-0.5000000000000006,-0.7853981633974483,5.176561539049474e-15,-0.49986118835274773,-0.776185859314964,-0.00013881164725282336,-0.7839218733190046,-0.7839218733189889,18.819956324246682,19.677944696445195,19.60387819756567,-0.2565016569018647
1.0040000000000007,-0.5015707859913903,-0.7853826603101113,0.015503036333794974,-0.5014136068621615,-0.7762092547069221,-0.0001571791292287461,-0.7841093230636841,-0.7367288658072432,18.941556915176832,19.752310379091412,19.678285780984076,-0.24106002846168412
1.0060000000000007,-0.5031415099708386,-0.7853361516601358,0.031005460634254668,-0.5029660103263209,-0.7762017320797323,-0.00017549964451768485,-0.7842713378012018,-0.6895123209927208,19.06313870339766,19.826630591384856,19.752651024390378,-0.22561068957249833
1.0080000000000007,-0.5047121099288525,-0.7852586392836037,0.04650666089221947,-0.5045183369167501,-0.7761632952145822,-0.00019377301210243836,-0.7844078463108759,-0.6422740380216707,19.184696741888956,19.90090219323123,19.826970779910628,-0.21015422893174449
1.0100000000000007,-0.5062825238608348,-0.7851501262405708,0.06200602514684441,-0.5060705248149004,-0.7760939490751813,-0.00021199904593438568,-0.7845187789057565,-0.5950158174236507,19.306226090182992,19.975122052655394,19.901241907606643,-0.194691235690398
1.0120000000000007,-0.5078526897695326,-0.7850106168149463,0.07750294150976787,-0.5076225122145169,-0.7759936998082486,-0.00023017755501564263,-0.7846040674146634,-0.5477394610197422,19.427721814639963,20.04928704598403,19.975461275659704,-0.17922229942292933
1.0140000000000007,-0.5094225456674841,-0.7848401165143234,0.09299679818926682,-0.5091742373240048,-0.7758625547439102,-0.00024830834347933095,-0.7846636451659211,-0.5004467718324912,19.54917898872042,20.123394058026975,20.04962576055291,-0.1637480100978303
1.0160000000000007,-0.5109920295794668,-0.7846386320697619,0.10848698351440926,-0.5107256383687968,-0.7757005223960101,-0.0002663912106699584,-0.784697446973072,-0.4531395539978306,19.670592693254378,20.197439982257272,20.123732247252207,-0.14826895804878443
1.0180000000000007,-0.5125610795449429,-0.784406171435523,0.12397288595920203,-0.5122766535937214,-0.7755076124623353,-0.0002844259512214675,-0.7847054091221408,-0.40581961267857436,19.791958016707603,20.27142172098979,20.197777629386177,-0.13278573394635557
1.0200000000000007,-0.5141296336205067,-0.7841427437887544,0.13945389416673273,-0.513827221265371,-0.7752838358247605,-0.0003024123551357283,-0.7846874693605763,-0.3584887539796019,19.91327005544488,20.345336185558523,20.271758809424483,-0.11729892877022727
1.0220000000000007,-0.5156976298823289,-0.7838483595291282,0.15492939697330502,-0.5153772796744696,-0.7750292045493106,-0.00032035020785936563,-0.7846435668875409,-0.3111487848644101,20.034523913990455,20.41918029649239,20.345672698854866,-0.1018091337818898
1.0240000000000007,-0.517265006428602,-0.7835230302784313,0.17039878343256643,-0.5169267671382418,-0.7747437318861472,-0.0003382392903601428,-0.7845736423457327,-0.2638015130732252,20.15571470528559,20.492950983689596,20.419516218358815,-0.08631694049783878
1.0260000000000007,-0.5188317013819836,-0.7831667688801054,0.1858614428396263,-0.5184756220027807,-0.7744274322694786,-0.00035607937920290045,-0.7844776378144357,-0.2164487470423653,20.276837550943384,20.566645186590506,20.493286297985748,-0.07082294066318179
1.0280000000000007,-0.5203976528920399,-0.7827795893987404,0.20131676475516969,-0.5200237826454155,-0.7740803213173972,-0.00037387024662438595,-0.78435549680364,-0.1690922958246919,20.397887581501017,20.640259854349015,20.56697987732571,-0.05532772622560245
1.0300000000000007,-0.5219627991376863,-0.7823615071195191,0.21676413902955008,-0.5215711874770788,-0.773702415831645,-0.00039161166060752706,-0.7842071642493482,-0.12173396901130565,20.518859936669358,20.71379194600233,20.640593905680664,-0.03983188930973111
1.0320000000000007,-0.5235270783296291,-0.7819125385476142,0.2322029558268812,-0.5231177749446734,-0.7732937337973101,-0.00040930338495570595,-0.7840325865098865,-0.07437557665425353,20.63974976557985,20.787238430639206,20.714125342234105,-0.024336022191846968
1.0340000000000007,-0.5250904287128042,-0.7814327014075364,0.24763260564911146,-0.5246634835334383,-0.7728542943824562,-0.0004269451793659229,-0.7838317113630845,-0.027018929190156925,20.760552227029095,20.86059628756659,20.78757115621925,-0.008840717274881588
1.0360000000000007,-0.5266527885688155,-0.7809220146424339,0.26305247936008563,-0.5262082517693136,-0.7723841179376858,-0.000444536799501849,-0.7836044880042646,0.020334162635316837,20.881262489720886,20.933862506474533,20.86092832708557,0.006653432936301662
1.0380000000000007,-0.528214096218371,-0.7803804984133461,0.2784619682095926,-0.5277520182213049,-0.7718832259956403,-0.00046207799706610153,-0.7833508670450143,0.06768188784215008,21.001875732505802,21.00703408759962,20.934193844663653,0.0221458358593552
1.0400000000000007,-0.529774290023718,-0.7798081740984063,0.293860463857398,-0.5292947215038458,-0.7713516412704374,-0.00047956851987218663,-0.7830708005125067,0.11502243529008566,21.12238714461868,21.080108041886565,21.007364709328595,0.0376358988587035
1.0420000000000007,-0.5313333083910766,-0.7792050642919987,0.30924735839726,-0.53083630027916,-0.7707893876570485,-0.0004970081119166636,-0.7827642418496468,0.1623539937518519,21.24279192591338,21.15308139114815,21.080437932161527,0.05312302926950935
1.0440000000000007,-0.5328910897730711,-0.7785711928038656,0.3246220443809276,-0.5323766932596212,-0.7701964902306162,-0.0005143965134498663,-0.7824311459154747,0.20967475198609092,21.36308528709568,21.225951168223375,21.153410535109586,0.06860663442154241
1.0460000000000007,-0.5344475726711599,-0.7779065846581679,0.33998391484212614,-0.5339158392101127,-0.769572975245715,-0.0005317334610472901,-0.7820714689862011,0.2569828988095929,21.483262449953585,21.29871441713397,21.226279551143993,0.08408612166282164
1.0480000000000007,-0.5360026956380636,-0.7772112660924974,0.3553323633205125,-0.5354536769503838,-0.7689188701355547,-0.0005490186876797587,-0.781685168756546,0.3042766231691622,21.603318647585755,21.37136819323896,21.299042024416593,0.0995608983831357
1.0500000000000007,-0.5375563972801898,-0.7764852645568403,0.3706667838856213,-0.5369901453574061,-0.7682342035111295,-0.0005662519227837004,-0.7812722043413223,0.3515541142131968,21.72324912462764,21.44390956338757,21.37169501041444,0.11503037203747019
1.0520000000000007,-0.5391086162600582,-0.7757286087124943,0.38598657116078555,-0.5385251833677267,-0.767519005160312,-0.0005834328923315368,-0.7808325362776228,0.3988135613625826,21.84304913747527,21.516335606070136,21.444235576112685,0.13049395016921067
1.0540000000000007,-0.5406592912987215,-0.7749413284309364,0.40129112034703524,-0.5400587299798205,-0.7667733060468959,-0.0006005613189009607,-0.7803661265268523,0.446053154381692,21.962713954507233,21.58864341156729,21.516660800125543,0.14595104043337875
1.0560000000000007,-0.542208361178184,-0.7741234547926442,0.4165798272469741,-0.5415907242564397,-0.7659971383095846,-0.0006176369217443245,-0.7798729384770866,0.4932710834489699,22.082238856304468,21.660830082097238,21.588967772855497,0.16140105061973437
1.0580000000000007,-0.5437557647438196,-0.7732750200858685,0.43185208828863214,-0.5431211053269616,-0.7651905352609308,-0.00063465941685803,-0.7793529369456729,0.5404655392272228,22.201619135867833,21.732892731961005,21.66115359664061,0.17684338867577903
1.0600000000000007,-0.5453014409067849,-0.7723960578053587,0.44710730054929376,-0.544649812389734,-0.7643535313862243,-0.0006516285170509173,-0.7788060881817582,0.5876347129338881,22.32085009883368,21.80482848768598,21.733215385899793,0.1922774627297547
1.0620000000000007,-0.5468453286464316,-0.7714866026510405,0.462344861779299,-0.5461767847144187,-0.763486162342332,-0.0006685439320129882,-0.7782323598689109,0.6347767964111459,22.43992706368762,21.876634488167294,21.805150267276474,0.20770268111358858
1.0640000000000007,-0.5483873670127155,-0.7705466905266465,0.47756417042582333,-0.5477019616443316,-0.7625884649564874,-0.0006854053683839068,-0.7776317211278057,0.681889982195893,22.558845361975827,21.94830788480739,21.876955379779933,0.22311845238579364
1.0660000000000007,-0.5499274951286023,-0.7695763585382976,0.4927646256566202,-0.5492252825987817,-0.7616604772250335,-0.0007022125298206117,-0.7770041425189071,0.7289724635896,22.677600338514576,22.01984584165342,21.948627874924977,0.238524185354332
1.0680000000000007,-0.5514656521924708,-0.7685756449930394,0.5079456273837444,-0.5507466870754059,-0.7607022383121176,-0.0007189651170649292,-0.7763495960448918,0.7760224347283788,22.796187351597784,22.09124553553292,22.020164916869405,0.25391928909954586
1.0700000000000007,-0.5530017774805142,-0.7675445893973294,0.5231065762872416,-0.5522661146525025,-0.7597137885483396,-0.0007356628280116295,-0.7756680551534789,0.823038090652547,22.91460177320227,22.16250415618717,22.091563682549726,0.26930317299692175
1.0720000000000007,-0.5545358103491361,-0.7664832324554766,0.5382468738388089,-0.5537835049913612,-0.758695169429353,-0.0007523053577749295,-0.774959494739516,0.870017627376829,23.0328389891914,22.2336189064026,22.162821361814572,0.28467524674006706
1.0740000000000007,-0.5560676902373458,-0.7653916160680361,0.5533659223254234,-0.55529879783859,-0.7576464236144211,-0.0007688923987557716,-0.7742238911476039,0.916959241959929,23.150894399516133,22.30458700214023,22.233935157556203,0.3000349203634788
1.0760000000000007,-0.5575973566691482,-0.7642697833301535,0.5684631248729386,-0.5568119330284399,-0.7565675949249268,-0.000785423640708327,-0.7734612221740667,0.9638611325746738,23.268763418414654,22.37540567266292,22.30490228583998,0.3153816042654971
1.0780000000000007,-0.5591247492559317,-0.7631177785298645,0.5835378854696486,-0.5583228504851255,-0.7554587283428366,-0.0008018987708061642,-0.7726714670690851,1.0107214985778739,23.38644147460959,22.446072160660492,22.375719976031718,0.3307147092311694
1.0800000000000007,-0.5606498076988524,-0.7619356471463461,0.5985896089898172,-0.5598314902251438,-0.7543198700091212,-0.0008183174737086407,-0.7718546065386396,1.0575385405802775,23.503924011503077,22.516583722372857,22.4463854709228,0.3460336464551438
1.0820000000000007,-0.5621724717912142,-0.7607234358481212,0.6136177012171715,-0.561337792359588,-0.7531510672221297,-0.0008346794316261841,-0.7710106227460367,1.1043104605168377,23.621206487370333,22.58693762771082,22.516896026853495,0.36133782756466326
1.0840000000000007,-0.563692681420846,-0.7594811924912162,0.6286215688683645,-0.5628416970964598,-0.7519523684359204,-0.0008509843243862392,-0.7701394993136195,1.151035461716686,23.738284375550403,22.657131160375073,22.58724891383372,0.37662666464246697
1.0860000000000007,-0.5652103765724747,-0.7582089661172716,0.643600619616391,-0.5643431447429769,-0.750723823258547,-0.0008672318294978831,-0.7692412213239674,1.1977117489734992,23.855153164635635,22.72716161797253,22.657441415662134,0.3918995702498156
1.0880000000000007,-0.5667254973300944,-0.7569068069516065,0.6585542621139759,-0.5658420757078775,-0.7494654824502998,-0.0008834216222168845,-0.7683157753210339,1.2443375286158145,23.9718083586584,22.797026312130875,22.727470830042584,0.4071559574495045
1.0900000000000007,-0.5682379838793319,-0.7555747664012349,0.6734819060169183,-0.5673384305037212,-0.7481773979219036,-0.0008995533756106511,-0.767363149311167,1.2909110085773414,24.08824547727597,22.866722568610857,22.797334468698626,0.42239523982887406
1.0920000000000007,-0.5697477765098079,-0.754212897052837,0.6883829620073966,-0.5688321497491866,-0.7468596227326721,-0.0009156267606212909,-0.7663833327637204,1.3374303984675793,24.20446005595357,22.93624772741613,22.867029657485993,0.43761683152291597
1.0940000000000007,-0.5712548156174946,-0.752821252670683,0.7032568418172352,-0.5703231741713638,-0.7455122110886172,-0.000931641446130782,-0.765376316611621,1.383893909642323,24.320447646144743,23.005599142901218,22.936553736502418,0.4528201472373513
1.0960000000000008,-0.5727590417070685,-0.7513998881945098,0.7181029582511277,-0.5718114446080448,-0.744135218340515,-0.0009475970990237004,-0.7643420932517002,1.4302997552743153,24.436203815469977,23.07477418387696,23.00590406019566,0.4680046022717471
1.0980000000000008,-0.5742603953942593,-0.7499488597373534,0.7329207252098175,-0.5732969020100086,-0.7427287009819288,-0.0009634933842507243,-0.7632806565447616,1.4766461504239974,24.55172414789307,23.143770233713898,23.07507799746907,0.48316961254267277
1.1000000000000008,-0.575758817408194,-0.7484682245833328,0.7477095577132363,-0.574779487443303,-0.7412927166471868,-0.0009793299648910292,-0.7621920018153812,1.5229313121104286,24.66700424389543,23.21258469044327,23.144072931785,0.4983145946069051
1.1020000000000008,-0.5772542485937373,-0.7469580411853884,0.7624688719236015,-0.5762591420915216,-0.739827324109317,-0.0009951065022156813,-0.761076125851738,1.5691534593820124,24.782039720647827,23.281214966855842,23.212886261265815,0.5134389656845779
1.1040000000000008,-0.5787466299138267,-0.7454183691629751,0.777198085168459,-0.5777358072580775,-0.7383325832779386,-0.001010822655749255,-0.7599330269050872,1.6153108133874632,24.896826212180333,23.349658490598323,23.28151539879287,0.5285421436824007
1.1060000000000008,-0.5802359024518029,-0.743849269299708,0.7918966159636902,-0.5792094243684717,-0.7368085551971087,-0.0010264780833312281,-0.7587627046888603,1.6614015974469731,25.01135936954986,23.417912704267764,23.34995777210289,0.5436235472169546
1.1080000000000008,-0.5817220074137361,-0.7422508035409627,0.8065638840364675,-0.5806799349725579,-0.7352553020431258,-0.0010420724411782656,-0.7575651603779774,1.7074240371230898,25.125634861005548,23.485975065503254,23.418210823882458,0.5586825956378776
1.1100000000000008,-0.5832048861307472,-0.7406230349914307,0.8211993103481614,-0.5821472807468024,-0.7336728871222892,-0.0010576053839447264,-0.7563403966076179,1.7533763602919044,25.239648372151688,23.553843047075727,23.486272011859782,0.5737187090511693
1.1120000000000008,-0.5846844800613233,-0.7389660279126269,0.8358023171172014,-0.5836114034965397,-0.7320613748686149,-0.001073076564783615,-0.7550884174719796,1.7992567972141786,25.35339560610868,23.621514136975073,23.554138808894503,0.5887313083424605
1.1140000000000008,-0.5861607307936298,-0.7372798477203537,0.8503723278418843,-0.5850722451582228,-0.7304208308415072,-0.0010884856354070882,-0.7538092285228164,1.8450635806064681,25.466872283671346,23.688985838495302,23.62180870306488,0.6037198152002955
1.1160000000000008,-0.5876335800478153,-0.7355645609821178,0.8649087673231347,-0.5865297478016696,-0.7287513217233865,-0.0011038322461457417,-0.7525028367677662,1.8907949457123878,25.580074143465378,23.756255670317003,23.68927919775299,0.6186836521394438
1.1180000000000008,-0.5891029696783132,-0.7338202354145027,0.8794110616872112,-0.5879838536323041,-0.7270529153172729,-0.0011191160460091165,-0.7511692506686507,1.936449130373656,25.692996942100898,23.823321166587753,23.75654781172724,0.6336222425241581
1.1200000000000008,-0.5905688416761369,-0.7320469398804947,0.8938786384083662,-0.5894345049933928,-0.7253256805443264,-0.001134336682744097,-0.7498084801393883,1.9820243751014452,25.805636454324244,23.890179877000154,23.823612079222798,0.6485350105915187
1.1220000000000008,-0.59203113817117,-0.7302447443867655,0.9083109263314422,-0.5908816443682755,-0.7235696874413424,-0.00114949380289453,-0.748420536544026,2.0275189231474107,25.917988473167085,23.956829366867236,23.890469550019674,0.6634213814746739
1.1240000000000008,-0.5934898014344506,-0.7284137200809071,0.9227073556944241,-0.5923252143825919,-0.7217850071582029,-0.0011645870518587342,-0.7470054326943147,2.0729310205749845,26.030048810093163,24.023267217195922,23.95711778951818,0.6782807812261815
1.1260000000000008,-0.5949447738804508,-0.726553939248624,0.9370673581509312,-0.5937651578065024,-0.7199717119552843,-0.001179616073948342,-0.7455631828475004,2.1182589163303622,26.141813295142754,24.089491024757873,24.023554378812392,0.6931126368412273
1.1280000000000008,-0.5963959980693496,-0.724665475310879,0.9513903667926548,-0.595201417556904,-0.7181298752008207,-0.0011945805124455866,-0.7440938027036981,2.1635008623136636,26.25327777707471,24.155498402158003,24.089776914761046,0.7079163762809183
1.1300000000000008,-0.5978434167093012,-0.7227484028209947,0.9656758161717386,-0.5966339366996405,-0.7162595713682228,-0.0012094800096607017,-0.7425973094032261,2.2086551134499928,26.36443812350613,24.221286977900757,24.155783010056137,0.7226914284955365
1.1320000000000008,-0.5992869726586957,-0.7208027974617106,0.979923142323102,-0.5980626584517071,-0.7143608760333529,-0.0012243142069885415,-0.7410737215238425,2.2537199277604243,26.47529022104956,24.286854396453844,24.221570293289133,0.737437223447765
1.1340000000000008,-0.6007266089284162,-0.7188287360421948,0.9941317827867034,-0.5994875261834507,-0.7124338658717552,-0.0012390827449655362,-0.7395230590779933,2.298693566432768,26.58582997544755,24.352198318309778,24.28713640901478,0.7521531921358512
1.1360000000000008,-0.6021622686840878,-0.716826296495012,1.008301176629747,-0.6009084834207624,-0.710478618655842,-0.0012537852633254243,-0.7379453435096117,2.343574293892646,26.69605331170537,24.41731642004494,24.352479017812723,0.7668387666168608
1.1380000000000008,-0.6035938952483215,-0.7147955578730468,1.022430764468824,-0.6023254738472665,-0.7084952132520366,-0.0012684214010549866,-0.7363405976912247,2.3883603778740348,26.80595617422054,24.482206394376327,24.417595796346507,0.781493380029765
1.1400000000000008,-0.6050214321029521,-0.7127366003463828,1.0365199884920029,-0.6037384413065022,-0.70648372961787,-0.00128299079644989,-0.7347088459207218,2.4330500894899934,26.915534526910395,24.54686595021592,24.482484437420403,0.7961164666185867
1.1420000000000008,-0.6064448228912687,-0.7106495051991376,1.0505682924808426,-0.6051473298041002,-0.7044442487990352,-0.001297493087168422,-0.7330501139180114,2.477641703303285,27.024784353337083,24.611292812722663,24.5471426500338,0.8107074617555086
1.1440000000000008,-0.6078640114202403,-0.7085343548262539,1.064575121832356,-0.606552083509953,-0.7023768529263962,-0.001311927910287225,-0.7313644288217804,2.5221334973967227,27.133701656829917,24.675484723352128,24.611568159433194,0.825265801963895
1.1460000000000008,-0.6092789416627338,-0.706391232730247,1.0785399235809043,-0.607952646760379,-0.7002816252129532,-0.0013262949023548076,-0.7296518191860133,2.5665237534435534,27.242282460605445,24.73943943990376,24.67575870716189,0.8397909249413251
1.1480000000000008,-0.6106895577597259,-0.7042202235179073,1.0924621464200257,-0.6093489640602805,-0.6981586499507633,-0.0013405936994453915,-0.7279123149765145,2.6108107567776333,27.35052280788488,24.803154736565837,24.739712051107247,0.8542822695825585
1.1500000000000008,-0.6120958040225086,-0.7020214128969613,1.1063412407242013,-0.6107409800852961,-0.6960080125078176,-0.0013548239372125348,-0.7261459475674541,2.654992796463413,27.458418762009092,24.86662840395807,24.803425965545678,0.8687392760024324
1.1520000000000008,-0.6134976249348872,-0.6997948876726873,1.1201766585705526,-0.6121286396839458,-0.6938297993248738,-0.0013689852509414235,-0.7243527497375548,2.699068165366039,27.565966406551322,24.929858249171634,24.866898241185282,0.8831613855588047
1.1540000000000008,-0.6148949651553726,-0.6975407357444888,1.1339678537604732,-0.6135118878797703,-0.6916240979122446,-0.0013830772756022736,-0.7225327556666188,2.7430351602209018,27.673161845426772,24.992842095807287,24.93012668520587,0.8975480408753205
1.1560000000000008,-0.616287769519365,-0.6952590461024242,1.1477142818411903,-0.6148906698734634,-0.6893909968465426,-0.0013970996459016227,-0.7206860009316265,2.7868920817034764,27.780001203000587,25.055577784010705,24.99310912129711,0.9118986858642526
1.1580000000000008,-0.6176759830413336,-0.6929499088236937,1.161415400127263,-0.6162649310449981,-0.6871305857673812,-0.0014110519963355106,-0.7188125225032085,2.8306372344985005,27.886480624192377,25.11806317050572,25.055843389693877,0.926212765749151
1.1600000000000008,-0.6190595509169853,-0.6906134150690829,1.1750706677220004,-0.6176346169557462,-0.684842955374031,-0.0014249339612391054,-0.7169123587415678,2.874268927369504,27.992596274579075,25.18029612862524,25.118327347209572,0.9404897270875952
1.1620000000000008,-0.6204384185254294,-0.6882496570793649,1.1886795455388195,-0.6189996733505903,-0.6825281974220333,-0.0014387451748391067,-0.7149855493928117,2.917785473227759,28.098344340494684,25.242274548339697,25.180558867266924,0.9547290177937522
1.1640000000000008,-0.6218125314313336,-0.6858587281716576,1.2022414963225259,-0.6203600461600298,-0.6801864047197695,-0.001452485271303816,-0.7130321355849687,2.9611851892012857,28.203721029127887,25.303996336283245,25.242535839926603,0.9689300871609603
1.1660000000000008,-0.6231818353870734,-0.6834407227357402,1.2157559846705246,-0.6217156815022798,-0.6778176711249873,-0.0014661538847935418,-0.7110521598241117,3.0044663967035143,28.30872256861688,25.365459415777806,25.304256171913366,0.9830923858842058
1.1680000000000008,-0.6245462763348733,-0.6809957362303273,1.2292224770539564,-0.6230665256853624,-0.6754220915412823,-0.0014797506495108914,-0.7090456659904563,3.0476274215018218,28.413345208141937,25.42666172685462,25.365717786640115,0.9972153660825382
1.1700000000000008,-0.6259058004089407,-0.6785238651792994,1.24264044183876,-0.6244125252091914,-0.6729997619145383,-0.0014932751997492888,-0.707012699334264,3.0906665937859525,28.51758521801544,25.487601226273423,25.42691862422949,1.0112984813214707
1.1720000000000008,-0.6272603539375934,-0.6760252071678932,1.256009349306661,-0.6257536267676501,-0.6705507792293222,-0.0015067271699432672,-0.7049533064718996,3.133582248236101,28.621438889769138,25.5482758875397,25.487856641533035,1.025341186635258
1.1740000000000008,-0.628609883445377,-0.6734998608388486,1.269328671676083,-0.6270897772506606,-0.6680752415052371,-0.0015201061947164307,-0.7028675353817699,3.1763727240908777,28.72490253623938,25.608683700919354,25.5485298121485,1.0393429385491362
1.1760000000000008,-0.6299543356551779,-0.6709479258885146,1.2825978831229872,-0.628420923746247,-0.6655732477932327,-0.0015334119089308595,-0.7007554354004153,3.219036365214903,28.827972491649444,25.668822673451224,25.60893612643454,1.0533031951014422
1.1780000000000008,-0.6312936574903244,-0.6683695030629132,1.2958164598016246,-0.6297470135425908,-0.6630448981718708,-0.001546643947733628,-0.698617057218164,3.261571520166547,28.93064511168972,25.728690828957376,25.669073591523173,1.0672214158657845
1.1800000000000008,-0.632627796076684,-0.6657646941537629,1.3089838798652225,-0.6310679941300779,-0.660490293743551,-0.0015598019466060986,-0.696452452875302,3.3039765422649974,29.032916773595176,25.788286208051083,25.728940231330178,1.0810970619729852
1.1820000000000008,-0.6339566987447497,-0.6631336019944591,1.3220996234865825,-0.6323838132033393,-0.6579095366306912,-0.0015728855414104403,-0.6942616757578564,3.3462497896573837,29.134783876220453,25.847606868142734,25.788534086563068,1.094929596133054
1.1840000000000008,-0.6352803130317195,-0.6604763304560152,1.3351631728786046,-0.633694418663283,-0.6553027299718677,-0.0015858943684364801,-0.6920447805934073,3.388389625385708,29.236242840112684,25.906650883443227,25.847853214726975,1.1087184826570848
1.1860000000000008,-0.6365985866835678,-0.6577929844429615,1.348174012314727,-0.6349997586191188,-0.6526699779179118,-0.0015988280644489983,-0.6898018234471022,3.4303944174532606,29.33729010758137,25.96541634496568,25.90689569012811,1.1224631874789972
1.1880000000000008,-0.637911467657108,-0.6550836698892041,1.3611316281492867,-0.6362997813903748,-0.6500113856279645,-0.0016116862667332477,-0.6875328617173646,3.4722625388911657,29.43792214276663,26.02390136052435,25.965659603875466,1.1361631781773012
1.1900000000000008,-0.6392189041220475,-0.6523484937538422,1.3740355088377978,-0.6375944355089058,-0.6473270592654901,-0.001624468613141694,-0.6852379541318485,3.513992367824358,29.538135431704134,26.082104054731882,26.024143063879777,1.1498179239967001
1.1920000000000008,-0.6405208444630333,-0.6495875640169464,1.3868851449571455,-0.6388836697208943,-0.6446171059942467,-0.0016371747421389804,-0.6829171607431346,3.5555822875375918,29.637926482388377,26.140022568994148,26.082344194850783,1.1634268958696883
1.1940000000000008,-0.6418172372816896,-0.6468009896752956,1.3996800292256975,-0.6401674329888427,-0.6418816339742165,-0.0016498042928468903,-0.6805705429246127,3.5970306865410397,29.73729182483307,26.197655061503028,26.14026113829203,1.1769895664380137
1.1960000000000008,-0.6431080313986481,-0.6439888807380729,1.4124196565233322,-0.6414456744935577,-0.6391207523574933,-0.001662356905090423,-0.6781981633662695,3.6383359586356883,29.836228011129474,26.254999707227007,26.197892052493785,1.190505410074082
1.1980000000000008,-0.6443931758555674,-0.6411513482225243,1.4251035239113774,-0.642718343636126,-0.6363345712841303,-0.0016748322194414245,-0.675800086070506,3.679496502978421,29.934731615501956,26.312054697899832,26.255235112523536,1.20397390290226
1.2000000000000008,-0.6456726199171445,-0.6382885041495747,1.437731130652467,-0.6439853900398819,-0.6335232018779453,-0.0016872298772626637,-0.6733763763477594,3.720510724147121,30.032799234361857,26.368818242006835,26.312288510214735,1.2173945228201708
1.2020000000000008,-0.6469463130731188,-0.6354004615394062,1.4503019782303077,-0.6452467635523664,-0.630686756242286,-0.0016995495207523525,-0.6709271008124791,3.7613770322050533,30.1304274863582,26.425288564769478,26.369050454153147,1.2307667495197705
1.2040000000000008,-0.6482142050402653,-0.6324873344069962,1.4628155703693633,-0.646502414247278,-0.6278253474557548,-0.0017117907929873333,-0.668452327378732,3.802093842765434,30.22761301242679,26.481463908127587,26.425519169661357,1.2440900645084731
1.2060000000000008,-0.6494762457643802,-0.6295492377576154,1.4752714130544418,-0.6477522924264137,-0.6249390895678926,-0.0017239533379664884,-0.6659521252559544,3.84265957705551,30.32435247583661,26.537342530719755,26.481692898781098,1.2573639511301258
1.2080000000000009,-0.6507323854222566,-0.6265862875822891,1.487669014550202,-0.6489963486216034,-0.6220280975948218,-0.0017360368006532623,-0.6634265649446838,3.883072661980447,30.420642562234075,26.592922707861607,26.53756990025363,1.2705878945859126
1.2100000000000009,-0.6519825744236519,-0.6235986008532164,1.5000078854205656,-0.6502345335966331,-0.6190924875148509,-0.0017480408270188486,-0.6608757182323379,3.923331530186855,30.516479979684853,26.64820273152212,26.593148449498,1.2837613819551452
1.2120000000000009,-0.6532267634132446,-0.6205862955191541,1.5122875385480365,-0.6514667983491611,-0.6161323762640375,-0.0017599650640834907,-0.6582996581887373,3.9634346201263138,30.611861458713783,26.703180910297988,26.64842683858747,1.2968839022160483
1.2140000000000009,-0.654464903272584,-0.6175494905007585,1.5245074891529375,-0.6526930941126246,-0.6131478817317125,-0.0017718091599594477,-0.6556984591620028,4.003380376118223,30.70678375234204,26.757855569386077,26.703403376223818,1.3099549462663367
1.2160000000000009,-0.6556969451220286,-0.614488305685892,1.5366672548125417,-0.6539133723581365,-0.6101391227559648,-0.0017835727638920718,-0.6530721967740787,4.043167248412788,30.801243636122678,26.812225050553774,26.75807638770989,1.3229740069438125
1.2180000000000009,-0.6569228403226757,-0.6114028619248896,1.5487663554801219,-0.6551275847963747,-0.6071062191190865,-0.0017952555263009984,-0.6504209479164311,4.082793693253463,30.895237908173357,26.866287712107788,26.812444214919893,1.3359405790468197
1.2200000000000009,-0.6581425404782816,-0.6082932810257876,1.5608043135039,-0.6563356833794606,-0.6040492915429789,-0.001806857098821002,-0.6477447907456302,4.122258172939351,30.98876338920763,26.92004192886057,26.86650521626828,1.3488541593546397
1.2220000000000009,-0.659355997437173,-0.6051596857495157,1.5727806536459064,-0.6575376203028296,-0.6009684616845204,-0.0018183771343434074,-0.6450438046791511,4.161559155886949,31.081816922563103,26.973486092095328,26.920257766676155,1.361714246647723
1.2240000000000009,-0.6605631632941467,-0.6020021998050499,1.5846949031007387,-0.6587333480070914,-0.5978638521308949,-0.0018298152870552808,-0.642318070390707,4.200695116692179,31.17439537422856,27.026618609529034,26.97370025753638,1.374520341727975
1.2260000000000009,-0.6617639903923616,-0.5988209478445286,1.5965465915142285,-0.6599228191798812,-0.5947355863948818,-0.001841171212480397,-0.6395676698060457,4.239664536191633,31.266495632868097,27.079437905273494,27.026831096676464,1.3872719474387984
1.2280000000000009,-0.6629584313252203,-0.595616055458332,1.6083352510020115,-0.6611059867577014,-0.5915837889101088,-0.0018524445675188739,-0.6367926860985289,4.2784659015237105,31.358114609843547,27.13194241979484,27.079648708319837,1.3999685686851064
1.2300000000000009,-0.6641464389382395,-0.5923876491701242,1.6200604161679946,-0.662282803927754,-0.5884085850262654,-0.001863635010485587,-0.6339932036845077,4.317097706189681,31.449249239234906,27.18413060987108,27.132151533045224,1.4126097124533048
1.2320000000000009,-0.6653279663309134,-0.5891358564318571,1.6317216241227364,-0.6634532241297625,-0.5852101010042796,-0.001874742201150914,-0.6311693082190617,4.355558450114103,31.539896477858427,27.23600094854816,27.184338027744325,1.425194887831065
1.2340000000000009,-0.6665029668585634,-0.5858608056187402,1.6433184145017126,-0.6646172010577854,-0.5819884640114569,-0.0018857658007779277,-0.6283210865914217,4.393846639705245,31.630053305283038,27.28755192509392,27.236206665577793,1.437723606027087
1.2360000000000009,-0.6676713941341805,-0.582562626024172,1.654850329483496,-0.6657746886620186,-0.578743802116581,-0.0018967054721619192,-0.6254486269204156,4.431960787915128,31.719716723844435,27.33878204495079,27.287755935929308,1.4501953803907683
1.2380000000000009,-0.6688332020302565,-0.5792414478546352,1.666316913807829,-0.6669256411505886,-0.575476244284979,-0.0019075608796679244,-0.6225520185500066,4.469899414299274,31.80888375865756,27.389689829686475,27.338984344358288,1.4626097264317361
1.2400000000000009,-0.6699883446806053,-0.5758974022245572,1.6777177147935967,-0.6680700129913357,-0.5721859203735481,-0.0019183316892695812,-0.6196313520448378,4.507661045076021,31.89755145762654,27.44027381694324,27.38989041255052,1.4749661618392769
1.2420000000000009,-0.6711367764821726,-0.572530621151134,1.689052282356697,-0.6692077589135872,-0.5688729611257469,-0.0019290175685854338,-0.6166867191854779,4.54524421318591,31.985716891453485,27.490532560385475,27.440472678267575,1.4872642065017616
1.2440000000000009,-0.6722784520968377,-0.5691412375491169,1.7003201690278107,-0.6703388339099203,-0.5655374981665492,-0.0019396181869173468,-0.6137182129640113,4.582647458350397,32.07337715364475,27.540464629645726,27.490729695294352,1.4995033825258595
1.2460000000000009,-0.6734133264532017,-0.5657293852255674,1.7115209299700653,-0.671463193237915,-0.5621796639973625,-0.001950133215286698,-0.6107259275792538,4.619869327130589,32.1605293605157,27.59006861026907,27.540660033385112,1.5116832142557646
1.2480000000000009,-0.6745413547483686,-0.5622951988745732,1.7226541229965977,-0.6725807924218968,-0.55879959199091,-0.001960562326471793,-0.60770995843236,4.656908372985306,32.24717065119326,27.639343103656202,27.59026227820795,1.5238032282921963
1.2500000000000009,-0.6756624924497128,-0.5588388140719309,1.733719308588011,-0.6736915872546689,-0.5553974163860769,-0.001970905195043837,-0.6046704021219282,4.693763156329325,32.333298187617146,27.68828672700468,27.63953503128782,1.5358629535114563
1.252000000000001,-0.6767766952966373,-0.5553603672697944,1.7447160499097243,-0.6747955337992344,-0.5519732722827205,-0.0019811614974029057,-0.6016073564394526,4.730432244590923,32.41890915453881,27.736898113249048,27.688476909947887,1.5478619210842672
1.254000000000001,-0.6778839193023218,-0.5518599957912873,1.7556439128292192,-0.6758925883905073,-0.5485272956364469,-0.0019913309118145817,-0.5985209203646198,4.7669142122692865,32.504000759518945,27.7851759109993,27.73708654724966,1.559799664494555
1.256000000000001,-0.6789841207554582,-0.5483378378250819,1.7665024659331798,-0.676982707637014,-0.54505962325335,-0.002001413118444262,-0.5954111940605245,4.803207640991666,32.5885702329231,27.83311878447795,27.785362591931428,1.5716757195581568
1.258000000000001,-0.6800772562219772,-0.5447940324199441,1.777291280544522,-0.6780658484225834,-0.5415703927847183,-0.002011407799393794,-0.5922782788690206,4.839311119570043,32.672614827915474,27.880725413455885,27.833303708345433,1.5834896244413674
1.260000000000001,-0.6811632825467622,-0.541228719479243,1.7880099307393185,-0.6791419679080268,-0.5380597427217042,-0.0020213146387353387,-0.5891222773057772,4.875223244057813,32.756131820451536,27.92799449318662,27.880908576393722,1.5952409196794843
1.262000000000001,-0.6822421568553534,-0.5376420397554289,1.7986579933636127,-0.6802110235328067,-0.5345278123899613,-0.0020311333225466743,-0.5859432930556983,4.910942617805717,32.83911850926814,27.974924734339453,27.928175891462423,1.606929148195118
1.264000000000001,-0.6833138365556405,-0.534034134844476,1.8092350480501245,-0.6812729730166952,-0.5309747419442469,-0.002040863538945281,-0.5827414309679355,4.9464678515178635,32.921572215872814,28.021514862931216,27.975104364354948,1.6185538553165268
1.266000000000001,-0.684378279339544,-0.5304051471802923,1.8197406772348461,-0.6823277743614212,-0.5274006723629896,-0.002050504978122758,-0.5795167970510597,4.9817975633072935,33.003490284531054,28.06776362025675,28.021692721223758,1.6301145887957975
1.268000000000001,-0.6854354431846852,-0.5267552200290972,1.8301744661735249,-0.6833753858523068,-0.523805745442824,-0.002060057332378351,-0.5762694984682089,5.016930378751158,33.084870082252024,28.113669762818287,28.06793970350087,1.6416108988269087
1.270000000000001,-0.686485286356046,-0.5230844974837645,1.8405360029580404,-0.6844157660598931,-0.520190103793092,-0.002069520296152927,-0.5729996435322802,5.051864930945613,33.16570899877289,28.159232062253466,28.11384406782728,1.6530423380636858
1.272000000000001,-0.6875277674076153,-0.5193931244581353,1.8508248785326615,-0.6854488738415537,-0.5165538908303104,-0.0020788935660616126,-0.569707341700763,5.0865998605605895,33.246004446541605,28.204449305262262,28.159404585981015,1.6644084616377435
1.274000000000001,-0.6885628451840264,-0.515681246681296,1.861040686710198,-0.6864746683430989,-0.5128972507726056,-0.002088176840927547,-0.5663927035710445,5.121133815893895,33.32575386069795,28.249320293532733,28.204620044804056,1.6757088271761758
1.276000000000001,-0.6895904788221808,-0.5119490106918256,1.8711830241880347,-0.6874931090003671,-0.5092203286341156,-0.0020973698218137438,-0.5630558408752684,5.155465452925305,33.404954699053484,28.293843843665858,28.249489246128178,1.6869429948192705
1.278000000000001,-0.6906106277528624,-0.5081965638320098,1.8812514905640563,-0.6885041555408058,-0.5055232702193599,-0.0021064722120566204,-0.5596968664754005,5.189593435370172,33.4836044420699,28.338018787099003,28.294011006699726,1.6981105272380472
1.280000000000001,-0.6916232517023378,-0.5044240542420263,1.8912456883524476,-0.689507767985041,-0.5018062221175762,-0.002115483717296862,-0.5563158943581081,5.223516434732821,33.56170059283605,28.381843970028573,28.338184158103225,1.7092109896517345
1.282000000000001,-0.6926283106939477,-0.5006316308540931,1.901165222999395,-0.6905039066484351,-0.4980693316970248,-0.002124404045512618,-0.5529130396297894,5.257233130359479,33.63924067704348,28.425318253331568,28.382007546684,1.7202439498450943
1.284000000000001,-0.6936257650496839,-0.49681944338659295,1.9110097028986537,-0.6914925321426336,-0.494312747099263,-0.002133232907050253,-0.5494884185115296,5.290742209490877,33.71622224296061,28.46844051248618,28.425480033469732,1.7312089781856403
1.286000000000001,-0.6946155753917563,-0.49298764233815845,1.9207787394070162,-0.6924736053771003,-0.4905366172333858,-0.0021419700146559917,-0.5460421483338171,5.3240423673148225,33.792642861405994,28.51120963749146,28.468600494091174,1.742105647640835
1.288000000000001,-0.6955977026441474,-0.4891363789817351,1.9304719468596452,-0.6934470875606408,-0.4867410917702366,-0.0021506150835066684,-0.5425743475315867,5.357132307017949,33.86850012571971,28.553624532786095,28.511367818701764,1.752933533795042
1.290000000000001,-0.6965721080341551,-0.48526580535860464,1.940088942585311,-0.694412940202914,-0.4829263211365855,-0.002159167831241149,-0.5390851356389064,5.390010739837639,33.94379165173415,28.595684117166236,28.55378091189651,1.7636922148665026
1.292000000000001,-0.697538753093923,-0.4813760742723874,1.9496293469214865,-0.6953711251159326,-0.47909245650927806,-0.002167627977990416,-0.5355746332839324,5.422676385113138,34.01851507774292,28.637387323702605,28.595838692629783,1.774381271724081
1.294000000000001,-0.6984975996619593,-0.47746733928300505,1.9590927832293472,-0.6963216044155512,-0.4752396498093523,-0.0021759952464081023,-0.5320429621835912,5.455127970336735,34.09266806446922,28.678733099656668,28.63754009413249,1.7850002879040021
1.296000000000001,-0.6994486098846432,-0.4735397547006235,1.9684788779086286,-0.6972643405229435,-0.4713680536961262,-0.0021842693616996867,-0.5284902451383955,5.487364231204305,34.1662482950326,28.719720406396146,28.6788840638283,1.795548849626405
1.298000000000001,-0.7003917462177195,-0.4695934755795562,1.977787260412386,-0.698199296166066,-0.467477821561254,-0.0021924500516534717,-0.5249166060271282,5.519383911665748,34.23925347491487,28.76034821930969,28.719869563249123,1.806026545811843
1.300000000000001,-0.7013269714277809,-0.4656286577121454,1.987017563261618,-0.6991264343811116,-0.4635691075227534,-0.0022005370466693375,-0.5213221698016426,5.551185763974821,34.31168133192472,28.800615527720932,28.7604955679499,1.8164329680976041
1.302000000000001,-0.7022542485937372,-0.4616454576226126,1.99616942205977,-0.7000457185139496,-0.4596420664190028,-0.0022085300797876073,-0.5177070624814775,5.582768548738889,34.38352961616152,28.840521334801853,28.800761067422627,1.826767710853981
1.304000000000001,-0.7031735411082739,-0.4576440325608759,2.00524247550713,-0.700957112221555,-0.4556968538027086,-0.002216428886718913,-0.5140714111485263,5.6141310349681905,34.45479609997793,28.88006465748537,28.840665065009745,1.8370303712004046
1.306000000000001,-0.7040848126792963,-0.4536245404963463,2.0142363654150808,-0.7018605794734247,-0.45173362593484406,-0.0022242332058716174,-0.5104153439417471,5.645272000124658,34.525478577941506,28.91924452637757,28.880206577816846,1.8472205490214302
1.308000000000001,-0.7049880273313636,-0.4495871401116871,2.0231507367202513,-0.7027560845529819,-0.44775253977855856,-0.002231942778381679,-0.5067389900516917,5.6761902301706675,34.59557486679549,28.958059985669188,28.91938463662482,1.8573378469826771
1.310000000000001,-0.7058831494071073,-0.44553199079655337,2.0319852374985237,-0.703643592058968,-0.44375375299305847,-0.0022395573481392983,-0.5030424797151651,5.706884519617118,34.665082805418606,28.996510093046616,28.958198285801487,1.8673818705465814
1.312000000000001,-0.7067701435686409,-0.4414592526412952,2.0407395189789366,-0.7045230669068229,-0.4397374239274592,-0.002247076661818004,-0.49932594420977505,5.737353671571399,34.734000254783915,29.03459391960234,28.996646583212517,1.8773522279880837
1.314000000000001,-0.7076489747989536,-0.43736908643064276,2.049413235557445,-0.7053944743300521,-0.43570371161460947,-0.0022545004689015213,-0.4955895158485717,5.767596497784745,34.80232509791675,29.07231054974502,29.034728600132002,1.8872485304101403
1.316000000000001,-0.7085196084032932,-0.43326165363735386,2.0580060448105715,-0.7062577798815819,-0.4316527757648871,-0.0022618285217113065,-0.4918333279743772,5.797611818699615,34.87005523985215,29.109659081109143,29.072443421152535,1.8970703917592302
1.318000000000001,-0.7093820100105358,-0.42913711641584157,2.06651760750892,-0.7071129494351018,-0.42758477675996726,-0.0022690605754339677,-0.48805751495449634,5.827398463496303,34.93718860759115,29.146638624464046,29.109790144094852,1.9068174288405983
1.320000000000001,-0.7102361455745426,-0.42499563759577413,2.074947587630569,-0.7079599491863949,-0.42349987564656305,-0.0022761963881476888,-0.48426221217520915,5.856955270139276,35.003723150056196,29.18324830362291,29.146767879916922,1.9164892613334485
1.322000000000001,-0.7110819813755042,-0.420837380675643,2.083295652374338,-0.7087987456546552,-0.4193982341301391,-0.002283235720848986,-0.48044755603610234,5.886281085423456,35.06965683804648,29.219487255351176,29.18337575262302,1.9260855118060678
1.324000000000001,-0.7119194840212711,-0.41666250981631237,2.091561472172924,-0.7096293056837923,-0.4152800145685978,-0.0022901783374787987,-0.4766136839446551,5.9153747650197,35.134987664191804,29.25535462927482,29.219612899172105,1.9356058057307295
1.326000000000001,-0.7127486204486734,-0.41247118983453407,2.099744720705916,-0.7104515964437242,-0.41114537996593903,-0.002297024004949133,-0.47276073431061416,5.944235173520205,35.19971364290632,29.29084958778815,29.255478469386112,1.94504977149855
1.328000000000001,-0.7135693579248241,-0.4082635861964455,2.1078450749126727,-0.7112655854316561,-0.40699449396589327,-0.0023037724931680437,-0.46888884654044904,5.9728611844833575,35.263832810341235,29.3259713059617,29.29097162585788,1.9544170404341772
1.330000000000001,-0.7143816640484135,-0.4040398650110325,2.115862215005082,-0.7120712404733471,-0.402827520845528,-0.0023104235750663893,-0.46499816103177594,6.001251680478336,35.32734322433731,29.360718971449664,29.326091543858976,1.9637072468103778
1.332000000000001,-0.7151855067509862,-0.3998001930235766,2.123795824480178,-0.7128685297243648,-0.3986446255088291,-0.0023169770266214806,-0.4610888191677107,6.029405553129242,35.390242964376434,29.395091784397188,29.36083741124719,1.9729200278624965
1.334000000000001,-0.7159808542982091,-0.39554473760906766,2.1316455901326443,-0.7136574216713253,-0.3944459734802554,-0.0023234326268838368,-0.4571609633112894,6.057321703158879,35.4525301315328,29.4290889573478,29.395208428373916,1.9820550238027885
1.336000000000001,-0.716767675291123,-0.3912736667655984,2.1394112020671754,-0.7144378851331218,-0.3902317308982682,-0.002329790158001166,-0.45321473679978297,6.084999040432243,35.51420284842375,29.462709715150336,29.429203807991506,1.991111877834637
1.338000000000001,-0.7175459386673817,-0.3869871491077337,2.1470923537107063,-0.7152098892621395,-0.3860020645088354,-0.0023360494052422354,-0.4492502839390724,6.11243648399942,35.57525925915973,29.495953294866162,29.462822775160312,2.0000902361666237
1.340000000000001,-0.7183156137024804,-0.38268535385984964,2.154688741824525,-0.7159734035454572,-0.3817571416589109,-0.0023422101570231835,-0.44526774999804086,6.139632962138236,35.63569752929414,29.52881894567625,29.496064567155905,2.0089897480264756
1.342000000000001,-0.7190766700109662,-0.3783684508494582,2.1622000665162333,-0.716728397806037,-0.37749713028988857,-0.0023482722049291693,-0.44126728120283154,6.166587412396537,35.695515845772704,29.561305928788155,29.52892843337617,2.017810065674903
1.344000000000001,-0.7198290775476395,-0.37403661050049714,2.169626031251596,-0.7174748422038991,-0.37322219893103237,-0.002354235343740352,-0.43724902473118377,6.193298781633998,35.75471241688233,29.593413517343265,29.56141363524833,2.0265508444193028
1.346000000000001,-0.7205728066087387,-0.3696900038266074,2.1769663428662387,-0.7182127072372849,-0.3689325166928818,-0.002360099371453761,-0.4332131287067691,6.219766026063566,35.81328547219977,29.62514099632382,29.593519446136206,2.0352117426273066
1.348000000000001,-0.7213078278331142,-0.36532880242437654,2.1842207115772294,-0.7189419637438061,-0.3646282532606336,-0.0023658640893080563,-0.42915974219345365,6.24598811129249,35.871233262539796,29.656487662460457,29.625245151247306,2.0437924217402395
1.350000000000001,-0.7220341122033864,-0.3609531784665698,2.191388850994511,-0.7196625829015811,-0.3603095788874992,-0.0023715293018052863,-0.42508901518967157,6.271964012362959,35.92855405990326,29.68745282413941,29.656590047540305,2.0522925462863935
1.352000000000001,-0.7227516310470923,-0.35656330469532804,2.1984704781322146,-0.7203745362303572,-0.3559766643880396,-0.0023770948167350925,-0.42100109862261537,6.297692713792371,35.985246157424754,29.718035801310315,29.687553443632385,2.06071178389424
1.354000000000001,-0.7234603560378163,-0.3521593544153504,2.2054653134198263,-0.7210777955926201,-0.3516296811314759,-0.0023825604451962468,-0.4168961443425143,6.323173209613185,36.04130786932015,29.74823592539405,29.718134659706962,2.0690498053054682
1.356000000000001,-0.7241602591963092,-0.3477415014870545,2.212373080713225,-0.72177233319469,-0.3472688010349778,-0.0023879260016191894,-0.4127743051170123,6.348404503412309,36.09673753083393,29.778052539190696,29.748333027421616,2.0773062843878627
1.358000000000001,-0.7248513128915931,-0.3433099203197081,2.2191935073055875,-0.7224581215878039,-0.34289419655692865,-0.0023931913037892327,-0.4086357346253582,6.373385608370085,36.151533498186154,29.807484996788006,29.778147889816072,2.0854808981481066
1.360000000000001,-0.725533489842051,-0.3388647858645488,2.2259263239381486,-0.7231351336691842,-0.33850604069016826,-0.002398356172866767,-0.404480587452702,6.398115547298968,36.205694148519626,29.83653266346996,29.807578601220655,2.0935733267444085
1.362000000000001,-0.7262067631165052,-0.33440627360787245,2.232571264810838,-0.7238033426830947,-0.334104506955214,-0.0024034204334105747,-0.4003090190843155,6.422593352681677,36.259217879846545,29.865194915625946,29.836624527164865,2.101583253499028
1.364000000000001,-0.7268711061352795,-0.3299345595641099,2.2391280675927656,-0.7244627222218816,-0.3296897693934593,-0.002408383913397927,-0.3961211858999798,6.446818066708932,36.31210311099558,29.893471140659944,29.86528504428665,2.109510364910601
1.366000000000001,-0.7275264926712492,-0.3254498202688736,2.2455964734325873,-0.7251132462270022,-0.32526200256035065,-0.002413246444247008,-0.3919172451680861,6.470788741316899,36.364348281558414,29.921360736900446,29.893559540241515,2.117354350666427
1.368000000000001,-0.728172896850876,-0.32095223277199303,2.251976226968714,-0.7257548889900394,-0.3208213815185433,-0.0024180078608366795,-0.3876973550400562,6.494504438224015,36.41595185183653,29.94886311351063,29.921447413612515,2.125114903654512
1.370000000000001,-0.7288102931552296,-0.31644197463052093,2.2582670763394006,-0.7263876251537015,-0.3163680818310359,-0.0024226680015281277,-0.3834616745444288,6.517964228967655,36.46691230278807,29.975977690399063,29.948948073820414,2.1327917199755833
1.372000000000001,-0.7294386564209956,-0.31191922390172516,2.264468773192687,-0.7270114297128101,-0.3119022795542837,-0.0024272267081855148,-0.37921036358136284,6.541167194940003,36.51722813597447,30.00270389813077,29.976060941034465,2.1403844989548353
1.374000000000001,-0.7300579618414679,-0.30738415913606165,2.270581072696199,-0.7276262780152727,-0.3074241512312922,-0.0024316838261951856,-0.3749435829167407,6.564112427423825,36.56689787350724,30.02904117783915,30.002785446083415,2.147892943153652
1.376000000000001,-0.7306681849675289,-0.30283695937012084,2.276603733546818,-0.7282321457630421,-0.30293387388468906,-0.002436039204486873,-0.37066149417643857,6.586799027627801,36.6159200579953,30.054988981138067,30.0291210303675,2.155316758381159
1.378000000000001,-0.7312693017086147,-0.29827780411956467,2.2825365179802066,-0.7288290090130616,-0.29843162500977716,-0.0024402926955531257,-0.3663642598407977,6.609226106721021,36.6642932524915,30.08054677003487,30.055067145770476,2.1626556537055484
1.380000000000001,-0.7318612883336656,-0.2937068733720346,2.2883791917801948,-0.7294168441781967,-0.2939175825675673,-0.00244444415546885,-0.3620520432386707,6.631392785867697,36.71201604044042,30.10571401684375,30.08062325457272,2.1699093414654187
1.382000000000001,-0.7324441214720632,-0.2891243475800512,2.2941315242880234,-0.7299956280281523,-0.289391924977791,-0.0024484934439108486,-0.3577250085418715,6.653298196260841,36.7590870256254,30.130490204099857,30.105788829364556,2.1770775372808298
1.384000000000001,-0.733017778114553,-0.2845304076538848,2.2997932884114562,-0.7305653376903761,-0.28485483111189464,-0.002452440424176916,-0.3533833207593924,6.674941479155883,36.805504832116284,30.154874824474312,30.130563352960397,2.1841599600643087
1.386000000000001,-0.7335822356141533,-0.279925234954419,2.3053642606337386,-0.7311259506509482,-0.2803064802860149,-0.0024562849632050465,-0.34902714573188387,6.696321785903575,36.8512681042173,30.17886738068948,30.154946318313723,2.1911563320316123
1.388000000000001,-0.7341374716870483,-0.275309011285986,2.310844221022427,-0.731677444755456,-0.27574705225393426,-0.0024600269315923073,-0.34465665012577507,6.717438277982743,36.89637550641518,30.202467385435373,30.17893722843244,2.1980663787124803
1.390000000000001,-0.7346834644134688,-0.2706819188891913,2.316232953238069,-0.732219798209856,-0.27117672720001884,-0.0024636662036127133,-0.3402720014276879,6.738290127032413,36.940825723327556,30.225674361286693,30.202535596295146,2.204889828961142
1.392000000000001,-0.7352201922385566,-0.2660441404337212,2.321530244542743,-0.7327529895813203,-0.26659568573213843,-0.0024672026572363226,-0.3358733679388921,6.7588765148834025,36.98461745965175,30.248487840620598,30.225740944768347,2.2116264149666693
1.394000000000001,-0.7357476339732164,-0.26139585901112666,2.3267358858084592,-0.7332769977990694,-0.26200410887456754,-0.0024706361741470007,-0.3314609187694426,6.779196633589821,37.027749440113894,30.270907365535308,30.24855280652407,2.218275872263296
1.396000000000001,-0.7362657687949514,-0.25673725812760034,2.331849671525413,-0.7337918021551911,-0.2574021780608706,-0.0024739666397602944,-0.3270348238327676,6.799249685459606,37.07022040941816,30.29293248776976,30.270970723958555,2.224837939740439
1.398000000000001,-0.7367745762486864,-0.25206852169672717,2.3368713998101023,-0.7342973823054446,-0.25279007512676743,-0.002477193943241751,-0.3225952538399115,6.819034883085172,37.11202913219702,30.314562768623798,30.29299424911185,2.2313123596527027
1.400000000000001,-0.7372740362475738,-0.24738983403222847,2.341800872413291,-0.7347937182700506,-0.24816798230298392,-0.0024803179775232387,-0.31814238029400954,6.838551449373071,37.153174392961084,30.33579777887961,30.314622943588013,2.2376988776296454
1.402000000000001,-0.7377641290737886,-0.2427013798406808,2.346637894727843,-0.7352807904344667,-0.2435360822080842,-0.0024833386393219303,-0.3136763754846532,6.857798617573661,37.19365499605021,30.356637098723827,30.33585637847655,2.2439972426854573
1.404000000000001,-0.738244835379305,-0.23800334421422897,2.351382275796398,-0.7357585795501492,-0.23889455784128802,-0.002486255829155737,-0.30919741248240484,6.876775631309903,37.23346976558438,30.37708031767077,30.35669413427448,2.2502072072284327
1.406000000000001,-0.738716136186661,-0.23329591262327393,2.3560338283189157,-0.7362270667352998,-0.2342435925752705,-0.002489069451361181,-0.30470566513305997,6.895481744606197,37.27261754541577,30.397127034486576,30.37713580080957,2.2563285270703886
1.408000000000001,-0.7391780128897079,-0.22857927090915575,2.360592368660068,-0.7366862334755977,-0.2295833701489468,-0.0024917794141101623,-0.30020130805234935,6.913916221916136,37.31109719908056,30.41677685711442,30.39718097716442,2.2623609614357885
1.410000000000001,-0.7396304472543441,-0.2238536052768125,2.3650577168564864,-0.7371360616249182,-0.22491407466024066,-0.0024943856294259437,-0.29568451662022177,6.932078338150395,37.34890760975212,30.43602940260062,30.41682927160172,2.268304272970864
1.412000000000001,-0.7400734214192359,-0.21911910228743098,2.3694296966238717,-0.7375765334060359,-0.22023589055883827,-0.002496888013200027,-0.2911554669754297,6.949967378703784,37.386047680194025,30.454884297021966,30.436080301490243,2.2741582277524905
1.414000000000001,-0.7405069178965217,-0.21437594885108385,2.3737081353639473,-0.7380076314129004,-0.2155490034322255,-0.002499286483621299,-0.286614336010075,6.967582639481918,37.42251633271416,30.473341175414134,30.454933693232242,2.2799225952969286
1.416000000000001,-0.7409309195725027,-0.20962433221934584,2.377892864171278,-0.7384293386139467,-0.21085360052314103,-0.0025015809585560156,-0.28206126226375083,6.984923466027885,37.458312548219645,30.49139968171832,30.47338908219176,2.2855971613628054
1.418000000000001,-0.7413454097083186,-0.2048644399779068,2.3819837178399363,-0.7388416383521554,-0.2061498691043683,-0.002503771356163198,-0.2774963197452065,7.00198927972472,37.49343539218832,30.509059468739178,30.4914461124636,2.291181736523878
1.420000000000001,-0.741750371940609,-0.20009646003916087,2.3859805348700234,-0.7392445143450816,-0.20143799646308053,-0.00250585759552735,-0.272919597155604,7.018779498598869,37.52788393532892,30.52632019806569,30.509104436730055,2.2966761302523144
1.422000000000001,-0.742145790282158,-0.1953205806347933,2.389883157474047,-0.7396379506849201,-0.1967181699192539,-0.002507839597237882,-0.2683311984119774,7.035293536814989,37.56165725336689,30.543181539993626,30.5263637165519,2.3020801507537567
1.424000000000001,-0.7425316491225267,-0.19053699030834398,2.3936914315831492,-0.7400219318386055,-0.19199057684273121,-0.0025097172839211312,-0.2637312414939652,7.051530805847049,37.59475442813607,30.559643173450446,30.54322362228902,2.307393605350888
1.426000000000001,-0.7429079332286687,-0.18574587790776959,2.397405206853188,-0.7403964426479434,-0.18725540466891769,-0.0025114905807253063,-0.2591198573465512,7.067490715593041,37.62717454860892,30.575704785922465,30.55968383301588,2.3126163008485343
1.428000000000001,-0.7432746277455318,-0.18094743257798324,2.401024336670676,-0.7407614683297696,-0.18251284091313708,-0.002513159415762134,-0.25449718883981554,7.083172675432259,37.658916711872195,30.59136607338423,30.575744036439932,2.3177480438799685
1.430000000000001,-0.7436317181966445,-0.17614184375338968,2.4045486781585645,-0.741116994476137,-0.17776307318369206,-0.002514723720507539,-0.24986338978532618,7.098576095225548,37.68998002404834,30.606626740230233,30.591403928822793,2.3227886412345295
1.432000000000001,-0.743979190484687,-0.17132930115040856,2.4079780921818856,-0.7414630070545244,-0.1730062891936761,-0.0025161834301625774,-0.24521862400716277,7.113700386260573,37.72036360116487,30.621486499208636,30.606663214904295,2.327737900167223
1.434000000000001,-0.7443170308920486,-0.16650999475998007,2.4113124433532467,-0.7417994924080675,-0.16824267677158564,-0.0025175384839810633,-0.24056306446594444,7.128544962143647,37.75006656997266,30.63594507135715,30.62152160782901,2.3325956286908345
1.436000000000001,-0.7446452260813682,-0.16168411484006995,2.4145516000381724,-0.7421264372558091,-0.16347242387078129,-0.002518788825559115,-0.23589689243393064,7.143109239640085,37.77908806871561,30.650002185940977,30.635978829075523,2.3373616358511815
1.438000000000001,-0.7449637630960619,-0.1568518519081528,2.417695434360303,-0.7424438286929648,-0.15869571857784567,-0.002519934403097168,-0.23122029671915367,7.157392639465125,37.807427247853234,30.66365758039288,30.65003460838811,2.3420357319861753
1.440000000000001,-0.7452726293608336,-0.15201339673369638,2.420743822206443,-0.7427516541912046,-0.15391274911988337,-0.002520975169629014,-0.22653347293696147,7.1713945870271285,37.83508327073825,30.676911000254982,30.663688683711126,2.346617728969226
1.442000000000001,-0.7455718126821723,-0.14716894033062486,2.4236966432314597,-0.7430499015989462,-0.1491237038708136,-0.0025219110832260805,-0.2218366228268991,7.185114513124867,37.86205531425035,30.689762199122868,30.676940801125482,2.3511074404376613
1.444000000000001,-0.7458613012488325,-0.14231867394978337,2.4265537808630344,-0.7433385591416596,-0.1443287713566962,-0.0025227421071729594,-0.2171299536129947,7.19855185460117,37.888342569388996,30.70221093859125,30.689790714787822,2.355504682006795
1.446000000000001,-0.7461410836323015,-0.13746278907138293,2.4293151223062663,-0.7436176154221799,-0.13952814026014035,-0.0025234682101216155,-0.21241367740577477,7.2117060549543,37.91394424182599,30.714256988201818,30.70223818687169,2.3598092714701977
1.448000000000001,-0.7464111487872497,-0.13260147739744327,2.4319805585481236,-0.7438870594210275,-0.13472199942383628,-0.002524089366222171,-0.20768801064403597,7.224576564909265,37.938859552420496,30.72590012539273,30.714282987511233,2.364021028986808
1.450000000000001,-0.7466714860519672,-0.12773493084422674,2.4345499843617473,-0.744146880496734,-0.1299105378532544,-0.0025246055552331503,-0.20295317357492237,7.237162842950308,37.963087737697194,30.73714013545014,30.72592489474689,2.3681397772553594
1.452000000000001,-0.7469220851487846,-0.12286334153465704,2.437023298310605,-0.7443970683861711,-0.12509394471855356,-0.002525016762613408,-0.19820938976984426,7.2494643558172305,37.98662805029064,30.747976811461413,30.73716369447341,2.372165341676931
1.454000000000001,-0.7471629361844786,-0.11798690179073995,2.4394004027524985,-0.7446376132048826,-0.12027240935573735,-0.0025253229795959564,-0.19345688567559716,7.261480578966076,38.0094797593561,30.75840995427008,30.747999180390018,2.3760975505058393
1.456000000000001,-0.7473940296506629,-0.11310580412596544,2.4416812038434133,-0.7448685054474169,-0.11544612126710035,-0.0025255242032460323,-0.18869589019769517,7.273210996997085,38.031642150949416,30.768439372432745,30.75843115395233,2.3799362349898256
1.458000000000001,-0.7476153564241629,-0.10822024123771286,2.443865611541228,-0.7450897359876589,-0.1106152701209995,-0.0025256204365039503,-0.18392663431555967,7.284655104050504,38.05311452837732,30.778064882177702,30.76845942432682,2.383681229499685
1.460000000000001,-0.7478269077673767,-0.10333040599963826,2.445953539609268,-0.745301296079161,-0.10578004575099044,-0.0025256116882157453,-0.17914935072713067,7.295812404172529,38.07389621251954,30.787286307365143,30.778083808347013,2.3873323716491104
1.462000000000001,-0.7480286753286196,-0.09843649145406548,2.447944905619707,-0.7455031773554697,-0.1009406381543615,-0.002525497973149937,-0.1743642735216957,7.306682411652452,38.093986542124064,30.796103479449197,30.78730413047161,2.3908895024051526
1.464000000000001,-0.7482206511424535,-0.09353869080436038,2.4498396309568253,-0.7456953718304499,-0.09609723749010302,-0.0025252793120036365,-0.1695716378791845,7.317264651333099,38.1133848740778,30.804516237441824,30.796120222744705,2.3943524661898774
1.466000000000001,-0.7484028276300022,-0.0886371974073055,2.4516376408201106,-0.7458778718986026,-0.09125003407634222,-0.0025249557313996585,-0.1647716797949661,7.327558658895259,38.13209058365318,30.812524427878166,30.804531924757924,2.3977211109735213
1.468000000000001,-0.7485751975992498,-0.08373220476546889,2.453338864227213,-0.7460506703353771,-0.08639921838727858,-0.0025245272638727556,-0.15996463582830334,7.337563981117996,38.15010306473242,30.820127904783725,30.812539083614425,2.4009952883597596
1.470000000000001,-0.7487377542453251,-0.07882390651955992,2.454943234016744,-0.7462137602974764,-0.08154498104964727,-0.002523993947848635,-0.15515074287296393,7.347280176116396,38.16742173001113,30.827326529643223,30.82014155389473,2.404174853663571
1.472000000000001,-0.7488904911507701,-0.07391249644079041,2.4564506868509324,-0.7463671353231539,-0.07668751283874392,-0.0025233558276162027,-0.1503302379495599,7.356706813557154,38.184046011181636,30.83412017137116,30.827339197624482,2.4072596659818473
1.474000000000001,-0.7490334022857932,-0.06899816842321918,2.457861163218121,-0.746510789332502,-0.07182700467403556,-0.002522612953291148,-0.14550335801696246,7.3658434748546595,38.199975359098765,30.84050870628393,30.83413188424411,2.4102495882576034
1.476000000000001,-0.7491664820085076,-0.0640811164761031,2.459174607435118,-0.7466447166277308,-0.06696364761438768,-0.0025217653807767526,-0.1406703398031457,7.374689753347137,38.21520924392716,30.846492018073768,30.84051949058003,2.413144487337685
1.478000000000001,-0.7492897250651536,-0.059161534716232284,2.4603909676493956,-0.7467689118934366,-0.06209763285293185,-0.002520813171716929,-0.13583141965283296,7.383245254455685,38.229747155273735,30.852069997784156,30.84650190081805,2.415944234024825
1.480000000000001,-0.7494031265903064,-0.05423961736027234,2.461510195841134,-0.7468833701968598,-0.05722915171159944,-0.0025197563934465927,-0.13098683339202744,7.391509595825779,38.24358860230394,30.857242543787077,30.852079006478156,2.4186487031240222
1.482000000000001,-0.749506682107068,-0.04931555871709211,2.4625322478251213,-0.7469880869881305,-0.05235839563534503,-0.0025185951189374833,-0.12613681620738326,7.399482407453722,38.25673311384509,30.86200956176185,30.857250706391362,2.421257773483917
1.484000000000001,-0.7496003875272438,-0.0443895531800948,2.4634570832524947,-0.7470830581005026,-0.04748555618608179,-0.0025173294267412105,-0.12128160254014553,7.407163331797902,38.269180238476075,30.86637096467554,30.86201690667817,2.423771328033246
1.486000000000001,-0.7496842391515044,-0.03946179521954572,2.464284665612336,-0.7471682797505753,-0.04261082503635188,-0.0025159594009290798,-0.11642142599337202,7.414552023876403,38.28092954460527,30.870326672765046,30.866377520728868,2.4261892538127965
1.488000000000001,-0.7497582336695312,-0.034532479374890096,2.4650149622331097,-0.7472437485385008,-0.0377343939627503,-0.002514485131030364,-0.11155651925105747,7.421648151352224,38.29198062053753,30.873876613521038,30.870332469185303,2.4285114420033214
1.490000000000001,-0.7498223681601474,-0.029601800247078525,2.465647944283956,-0.7473094614481791,-0.03285645483912304,-0.0025129067119682436,-0.10668711400939124,7.428451394605992,38.30233307453092,30.877020721673112,30.873881679924928,2.4307377879493273
1.492000000000001,-0.749876640091433,-0.024669952490878902,2.466183586775828,-0.7473654158474382,-0.02797719962955825,-0.0025112242439947474,-0.10181344091787015,7.434961446798256,38.31198653484409,30.87975893917701,30.877025088045833,2.4328681911794883
1.494000000000001,-0.749921047320825,-0.01973713080719736,2.466621868562476,-0.7474116094882006,-0.023096820381186167,-0.0025094378326243616,-0.0969357295308253,7.44117801392097,38.32094064977505,30.882091215203193,30.879762635854085,2.4349025554234967
1.496000000000001,-0.7499555880952022,-0.014803529935386235,2.466962772341287,-0.7474480405066343,-0.018215509216807507,-0.002507547588567971,-0.0920542082674709,7.447100814840041,38.32919508769249,30.884017506127254,30.88209427285245,2.4368407886259824
1.498000000000001,-0.7499802610509541,-0.00986934464556166,2.4672062846539626,-0.747474707423289,-0.013333458327362425,-0.0025055536276650248,-0.08716910438062708,7.452729581328684,38.33674953705958,30.88553777552176,30.8840199557309,2.43868280295743
1.500000000000001,-0.7499950652140343,-0.004934769730909505,2.467352395887054,-0.7474916091432176,-0.008450859964258001,-0.002503456070816701,-0.08228064393261825,7.45806405809316,38.34360370645193,30.886651994149855,30.885539648358773,2.4404285148226066
1.5020000000000011,-0.75,2.6460194963777713e-15,2.4674011002723395,-0.7474987449560807,-0.0035679064315660104,-0.0025012550439192927,-0.07738905177850608,7.463104002790729,38.34975732456931,30.887360139960634,30.886653321778585,2.442077844866433
1.5040000000000011,-0.7499950652140343,0.004934769730914099,2.467352395887054,-0.7474961145362369,0.001315209921894581,-0.0024989506777973736,-0.07249455155541629,7.46784918604113,38.355210140242804,30.887662198085728,30.887360954201675,2.4436307179777086
1.5060000000000011,-0.7499802610509541,0.009869344645566953,2.4672062846539626,-0.7474837179428158,0.006198296710578602,-0.002496543108138294,-0.06759736567756214,7.472299391431691,38.35996192243686,30.887558160838047,30.88766253100517,2.445087063290821
1.5080000000000011,-0.7499555880952022,0.014803529935391526,2.4669627723412866,-0.7474615556197751,0.011081161520327489,-0.0024940324754271215,-0.06269771533660595,7.476454415516937,38.36401246024795,30.88704802771173,30.887558044731016,2.446446814185559
1.5100000000000011,-0.749921047320825,0.01973713080720265,2.466621868562476,-0.747429628395942,0.01596361191656224,-0.0024914189248830265,-0.05779582050655563,7.480314067812932,38.3673615628993,30.886131805384032,30.887047495086367,2.4477099082852876
1.5120000000000011,-0.7498766400914328,0.024669952490884193,2.4661835867758275,-0.7473879374850368,0.02084545545254784,-0.0024887026063959983,-0.052891899952964394,7.4838781707870705,38.370009059732844,30.884809507718543,30.88613088894577,2.448876287453562
1.5140000000000011,-0.7498223681601472,0.029601800247083816,2.4656479442839556,-0.7473364844856815,0.0257264996777185,-0.002485883674465783,-0.04798617124557847,7.487146559843782,38.371954800198644,30.883081155770356,30.884808240354864,2.4499458977894655
1.5160000000000011,-0.7497582336695312,0.03453247937489538,2.465014962233109,-0.7472752713813894,0.03060655214605462,-0.002482962288141821,-0.04307885077476126,7.490119083306156,38.37319865384206,30.88094677779263,30.8830795705359,2.4509186896215556
1.5180000000000011,-0.7496842391515044,0.03946179521955031,2.464284665612335,-0.7472043005405403,0.03548542042450406,-0.002479938610964072,-0.03817015377022415,7.492795602394693,38.373740510289444,30.878406409244818,30.88094490789475,2.4517946175009055
1.5200000000000011,-0.7496003875272437,0.04438955318010008,2.463457083252494,-0.7471235747163374,0.04036291210143972,-0.0024768128109062815,-0.033260294322743356,7.495175991202626,38.373580279232165,30.875460092802633,30.878404288029536,2.4525736401930156
1.5220000000000011,-0.7495066821070678,0.0493155587170967,2.46253224782512,-0.7470330970467471,0.04523883479514504,-0.0024735850603206933,-0.028349485407993313,7.497260136668731,38.37271789040976,30.87210787836959,30.87545775374103,2.453255720668883
1.5240000000000011,-0.7494031265903063,0.05423961736027761,2.4615101958411327,-0.7469328710541026,0.05011299632229096,-0.002470255536203725,-0.0234379389117505,7.499047938548243,38.37115329359286,30.86834982308995,30.872105355044617,2.453840826095469
1.5260000000000011,-0.7492897250651535,0.05916153471623756,2.4603909676493942,-0.7468229006462688,0.054985203916878805,-0.0024668244188846833,-0.018525873541924476,7.500539301496425,38.368886450680115,30.864185991362064,30.868347149183688,2.454328925245282
1.5280000000000011,-0.7491664820085073,0.06408111647610837,2.459174607435117,-0.7467031901147672,0.05985526575079042,-0.0024632918937401715,-0.013613476002332092,7.501734173888349,38.365917374513515,30.85961645486135,30.864183200625163,2.4547200011995223
1.5300000000000011,-0.7490334022857931,0.06899816842322445,2.4578611632181198,-0.7465737441356013,0.06472298958292805,-0.002459658150191779,-0.008700975300244274,7.5026324735129215,38.36224605468489,30.854641292548244,30.85961358117197,2.455014027031406
1.5320000000000011,-0.7488904911507699,0.07391249644079567,2.4564506868509306,-0.7464345677690349,0.06958818328315189,-0.002455923381734948,-0.0037885761192280043,7.503234154184735,38.35787252398762,30.84926059069359,30.854638369802885,2.4552109876060224
1.5340000000000011,-0.748737754245325,0.07882390651956518,2.4549432340167425,-0.7462856664593981,0.07445065481842128,-0.002452087785926871,0.001123515933306507,7.503539180495512,38.35279683334261,30.843474442899293,30.849257652847093,2.4553108713167937
1.5360000000000011,-0.7485751975992496,0.08373220476547413,2.4533388642272107,-0.7461270460348947,0.07931021225172194,-0.002448151564354961,0.006035095384380185,7.503547528865358,38.347019052815895,30.83728295012077,30.843471523950534,2.4553136704295584
1.5380000000000011,-0.748402827630002,0.08863719740731077,2.4516376408201093,-0.7459587127074013,0.08416666374664046,-0.0024441149226006598,0.01094595733070225,7.503259187970657,38.340539272071446,30.83068622069135,30.837280084100787,2.4552193812226615
1.5400000000000011,-0.7482206511424533,0.09353869080436493,2.4498396309568236,-0.7457806730722527,0.08901981757430064,-0.002439978070200577,0.015855897599546864,7.502674158897386,38.3333576005501,30.823684370348055,30.830683441652717,2.4550280040370898
1.5420000000000011,-0.7480286753286194,0.09843649145407073,2.447944905619705,-0.7455929341080102,0.09386948212124376,-0.002435741220609189,0.020764712793762463,7.50179245517806,38.325474167533024,30.81627752225917,30.82368171235496,2.454739543288559
1.5440000000000011,-0.7478269077673765,0.1033304059996435,2.445953539609266,-0.7453955031762148,0.0987154658976706,-0.0024314045911616455,0.025672200290262737,7.500614102781717,38.316889122159786,30.80846580705331,30.816275019378068,2.45435400746422
1.5460000000000012,-0.7476153564241627,0.1082202412377181,2.4438656115412263,-0.7451883880211232,0.10355757754580742,-0.0024269684030394645,0.030578158220530227,7.499139140085478,38.30760263342933,30.800249362850096,30.808463493343858,2.453871409113326
1.5480000000000012,-0.7473940296506626,0.11310580412597067,2.441681203843411,-0.7449715967694266,0.10839562584830179,-0.002422432881236003,0.03548238544422677,7.497367617838746,38.29761489019534,30.791628335292287,30.800247272356593,2.4532917648355013
1.5500000000000012,-0.7471629361844784,0.11798690179074518,2.439400402752496,-0.7447451379299533,0.1132294197366101,-0.0024177982545250387,0.04038468152103292,7.495299599125165,38.286926101160454,30.7826028775796,30.79162650203529,2.4526150952682757
1.5520000000000012,-0.7469220851487843,0.12286334153466227,2.437023298310603,-0.7445090203933546,0.11805876829936324,-0.0024130647554296836,0.04528484668184163,7.492935159323507,38.275536494871474,30.77317315050393,30.782601335547966,2.451841425074254
1.5540000000000012,-0.7466714860519669,0.12773493084423196,2.434549984361744,-0.7442632534317732,0.122883480790702,-0.002408232620193629,0.05018268180093255,7.490274386069021,38.26344631971608,30.76333932248624,30.77317193364706,2.4509707829284615
1.5560000000000012,-0.7464111487872493,0.1326014773974485,2.431980558548121,-0.7440078466984961,0.12770336663858103,-0.0024033020887532786,0.055077988368318564,7.487317379214555,38.25065584392118,30.753101569614802,30.763338464706628,2.450003201505594
1.5580000000000012,-0.7461410836323012,0.13746278907138748,2.4293151223062637,-0.74374281022759,0.1325182354530388,-0.0023982734047112153,0.05997056846367954,7.484064250792756,38.23716535555361,30.742460075685194,30.753101104760848,2.448938717467635
1.5600000000000012,-0.7458613012488322,0.14231867394978856,2.4265537808630313,-0.7434681544335212,0.13732789703443354,-0.002393146815310998,0.06486022473091779,7.480515124978508,38.22297516252278,30.73141503224135,30.74246003754427,2.447777371451528
1.5620000000000012,-0.745571812682172,0.14716894033063008,2.423696643231456,-0.7431838901107579,0.14213216138164292,-0.0023879225714140695,0.0697467603534756,7.4766701380515235,38.208085592584595,30.719966638618683,30.731415454533074,2.446519208056951
1.5640000000000012,-0.7452726293608334,0.15201339673370157,2.4207438222064397,-0.7428900284333575,0.1469308387002293,-0.0023826009274758864,0.07462997903152147,7.47252943836055,38.192496993348996,30.708115101988156,30.719967554988443,2.445164275834548
1.5660000000000012,-0.7449637630960615,0.15685185190815798,2.4176954343603,-0.7425865809545363,0.15172373941056724,-0.002377182141525158,0.07950968495940902,7.468093186287196,38.176209732288065,30.695860637402127,30.708116546000866,2.443712627274103
1.5680000000000012,-0.7446452260813679,0.1616841148400751,2.414551600038169,-0.7422735596062244,0.15651067415593625,-0.002371666475143419,0.08438568280470005,7.463361554211026,38.159224196747125,30.683203467841516,30.6958626425361,2.4421643187930777
1.5700000000000012,-0.7443170308920481,0.16650999475998526,2.411312443353243,-0.7419509766986033,0.16129145381057544,-0.002366054193444822,0.08925777768813781,7.458334726475015,38.14154079395764,30.67014382426447,30.683206067482626,2.4405194107253094
1.5720000000000012,-0.7439791904846866,0.1713293011504137,2.407978092181882,-0.7416188449196279,0.16606588948770215,-0.002360345565058708,0.09412577516485143,7.453012899351893,38.12315995105228,30.656681945656274,30.67014705170039,2.4387779673099623
1.5740000000000012,-0.7436317181966441,0.1761418437533948,2.4045486781585605,-0.7412771773345329,0.17083379254749376,-0.0023545408621111763,0.09898948120640227,7.447396281010755,38.10408211508176,30.642818079080918,30.656685834071006,2.436940056680609
1.5760000000000012,-0.7432746277455314,0.1809474325779877,2.4010243366706727,-0.7409259873853229,0.17559497460503218,-0.0023486403602085426,0.10384870218439346,7.441485091484904,38.08430775303427,30.62855247973394,30.64282266154936,2.4350057508546703
1.5780000000000012,-0.7429079332286683,0.18574587790777472,2.3974052068531844,-0.7405652888902464,0.18034924753821202,-0.0023426443384219064,0.1087032448548344,7.435279562639935,38.063837351856584,30.613885410996524,30.62855778921665,2.4329751257229573
1.5800000000000012,-0.7425316491225262,0.1905369903083491,2.3936914315831452,-0.7401950960432552,0.18509642349561217,-0.002336553079271053,0.11355291634361642,7.428779938142445,38.04267141847706,30.598817144491058,30.61389148033462,2.430848261039431
1.5820000000000012,-0.7421457902821575,0.1953205806347984,2.389883157474043,-0.7398154234134465,0.1898363149043303,-0.00233036686871102,0.11839752413340854,7.4219864734297465,38.020810479831006,30.58334796013815,30.598824006401262,2.4286252404112707
1.5840000000000012,-0.7417503719406086,0.20009646003916598,2.3859805348700194,-0.739426285944491,0.19456873447778264,-0.002324085996117553,0.12323687605120881,7.414899435679832,37.99825508288774,30.567478146214686,30.583355647207902,2.4263061512890203
1.5860000000000012,-0.7413454097083182,0.2048644399779119,2.381983717839932,-0.7390276989540441,0.19929349522346598,-0.002317710754274116,0.1280707802573735,7.407519103782259,37.97500579467969,30.55120799941346,30.56748669089743,2.42389108495706
1.5880000000000012,-0.7409309195725022,0.20962433221935095,2.3778928641712738,-0.7386196781331427,0.2040104104506858,-0.002311241439359568,0.1328990452351677,7.399845768309189,37.95106320233315,30.534537824903865,30.55121743402396,2.421380136524111
1.5900000000000012,-0.7405069178965212,0.21437594885108893,2.3737081353639424,-0.7382022395455862,0.20871929377824797,-0.0023046783509350632,0.13772147978207805,7.391879731487704,37.9264279131014,30.51746793639404,30.534548181613694,2.4187734049141643
1.5920000000000012,-0.7400734214192355,0.21911910228743608,2.369429696623867,-0.737775399627302,0.2134199591421167,-0.002298021791933502,0.14253789300130038,7.383621307171882,37.90110055439898,30.499998656194077,30.517479247227094,2.4160709928573203
1.5940000000000012,-0.7396304472543438,0.22385360527681689,2.3650577168564824,-0.7373391751856959,0.21811222080303663,-0.002291272068647876,0.14734809429483064,7.375070820815966,37.87508177383819,30.482130315280685,30.500010953022226,2.4132730068810098
1.5960000000000012,-0.7391780128897074,0.2285792709091608,2.360592368660063,-0.7368935833989877,0.22279589335412242,-0.0022844294907197193,0.15215189335731516,7.366228609447905,37.84837223926732,30.463863253362682,30.48214362981942,2.410379557301314
1.5980000000000012,-0.7387161361866605,0.23329591262327898,2.356033828318911,-0.7364386418152241,0.22747079188181354,-0.002277494371436428,0.15694910017054653,7.357095021643052,37.82097263880995,30.44519781894823,30.463877617166894,2.4073907582143534
1.6000000000000012,-0.7382448353793044,0.23800334421423402,2.3513822757963925,-0.7359743683527916,0.23213673121627074,-0.00227046702651279,0.16173951743868997,7.347670409938232,37.7928836733463,30.426134369411034,30.44521326340807,2.4043067250139813
1.6020000000000012,-0.7377641290737882,0.24270137984068582,2.3466378947278375,-0.7355007812980144,0.23679352738860954,-0.0022633477757737497,0.16652297784148384,7.3379551680615345,37.764106093730625,30.40667327106614,30.42615092566909,2.4011275865746984
1.6040000000000012,-0.7372740362475734,0.2473898340322335,2.3418008724132857,-0.7350178993053441,0.24144099633514343,-0.0022561369422292588,0.1712992728135463,7.327949659695959,37.73464063001652,30.386814899230757,30.40669097032056,2.3978534619394973
1.6060000000000012,-0.7367745762486858,0.25206852169673216,2.336871399810097,-0.7345257413965467,0.24607895439870148,-0.0022488348521391144,0.1760682164435492,7.317654282347156,37.704488054651485,30.366559638301034,30.38683377230433,2.394484481221648
1.6080000000000012,-0.7362657687949509,0.2567372581276054,2.3318496715254082,-0.7340243269599174,0.2507072183146812,-0.0022414418350334975,0.1808296213097096,7.3070694431606755,37.67364915902697,30.345907881824118,30.366579715866294,2.3910207776900037
1.6100000000000012,-0.7357476339732159,0.2613958590111316,2.326735885808454,-0.733513675749499,0.2553256052091954,-0.0022339582237168587,0.18558329951650165,7.296195559934845,37.64212475431533,30.324860032571532,30.345929194380485,2.387462488100558
1.6120000000000012,-0.7352201922385561,0.2660441404337255,2.321530244542738,-0.7329938078842938,0.25993393260262193,-0.0022263843542622563,0.19032906314373044,7.285033061545857,37.60991567197992,30.3034165026135,30.324882610434063,2.3838097528355675
1.6140000000000012,-0.7346834644134682,0.27068191888919624,2.3162329532380634,-0.732464743847463,0.2645320184154016,-0.00221872056600525,0.19506672443144524,7.273582388108215,37.57702276401442,30.281577713394547,30.30344037590621,2.38006271595609
1.6160000000000012,-0.7341374716870478,0.2753090112859903,2.310844221022422,-0.7319265044855136,0.2691196809747315,-0.002210967201534242,0.19979609585492142,7.261843991025026,37.54344690307056,30.259344095810015,30.281602912045535,2.376221525218412
1.6180000000000012,-0.7335822356141527,0.27992523495442395,2.305364260633733,-0.7313791110074703,0.27369673902159514,-0.0022031246066823718,0.20451699015557967,7.249818332993666,37.50918898254089,30.23671609028348,30.25937064954723,2.3722863320759067
1.6200000000000012,-0.7330177781145524,0.28453040765388976,2.29979328841145,-0.7308225849840345,0.2782630117179053,-0.0021951931305178585,0.20922922035403513,7.237505887993241,37.47424991662409,30.213694146845114,30.23674402863085,2.368257291674913
1.6220000000000012,-0.7324441214720625,0.2891243475800561,2.2941315242880176,-0.7302569483467272,0.2828183186536711,-0.00218717312533534,0.2139325997575785,7.224907141265958,37.43863064038465,30.19027872521101,30.213723499118693,2.3641345628486397
1.6240000000000012,-0.731861288333665,0.2937068733720395,2.288379191780189,-0.7296822233870188,0.28736247985415475,-0.002179064946646214,0.21862694196497579,7.212022589295455,37.402332109810736,30.166470294863373,30.190309520515278,2.3599183081100596
1.6260000000000012,-0.7312693017086142,0.29827780411956956,2.2825365179802004,-0.7290984327554448,0.2918953157870087,-0.0021708689531693137,0.22331206087152822,7.198852739784972,37.36535530187251,30.142269335131267,30.16650256208754,2.3556086936447365
1.6280000000000012,-0.7306681849675284,0.3028369593701257,2.276603733546812,-0.728505599460706,0.29641664736938395,-0.0021625855068223565,0.2279877706735478,7.185398111634374,37.32770121457993,30.11767633527275,30.14230310294556,2.3512058893033365
1.6300000000000012,-0.7300579618414673,0.3073841591360659,2.270581072696193,-0.727903746868756,0.3009262959750123,-0.002154214972711288,0.23265388587407454,7.171659234918192,37.28937086704296,30.092691794557105,30.117711632124767,2.3467100685943825
1.6320000000000012,-0.7294386564209949,0.31191922390173,2.2644687731926805,-0.7272928987018735,0.30542408344126104,-0.0021457577191213995,0.23731022128855273,7.157636650862961,37.25036529953111,30.06731622234841,30.09272864866815,2.3421214086768742
1.6340000000000012,-0.728810293155229,0.3164419746305251,2.258267076339395,-0.7266730790377212,0.3099098320761601,-0.0021372141175078907,0.2419565920508271,7.143330911824673,37.210685573534555,30.04155013818952,30.06735466170988,2.337440090352866
1.6360000000000012,-0.7281728968508753,0.32095223277199786,2.251976226968707,-0.7260443123083904,0.3143833646654024,-0.0021285845424848793,0.24659281362020735,7.128742581266721,37.17033277182597,30.015394071886757,30.04159019055925,2.332666298060248
1.6380000000000012,-0.7275264926712486,0.32544982026887836,2.24559647343258,-0.7254066232994317,0.31884450447931834,-0.0021198693718168515,0.2512187017881331,7.113872233737053,37.1293079985225,29.98884856359537,30.015435764785444,2.3278002198652716
1.6400000000000012,-0.7268711061352788,0.32993455956411466,2.239128067592759,-0.724760037148872,0.3232930752798235,-0.0021110689864067833,0.25583407268596314,7.098720454846046,37.087612379149,29.96191416390566,29.988891924302955,2.3228420474552856
1.6420000000000012,-0.7262067631165046,0.33440627360787717,2.2325712648108307,-0.7241045793462174,0.3277289013273409,-0.002102183770287147,0.2604387427923296,7.083287841243548,37.04524706070131,29.93459143392956,29.961959219457757,2.317791976131209
1.6440000000000012,-0.7255334898420502,0.3388647858645536,2.2259263239381415,-0.723440275731442,0.332151807387698,-0.0020932141106082547,0.26503252894168394,7.067575000596592,37.00221321171043,29.90688094538787,29.934638211113842,2.312650204800244
1.6460000000000012,-0.7248513128915923,0.3433099203197128,2.2191935073055804,-0.722767152493964,0.33656161873899826,-0.0020841603976283762,0.2696152483320411,7.051582551565989,36.958512022306564,29.878783280698187,29.90692947074057,2.3074169359681953
1.6480000000000012,-0.7241602591963086,0.34774150148705923,2.2123730807132174,-0.722085236171607,0.34095816117846806,-0.0020750230247015278,0.27418671853423326,7.035311123783986,36.91414470428454,29.85029903306303,29.87883358050055,2.3020923757321383
1.6500000000000012,-0.7234603560378156,0.3521593544153552,2.205465313419819,-0.7213945536495485,0.3453412610292781,-0.002065802388267035,0.27874675750025535,7.018761357830532,36.86911249116825,29.821428806558828,29.85035113333772,2.2966767337726672
1.6520000000000012,-0.7227516310470916,0.35656330469533215,2.198470478132208,-0.7206951321592538,0.34971074514734074,-0.0020564988878377655,0.2832951835726156,7.001933905210231,36.82341663827671,29.792173216224995,29.821482733066482,2.291170223346315
1.6540000000000012,-0.7220341122033858,0.3609531784665745,2.1913888509945036,-0.7199869992773977,0.3540664409280831,-0.002047112925988026,0.28783181549351866,6.984829428328629,36.7770584227893,29.76253288815378,29.79222899446067,2.2855730612778014
1.6560000000000012,-0.7213078278331134,0.36532880242438126,2.184220711577222,-0.7192701829247713,0.3584081763131951,-0.002037644908342129,0.29235647241420093,6.96744860046831,36.730039143811815,29.732508459580124,29.762590543343503,2.2798854679521883
1.6580000000000013,-0.7205728066087378,0.36969000382661205,2.1769663428662307,-0.7185447113651766,0.36273577979735394,-0.0020280952435611788,0.29686897390473366,6.9497921057649545,36.68236012244236,29.702100578972377,29.732568016677405,2.274107667307046
1.6600000000000013,-0.7198290775476386,0.37403661050050174,2.169626031251588,-0.7178106132043067,0.36704908043492346,-0.0020184643433318605,0.30136913996348547,6.931860639182773,36.63402270183751,29.67130990612278,29.702162062654736,2.2682398868243867
1.6620000000000013,-0.7190766700109654,0.3783684508494628,2.162200066516225,-0.7170679173886134,0.3713479078466302,-0.002008752622352006,0.305856791027348,6.91365490649016,36.5850282472785,29.640137112238712,29.67137334078834,2.2622823575226976
1.6640000000000013,-0.7183156137024795,0.38268535385985425,2.1546887418245166,-0.7163166532041609,0.3756320922262152,-0.0019989604983186027,0.3103317479813894,6.895175624234459,36.53537814623721,29.60858288003387,29.64020252200275,2.25623531394867
1.6660000000000013,-0.7175459386673809,0.38698714910773824,2.147092353710698,-0.7155568502751775,0.3799014644917227,-0.001989088392203464,0.31479383216915124,6.876423519716913,36.48507380844236,29.576647903819932,29.608650288725446,2.2500989941689875
1.6680000000000013,-0.7167676752911221,0.391273666765603,2.139411202067167,-0.7147885385640211,0.38415585557813897,-0.0019791367271009275,0.31924285827255083,6.857399323836859,36.43411665881531,29.544332889596888,29.576717334978454,2.243873637428797
1.6700000000000013,-0.7159808542982085,0.39554473760907166,2.131645590132637,-0.7140117483683992,0.38839509781097536,-0.001969105929809256,0.3236786694555489,6.838103806197839,36.38250817254284,29.511638555150636,29.544404366345006,2.2375594956395717
1.6720000000000013,-0.7151855067509854,0.39980019302358116,2.1237958244801693,-0.7132265103210309,0.39261902368414775,-0.0019589964299544516,0.32810107022047763,6.818537707932845,36.33024980860726,29.47856563013648,29.511712100674416,2.2311568113963482
1.6740000000000013,-0.7143816640484126,0.40403986501103706,2.115862215005073,-0.7124328553883669,0.3968274663319911,-0.0019488086600457644,0.3325098866646137,6.798701801916321,36.27734306892566,29.44511485617634,29.47864126700934,2.2246658376828714
1.6760000000000013,-0.7135693579248232,0.40826358619645003,2.1078450749126643,-0.7116308148693353,0.40102025951574893,-0.0019385430554879068,0.33690494371721336,6.778596869968049,36.223789476685894,29.41128698695032,29.445192606717846,2.2180868304107997
1.6780000000000013,-0.7127486204486725,0.4124711898345385,2.0997447207059072,-0.7108204203940927,0.40519723762135873,-0.0019282000545798317,0.3412860661223496,6.758223703797782,36.16959057699015,29.37708278828887,29.41136687319237,2.211420048728962
1.6800000000000013,-0.7119194840212703,0.4166625098163168,2.091561472172915,-0.710001703922768,0.40935823566233975,-0.0019177800985022975,0.3456530788729264,6.737583105401057,36.11474793736184,29.34250303826486,29.377164831960787,2.204665755152878
1.6820000000000013,-0.7110819813755033,0.42083738067564747,2.083295652374329,-0.7091746977441984,0.41350308928480745,-0.001907283631304879,0.35000580739420695,6.716675887204077,36.05926314798979,29.30754852728584,29.342587260785713,2.1978242156121923
1.6840000000000013,-0.7102361455745417,0.4249956375957786,2.0749475876305596,-0.7083394344746518,0.417631634773336,-0.0018967110998899805,0.3543440776238933,6.695502872104912,36.003137821864506,29.272220058186015,29.307634949759592,2.1908956994641238
1.6860000000000013,-0.7093820100105349,0.42913711641584595,2.0665176075089113,-0.7074959470565375,0.4217437090571416,-0.0018860629539974028,0.35866771604867864,6.674064893470669,35.94637359486843,29.236518446318343,29.272308701397762,2.1838804794925486
1.6880000000000013,-0.7085196084032923,0.4332616536373577,2.0580060448105635,-0.7066442687571047,0.42583914971637365,-0.0018753396461875793,0.36297654972480675,6.652362795118334,35.888972125849286,29.200444519646403,29.23660933073095,2.176778831901714
1.6900000000000013,-0.7076489747989526,0.4373690864306472,2.0494132355574357,-0.7057844331671279,0.42991779498843197,-0.001864541631824701,0.3672704062916621,6.630397431288289,35.8309350966856,29.16399911883603,29.20053766539731,2.169591036307548
1.6920000000000013,-0.70677014356864,0.4414592526412996,2.0407395189789272,-0.7049164741995794,0.4339794837742757,-0.0018536693690606176,0.3715491139828684,6.608169666614889,35.77226421234914,29.12718309734688,29.16409454573425,2.1623173757280365
1.6940000000000013,-0.7058831494071063,0.4455319907965577,2.031985237498514,-0.70404042608829,0.4380240556447124,-0.0018427233188162973,0.3758125016369469,6.585680376096256,35.71296120096616,29.08999732152363,29.127280824869903,2.1549581365733035
1.6960000000000013,-0.7049880273313626,0.4495871401116915,2.0231507367202415,-0.7031563233865966,0.4420513508466631,-0.00183170394476595,0.38006039870694597,6.562930445062645,35.65302781387707,29.052442670686954,29.09009736881442,2.1475136086352613
1.6980000000000013,-0.7040848126792953,0.4536245404963507,2.014236365415071,-0.7022642009659779,0.44606121030940155,-0.0018206117133174882,0.38429263527082824,6.53992076914517,35.59246582569621,29.01452003722416,29.05254505655104,2.139984085077354
1.7000000000000013,-0.7031735411082729,0.4576440325608802,2.0052424755071203,-0.7013640940146538,0.4500534756620327,-0.0018094470936190765,0.3885090420409316,6.516652254243258,35.53127703436992,28.97623032667954,29.014624780126667,2.132369862423896
1.7020000000000013,-0.7022542485937362,0.4616454576226169,1.9961694220597601,-0.7004560380330446,0.45402799080464395,-0.0017982105606916265,0.3927094498189687,6.493125815937215,35.469463260679504,28.93757445784397,28.976337444742292,2.1246712403678356
1.7040000000000013,-0.7013269714277799,0.4656286577121497,1.987017563261608,-0.6995400688303973,0.4579846013236129,-0.001786902597382567,0.39689361236679144,6.469342302316154,35.40702627115354,28.898553362810524,28.937683968837383,2.116888496518639
1.7060000000000013,-0.7003917462177186,0.4695934755795599,1.9777872604123774,-0.6986162225238485,0.4619231532744,-0.001775523693870129,0.40106123492149326,6.445302522443533,35.34396780585095,28.85916798704556,28.89866528340742,2.109021895718967
1.7080000000000013,-0.6994486098846422,0.47353975470062776,1.9684788779086186,-0.6976845355374495,0.46584349319949253,-0.0017640743471927234,0.4052120341154275,6.421007306229437,35.28028963852923,28.819419289487996,28.8592823322998,2.1010717096374654
1.7100000000000013,-0.6984975996619582,0.47746733928300933,1.959092783229337,-0.6967450446011565,0.4697454681464603,-0.0017525550608017415,0.4093457374953777,6.3964575039068405,35.21599357677018,28.77930824264742,28.819536072863343,2.0930382165970447
1.7120000000000013,-0.697538753093922,0.48137607427239154,1.9496293469214763,-0.6957977867497854,0.4736289256855412,-0.001740966344136563,0.4134620830306135,6.3716539854961445,35.1510814615435,28.738835832700985,28.779427476047353,2.0849217013993844
1.7140000000000013,-0.6965721080341541,0.48526580535860886,1.9400889425853005,-0.6948427993219319,0.47749371392671974,-0.0017293087122222106,0.41756081863758876,6.346597640286126,35.085555166785504,28.69800305958898,28.738957526499377,2.076722455154785
1.7160000000000013,-0.6955977026441464,0.4891363789817393,1.9304719468596347,-0.6938801199588593,0.4813396815362989,-0.0017175826852871001,0.42164170172402216,6.321289376333715,35.019416598995306,28.656810937109174,28.69812722266159,2.068440775118219
1.7180000000000013,-0.6946155753917552,0.49298764233816267,1.9207787394070055,-0.6929097866033533,0.48516667775298344,-0.0017057887884018852,0.4257044987519434,6.295730119982417,34.952667696848266,28.61526049301004,28.656937576865847,2.060076964531489
1.7200000000000013,-0.6936257650496828,0.496819443386597,1.9110097028986432,-0.6919318374985464,0.48897455240349086,-0.0016939275511363983,0.4297489848194882,6.269920815399117,34.8853104308268,28.57335276908252,28.61538961542768,2.051631332471377
1.7220000000000013,-0.6926283106939467,0.5006316308540972,1.9011652229993847,-0.6909463111867109,0.4927631559177091,-0.0016819995072357985,0.43377494326030863,6.243862424128041,34.81734680286662,28.53108882125074,28.573484378738584,2.0431041937034653
1.7240000000000013,-0.6916232517023368,0.5044240542420299,1.8912456883524382,-0.689953246508024,0.4965323393434182,-0.001670005194312818,0.43778216526039415,6.217555924661769,34.74877884601917,28.488469719661268,28.5312229213574,2.03449586854151
1.7260000000000013,-0.6906106277528613,0.5081965638320138,1.8812514905640456,-0.6889526825993029,0.5002819543605941,-0.0016579451535584377,0.4417704494910124,6.191002312027982,34.67960862412805,28.44549654877125,28.48860631210007,2.02580668271199
1.7280000000000013,-0.6895904788221798,0.5119490106918291,1.8711830241880254,-0.6879446588927123,0.5040118532953105,-0.0016458199294675513,0.4457396017573094,6.164202597391484,34.609838231519745,28.402170407435115,28.44563563412826,2.0170369672236594
1.7300000000000013,-0.6885628451840253,0.5156812466813,1.8610406867101872,-0.6869292151144457,0.5077218891332568,-0.0016336300695796169,0.4496894346622309,6.137157807671148,34.53946979270765,28.358492408990045,28.4023119850365,2.008187058241984
1.7320000000000013,-0.6875277674076143,0.519393124458139,1.8508248785326515,-0.6859063912833799,0.5114119155328859,-0.0016213761242344082,0.4536197672841702,6.109868985170228,34.468505462108325,28.314463681340225,28.358636476938095,1.999257296967975
1.7340000000000013,-0.6864852863560449,0.5230844974837685,1.8405360029580293,-0.6848762277097035,0.5150817868382089,-0.0016090586463414214,0.4575304248690184,6.082337187220693,34.39694742377029,28.270085367039492,28.3146102365496,1.990248029521594
1.7360000000000013,-0.6854354431846842,0.5267552200291009,1.8301744661735144,-0.6838387649935209,0.5187313580912499,-0.00159667819116327,0.46142123853427375,6.054563485839214,34.32479789111317,28.22535862337307,28.270234405273957,1.9811596068290198
1.7380000000000013,-0.6843782793395428,0.5304051471802964,1.8197406772348343,-0.6827940440234326,0.5223604850441758,-0.001584235316110183,0.4652920449866347,6.026548967396357,34.25205910667868,28.18028462243745,28.22551013928232,1.9719923845141802
1.7400000000000013,-0.6833138365556394,0.5340341348444799,1.8092350480501134,-0.6817421059748254,0.5259690243035551,-0.001571730580813946,0.469142686250426,5.998294732296102,34.178733341890364,28.134864551219273,28.180438609594262,1.962746722793745
1.7420000000000013,-0.6822421568553523,0.5376420397554326,1.798657993363602,-0.680682992309449,0.5295568326882528,-0.0015591645459033243,0.4729730028802903,5.969801888139361,34.10482289029613,28.089099611671596,28.135021002156765,1.9534229842399236
1.7440000000000013,-0.681163282546761,0.5412287194792469,1.7880099307393071,-0.6796167447724648,0.5331237684920458,-0.0015465377742961417,0.4767828658761486,5.941071581588331,34.030330099352106,28.042991020794553,28.089258517763774,1.9440215442072444
1.7460000000000013,-0.6800772562219761,0.5447940324199476,1.7772912805445114,-0.6785434053917249,0.5366696903699617,-0.00153385083025126,0.48057211496968755,5.91210493660719,33.955257309513804,27.996540010702788,28.04315237290661,1.9345427706222165
1.7480000000000013,-0.6789841207554571,0.5483378378250857,1.7665024659331683,-0.677463016476175,0.5401944577748963,-0.0015211042792820928,0.48434061354017555,5.882903109321836,33.8796069076975,27.949747828702712,27.996703798375663,1.9249870419362887
1.7500000000000013,-0.6778839193023207,0.5518599957912907,1.7556439128292083,-0.6763756206142754,0.5436979309498147,-0.001508298688045362,0.4880882275554814,5.85346726691341,33.80338130756376,27.902615737363774,27.94991404065035,1.9153547402181945
1.7520000000000013,-0.6767766952966361,0.5553603672697981,1.7447160499097125,-0.6752812606724155,0.547179970929976,-0.0014954346242206373,0.4918148262481843,5.823798588243102,33.72658294971462,27.85514501458852,27.902784361471518,1.905646251358361
1.7540000000000013,-0.6756624924497117,0.5588388140719344,1.7337193085879998,-0.6741799797933162,0.5506404395496206,-0.0014825126563954294,0.49552028230012546,5.793898263985314,33.649214301920935,27.807336953681265,27.855316037935623,1.8958619651123771
1.7560000000000013,-0.6745413547483674,0.562295198874577,1.722654122996586,-0.6730718213944155,0.5540791994504038,-0.0014695333539519462,0.49920447180777483,5.7637674965412655,33.57127785911378,27.759192863415116,27.807510362572515,1.8860022750726133
1.7580000000000013,-0.6734133264532005,0.565729385225571,1.7115209299700536,-0.6719568291662347,0.5574961140904077,-0.001456497286965841,0.5028672741581568,5.733407499862843,33.492776143278725,27.710714068097708,27.75936864341588,1.8760675786104852
1.7600000000000013,-0.6722784520968365,0.5691412375491204,1.7003201690277994,-0.6708350470707282,0.5608910477532618,-0.001443405026108291,0.506508571874507,5.702819499245891,33.41371170331583,27.661901907635375,27.710892204069943,1.8660582768086886
1.7620000000000013,-0.6711367764821714,0.5725306211511376,1.689052282356685,-0.6697065193396138,0.5642638655571833,-0.0014302571425576227,0.5101282504527456,5.672004731113962,33.334087114888035,27.61275773759553,27.662082383774074,1.8559747743903303
1.7640000000000013,-0.6699883446806041,0.5758974022245607,1.6777177147935853,-0.668571290472686,0.567614433463865,-0.0014170542079180448,0.513726198198805,5.640964442802545,33.25390498026741,27.563282929267835,27.61294053746486,1.845817479648243
1.7660000000000013,-0.6688332020302553,0.5792414478546387,1.6663169138078169,-0.6674294052361116,0.5709426182871914,-0.001403796794143708,0.5173023060708211,5.609699892347914,33.17316792818501,27.51347886972337,27.563468035837097,1.8355868043757633
1.7680000000000013,-0.6676713941341793,0.5825626260241752,1.6548503294834844,-0.6662809086607081,0.5742482877017759,-0.0013904854734712035,0.5208564675257747,5.578212348279963,33.09187861368256,27.463346961872517,27.513666265402595,1.8252831637988922
1.7700000000000014,-0.6665029668585621,0.5858608056187438,1.6433184145017001,-0.6651258460402054,0.5775313102513211,-0.0013771208183567252,0.5243885783728732,5.546503089421578,33.010039717969136,27.412888624520956,27.46353662854756,1.814906976510527
1.7720000000000014,-0.6653279663309122,0.5891358564318604,1.6317216241227246,-0.6639642629294918,0.5807915553568049,-0.0013637034014203353,0.5278985366315192,5.514573404692182,32.92765394828035,27.36210529242418,27.41308054358817,1.8044586644061205
1.7740000000000014,-0.6641464389382383,0.5923876491701277,1.6200604161679824,-0.6627962051428429,0.5840288933244997,-0.0013502337953954502,0.5313862423958797,5.482424592917595,32.844724037742154,27.3109984163401,27.362299444824558,1.793938652621371
1.7760000000000014,-0.6629584313252189,0.5956160554583354,1.6083352510019988,-0.6616217187521353,0.5872431953538261,-0.0013367125730836538,0.5348515977039305,5.450057962644011,32.76125274523687,27.259569463080318,27.311194782592857,1.7833473694713031
1.7780000000000014,-0.6617639903923602,0.5988209478445322,1.5965465915142152,-0.6604408500850452,0.5904343335450474,-0.0013231403073150627,0.538294506412293,5.4174748319575015,32.677242855273406,27.207819915559224,27.259768023315907,1.7726852463911162
1.7800000000000014,-0.6605631632941453,0.6020021998050533,1.5846949031007258,-0.6592536457232315,0.5936021809068072,-0.0013095175709137985,0.5417148740755007,5.384676528307574,32.59269717785922,27.15575127284174,27.208020649551646,1.7619527178784102
1.7820000000000014,-0.6593559974371717,0.6051596857495188,1.5727806536458944,-0.6580601525005045,0.5967466113635163,-0.0012958449366671232,0.5451126078308492,5.351664388336028,32.507618548376335,27.103365050189073,27.155954160040306,1.7511502214371129
1.7840000000000014,-0.6581425404782804,0.6082932810257909,1.5608043135038872,-0.6568604175009793,0.5998674997625886,-0.0012821229773010145,0.5484876162872245,5.318439757709454,32.42200982745884,27.050662779102787,27.10357006974938,1.7402781975226296
1.7860000000000014,-0.6569228403226743,0.6114028619248926,1.5487663554801094,-0.6556544880572163,0.6029647218815326,-0.0012683522654580726,0.5518398094188202,5.285003990956347,32.335873900873295,26.99764600736708,27.050869909916948,1.7293370894884936
1.7880000000000014,-0.6556969451220273,0.6144883056858952,1.5366672548125286,-0.6544424117483465,0.6060381544348997,-0.0012545333736807551,0.5551690984635043,5.251358451308525,32.24921367940187,26.94431629908921,26.997855228093343,1.7183273435344268
1.7900000000000014,-0.6544649032725829,0.6175494905007616,1.5245074891529256,-0.6532242363981843,0.6090876750810919,-0.0012406668743986105,0.5584753958250372,5.2175045105461315,32.16203209872668,26.890675234738055,26.944527588180545,1.7072494086555863
1.7920000000000014,-0.6532267634132433,0.6205862955191573,1.5122875385480234,-0.6520000100733262,0.6121131624290318,-0.0012267533399170638,0.5617586149801932,5.183443548847158,32.07433211931735,26.836724411180874,26.890888570470185,1.6961037365932963
1.7940000000000014,-0.6519825744236505,0.6235986008532195,1.5000078854205523,-0.6507697810812368,0.6151144960446973,-0.0012127933424136428,0.5650186703892031,5.149176954640101,31.986116726319363,26.782465441718365,26.836939771679262,1.684890781786801
1.7960000000000014,-0.6507323854222553,0.6265862875822924,1.487669014550188,-0.6495335979683218,0.6180915564575226,-0.0011987874539335364,0.5682554774112001,5.114706124461262,31.897388929445714,26.727899956117334,26.782682804984454,1.6736110013265284
1.7980000000000014,-0.6494762457643789,0.6295492377576186,1.4752714130544284,-0.6482915095179884,0.6210442251666676,-0.0011847362463904831,0.571468952222772,5.080032462814814,31.808151762868647,26.673029600642067,26.728119300053834,1.6622648549083092
1.8000000000000014,-0.6482142050402641,0.632487334406999,1.4628155703693506,-0.6470435647486941,0.6239723846471585,-0.001170640291569991,0.5746590117412058,5.045157382037386,31.718408285114748,26.61785603808335,26.67325090307736,1.6508528047890125
1.8020000000000014,-0.6469463130731175,0.6354004615394094,1.4503019782302944,-0.6457898129119822,0.6268759183559001,-0.001156500161135221,0.5778255735511086,5.010082302165599,31.628161578960572,26.56238094778575,26.618079276794973,1.639375315743212
1.8040000000000014,-0.6456726199171432,0.6382885041495776,1.437731130652454,-0.6445303034905071,0.6297547107375615,-0.001142316426636092,0.5809685558347946,4.974808650807218,31.537414751330147,26.50660602567285,26.562606100522927,1.6278328550209928
1.8060000000000014,-0.644393175855566,0.6411513482225273,1.425103523911364,-0.6432650861960464,0.632608647230339,-0.0011280896595196044,0.5840878773069305,4.9393378630161555,31.446170933194246,26.450532984270566,26.50683307017809,1.6162258923070478
1.8080000000000014,-0.6431080313986469,0.6439888807380758,1.4124196565233196,-0.6419942109675032,0.6354376142715941,-0.0011138204311437194,0.5871834571521388,4.9036713811702315,31.354433279470467,26.39416355272843,26.450761898300236,1.6045548996806738
1.8100000000000014,-0.6418172372816882,0.6468009896752986,1.3996800292256837,-0.6407177279688965,0.6382414993033713,-0.00109950931279168,0.5902552149670708,4.867810654853081,31.26220496892551,26.3374994768389,26.39439431407243,1.5928203515771195
1.8120000000000014,-0.6405208444630318,0.6495875640169494,1.386885144957132,-0.6394356875873409,0.6410201907777959,-0.0010851568756908847,0.5933030707050762,4.831757140738425,31.169489204077724,26.280542519054634,26.3377320633393,1.5810227247497206
1.8140000000000014,-0.6392189041220461,0.6523484937538453,1.3740355088377834,-0.6381481404310162,0.6437735781623524,-0.0010707636910298746,0.5963269446255337,4.79551230247869,31.076289211102008,26.22329445850368,26.280776908623317,1.569162498233444
1.8160000000000014,-0.6379114676571067,0.655083669889207,1.3611316281492727,-0.6368551373271261,0.6465015519450467,-0.0010563303299806481,0.5993267572455476,4.75907761059571,30.982608239734738,26.16575709100273,26.223530629139027,1.5572401533091533
1.8180000000000014,-0.6365985866835665,0.6577929844429642,1.348174012314714,-0.6355567293198472,0.6492040036394524,-0.0010418573637193118,0.6023024292960661,4.722454542375672,30.888449563181,26.10793222906822,26.165995020805326,1.5452561734692063
1.8200000000000014,-0.6352803130317181,0.6604763304560181,1.3351631728785907,-0.6342529676682679,0.6518808257896428,-0.0010273453634501717,0.6052538816808228,4.685644581766502,30.793816478021995,26.049821701925325,26.10817189625549,1.5332110443839055
1.8220000000000014,-0.6339566987447484,0.6631336019944618,1.3220996234865694,-0.6329439038443179,0.6545319119750099,-0.0010127949004304915,0.608181035438478,4.648649219278275,30.69871230412356,25.99142735551493,26.050063084845284,1.5211052538689234
1.8240000000000014,-0.6326277960766826,0.6657646941537657,1.3089838798652085,-0.6316295895306879,0.6571571568149721,-0.0009982065459946954,0.6110838117088591,4.611469951887426,30.603140384546283,25.932751052498467,25.991670432658857,1.5089392918539566
1.8260000000000014,-0.6312936574903231,0.6683695030629159,1.2958164598016113,-0.6303100766187408,0.6597564559735727,-0.0009835808715822347,0.6139621317014341,4.574108282942952,30.507104085455627,25.87379467226056,25.932995802512675,1.4967136503520626
1.8280000000000014,-0.6299543356551764,0.6709479258885173,1.2825978831229727,-0.6289854172064129,0.662329706163969,-0.0009689184487635671,0.6168159166678224,4.5365657220763715,30.410606796033516,25.814560110909735,25.874041073957144,1.4844288234302068
1.8300000000000014,-0.6286098834453757,0.6734998608388512,1.2693286716760699,-0.6276556635961072,0.6648768051528153,-0.0009542198492684673,0.6196450878767736,4.498843785113982,30.313651928390435,25.755049281276627,25.81480814327645,1.4720853071805624
1.8320000000000014,-0.6272603539375918,0.676025207167896,1.2560093493066458,-0.6263208682925782,0.6673976517645407,-0.0009394856450136713,0.6224495665928691,4.4609439939924345,30.216242917478166,25.695264112910465,25.755298923485732,1.459683599692924
1.8340000000000014,-0.6259058004089393,0.678523865179302,1.2426404418387458,-0.6249810840008071,0.669892145885523,-0.0009247164081321868,0.6252292740574985,4.422867876676559,30.118383221003267,25.635206552073058,25.695515344326708,1.4472242010278142
1.8360000000000014,-0.6245462763348719,0.6809957362303297,1.229222477053943,-0.6236363636238708,0.6723601884681608,-0.0009099127110011596,0.6279841314735597,4.3846169670804525,30.020076319341186,25.574878561730646,25.63545935226073,1.4347076131907013
1.8380000000000014,-0.623181835387072,0.6834407227357429,1.2157559846705102,-0.6222867602608011,0.6748016815348457,-0.0008950751262708501,0.6307140599925551,4.346192804990853,29.9213257154506,25.514282121543726,25.575132910459747,1.4221343401069468
1.8400000000000014,-0.6218125314313322,0.6858587281716599,1.2022414963225123,-0.6209323272044375,0.6772165281818348,-0.0008802042268947208,0.6334189807043673,4.3075969359929545,29.82213493478822,25.453419227854482,25.514537998795266,1.4095048875975507
1.8420000000000014,-0.6204384185254279,0.6882496570793675,1.1886795455388048,-0.6195731179392714,0.6796046325830293,-0.0008653005861565255,0.6360988146305151,4.268830911399396,29.72250752522435,25.392291893672077,25.453676613824953,1.39681976335594
1.8440000000000014,-0.619059550916984,0.6906134150690852,1.1750706677219869,-0.6182091861392841,0.681965899993655,-0.0008503647776998413,0.6387534827191312,4.229896288180812,29.622447056957903,25.330902148655777,25.39255076877709,1.3840794769252787
1.8460000000000014,-0.6176759830413321,0.6929499088236961,1.1614154001272483,-0.6168405856657764,0.6843002367538523,-0.0008353973755557131,0.6413829058435114,4.190794628899693,29.521957122432617,25.269252039095704,25.331162493532926,1.3712845396768356
1.8480000000000014,-0.6162877695193637,0.6952590461024266,1.1477142818411767,-0.6154673705651921,0.6866075502921741,-0.0008203989541716306,0.6439870048020597,4.151527501645427,29.421041336252003,25.207343627891476,25.269513834606574,1.3584354647887764
1.8500000000000014,-0.6148949651553709,0.6975407357444914,1.1339678537604574,-0.6140895950669341,0.6888877491289953,-0.0008053700884368409,0.6465657003220473,4.112096479972924,29.319703335095976,25.145178994528422,25.207606855123053,1.3455327672260886
1.8520000000000014,-0.6134976249348858,0.6997948876726897,1.1201766585705377,-0.6127073135811744,0.6911407428798346,-0.000790311353711437,0.6491189130641626,4.072503142841817,29.21794677763547,25.082760235051893,25.14544363479365,1.3325769637207368
1.8540000000000014,-0.6120958040225072,0.7020214128969634,1.1063412407241873,-0.6113205806966572,0.693366442258592,-0.0007752233258500052,0.6516465636308495,4.0327490745592645,29.11577534444892,25.020089462038747,25.083026269889654,1.3195685727529471
1.8560000000000014,-0.6106895577597244,0.7042202235179096,1.0924621464200108,-0.6099294511784957,0.6955647590807033,-0.0007601065812287144,0.6541485725756684,3.9928358647234767,29.013192737936578,24.95716880456716,25.0203568732131,1.306508114532787
1.8580000000000014,-0.6092789416627323,0.7063912327302491,1.0785399235808903,-0.6085339799659633,0.6977356062662132,-0.0007449616967690753,0.6566248604151479,3.952765108169652,28.91020268223565,24.894000408183686,24.957437574066,1.2933961109824808
1.8600000000000014,-0.6078640114202387,0.7085343548262563,1.0645751218323412,-0.6071342221702777,0.6998788978427711,-0.0007297892499610326,0.6590753476429452,3.912538404917887,28.806808923134685,24.830586434868227,24.8942705182168,1.2802330857194004
1.8620000000000014,-0.6064448228912672,0.7106495051991396,1.0505682924808284,-0.6057302330723806,0.7019945489485485,-0.0007145898188866129,0.6614999547451568,3.8721573601221086,28.703015227986917,24.766929062996763,24.830857867864808,1.2670195640393935
1.8640000000000014,-0.6050214321029506,0.712736600346385,1.0365199884919878,-0.6043220681207104,0.7040824758350835,-0.000699363982240131,0.66389860221833,3.8316235840214787,28.598825385623808,24.70303048730166,24.76720180160233,1.253756072900894
1.8660000000000014,-0.6035938952483201,0.7147955578730489,1.02243076446881,-0.6029097829289704,0.7061425958700521,-0.0006841123193497278,0.6662712105881932,3.7909386918923365,28.494243206266887,24.638892918829615,24.70330451437455,1.240443140909239
1.8680000000000014,-0.6021622686840862,0.7168262964950143,1.0083011766297307,-0.6014934332738904,0.70817482753997,-0.0006688354101958005,0.6686177004309117,3.750104304002407,28.389272521439416,24.57451858489764,24.63916821743701,1.2270812983017123
1.8700000000000014,-0.6007266089284147,0.718828736042197,0.9941317827866882,-0.6000730750929847,0.7101790904528262,-0.0006535338354299869,0.6709379923949825,3.709122045565598,28.283917183876667,24.50990972904618,24.574795138311067,1.2136710769327657
1.8720000000000014,-0.5992869726586942,0.7208027974617126,0.9799231423230876,-0.5986487644823034,0.7121553053406507,-0.0006382081763908198,0.6732320072252924,3.6679935466985714,28.1781810674353,24.44506861099042,24.51018752073673,1.2002130102598583
1.8740000000000014,-0.5978434167092996,0.7227484028209968,0.9656758161717235,-0.5972205576941794,0.7141033940620182,-0.0006228590151202695,0.6754996657879526,3.6267204423780686,28.072068067001577,24.379997506568962,24.44534762462351,1.1867076333295032
1.8760000000000014,-0.5963959980693482,0.7246654753108809,0.9513903667926404,-0.5957885111349703,0.7160232796044907,-0.0006074869343778433,0.6777408890962997,3.585304372399146,27.965582098397963,24.314698707690354,24.380277725998816,1.17315548276364
1.8780000000000014,-0.5949447738804492,0.726553939248626,0.9370673581509159,-0.5943526813627963,0.7179148860870009,-0.000592092517652909,0.6799555983384624,3.5437469813347993,27.858727098288924,24.249174522277087,24.314980116954125,1.1595570967464326
1.8800000000000014,-0.5934898014344492,0.728413720080909,0.9227073556944096,-0.5929131250852719,0.7197781387621769,-0.0005766763491772409,0.6821437149052558,3.502049918495742,27.751507024084507,24.18342727420747,24.249457105588764,1.1459130150111532
1.8820000000000014,-0.5920311381711685,0.7302447443867675,0.9083109263314267,-0.5914698991572347,0.7216129640186122,-0.0005612390139337897,0.6843051604196875,3.460214837891595,27.643925853843108,24.11745930325515,24.183711015951513,1.1322237788274974
1.8840000000000015,-0.5905688416761354,0.7320469398804966,0.8938786384083517,-0.5900230605784685,0.7234192893830828,-0.0005457810976668975,0.6864398567664085,3.4182433981919225,27.535987586171796,24.051272965026058,24.117744187979874,1.118489930988855
1.8860000000000015,-0.5891029696783115,0.7338202354145045,0.8794110616871957,-0.5885726664914231,0.725197043522711,-0.0005303031868884034,0.6885477261226689,3.3761372626884762,27.427696240125346,23.984870630893404,24.05155897743687,1.1047120157999906
1.8880000000000015,-0.5876335800478137,0.7355645609821196,0.8649087673231192,-0.587118774178929,0.7269461562470818,-0.000514805868884749,0.6906286909891719,3.3338980992573117,27.31905585510322,23.918254687929974,23.985157755845908,1.0908905790646597
1.8900000000000015,-0.5861607307936282,0.7372798477203556,0.8503723278418677,-0.5856614410619084,0.7286665585103097,-0.0004992897317197542,0.6926826742220187,3.291527580321697,27.210070490744606,23.851427538838394,23.91854291042291,1.0770261680735
1.8920000000000015,-0.5846844800613218,0.7389660279126288,0.8358023171171858,-0.5842007246970823,0.73035818241306,-0.00048375536423950205,0.6947095990644625,3.249027382814788,27.100744226821245,23.78439160187886,23.851716844006457,1.063119331591836
1.8940000000000015,-0.5832048861307457,0.7406230349914323,0.8211993103481469,-0.5827366827746733,0.7320209612045263,-0.00046820335607244967,0.6967093891794063,3.2063991881427767,26.991081163128285,23.717149310794632,23.78468197498551,1.0491706198476431
1.8960000000000015,-0.5817220074137346,0.7422508035409644,0.8065638840364517,-0.5812693731161045,0.7336548292843641,-0.00045263429763009455,0.6986819686820671,3.163644682148122,26.881085419372887,23.649703114735154,23.717440737224766,1.0351805845195372
1.8980000000000015,-0.5802359024518013,0.7438492692997095,0.7918966159636756,-0.5797988536716954,0.7352597222045849,-0.00043704878010597525,0.7006272621723211,3.1207655550723086,26.770761135060127,23.582055478176937,23.649995579987817,1.0211497787246038
1.9000000000000015,-0.5787466299138251,0.7454183691629768,0.7771980851684432,-0.5783251825183525,0.7368355766714089,-0.0004214473954725628,0.7025451947678145,3.077763501519144,26.660112469377154,23.51420888084206,23.58234896785801,1.0070787570064113
1.9020000000000015,-0.5772542485937359,0.74695804118539,0.7624688719235867,-0.5768484178572584,0.7383823305470815,-0.000405830736477486,0.7044356921363115,3.034640220417263,26.54914360107421,23.446165817614308,23.514503380656947,0.9929680753227509
1.9040000000000015,-0.5757588174081923,0.7484682245833344,0.7477095577132206,-0.575368618011555,0.7398999228516516,-0.00039019939663731407,0.7062986805286311,2.991397414982941,26.437858728343638,23.37792879845307,23.446461313360697,0.9788182910334934
1.9060000000000015,-0.5742603953942577,0.749948859737355,0.7329207252098017,-0.5738858414240257,0.7413882937647152,-0.00037455397023200554,0.7081340868105492,2.948036792681844,26.326262068695545,23.309500348304994,23.3782252760137,0.964629962888088
1.9080000000000015,-0.5727590417070668,0.7513998881945114,0.7181029582511107,-0.5724001466547715,0.7428473846271237,-0.00035889505229536045,0.7099418384954177,2.904560065191274,26.214357858831814,23.240883007013114,23.30979779364054,0.9504036510132166
1.9100000000000015,-0.571254815617493,0.7528212526706844,0.7032568418172194,-0.5709115923788861,0.7442771379426616,-0.0003432232386069156,0.7117218637754785,2.8609689483610388,26.1021503545162,23.17207932922397,23.241181406155164,0.9361399169000102
1.9120000000000015,-0.5697477765098063,0.7542128970528384,0.6883829620073817,-0.5694202373841267,0.7456774973796881,-0.0003275391256796212,0.7134740915535729,2.8172651621745026,25.989643830442564,23.103091884292258,23.17237866826806,0.9218393233913164
1.9140000000000015,-0.5682379838793302,0.7555747664012364,0.6734819060169022,-0.5679261405685813,0.7470484077727522,-0.00031184331074896043,0.7151984514739604,2.773450430708688,25.87684258009979,23.03392325618321,23.1033921493911,0.9075024346686513
1.9160000000000015,-0.5667254973300929,0.7569068069516078,0.6585542621139611,-0.566429360938333,0.7483898151241738,-0.0002961363917599602,0.7168948739525058,2.729526482093592,25.76375091563361,22.964576043372773,23.034224433540018,0.8931298162389056
1.9180000000000015,-0.5652103765724731,0.758208966117273,0.6436006196163749,-0.5649299576051218,0.749701666605598,-0.00028041896735131466,0.7185632902069006,2.6854950484713624,25.650373167706075,22.89505285874545,22.96487811923471,0.8787220349209935
1.9200000000000015,-0.5636926814208445,0.7594811924912174,0.6286215688683494,-0.5634279897840028,0.7509839105595192,-0.0002646916368417296,0.7202036322853838,2.6413578659539403,25.53671368535125,22.825356329490024,22.89535581939731,0.8642796588320045
1.9220000000000015,-0.5621724717912125,0.7607234358481225,0.6136177012171553,-0.5619235167910012,0.7522364965007784,-0.0002489550002113816,0.7218158330957856,2.5971166745808087,25.422776835828827,22.75548909699281,22.825660161248017,0.8498032573733829
1.9240000000000015,-0.5606498076988508,0.7619356471463473,0.5985896089898011,-0.560416598040765,0.753459375118032,-0.00023320965808570904,0.7233998264328123,2.5527732182749463,25.3085670044735,22.685453816728888,22.755793786198552,0.8352934012165301
1.9260000000000015,-0.55912474925593,0.7631177785298658,0.5835378854696315,-0.5589072930442146,0.7546524982751941,-0.00021745621171542773,0.7249555470055848,2.508329244798839,25.19408859454245,22.615253158150974,22.685759349743613,0.8207506622884145
1.9280000000000015,-0.5575973566691466,0.7642697833301547,0.5684631248729224,-0.5573956614061889,0.7558158190128532,-0.00020169526295765738,0.7264829304635554,2.4637865057088426,25.07934602705869,22.544889804576208,22.615559521349848,0.8061756137566471
1.9300000000000015,-0.5560676902373443,0.7653916160680371,0.5533659223254082,-0.5558817628230895,0.756949291549661,-0.00018592741425471626,0.7279819134221699,2.419146756309095,24.96434374065202,22.474366453070573,22.545196984342923,0.791568830014407
1.9320000000000015,-0.5545358103491346,0.7664832324554778,0.5382468738387927,-0.5543656570805221,0.7580528712836967,-0.00017015326861247182,0.729452433487402,2.374411755604249,24.849086191396395,22.40368581433125,22.474674435792146,0.77693088666498
1.9340000000000015,-0.5530017774805126,0.7675445893973304,0.5231065762872265,-0.5528474040509345,0.759126514793805,-0.00015437342957813627,0.7308944292793949,2.329583266251208,24.733577852644196,22.33285061256681,22.403994586392987,0.7622623605059735
1.9360000000000015,-0.5514656521924692,0.7685756449930407,0.5079456273837281,-0.5513270636912526,0.7601701798409084,-0.0001385885012166188,0.7323078404554926,2.2846630545100908,24.61782321485758,22.261863585375124,22.33316016034749,0.7475638295132733
1.9380000000000015,-0.5499274951286007,0.7695763585382986,0.49276462565660506,-0.5498046960405141,0.7611838253692946,-0.00012279908808665585,0.7336926077319528,2.2396528901938755,24.501826785436307,22.190727483619284,22.262173895242434,0.7328358728245697
1.9400000000000015,-0.5483873670127138,0.7705466905266475,0.47756417042580707,-0.5482803612174983,0.7621674115078774,-0.00010700579521549791,0.7350486729052024,2.194554546617367,24.385593088542777,22.11944507130126,22.19103854192541,0.7180790707226674
1.9420000000000015,-0.5468453286464301,0.7714866026510415,0.4623448617792837,-0.5467541194183555,0.7631208995714325,-9.120922807459575e-05,0.7363759788715079,2.149369800544623,24.26912666492338,22.048019125433463,22.119756864378758,0.7032940046182782
1.9440000000000015,-0.5453014409067831,0.7723960578053597,0.44710730054927633,-0.5452260309142318,0.7640442520618075,-7.540999255128966e-05,0.7376744696466242,2.104100432136124,24.152432071727404,21.97645243590829,22.04833163959128,0.6884812570327441
1.9460000000000015,-0.5437557647438179,0.7732750200858695,0.43185208828861577,-0.5436961560488937,0.7649374326691059,-5.9608694924273564e-05,0.738944090383403,2.058748224893949,24.03551388232199,21.904747805365552,21.97676565742804,0.6736414115800972
1.9480000000000015,-0.5422083611781825,0.7741234547926451,0.4165798272469588,-0.542164555236348,0.7658004062728446,-4.3805941834507145e-05,0.7401847873895409,2.013314965606902,23.918376686104914,21.83290804905773,21.90506172049801,0.6587750529491008
1.9500000000000015,-0.5406592912987198,0.7749413284309373,0.4012911203470188,-0.5406312889584618,0.7666331389430854,-2.80023402580154e-05,0.7413965081435374,1.967802444293811,23.8010250883133,21.760935994713282,21.83322264401949,0.6438827668847054
1.9520000000000015,-0.5391086162600567,0.775728608712495,0.3859865711607702,-0.5390964177625788,0.7674355979415387,-1.2198497477911019e-05,0.7425792013099746,1.922212454146091,23.68346370982975,21.68883448239798,21.761251255683657,0.6289651401692522
1.9540000000000015,-0.5375563972801881,0.7764852645568411,0.37066678388560487,-0.5375600022591335,0.7682077517226417,3.604978945359605e-06,0.7437328167542407,1.8765467914696057,23.565697186985687,21.616606364374043,21.68915039551608,0.614022760603445
1.9560000000000015,-0.536002695638062,0.777211266092498,0.35533236332049706,-0.5360221031192642,0.7689495699346058,1.9407481202216026e-05,0.7448573055555299,1.830807255624812,23.447730171360913,21.5442545049575,21.6169229157361,0.5990562169867717
1.9580000000000015,-0.5344475726711583,0.7779065846581685,0.3399839148421097,-0.5344827810724233,0.7696610234204393,3.520840126503e-05,0.7459526200199393,1.7849956489668473,23.32956732958115,21.47178178037332,21.5445716806143,0.5840660990978943
1.9600000000000015,-0.5328910897730695,0.7785711928038661,0.3246220443809122,-0.5329420969039854,0.7703420842189391,5.100713091588105e-05,0.7470187136915156,1.739113776783581,23.211213343111478,21.399191078608844,21.4720995663279,0.5690529976743826
1.9620000000000015,-0.5313333083910748,0.7792050642919993,0.3092473583972424,-0.5314001114528542,0.7709927255656536,6.680306177930806e-05,0.7480555413635848,1.6931634472337986,23.09267290804815,21.32648529926522,21.39950946081435,0.5540175043924822
1.9640000000000015,-0.5297742900237163,0.779808174098407,0.29386046385738146,-0.5298568856090665,0.7716129218938161,8.259558535017586e-05,0.7490630590881235,1.6471464712834603,22.973950734906378,21.253667353406687,21.32680426362292,0.5389602118462555
1.9660000000000015,-0.5282140962183693,0.7803804984133467,0.2784619682095772,-0.528312480311396,0.7722026488352481,9.838409302664886e-05,0.7500412241851654,1.601064662641822,22.855051548406,21.180740163408345,21.253986885764178,0.5238817135266849
1.9680000000000015,-0.5266527885688138,0.7809220146424345,0.2630524793600691,-0.5267669565449535,0.7727618832212307,0.00011416797613972296,0.7509899952507972,1.5549198376961855,22.735980087254102,21.107706662801768,21.181060249557916,0.5087826038003103
1.9700000000000015,-0.5250904287128026,0.7814327014075368,0.247632605649096,-0.5252203753387868,0.7732906030833444,0.00012994662598420081,0.7519093321645219,1.5087138154459254,22.616741103924834,21.03456979611893,21.108027288478908,0.49366347788765047
1.9720000000000015,-0.5235270783296274,0.7819125385476148,0.23220295582686468,-0.5236727977634783,0.7737887876542772,0.00014571943385088826,0.7527991960960648,1.4624484174358725,22.49733936443691,20.961332518734242,21.03489094700104,0.47852493184139433
1.9740000000000015,-0.5219627991376847,0.7823615071195196,0.2167641390295346,-0.5221242849287411,0.7742564173685995,0.0001614857910563483,0.7536595495109182,1.4161254676884645,22.377779648127866,20.887997796704784,20.961654180439403,0.46336756252420186
1.9760000000000015,-0.5203976528920382,0.7827795893987408,0.20131676475515312,-0.5205748979810141,0.7746934738635054,0.00017724508897587476,0.7544903561757181,1.3697467926355869,22.258066747426362,20.814568606608784,20.888319954790774,0.44819196758639757
1.9780000000000015,-0.5188317013819821,0.7831667688801057,0.18586144283961079,-0.519024698101055,0.7750999399795183,0.00019299671907291316,0.7552915811623307,1.3233142210491793,22.138205467621283,20.74104793538238,20.814891246572103,0.43299874544326356
1.9800000000000015,-0.5172650064286002,0.7835230302784317,0.17039878343254877,-0.5174737465015327,0.7754757997611637,0.00020874007293247843,0.7560631908519073,1.2768295839716746,22.018200626629188,20.667438780154598,20.741371042657512,0.417788495252272
1.9820000000000015,-0.5156976298823273,0.7838483595291287,0.15492939697328845,-0.5159221044246175,0.7758210384576045,0.00022447454229024277,0.7568051529375115,1.230294714645068,21.898057054758397,20.59374414808066,20.667762340113327,0.4025618168898747
1.9840000000000015,-0.5141296336205051,0.7841427437887546,0.13945389416671722,-0.514369833139571,0.7761356425232409,0.00024019951906584236,0.7575174364269361,1.1837114484400457,21.77777959447155,20.5199670561736,20.594068146031503,0.38731931092831046
1.9860000000000015,-0.5125610795449412,0.7844061714355233,0.12397288595918543,-0.5128169939403344,0.7764195996182723,0.0002559143953931864,0.7582000116442476,1.1370816227838771,21.657373100145257,20.446110531134245,20.52029147736138,0.37206157861200684
1.9880000000000015,-0.5109920295794652,0.7846386320697623,0.10848698351439374,-0.511263648143116,0.7766728986092222,0.0002716185636507662,0.758852850230993,1.0904070770879395,21.53684243782766,20.372177609179662,20.44643536073972,0.3567892218338617
1.9900000000000015,-0.5094225456674825,0.7848401165143236,0.09299679818925019,-0.5097098570839771,0.7768955295694239,0.0002873114164946289,0.759475925147175,1.043689652674917,21.416192484994166,20.298171335869803,20.37250283231925,0.3415028431114183
1.9920000000000015,-0.507852689769531,0.7850106168149464,0.07750294150975234,-0.5081556821164182,0.7770874837794675,0.00030299234688713206,0.7600692106709871,0.9969311927048379,21.29542813030028,20.224094765932815,20.29849693759544,0.3262030455626621
1.9940000000000015,-0.5062825238608332,0.7851501262405709,0.062006025146827785,-0.506601184608963,0.777248753727607,0.0003186607481298065,0.7606326823990078,0.950133542101444,21.174554273333268,20.14995096308861,20.224420731231824,0.3108904328819218
1.9960000000000016,-0.504712109928851,0.7852586392836038,0.04650666089220394,-0.5050464259427427,0.7773793331101273,0.0003343160138917778,0.7611663172449168,0.9032985474771685,21.053575824360866,20.075742999871174,20.1502772768837,0.29556560931532155
1.9980000000000016,-0.503141509970837,0.7853361516601359,0.031005460634238043,-0.5034914675090794,0.777479216831669,0.00034995753824240694,0.7616700934386983,0.856428057058486,20.93249770407897,20.00147395744905,20.076069647020482,0.2802291796363463
2.0000000000000013,-0.5015707859913886,0.7853826603101113,0.01550303633377835,-0.5019363707070683,0.7775484010055129,0.00036558471567971207,0.7621439905246785,0.809523920610184,20.81132484335641,19.927146925444728,20.001800922746227,0.26488174912106366
2.002000000000001,-0.49999999999999895,0.7853981633974483,-1.0353123078098948e-14,-0.5003811969411607,0.7775868829538215,0.0003811969411617322,0.7625879893598421,0.7625879893598104,20.69006218297893,19.852765001752374,19.92747419361912,0.2495239235233949
2.004000000000001,-0.4984292140086095,0.7853826603101113,-0.015503036333796863,-0.498826007618745,0.7775946612078375,0.00039679361013550407,0.763002072111226,0.7156221159212707,20.568714673390502,19.77833129235425,19.853092557469232,0.23415630905011425
2.0060000000000007,-0.4968584900291612,0.7853361516601358,-0.031005460634256556,-0.4972708641477289,0.7775717355080392,0.00041237411856770434,0.7633862222534943,0.6686281542185355,20.44728727443353,19.7038489111358,19.778659120214996,0.21877951233587992
2.0080000000000005,-0.49528789007114743,0.7852586392836037,-0.04650666089222027,-0.4957158279341204,0.7775181068042523,0.0004279378629729602,0.7637404245657086,0.6216079594086187,20.325784955086935,19.629320979699294,19.704176995678317,0.20339414041802834
2.0100000000000002,-0.4937174761391654,0.7851501262405708,-0.062006025146841906,-0.49416096037960894,0.7774337772557162,0.00044348424044354795,0.7640646651281744,0.574563387804574,20.20421269320287,19.55475062717632,19.629649305398296,0.18800080071137454
2.012,-0.4921473102304678,0.7850106168149463,-0.07750294150976426,-0.49260632287914674,0.7773187502311065,0.00045901264867892477,0.7643589313190948,0.5274962967983036,20.082575475242,19.480140990038898,19.555079178443695,0.17260010098295014
2.014,-0.49057745433251637,0.7848401165143234,-0.09299679818926213,-0.49105197681852975,0.7771730303085114,0.00047452248601337343,0.7646232118105727,0.4804085447827844,19.960878296006907,19.40549521190937,19.480469751224124,0.1571926493265514
2.0159999999999996,-0.48900797042053407,0.7846386320697621,-0.1084869835144013,-0.48949798357197905,0.776996623275362,0.000490013151444979,0.764857496564801,0.43330199107443673,19.83912615837439,19.33081644336907,19.405824167299954,0.14177905413733455
2.0179999999999993,-0.487438920455058,0.7844061714355232,-0.12397288595919298,-0.48794440449972243,0.7767895361283175,0.0005054840446644393,0.7650617768300116,0.38617849583526087,19.717324073026276,19.256107841765946,19.331145577191016,0.126359924086333
2.019999999999999,-0.4858703663794944,0.7841427437887545,-0.13945389416672258,-0.4863913009455762,0.7765517770731019,0.000520934566081821,0.7652360451359997,0.33903991999463107,19.595477058178833,19.181372571020795,19.256437138184204,0.1109358680948648
2.021999999999999,-0.48430237011767246,0.7838483595291286,-0.15492939697329158,-0.4848387342345276,0.7762833555242958,0.0005363641168551481,0.765380295289798,0.29188812517119855,19.473590139310968,19.106613801432605,19.18170201413977,0.09550749530897482
2.0239999999999987,-0.4827349935713995,0.7835230302784316,-0.1703987834325519,-0.4832867656703175,0.775984282105079,0.0005517720989179908,0.7654945223711596,0.24472497359462464,19.351668348891295,19.031834709482755,19.10694337529667,0.08007541507382085
2.0259999999999985,-0.48116829861801785,0.7831667688801057,-0.18586144283961178,-0.48173545653302363,0.7756545686469256,0.0005671579150057782,0.7655787227277425,0.1975523280271042,19.22971672610385,18.95703847763808,19.032164398076745,0.06464023690799206
2.0279999999999982,-0.47960234710796196,0.7827795893987408,-0.20131676475515192,-0.4801848680766451,0.7752942281892528,0.0005825209686831645,0.765632893970364,0.15037205168492498,19.10774031657279,18.88222829415295,18.957368264887865,0.04920257047783849
2.029999999999998,-0.4780372008623156,0.7823615071195196,-0.2167641390295312,-0.4786350615266871,0.7749032749790182,0.0005978606643715079,0.7656570349682946,0.10318600816010538,18.985744172086054,18.807407352870538,18.88255816392595,0.03376302557182706
2.031999999999998,-0.4764729216703729,0.7819125385476149,-0.23220295582686126,-0.47708609807774655,0.7744817244702721,0.0006131764073736279,0.7656511458441552,0.05599606134171841,18.863733350317997,18.732578853022858,18.807737288976277,0.018322212074793648
2.0339999999999976,-0.47490957128719813,0.7814327014075372,-0.2476326056490883,-0.47553803889109925,0.7740295933236577,0.0006284676039011172,0.7656152279689927,0.008804075337385217,18.741712914550888,18.65774599903012,18.732908839213504,0.0028807399422519087
2.0359999999999974,-0.47334721143118696,0.7809220146424347,-0.2630524793600614,-0.4739909450922875,0.7735468994058652,0.0006437336611005429,0.7655492839574938,-0.03838808560506311,18.619687933396012,18.582912000299032,18.658076019001076,-0.01256078082524359
2.037999999999997,-0.4717859037816316,0.780380498413347,-0.27846196820956726,-0.4724448777687094,0.7730336617890343,0.0006589739870778155,0.7654533176626415,-0.08557855717637043,18.497663480513086,18.508080071020395,18.583242037689455,-0.028001740207880044
2.039999999999997,-0.47022570997628493,0.7798081740984074,-0.2938604638573694,-0.4708998979672092,0.7724899007501087,0.0006741879909242798,0.7653273341708069,-0.13276547508422473,18.37564463432958,18.433253429965717,18.508410109413802,-0.043441528192233125
2.0419999999999967,-0.4686666916089264,0.7792050642919999,-0.30924735839723033,-0.46935606669166896,0.7719156377701402,0.0006893750827425826,0.7651713397969137,-0.17994697513149352,18.25363647775904,18.358435300283283,18.433583452890534,-0.05887953479687019
2.0439999999999965,-0.4671089102269319,0.7785711928038668,-0.324622044380898,-0.4678134449006019,0.7713108955335441,0.0007045346736699876,0.7649853420790592,-0.2271211932949115,18.13164409791849,18.283628909293146,18.358765291213402,-0.07431515009810069
2.0459999999999963,-0.46555242732884333,0.7779065846581693,-0.33998391484209334,-0.4662720935047473,0.7706756979273044,0.0007196661759039658,0.7647693497736792,-0.27428626580320326,18.00967258584532,18.20883748828175,18.28395885164852,-0.08974776425554287
2.047999999999996,-0.4639973043619399,0.7772112660924989,-0.3553323633204786,-0.46473207336466704,0.7700100700401281,0.0007347690027271203,0.7645233728506615,-0.32144032921522103,17.887727036213725,18.134064272295575,18.209167365428947,-0.10517676753769423
2.049999999999996,-0.4624436027198138,0.776485264556842,-0.3706667838855864,-0.46319344528834394,0.7693140381615511,0.000749842568530168,0.7642474224881642,-0.3685815204982438,17.76581254705013,18.05931249993437,18.13439406754837,-0.12060155034755549
2.0519999999999956,-0.46089138373994565,0.7757286087124963,-0.3859865711607474,-0.46165627002878196,0.7685876297809937,0.0007648862888363084,0.7639415110678038,-0.4157079771059074,17.643934219448408,17.9845854131436,18.059642196554314,-0.13602150324813367
2.0539999999999954,-0.4593407087012825,0.7749413284309385,-0.40129112034699604,-0.46012060828160845,0.7678308735867655,0.0007798995803259268,0.7636056521698698,-0.46281783705604246,17.522097157284545,17.90988625700635,17.98491499434059,-0.1514360169879146
2.055999999999995,-0.45779163882182006,0.7741234547926464,-0.4165798272469338,-0.4585865206826784,0.7670437994650204,0.0007948818608583541,0.7632398605682635,-0.509909239008651,17.400306466930584,17.835218279534796,17.910215705939233,-0.1668444825263819
2.057999999999995,-0.45624423525618485,0.7732750200858709,-0.43185208828858873,-0.4570540678056811,0.7662264384986622,0.0008098325494962366,0.7628441522258699,-0.5569803223434538,17.278567256968483,17.760584731460977,17.835547579311935,-0.18224629105939333
2.0599999999999947,-0.4546985590932196,0.7723960578053612,-0.4471073005492493,-0.4555233101597487,0.765378822966199,0.0008247510665290725,0.762418544289922,-0.6040292272373452,17.156884637903513,17.685988866027273,17.760913865140857,-0.19764083404453003
2.0619999999999945,-0.4531546713535729,0.7714866026510433,-0.46234486177925455,-0.4539943081870676,0.7645009863405487,0.0008396368334946946,0.7619630550870898,-0.6510540947420115,17.03526372187708,17.61143393877625,17.68631781661909,-0.21302750322649594
2.0639999999999943,-0.45161263298728926,0.7705466905266495,-0.47756417042577576,-0.452467122260492,0.7635929632877941,0.000854489273202752,0.7614777041190418,-0.6980530668610309,16.91370962237949,17.536923207340315,17.61176268924052,-0.22840569066235078
2.065999999999994,-0.45007250487140266,0.7695763585383009,-0.49276462565657164,-0.45094181268116024,0.7626547896658872,0.0008693078097575802,0.7609625120579295,-0.7450242866269896,16.792227453962465,17.462459931230775,17.537251740589454,-0.24377478874674496
2.067999999999994,-0.4485343478075342,0.7685756449930429,-0.5079456273836948,-0.4494184396761136,0.761686502523305,0.0008840918685794064,0.7604175007417691,-0.7919658981785398,16.670822331951218,17.388047371626655,17.462788230129757,-0.2591341902371377
2.0699999999999936,-0.4469982225194912,0.767544589397333,-0.5231065762871888,-0.4478970633959183,0.7606881400976543,0.0008988408764271094,0.7598426931701274,-0.838876046837117,16.54949937215648,17.31368879116328,17.388375418993597,-0.27448328827890467
2.0719999999999934,-0.44546418965086926,0.7664832324554804,-0.5382468738387551,-0.44637774391228985,0.7596597418142271,0.0009135542614205905,0.7592381134998697,-0.8857528791835262,16.428263690586572,17.239387453720408,17.3140165697701,-0.289821476430399
2.073999999999993,-0.44393230976265974,0.7653916160680401,-0.5533659223253685,-0.44486054121572083,0.7586013482845072,0.0009282314530610902,0.7586037870406729,-0.9325945431345842,16.307120403158898,17.165146624210294,17.239714946293482,-0.3051481486880344
2.075999999999993,-0.44240264333085766,0.7642697833301578,-0.5684631248728808,-0.44334551521311155,0.7575130013046253,0.0009428718822538928,0.7579397402509348,-0.9793991880193395,16.186074625411745,17.09096956836539,17.165473813431085,-0.32046269951122797
2.0779999999999927,-0.44087525074407424,0.7631177785298691,-0.5835378854695898,-0.441832725725404,0.7563947438537663,0.0009574749813297534,0.757246000733707,-1.0261649646551645,16.06513147221598,17.016859552526032,17.091296436871147,-0.3357645238473017
2.0799999999999925,-0.43935019230115385,0.761935647146351,-0.5985896089897553,-0.44032223248521896,0.7552466200925263,0.0009720401840651038,0.7565225972324383,-1.0728900254238678,15.94429605748658,16.942819843427795,17.01718608291045,-0.3510530171563906
2.0819999999999923,-0.4378275282087921,0.7607234358481263,-0.6136177012171096,-0.43881409513449654,0.7540686753612208,0.000986566925704424,0.755769559627189,-1.1195725243473131,15.823573493894417,16.868853707988976,16.94314601824173,-0.3663275754361919
2.083999999999992,-0.43630731857916033,0.7594811924912214,-0.6286215688683016,-0.4373083732221403,0.7528609561781434,0.0010010546429799483,0.7549869189304717,-1.1662106171632503,15.702968892577934,16.794964413097745,16.869179509741183,-0.381587595246775
2.085999999999992,-0.4347896234275319,0.7582089661172773,-0.6436006196163253,-0.4358051262016647,0.7516235102377758,0.0010155027741328149,0.7541747072834526,-1.2128024614006656,15.58248736285494,16.72115522539944,16.795289824255605,-0.396832473735248
2.0879999999999916,-0.43327450266991235,0.7569068069516123,-0.6585542621139092,-0.43430441342884685,0.7503563864089483,0.0010299107589344936,0.7533329579522117,-1.2593462164550164,15.462134011934682,16.6474294110838,16.721480228389698,-0.41206160866037445
2.0899999999999914,-0.431762016120675,0.755574766401241,-0.6734819060168504,-0.43280629415938093,0.7490596347329522,0.001044278038705937,0.7524617053238922,-1.305840043663393,15.341913944629978,16.573790235672213,16.64775398829337,-0.42727439841716897
2.091999999999991,-0.4302522234901993,0.7542128970528436,-0.6883829620073257,-0.4313108275465377,0.7477333064216029,0.001058604056338397,0.7515609849029301,-1.3522821063795052,15.22183226306948,16.500240963804973,16.574114369448985,-0.4424702420614409
2.093999999999991,-0.4287451843825127,0.7528212526706897,-0.7032568418171636,-0.4298180726388272,0.7463774538552553,0.0010728882563145192,0.750630833307673,-1.3986705700481787,15.101894066410445,16.426784859028743,16.500564636458623,-0.45764853933417315
2.0959999999999908,-0.42724095829293884,0.7513998881945169,-0.7181029582510551,-0.42832808837766567,0.7449921305807703,0.0010871300847268284,0.7496712882664689,-1.445003602280207,14.98210445055137,16.35342518358401,16.427108052831578,-0.4728086906860153
2.0979999999999905,-0.42573960460574833,0.7499488597373608,-0.7329207252097418,-0.4268409335950468,0.7435773913094328,0.001101328989298489,0.7486823886142651,-1.4912793729265996,14.862468507845284,16.280165198192787,16.353747880771884,-0.487950097301584
2.0999999999999903,-0.42424118259181365,0.7484682245833405,-0.7477095577131608,-0.42535666701121716,0.7421332919148222,0.0011154844194035118,0.74766417428923,-1.5374960541526876,14.742991326813282,16.20700816184647,16.28048738096597,-0.5030721611237142
2.10199999999999,-0.42274575140627035,0.7469580411853963,-0.7624688719235252,-0.42387534723235587,0.740659889430635,0.0011295958260855166,0.7466166863290753,-1.5836518205123342,14.623677991858262,16.13395733159387,16.207329812370595,-0.5181742848777443
2.10399999999999,-0.42125337008618136,0.7454183691629835,-0.7771980851683796,-0.42239703274825896,0.7391572420484589,0.0011436626620776047,0.7455399668678089,-1.629744849021626,14.504533582979267,16.061015962329563,16.134278432000894,-0.5332558720956339
2.1059999999999897,-0.4197640975482052,0.7438492692997165,-0.79189661596361,-0.42092178193002794,0.7376254091155003,0.0011576843818227323,0.7444340591324556,-1.675773319232474,14.385563175486306,15.988187306582486,16.06133649471878,-0.548316327140048
2.1079999999999894,-0.4182779925862721,0.7422508035409716,-0.8065638840363865,-0.41944965302776344,0.7360644511322633,0.0011716604414913623,0.7432990074394823,-1.721735413306296,14.266771839715231,15.915474614304799,15.988507253021528,-0.5633550552284707
2.109999999999989,-0.4167951138692613,0.7406230349914401,-0.8211993103480775,-0.41798070416826305,0.734474429750182,0.0011855902990017264,0.7421348571917605,-1.7676293160870624,14.148164640743653,15.842881132661187,15.915793956830715,-0.5783714624571128
2.111999999999989,-0.4153155199386852,0.7389660279126367,-0.8358023171171166,-0.4165149933527246,0.7328554077692054,0.0011994734140394203,0.7409416548752692,-1.813453215174485,14.029746638107056,15.770410105818453,15.843199853281542,-0.5933649558248594
2.1139999999999888,-0.41383926920637887,0.7372798477203637,-0.8503723278417986,-0.415052578454454,0.7312074491353359,0.0012133092480751118,0.7397194480558218,-1.859205300996953,13.911522885515494,15.698064774735524,15.770728186512446,-0.6083349432571378
2.1159999999999886,-0.41236641995219364,0.7355645609821283,-0.8649087673230462,-0.4135935172165777,0.7295306189381195,0.0012270972643840805,0.7384682853759426,-1.9048837668842005,13.793498430570974,15.625848376953929,15.698382197455174,-0.6232808336297055
2.1179999999999883,-0.4108970303216958,0.7338202354145135,-0.8794110616871228,-0.41213786724976154,0.727824983408091,0.0012408369280657583,0.7371882165517794,-1.9504868091398264,13.675678314485433,15.553764146388659,15.62616512362526,-0.6382020367923756
2.119999999999988,-0.4094311583238721,0.7320469398805058,-0.8938786384082771,-0.4106856860299332,0.7260906099141714,0.0012545277060611038,0.7358792923698807,-1.996012627113705,13.558067571799258,15.481815313119627,15.554080198912963,-0.6530979635927163
2.121999999999988,-0.4079688618288393,0.7302447443867771,-0.9083109263313502,-0.40923703089601116,0.7243275669610193,0.0012681690671718648,0.7345415646841729,-2.0414594232740897,13.440671230100664,15.410005103183572,15.482130653374753,-0.6679680258996477
2.1239999999999877,-0.40651019856555876,0.7284137200809191,-0.9227073556943314,-0.4077919590476385,0.7225359241863364,0.0012817604820797301,0.7331750864129578,-2.0868254032795464,13.323494309745678,15.338336738366486,15.410319713025224,-0.6828116366269811
2.1259999999999875,-0.4050552261195587,0.7265539392486362,-0.9370673581508376,-0.4063505275429222,0.720715752358126,0.0012953014233635374,0.7317799115357495,-2.1321087760507957,13.206541823578828,15.266813435996713,15.338650599629624,-0.6976282097569334
2.1279999999999872,-0.4036040019306601,0.7246654753108919,-0.9513903667925585,-0.4049127932961784,0.7188671233719066,0.0013087913655183137,0.73035609509036,-2.177307753842241,13.089818776654697,15.1954384087386,15.267126530496938,-0.7124171603635285
2.129999999999987,-0.4021565832907087,0.7227484028210079,-0.9656758161716417,-0.4034788130756827,0.7169901102478792,0.0013222297849739828,0.7289036931699147,-2.2224205523133365,12.973330165960268,15.124214864386698,15.195750718273604,-0.7271779046359585
2.131999999999987,-0.4007130273413142,0.7208027974617242,-0.9799231423230041,-0.40204864350142655,0.7150847871280481,0.0013356161601123517,0.7274227629197774,-2.267445390599843,12.857080980137956,15.053146005660807,15.124526370737799,-0.7419098599019021
2.1339999999999866,-0.399273391071594,0.7188287360422089,-0.9941317827866029,-0.40062234104287997,0.7131512292732984,0.0013489499712859843,0.7259133625346466,-2.3123804913847987,12.74107619920965,14.982235030001537,15.053456690594448,-0.7566124446507468
2.1359999999999864,-0.3978377313159224,0.7168262964950264,-1.0083011766296457,-0.3991999620167591,0.711189513060426,0.0013622307008366863,0.7243755512557586,-2.357224080969176,12.625320794301711,14.9114851293667,14.982544875270886,-0.7712850785567158
2.137999999999986,-0.3964061047516887,0.7147955578730615,-1.0224307644687232,-0.39778156258480085,0.7091997159791229,0.0013754578331121592,0.7228093893676859,-2.4019743893427274,12.509819727370571,14.840899490028386,14.911794116713299,-0.7859271825020484
2.139999999999986,-0.39497856789705843,0.712736600346398,-1.0365199884918992,-0.396367198751543,0.7071819166289185,0.001388630854484596,0.7212149381956108,-2.4466296502542098,12.394577950929612,14.770481292370746,14.841207601183822,-0.8005381785999832
2.1419999999999857,-0.3935551771087419,0.7106495051991532,-1.0505682924807382,-0.3949569263621109,0.7051361947160746,0.0014017492533690001,0.7195922601025009,-2.491188101281511,12.279600407776867,14.700233710688767,14.770788509058377,-0.8151174902177105
2.1439999999999855,-0.3921359885797704,0.7085343548262699,-1.064575121832251,-0.39355080110001,0.703062631050437,0.0014148125202396167,0.71794141848601,-2.535647983901839,12.164892030723669,14.630159912987608,14.700540014625508,-0.829664541999334
2.1459999999999853,-0.39072105833727716,0.7063912327302636,-1.0785399235807966,-0.3921488784849255,0.7009613075422412,0.001427820147648362,0.7162624777757403,-2.580007543561359,12.050457742324399,14.560263060783006,14.630465285885759,-0.8441787598886685
2.147999999999985,-0.38931044224028505,0.7042202235179243,-1.0924621464199173,-0.39075121387052775,0.6988323071988743,0.0014407716302426987,0.7145555034304292,-2.624265029744755,11.936302454607363,14.49054630890236,14.560567484352118,-0.8586595711519962
2.149999999999985,-0.3879041959775024,0.7020214128969787,-1.1063412407240922,-0.38935786244228454,0.6966757141215928,0.0014536664647821218,0.712820561934957,-2.668418696044674,11.822431068806507,14.421012805286896,14.49084976485118,-0.8731064044008012
2.1519999999999846,-0.386502375065124,0.6997948876727054,-1.1201766585704411,-0.38796887921528017,0.6944916135021956,0.0014665041501561449,0.7110577207976201,-2.7124668002308128,11.708848475094525,14.351665690794537,14.421315275325338,-0.887518689614367
2.1539999999999844,-0.3851050348446388,0.6975407357445073,-1.133967853760361,-0.3865843190320409,0.6922800916196539,0.0014792841874020635,0.7092670485473325,-2.7564076043187913,11.595559552316935,14.28250809900397,14.351967156635727,-0.9018958581623273
2.155999999999984,-0.3837122304806463,0.6952590461024429,-1.1477142818410786,-0.3852042365603675,0.6900412358366963,0.0014920060797212198,0.7074486147306405,-2.800239374639048,11.482569167727254,14.213543156019366,14.282808542366302,-0.9162373428271997
2.157999999999984,-0.38232401695867796,0.6929499088237131,-1.1614154001271488,-0.3838286862911748,0.6877751345963509,0.0015046693324968219,0.7056024899090754,-2.843960381905142,11.369882176723532,14.144773980276366,14.213842558628674,-0.9305425778267489
2.1599999999999837,-0.3809404490830264,0.6906134150691028,-1.1750706677218854,-0.3824577225363379,0.6854818774184429,0.0015172734533115406,0.703728745656286,-2.8875689012821257,11.257503422585968,14.076203682348961,14.145072323868094,-0.9448109988363569
2.1619999999999835,-0.37956158147458235,0.6882496570793851,-1.188679545538704,-0.3810913994265458,0.6831615548960506,0.0015298179519634414,0.701827454555279,-2.9310632124545615,11.14543773621585,14.007835364757298,14.076500948670411,-0.9590420430112725
2.1639999999999833,-0.37818746856867835,0.6858587281716785,-1.202241496322408,-0.379729770909162,0.6808142586919159,0.0015423023404836367,0.6998986901955142,-2.974441599694407,11.03368993587553,13.939672121776765,14.008131535569937,-0.9732351490088451
2.165999999999983,-0.3768181646129386,0.6834407227357616,-1.2157559846704062,-0.37837289074609237,0.6784400815348137,0.001554726133153772,0.6979425271703623,-3.0177023519284574,10.922264826930133,13.871717039247944,13.939967178858591,-0.9873897570105781
2.167999999999983,-0.3754537236651388,0.680995736230349,-1.2292224770538374,-0.37702081251166064,0.6760391172158766,0.0015670888465218469,0.6959590410740808,-3.0608437628059115,10.811167201589964,13.80397319438773,13.872010964395875,-1.0015053087442434
2.1699999999999826,-0.37409419959107154,0.6785238651793218,-1.2426404418386385,-0.3756735895904909,0.6736114605848783,0.0015793899994193672,0.6939483084991727,-3.1038641307653525,10.700401838654724,13.736443655601642,13.804265969420076,-1.0155812475058126
2.1719999999999824,-0.37273964606241894,0.676025207167916,-1.2560093493065392,-0.37433127517539794,0.6711572075464735,0.0015916291129789983,0.6919104070337201,-3.1467617591016537,10.589973503258992,13.669131482297107,13.736735262360646,-1.0296170181813296
2.173999999999982,-0.3713901165546352,0.6734998608388718,-1.2693286716759615,-0.37299392226528516,0.6686764550563956,0.0016038057106499415,0.6898454152584317,-3.1895349560327357,10.479886946618779,13.602039724698024,13.669421902651514,-1.0436120672687739
2.175999999999982,-0.37004566434483466,0.6709479258885386,-1.2825978831228633,-0.3716615836630499,0.6661693011176121,0.0016159193182152531,0.6877534127440827,-3.2321820347658408,10.370146905779883,13.535171423660485,13.602328940545725,-1.0575658428997436
2.1779999999999817,-0.36870634250968815,0.6683695030629376,-1.2958164598015003,-0.37033431197349703,0.6636358447764376,0.001627969463808887,0.6856344800487117,-3.274701313563822,10.260758103367392,13.468529610489586,13.535459416931214,-1.0714777948611385
2.1799999999999815,-0.3673722039233286,0.6657646941537878,-1.3089838798650977,-0.3690121596012598,0.6610761861186051,0.0016399556779312374,0.6834886987149154,-3.3170911158109573,10.151725247336717,13.402117306757551,13.468816363147674,-1.0853473746167133
2.1819999999999813,-0.3660433012552632,0.6631336019944849,-1.3220996234864557,-0.36769517874872926,0.6584904262652951,0.0016518774934660696,0.6813161512670796,-3.3593497700787456,10.043053030725998,13.335937524123079,13.402402800804744,-1.0991740353285937
2.183999999999981,-0.36471968696829343,0.6604763304560414,-1.3351631728784772,-0.366383421413991,0.6558786673691238,0.0016637344456975622,0.6791169212088177,-3.4014756101911785,9.934746131410227,13.26999326415185,13.336221741601406,-1.1129572318786438
2.185999999999981,-0.36340141331644515,0.6577929844429881,-1.348174012314599,-0.36507693938877084,0.6532410126100885,0.0016755260723256837,0.6768910930200942,-3.4434669752900504,9.826809211856512,13.204287518138365,13.270276187146562,-1.1266964208898373
2.1879999999999806,-0.36208853234290506,0.6550836698892314,-1.3611316281491566,-0.3637757842563879,0.6505775661914729,0.0016872519134828456,0.6746387521546757,-3.485322209899786,9.719246918881145,13.138823266929027,13.204569128780932,-1.14039106074746
2.1899999999999804,-0.3607810958779657,0.65234849375387,-1.3740355088376675,-0.3624800073897165,0.6478884333357103,0.001698911511750778,0.6723599850373829,-3.527039663992111,9.612063883408064,13.073603480746545,13.139103547400175,-1.1540406116202917
2.19199999999998,-0.35947915553698023,0.6495875640169751,-1.386885144957013,-0.3611896599491561,0.6451737202802067,0.0017105044121758506,0.6700548790614467,-3.5686176930504456,9.50526472022895,13.008631119015533,13.073882413279396,-1.1676445354816565
2.19399999999998,-0.3581827627183238,0.6468009896753246,-1.3996800292255653,-0.35990479288060984,0.6424335342731219,0.001722030162286059,0.6677235225858706,-3.6100546581339885,9.398854027764767,12.94390913018967,13.008908685898755,-1.181202296130411
2.1959999999999797,-0.3568919686013652,0.6439888807381023,-1.4124196565232,-0.35862545691347164,0.6396679835691109,0.001733488312106457,0.6653660049326997,-3.65134892594167,9.292836387829047,12.8794404515799,12.944185313770717,-1.1947133592118548
2.1979999999999795,-0.3556068241444462,0.6411513482225545,-1.4251035239112433,-0.3573517025586216,0.6368771774250245,0.001744878414175366,0.6629824163844518,-3.692498868875644,9.187216365392683,12.815228009184173,12.879715234268327,-1.2081771922385194
2.1999999999999793,-0.3543273800828691,0.6382885041496055,-1.4377311306523322,-0.35608358010643043,0.6340612260955693,0.0017562000235613051,0.6605728481815127,-3.7335028651046,9.08199850835037,12.751274717518516,12.815501373454971,-1.2215932646108787
2.201999999999979,-0.35305368692689487,0.6354004615394375,-1.450301978230173,-0.3548211396247726,0.6312202408289277,0.0017674526978777028,0.6581373925194107,-3.774359298626889,8.977187347288657,12.687583479449401,12.751546645915546,-1.2349610476380048
2.203999999999979,-0.35178579495974854,0.6324873344070283,-1.4628155703692263,-0.35356443095704787,0.6283543338623387,0.001778635997299327,0.655676142546294,-3.8150665593332067,8.87278739525567,12.624157186027652,12.687853954588878,-1.2482800145580784
2.2059999999999786,-0.35052375423563364,0.629549237757648,-1.4752714130543043,-0.3523135037202126,0.6254636184176372,0.0017897494845789397,0.6531891923603017,-3.855623043069085,8.768803147532587,12.56099871632357,12.624426190601673,-1.261549640558845
2.2079999999999784,-0.34926761457775723,0.626586287582322,-1.4876690145500648,-0.3510684073028191,0.6225482086967552,0.0018007927250618394,0.650676637006967,-3.896027151697135,8.665239081406595,12.49811093726361,12.56126623310373,-1.274769402797965
2.209999999999978,-0.3480174255763622,0.6235986008532504,-1.5000078854204262,-0.3498291908630647,0.6196082198771833,0.0018117652867024603,0.6481385724766513,-3.9362772931588985,8.562099655945776,12.435496703468374,12.498376949104674,-1.2879387804232654
2.211999999999978,-0.3467732365867695,0.6205862955191884,-1.5122875385478978,-0.3485959033268499,0.6166437681073926,0.0018226667400804142,0.6455750957019442,-3.9763718815365348,8.459389311775457,12.373158857092163,12.435761193311992,-1.301057254592924
2.2139999999999778,-0.34553509672743,0.6175494905007932,-1.5245074891527988,-0.34736859338584547,0.6136549705022172,0.0018334966584154788,0.6429863045551478,-4.016309337114116,8.357112470856567,12.311100227663829,12.373421807970683,-1.3141243084955139
2.2159999999999775,-0.3443030548779856,0.6144883056859277,-1.536667254812401,-0.3461473094955691,0.6106419451381988,0.001844254617583474,0.6403722978456567,-4.056088086438703,8.255273536265424,12.249323631929197,12.311361622704126,-1.3271394273700023
2.2179999999999773,-0.34307715967733865,0.6114028619249257,-1.5487663554799806,-0.34493209987347134,0.6076048110488923,0.0018549401961326928,0.6377331753175293,-4.0957065623810625,8.15387689197555,12.187831873694897,12.249583454356612,-1.3401020985256022
2.219999999999977,-0.3418574595217327,0.6082932810258243,-1.560804313503759,-0.3437230124970311,0.6045436882201324,0.0018655529752983901,0.6350690376468489,-4.1351632041961555,8.05292690264105,12.126627743673621,12.188090106837205,-1.353011811361574
2.221999999999977,-0.34064400256284155,0.6051596857495534,-1.5727806536457634,-0.34252009510186054,0.6014586975852625,0.001876092539018992,0.6323799864392567,-4.174456457583274,7.952427913381795,12.06571401933096,12.126884370965069,-1.365868057386898
2.2239999999999767,-0.3394368367058679,0.602002199805088,-1.5846949031005957,-0.3413233951798199,0.5983499610203252,0.001886558473952027,0.6296661242274659,-4.2135847747458985,7.852384249570473,12.005093464733658,12.065969024316372,-1.378670330239858
2.2259999999999764,-0.3382360096076529,0.5988209478445672,-1.5965465915140855,-0.3401329599771415,0.5952176013392153,0.0018969503694886147,0.6269275544687201,-4.252546614451228,7.752800216621372,11.944768830399386,12.0053468310726,-1.391418125707524
2.227999999999976,-0.33704156867479446,0.5956160554583716,-1.6083352510018665,-0.3389488364925639,0.5920617422887946,0.0019072678177694535,0.624164381542287,-4.291340442089533,7.653680099780859,11.884742853147952,11.945020541870392,-1.4041109417451556
2.229999999999976,-0.335853561061775,0.5923876491701641,-1.6200604161678507,-0.33777107147547597,0.5888825085439696,0.0019175104137009735,0.6213767107470867,-4.329964729732903,7.555028163919901,11.82501825595416,11.884992893652804,-1.4167482784954488
2.231999999999976,-0.33467203366910114,0.5891358564318976,-1.6317216241225923,-0.3365997114240705,0.5856800257027317,0.0019276777549693813,0.6185646482990945,-4.368417956194078,7.456848653328173,11.765597747802026,11.82526660952225,-1.4293296383077558
2.2339999999999756,-0.3334970331414514,0.5858608056187816,-1.6433184145015667,-0.3354348025835082,0.5824544202811606,0.0019377694420568137,0.6157283013289465,-4.406698607084635,7.3591457915101115,11.706484023540602,11.765844398594746,-1.4418545257571442
2.2359999999999753,-0.3323286058658343,0.5825626260242138,-1.6548503294833503,-0.33427639094409145,0.5792058197083907,0.0019477850782571582,0.6128677778795435,-4.444805174873015,7.261923780982804,11.647679763741317,11.70672895585582,-1.454322447663367
2.237999999999975,-0.3311667979697582,0.5792414478546776,-1.6663169138076834,-0.3331245222394484,0.5759343523215406,0.0019577242696902086,0.6099831869034853,-4.4827361589422825,7.165186803075633,11.589187634556819,11.647922962017915,-1.4667329131097637
2.239999999999975,-0.3300116553194096,0.5758974022246007,-1.6777177147934494,-0.33197924194472717,0.5726401473606066,0.001967586625317541,0.6070746382607375,-4.520490065647421,7.0689390177318385,11.531010287581328,11.58942908337926,-1.479085433462006
2.2419999999999747,-0.32886322351784225,0.5725306211511779,-1.68905228235655,-0.33084059527480053,0.5693233349633202,0.0019773717569582794,0.6041422427161836,-4.558065408372429,6.9731845633118885,11.473150359712607,11.531249971684318,-1.491379522386775
2.2439999999999745,-0.3277215479031773,0.5691412375491615,-1.7003201690276637,-0.3297086271824806,0.565984046159968,0.0019870792793033054,0.6011861119371904,-4.595460707587025,6.877927556398772,11.415610473015402,11.473388263985797,-1.5036146958703178
2.2459999999999742,-0.3265866735468133,0.565729385225613,-1.711520929969917,-0.3285833823567443,0.5626224128681786,0.0019967088099309693,0.5982063584912582,-4.6326744909030495,6.783172091605092,11.358393234586444,11.415846582508141,-1.5157904722368893
2.247999999999974,-0.32545864525164636,0.5622951988746191,-1.72265412299645,-0.32746490522096894,0.559238567887671,0.002006259969322577,0.5952030958435337,-4.669705293130655,6.688922241381962,11.301501236421009,11.358627534512618,-1.5279063721671353
2.249999999999974,-0.3243375075503022,0.5588388140719773,-1.7337193085878633,-0.326353239931179,0.5558326448949696,0.002015732380876767,0.5921764383545041,-4.706551656333929,6.595182055829962,11.24493705528095,11.301733712163891,-1.539961918716292
2.2519999999999736,-0.3232233047033778,0.5553603672698417,-1.7447160499095753,-0.32524843037430284,0.5524047784380839,0.0020251256709250542,0.5891265012775575,-4.743212129886369,6.501955562511779,11.188703252564432,11.245167692398148,-1.5519566373323455
2.2539999999999734,-0.32211608069769326,0.5518599957913353,-1.7556439128290704,-0.3241505201664405,0.5489551039311519,0.0020344394687472622,0.5860534007566809,-4.779685270526016,6.409246766266859,11.13280237417704,11.188932036792876,-1.5638900558740352
2.255999999999973,-0.3210158792445568,0.5483378378251305,-1.766502465933031,-0.32305955265114245,0.5454837576490508,0.002043673406585622,0.5829572538239223,-4.815969642410262,6.317059649027745,11.077236950404544,11.133029291438007,-1.5757617046288168
2.257999999999973,-0.319922743778038,0.5447940324199936,-1.7772912805443721,-0.3219755708976985,0.5419908767219717,0.0020528271196605385,0.5798381783972459,-4.852063817170149,6.2253981696386225,11.022009495787234,11.077461986808771,-1.5875711163306012
2.2599999999999727,-0.31883671745325304,0.5412287194792932,-1.7880099307391686,-0.3208986176994386,0.5384765991299609,0.0020619002461855773,0.5766962932779949,-4.8879663739646535,6.134266263675389,10.967122508995619,11.022232637640043,-1.5993178261775136
2.2619999999999725,-0.3177578431446618,0.5376420397554796,-1.798657993363463,-0.3198287355720438,0.5349410636974278,0.002070892427381954,0.5735317181486081,-4.923675899534295,6.043667843267835,10.912578472708006,10.96734374280213,-1.611001371849449
2.2639999999999723,-0.3166861634443748,0.5340341348445277,-1.809235048049974,-0.3187659667518685,0.5313844100876167,0.002079803307493744,0.5703445735702548,-4.959190988254711,5.953606796923651,10.858379853489254,10.912797785178363,-1.62262129352556
2.265999999999972,-0.3156217206604713,0.5304051471803446,-1.8197406772346956,-0.3177103531943438,0.5278067787623598,0.0020886325338725364,0.5671349809804695,-4.994510242189646,5.864086989354297,10.804529101671333,10.858597231543943,-1.6341771339016262
2.267999999999972,-0.3145645568153299,0.5267552200291498,-1.8301744661733754,-0.3166619365783118,0.5242083080160106,0.00209737976298191,0.5639030644006775,-5.029632269433911,5.7751122630125895,10.751028651235986,10.8047445324465,-1.645668437647846
2.2699999999999716,-0.3135147136439693,0.5230844974838182,-1.8405360029578899,-0.3156207583071858,0.520589135563021,0.0021060446632164553,0.5606490963743731,-5.064555538225361,5.686686583882461,10.697880919749775,10.751242122107822,-1.6570947036750476
2.2719999999999714,-0.31247223259239987,0.5193931244581895,-1.8508248785325114,-0.3145868595057196,0.5169494007331065,0.002114626913319706,0.5573734206060017,-5.099278454367252,5.598813965600484,10.645088308264924,10.698092419967736,-1.6684554104635168
2.273999999999971,-0.31143715481598877,0.5156812466813508,-1.8610406867100482,-0.3135602810169341,0.5132892443927284,0.0021231262009453467,0.5540763440250336,-5.133799469219658,5.511498360500734,10.592653201179465,10.645297829720391,-1.6797500513953667
2.275999999999971,-0.3104095211778344,0.5119490106918813,-1.8711830241878846,-0.3125410633991966,0.5096088088687721,0.0021315422213621926,0.550758140060494,-5.168117076471843,5.424743661519484,10.540577966102429,10.592860737991327,-1.6909781336990555
2.2779999999999707,-0.30938937224715285,0.5081965638320662,-1.8812514905639055,-0.311529246923445,0.5059082378757787,0.002139874676292175,0.5474190518342068,-5.202229808995834,5.338553705244771,10.48886495372365,10.540783514240605,-1.7021391774204016
2.2799999999999705,-0.3083767482976773,0.504424054242083,-1.891245688352298,-0.31052487157055125,0.5021876764468964,0.0021481232728739474,0.5440592952048542,-5.2361362358487735,5.2529322748201235,10.437516497688119,10.489068510668897,-1.7132327144422939
2.2819999999999703,-0.3073716893060675,0.5006316308541512,-1.9011652229992442,-0.309527977028814,0.49844727086861096,0.0021562877227465083,0.540679061653405,-5.269834959433746,5.167883102692615,10.386534914474508,10.437718062126361,-1.7242582875562085
2.28399999999997,-0.30637423495033134,0.49681944338665135,-1.9110097028985038,-0.3085386026915755,0.49468716861925166,0.0021643677412441775,0.537278521005506,-5.303324612823399,5.083409873200434,10.335922503277736,10.386734486023833,-1.735215449586966
2.28599999999997,-0.3053844246082589,0.4929876423382178,-1.920778739406866,-0.30755678765495303,0.490907518311243,0.002172363046694159,0.5338578239895257,-5.3366038572475984,4.999516224998618,10.285681545895285,10.336120082246216,-1.746103762571143
2.2879999999999696,-0.30440229735586777,0.4891363789817953,-1.9304719468594949,-0.30658257071567896,0.4871084696370359,0.002180273359811191,0.530417104630116,-5.369671379745389,4.916205753322243,10.235814306617105,10.285877133067633,-1.7569227969892014
2.2899999999999694,-0.30342789196586006,0.4852658053586657,-1.9400889425851606,-0.3056159903690417,0.4832901733186347,0.0021880984031816264,0.5269564824792932,-5.402525890979187,4.833482012089161,10.186323032118805,10.236007903068348,-1.7676721310506747
2.291999999999969,-0.3024612469060921,0.4813760742724486,-1.949629346921337,-0.30465708480692044,0.4794527810606145,0.0021958379008283346,0.5234760646876211,-5.4351661232085196,4.751348515844516,10.137209951358058,10.186514639053035,-1.7783513500315415
2.293999999999969,-0.301502400338056,0.4774673392830677,-1.9590927832291964,-0.3037058919159074,0.4755964455065086,0.0022034915778514352,0.5199759479191899,-5.467590828419843,4.669808741550566,10.088477275473888,10.137399569970409,-1.7889600456626191
2.2959999999999687,-0.30055139011537196,0.47353975470068643,-1.9684788779084792,-0.30276244927551055,0.4717213201984353,0.0022110591601385843,0.5164562201151961,-5.499798776607377,4.588866130226578,10.040127197688888,10.088664906833955,-1.799497815567365
2.2979999999999685,-0.2996082537822955,0.46959347557961956,-1.9777872604122377,-0.30182679415643093,0.46782755953981947,0.002218540374135436,0.5129169621109444,-5.531788754200325,4.508524088443488,9.992161893213861,10.040312842643813,-1.8099642627475268
2.2999999999999683,-0.2986730285722342,0.46562865771221007,-1.9870175632614684,-0.3008989635189088,0.46391531876106096,0.0022259349466746126,0.5093582491124078,-5.563559562630207,4.42878598967919,9.944583519155124,9.992345552309397,-1.8203589951146286
2.301999999999968,-0.2977457514062778,0.46164545762267756,-1.9961694220596218,-0.2999789940111328,0.4599847538879965,0.0022332426048550236,0.505780152038243,-5.59511001703252,4.349655175540552,9.897394214423985,9.944765192573072,-1.8306816250653701
2.303999999999968,-0.2968264588917411,0.45764403256094177,-2.0052424755069813,-0.29906692196770684,0.45603602171299557,0.0022404630759657596,0.502182738733767,-5.626438945076045,4.27113495685841,9.850596099648518,9.897573901934456,-1.8409317690987859
2.3059999999999676,-0.29591518732071864,0.45362454049641304,-2.014236365414932,-0.29816278340816976,0.4520692797685333,0.0022475960874511203,0.4985660750635752,-5.657545185913334,4.193228614662208,9.80419127708733,9.850773800575542,-1.8511090474730074
2.3079999999999674,-0.2950119726686515,0.4495871401117547,-2.023150736720103,-0.2972666140355636,0.44808468630308135,0.0022546413669121135,0.4949302258895907,-5.6884275892454,4.115939401041043,9.758181830545329,9.804366990286443,-1.8612130838993899
2.309999999999967,-0.29411685059290776,0.4455319907966218,-2.0319852374983753,-0.29637844923504525,0.4440824002591595,0.0022615986421374856,0.49127525594139065,-5.7190850144938405,4.039270539897986,9.712569825291272,9.758355554391827,-1.8712435052717549
2.311999999999967,-0.2932298564313741,0.44145925264136454,-2.0407395189787887,-0.29549832407253845,0.4400625812533951,0.00226846764116434,0.4876012305855877,-5.74951633007355,3.9632252276043642,9.667357307977106,9.712741557677914,-1.8811999414285556
2.3139999999999668,-0.29235102520106127,0.43736908643071243,-2.0494132355572985,-0.29462627329342156,0.4360253895584376,0.0022752480923602936,0.48390821650115257,-5.7797204127592705,3.8878066335608716,9.622546306559016,9.667527046320142,-1.891082024945681
2.3159999999999665,-0.2914803915967217,0.4332616536374244,-2.058006044810425,-0.2937623313212484,0.4319709860865843,0.002281939724526727,0.4801962822670225,-5.809696147139434,3.813017900672019,9.57813883021991,9.622714047811453,-1.9008893909578437
2.3179999999999663,-0.29061798998947896,0.4291371164159129,-2.066517607508774,-0.29290653225649843,0.4278995323749739,0.0022885422670194666,0.47646549886894984,-5.839442425150498,3.738862145740571,9.534136869293505,9.578304570891069,-1.9106216770062723
2.319999999999966,-0.28976385442547203,0.4249956375958458,-2.0749475876304238,-0.292058909875354,0.42381119057221306,0.0022950554498819553,0.4727159401314136,-5.8689581456858075,3.66534245978813,9.490542395189848,9.534300605473938,-1.9202785229107842
2.321999999999966,-0.2889180186245106,0.4208373806757161,-2.083295652374192,-0.29121949762850136,0.41970612342630625,0.0023014790039907473,0.46894768308100865,-5.898242214272761,3.5924619083080547,9.447357360322165,9.490704122580816,-1.9298595706641675
2.3239999999999656,-0.28808051597874346,0.4166625098163858,-2.0915614721727795,-0.29038832863995384,0.4155844942737652,0.0023078126612103844,0.46516080824696626,-5.927293542812345,3.5202235314565424,9.404583698035076,9.447517074268887,-1.9393644643470012
2.3259999999999654,-0.2872513795513412,0.41247118983460834,-2.0997447207057722,-0.28956543570589427,0.4114464670297805,0.002314056154553046,0.4613553999044271,-5.9561110493757035,3.4486303441873822,9.362223322534005,9.404741393563086,-1.9487928500610745
2.327999999999965,-0.2864306420751904,0.40826358619652064,-2.107845074912529,-0.28875085129353556,0.4072922061793449,0.0023202092183451373,0.45753154626589954,-5.984693658052045,3.3776853363359542,9.320278128815895,9.362378994388,-1.9581443758796402
2.329999999999965,-0.285618335951601,0.40403986501110856,-2.1158622150049387,-0.2879446075399971,0.40312187676922484,0.0023262715883961005,0.4536893396257451,-6.013040298843293,3.307391472657148,9.27874999260108,9.320431771500441,-1.96741869181291
2.3319999999999648,-0.2848144932490281,0.39980019302365294,-2.123795824480036,-0.28714673625119574,0.3989356444006816,0.0023322430021676666,0.4498288764626066,-6.041149907600252,3.2377516928225365,9.237640770266278,9.278901600422788,-1.9766154497871677
2.3339999999999645,-0.2840191457018052,0.3955447376091449,-2.1316455901325027,-0.28635726890075003,0.39473367522285224,0.0023381231989448303,0.44595025750416806,-6.069021425996243,3.1687689113806323,9.196952298778749,9.237790337376875,-1.9857343036360948
2.3359999999999643,-0.28323232470889137,0.3912736667656765,-2.139411202067034,-0.28557623662889664,0.39051613592670537,0.0023439119200052705,0.4420535877585028,-6.096653801533673,3.100446017685048,9.156686395631517,9.197099819218721,-1.9947749091028921
2.337999999999964,-0.2824540613326324,0.38698714910781207,-2.147092353710567,-0.2848036702414177,0.3862831937394937,0.0023496089087852723,0.4381389765158241,-6.1240459875798505,3.032785875794098,9.116844858779647,9.156831863373949,-2.0037369238519482
2.339999999999964,-0.2816843862975338,0.3826853538599296,-2.1546887418243847,-0.28403960020857844,0.38203501641963067,0.0023552139110446513,0.43420653732438463,-6.151196943428234,2.965791324345693,9.077429466577607,9.116988267773927,-2.012620007488842
2.3419999999999637,-0.2809233299890478,0.37836845084953835,-2.1622000665160948,-0.2832840566640746,0.3777717722519252,0.002360726675026792,0.4302563879437855,-6.178105634381982,2.8994651764107786,9.038441977717625,9.07757081079276,-2.0214238215876104
2.3439999999999634,-0.2801709224523745,0.3740366105005782,-2.169626031251458,-0.2825370694039884,0.37349363004311403,0.0023661469516138567,0.4262886502789023,-6.20477103185634,2.833810219328673,8.999884131169088,9.038581251185013,-2.0301480297242063
2.3459999999999632,-0.2794271933912753,0.36969000382668926,-2.1769663428661015,-0.2817986678857531,0.36920075911763556,0.0023714744944777766,0.422303450297262,-6.231192113497356,2.7688292145269333,8.961757646118887,9.000021328024289,-2.0387922975152617
2.347999999999963,-0.2786921721668997,0.3653288024244594,-2.184220711577093,-0.28106888122712587,0.3648933293135958,0.0023767090602261898,0.41830091793239355,-6.2573678633140775,2.7045248973285014,8.924064221912804,8.961892760642579,-2.047356292661293
2.349999999999963,-0.27796588779662723,0.3609531784666529,-2.191388850994376,-0.2803477382051681,0.36057151097888024,0.0023818504085408865,0.4142811869756313,-6.283297271821969,2.6408999767485533,8.886805537997823,8.924197248570522,-2.0558396849935496
2.3519999999999626,-0.2772483689529214,0.35656330469541203,-2.19847047813208,-0.27963526725523336,0.3562354749673712,0.0023868983023119794,0.41024439495861653,-6.308979336195206,2.577957135283249,8.849983253865453,8.886936471478455,-2.06424214652378
2.3539999999999623,-0.27653964396219727,0.3521593544154353,-2.2054653134196927,-0.2789314964699629,0.35188539263523444,0.002391852507765635,0.4061906830281625,-6.33441306042623,2.5156990286921834,8.813599008995945,8.850112089118413,-2.0725633514963575
2.355999999999962,-0.2758397408037041,0.34774150148713967,-2.212373080713093,-0.2782364535982884,0.3475214358372416,0.0023967127945843103,0.40212019581568725,-6.359597455490271,2.45412828577665,8.777654422803536,8.813725741266921,-2.080802976442046
2.357999999999962,-0.27514868710842033,0.34330992031979474,-2.219193507305455,-0.2775501660444422,0.3431437769231003,0.0024014789360218836,0.39803308130231674,-6.384531539513835,2.3932475081549445,8.742151094582553,8.77777904766878,-2.0889607002330477
2.3599999999999617,-0.2744665101579622,0.33886478586463575,-2.225926323938018,-0.2768726608669747,0.3387525887337668,0.002406150709012511,0.39392949068152294,-6.409214337945247,2.3330592700363972,8.707090603454501,8.742273607981645,-2.097036204138729
2.3619999999999615,-0.27379323688350793,0.33440627360796027,-2.232571264810708,-0.27620396477777925,0.334348044597719,0.002410727894271325,0.3898095782200963,-6.433644883726386,2.2735661179952382,8.672474508316085,8.707211001721625,-2.1050291718817387
2.3639999999999612,-0.27312889386473355,0.3299345595641986,-2.239128067592637,-0.2755441041411249,0.32993031832717057,0.002415210276391355,0.38567350111901266,-6.457822217464153,2.214770570745592,8.638304347788111,8.672592788209744,-2.112939289694038
2.365999999999961,-0.27247350732876374,0.3254498202689632,-2.2455964734324594,-0.2748931049726965,0.32549958421420955,0.002419597643932736,0.3815214193746925,-6.481745387601156,2.1566751189181597,8.604581640165364,8.638420506519315,-2.1207662463726633
2.367999999999961,-0.27182710314913683,0.3209522327720829,-2.2519762269685875,-0.2742509929386428,0.32105601702684916,0.002423889789505973,0.37735349564192155,-6.505413450584237,2.0992822248400493,8.571307883367375,8.604695675424287,-2.128509733334796
2.3699999999999606,-0.27118970684478305,0.31644197463061163,-2.258267076339275,-0.2736177933546328,0.31659979200497723,0.0024280865098497695,0.37316989509877896,-6.528825471030631,2.0425943223178784,8.538484554890072,8.57141979334851,-2.1361694446720514
2.3719999999999604,-0.27056134357901707,0.3119192239018168,-2.2644687731925623,-0.2729935311849204,0.31213108485619695,0.0024321876059033576,0.36897078531432115,-6.551980521890896,1.986613816425007,8.506113111758387,8.538594338315903,-2.1437450772037208
2.37399999999996,-0.26994203815854456,0.3073841591361536,-2.270581072696076,-0.27237823104141734,0.3076500717515494,0.0024361928828727786,0.3647563361198074,-6.574877684607944,1.9313430832936795,8.474194990479765,8.506220767901624,-2.1512363305287145
2.37599999999996,-0.2693318150324834,0.30283695937021426,-2.276603733546696,-0.2717719171827751,0.3031569293211143,0.002440102150291723,0.36052671948323045,-6.597516049272245,1.8767844699118923,8.442731606998514,8.474300519184137,-2.1586429070762847
2.3779999999999597,-0.2687306982913975,0.2982778041196583,-2.282536517980086,-0.27117461351347616,0.29865183464948214,0.002443915222078652,0.35628210938812277,-6.619894714772409,1.822940293925802,8.411724356651103,8.44283500869821,-2.165964512155216
2.3799999999999595,-0.2681387116663465,0.29370687337212914,-2.2883791917800753,-0.270586343582934,0.29413496527109717,0.0024476319165874783,0.35202268171676554,-6.642012788940899,1.769812843447963,8.38117461412234,8.411825632388862,-2.1732008540014256
2.3819999999999593,-0.26755587852794893,0.2891243475801466,-2.294131524287905,-0.2700071305846031,0.28960649916546793,0.0024512520566541407,0.34774861413754454,-6.663869388695139,1.7174043768711202,8.351083733402419,8.38127376556626,-2.1803516438240704
2.383999999999959,-0.26698222188545884,0.28453040765398113,-2.2997932884113386,-0.2694369973550986,0.285066614752246,0.002454775469639736,0.3434600859972683,-6.685463640173322,1.6657171226881973,8.321453047744862,8.35118076286152,-2.1874165958498963
2.385999999999959,-0.26641776438585846,0.2799252349545156,-2.3053642606336227,-0.2688759663733262,0.2805154908861715,0.0024582019874677674,0.3391572782180434,-6.706794678865094,1.6147532793183537,8.29228386962533,8.321547958183448,-2.1943954273659414
2.3879999999999586,-0.2658625283129633,0.2753090112860834,-2.3108442210223124,-0.2683240597596224,0.2759533068518883,0.0024615314466591154,0.3348403731990812,-6.727861649736955,1.5645150149392357,8.2635774907013,8.29237666467619,-2.201287858760495
2.3899999999999584,-0.26531653558654267,0.2706819188892896,-2.316232953237956,-0.2677812992749052,0.27138024235862956,0.0024647636883625146,0.3305095547230401,-6.748663707352722,1.5150044673251015,8.235335181772614,8.263668174677823,-2.2080936135624305
2.391999999999958,-0.2647798077614547,0.26604414043381974,-2.3215302445426316,-0.26724770631983563,0.2667964775347767,0.002467898558380921,0.32616500786734637,-6.769200015988441,1.4662237436913843,8.207558192742868,8.235423759679826,-2.2148124184787585
2.393999999999958,-0.26425236602679486,0.2613958590112267,-2.3267358858083487,-0.266723301933991,0.2622021929222942,0.002470935907196159,0.32180691892012625,-6.7894697497424055,1.418174920545063,8.180247752581705,8.207644670287468,-2.2214440034305394
2.3959999999999577,-0.26373423120505957,0.25673725812770065,-2.3318496715253043,-0.2662081067950489,0.25759756947104373,0.0024738755899893494,0.3174354753005959,-6.809472092640201,1.3708600435409277,8.153405069287839,8.180332136181129,-2.227988101587188
2.3979999999999575,-0.26322542375132457,0.25206852169682836,-2.336871399809995,-0.26570214121798297,0.25298278853298134,0.0024767174666583958,0.31305086548420125,-6.8292062387345105,1.3242811273438697,8.12703132985307,8.15348736607838,-2.2344444493990827
2.3999999999999573,-0.2627259637524369,0.24738983403233053,-2.3418008724131845,-0.2652054251542705,0.24835803185624172,0.0024794614018335825,0.30865327893197403,-6.848671392200385,1.2784401554967628,8.101127700227012,8.127111547697147,-2.240812786628649
2.401999999999957,-0.262235870926222,0.2427013798407837,-2.3466378947277375,-0.26471797819111226,0.24372348157911353,0.002482107264890232,0.30424290602399395,-6.867866767425837,1.2333390802937343,8.075695325282696,8.101205847719571,-2.247092856379965
2.403999999999957,-0.26175516462070547,0.2380033442143321,-2.3513822757962948,-0.26423981955066445,0.23907932022391035,0.0024846549299589737,0.29981993799727125,-6.8867915890977125,1.1889798226590917,8.050735328782949,8.075771411756804,-2.253284405126763
2.4059999999999566,-0.26128386381334934,0.2332959126233786,-2.3560338283188136,-0.26377096808928296,0.23442573069074119,0.002487104275933627,0.2953845668871198,-6.9054450922834505,1.145364272031193,8.02624881334767,8.050809364314643,-2.2593871827391547
2.4079999999999564,-0.2608219871103023,0.22857927090926058,-2.3605923686599675,-0.2633114422967806,0.22976289625118548,0.0024894551864783065,0.290936985472551,-6.923826522508567,1.1024942862514875,8.002236860421805,8.026320808760055,-2.2654009425088946
2.409999999999956,-0.26036955274566576,0.22385360527691756,-2.365057716856388,-0.26286126029569684,0.22509100054187686,0.002491707550031086,0.2864773872252444,-6.941935135829966,1.0603716914584824,7.978700530244181,8.002306827288448,-2.2713254411733246
2.411999999999956,-0.25992657858077384,0.21911910228753756,-2.3694296966237745,-0.26242043984058083,0.22041022755800016,0.0024938612598069954,0.28200596626171226,-6.959770198905707,1.018998281986157,7.9556408618170895,7.978768480891864,-2.277160438938131
2.4139999999999557,-0.259493082103488,0.21437594885119063,-2.373708135363852,-0.26198899831728745,0.21572076164670617,0.002495916213799465,0.2775229172988123,-6.977330989060907,0.978375820266991,7.933058872876686,7.955706809327898,-2.282905699498862
2.4159999999999555,-0.25906908042750687,0.20962433221945348,-2.3778928641711845,-0.26156695274228653,0.2110227875004487,0.002497872314779659,0.27302843561239243,-6.99461679435015,0.9385060367393576,7.91095555986411,7.933122831089507,-2.2885609900612707
2.4179999999999553,-0.2586545902916907,0.20486443997801532,-2.381983717839844,-0.26115431976198605,0.20631649015024778,0.0024997294702953643,0.2685227169985964,-7.0116269136166425,0.8993906297588952,7.889331897897431,7.911017543375538,-2.2941260813606443
2.419999999999955,-0.2582496280594002,0.20009646003927023,-2.3859805348699332,-0.26075111565206827,0.20160205495888334,0.00250148759266805,0.26400595773794855,-7.028360656548374,0.8610312655137458,7.86818884074425,7.88939192206212,-2.2996007476800804
2.421999999999955,-0.257854209717851,0.19532058063490354,-2.389883157473958,-0.2603573563168402,0.19687966761402387,0.0025031465989892032,0.25947835456212065,-7.044817343730855,0.8234295779438812,7.847527320795166,7.868246921674737,-2.30498476686773
2.4239999999999546,-0.25746835087748215,0.19053699030845506,-2.393691431583062,-0.2599730572885976,0.192149514121293,0.0025047064111154427,0.25494010462271444,-7.060996306697679,0.7865871686634867,7.827348249037827,7.847583475361166,-2.310277920353248
2.4259999999999544,-0.25709206677133994,0.1857458779078808,-2.397405206853103,-0.259598233727003,0.18741178079727946,0.0025061669556630806,0.2503914054627092,-7.076896887977666,0.7505056068873985,7.8076525150319025,7.827402494865065,-2.3154799931632084
2.427999999999954,-0.25672537225447667,0.18094743257809534,-2.401024336670593,-0.259232900418478,0.18266665426249204,0.002507528164001349,0.24583245498955364,-7.09251844114025,0.7151864293601919,7.78844098688457,7.807704870500442,-2.320590773935852
2.429999999999954,-0.2563682818033638,0.1761418437535026,-2.404548678158483,-0.2588770717756095,0.1779143214342642,0.002508789972245684,0.24126345145030115,-7.1078603308380925,0.6806311402886145,7.7697145112268515,7.788491471126707,-2.3256100549350034
2.4319999999999538,-0.256020809515321,0.17132930115052167,-2.407978092181806,-0.25853076183657026,0.1731549695196123,0.0025099523212492314,0.236684593408647,-7.122921932847439,0.646841211277116,7.75147391319058,7.769763144124555,-2.3305376320632254
2.4339999999999535,-0.2556829691079594,0.1665099947600947,-2.411312443353169,-0.25819398426455414,0.16838878600804863,0.0025110151565947425,0.23209607972339796,-7.137702634106637,0.6138180812658929,7.733719996386078,7.75152071537253,-2.3353733048743557
2.4359999999999533,-0.2553547739186395,0.16168411484018472,-2.4145516000380964,-0.25786675234722545,0.16361595866435458,0.0025119784285859703,0.22749810952851313,-7.152201832752529,0.5815631564717334,7.716453542880547,7.733764989224262,-2.3401168765853804
2.437999999999953,-0.2550362369039456,0.1568518519082684,-2.4176954343602293,-0.25754907899618285,0.15883667552131467,0.002512842092237233,0.22289088221455877,-7.166418938155148,0.5500778103313388,7.699675313177071,7.716496748486487,-2.344768154087699
2.439999999999953,-0.2547273706391736,0.1520133967338128,-2.420743822206371,-0.25724097674643803,0.15405112487241623,0.002513606107264421,0.21827459741146438,-7.180353370950386,0.5193633834472662,7.683386046194321,7.699716754397652,-2.3493269479578096
2.4419999999999527,-0.2544281873178348,0.14716894033074215,-2.423696643231389,-0.256942457755909,0.14925949526451535,0.0025142704380742287,0.21364945497215793,-7.194004563071584,0.48942118353566855,7.667586459246911,7.683425746607252,-2.3537930724675666
2.4439999999999524,-0.25413869875117434,0.14231867394990078,-2.4265537808629665,-0.25665353380492806,0.14446197549047313,0.0025148350537537167,0.2090156549577289,-7.207371957779003,0.4602524853768122,7.652277248026441,7.667624443155815,-2.3581663455937805
2.445999999999952,-0.2538589163677052,0.13746278907150117,-2.4293151223062,-0.2563742162957645,0.13965875458176338,0.0025152999280593225,0.20437339762315876,-7.220455009688344,0.4318585307672489,7.6374590865830765,7.652313540455593,-2.362446589027488
2.447999999999952,-0.25358885121275687,0.1326014773975623,-2.4319805585480596,-0.2561045162521624,0.13485002180105435,0.0025156650394055347,0.1997228834039273,-7.233253184797824,0.40424052847397984,7.623132627307895,7.6374937132718035,-2.3666336281827878
2.4499999999999518,-0.2533285139480391,0.12773493084434592,-2.434549984361685,-0.25584444431889286,0.130035966634767,0.002515930370853736,0.19506431290381432,-7.245765960513739,0.37739965419088595,7.609298500915749,7.623165614704625,-2.37072729220513
2.4519999999999516,-0.25307791485122155,0.1228633415347777,-2.437023298310545,-0.25559401076132165,0.1252167787856103,0.0025160959101001024,0.19039788688285952,-7.2579928256752995,0.35133705049644526,7.595957316428791,7.609329876171745,-2.37472741397941
2.4539999999999513,-0.25283706381552723,0.11798690179086074,-2.4394004027524407,-0.25535322546499145,0.12039264816509686,0.0025161616494642214,0.18572380624629847,-7.269933280578106,0.326053826813439,7.583109661160609,7.595987107391545,-2.3786338301375904
2.455999999999951,-0.25260597034934273,0.113105804126087,-2.4416812038433577,-0.2551220979352194,0.11556376488603971,0.0025161275858766596,0.1810422720340341,-7.281586836996531,0.3015510593704107,7.570756100700956,7.583137896366941,-2.3824463810659973
2.457999999999951,-0.2523846435758425,0.10822024123783526,-2.4438656115411748,-0.2549006372967093,0.11073031925503184,0.002515993720866805,0.1763534854105453,-7.292953018205356,0.27782979116442696,7.558897178901086,7.570782809369783,-2.386164910912325
2.4599999999999507,-0.2521730922326284,0.10333040599976145,-2.4459535396092167,-0.2546888522931795,0.10589250176491004,0.0025157600605510977,0.1716576476551861,-7.3040313590004144,0.254891031925486,7.547533417859623,7.5589223909259005,-2.3897892675923647
2.4619999999999505,-0.2519713246713854,0.09843649145418877,-2.447944905619658,-0.2544867512870051,0.101050503087204,0.002515426615619709,0.16695496015309796,-7.31482140571818,0.23273575808248292,7.536665317909143,7.547557163800663,-2.393319302796375
2.4639999999999502,-0.25177934885755127,0.09353869080448445,-2.4498396309567783,-0.2542943422588759,0.09620451406457296,0.002514993401324661,0.16224562438632173,-7.325322716254874,0.21136491273040292,7.526293357603128,7.536687628985277,-2.396754871995246
2.46599999999995,-0.25159717237000234,0.08863719740743035,-2.451637640820066,-0.25411163280746946,0.09135472570322951,0.0025144604374671142,0.15752984192511477,-7.335534860084568,0.19077940559887807,7.516417993703718,7.526314265683446,-2.4000958344464385
2.46799999999995,-0.2514248024007545,0.08373220476559383,-2.4533388642271707,-0.25393863014913876,0.08650132916535301,0.0025138277483842675,0.1528078144198588,-7.345457418276618,0.17098011302222105,7.507039661169815,7.516437531298839,-2.4033420531995837
2.4699999999999496,-0.2512622457546789,0.07882390651968633,-2.454943234016704,-0.2537753411176158,0.08164451576149255,0.002513095362936868,0.14807974359292064,-7.355089983512322,0.15196787791060107,7.498158773145883,7.507057861422923,-2.4064933951019416
2.4719999999999493,-0.2511095088492337,0.0739124964409169,-2.4564506868508946,-0.2536217721637299,0.07678447694296121,0.002512263314496166,0.1433458312307181,-7.36443216010119,0.13374350972228655,7.489775720951272,7.4981756698234765,-2.4095497308036524
2.473999999999949,-0.25096659771421037,0.06899816842334644,-2.457861163218086,-0.25347792935514146,0.0719214042942219,0.0025113316409310915,0.13860627917624413,-7.373483563996204,0.11630778443743672,7.481890874070001,7.4897913484336405,-2.4125109347626736
2.475999999999949,-0.2508335179914958,0.06408111647623112,-2.4591746074350853,-0.25334381837609093,0.06705548952526592,0.0025103003845951544,0.1338612893214659,-7.382243822808576,0.09966144453287828,7.474504580141193,7.481905267341454,-2.4153768852496142
2.4779999999999487,-0.25071027493484954,0.05916153471636106,-2.460390967649365,-0.25321944452716294,0.062186924463984536,0.0025091695923133983,0.12911106359980629,-7.390712575822241,0.08380519895778082,7.46761716495001,7.474517774780022,-2.4181474643523937
2.4799999999999485,-0.2505968734096965,0.05423961736040118,-2.461510195841106,-0.25310481272506585,0.05731590104853488,0.0025079393153693563,0.12435580397909707,-7.398889474007271,0.06873972311088927,7.461228932419063,7.4676291971181605,-2.4208225579805873
2.4819999999999482,-0.25049331789293466,0.049315558717221694,-2.4625322478250955,-0.25299992750242645,0.05244261131970031,0.0025066096094917834,0.11959571245427014,-7.406774180032979,0.05446565881862586,7.455340164600438,7.461239838851605,-2.4234020558697105
2.483999999999948,-0.25039961247275855,0.04438955318022513,-2.4634570832524716,-0.25290479300759994,0.047567247413245965,0.002505180534841389,0.11483099104011885,-7.414366368280701,0.04098361431402964,7.44995112166815,7.455349982594731,-2.425885851585329
2.485999999999948,-0.2503157608484977,0.039461795219676105,-2.464284665612315,-0.2528194130044954,0.04269000155227014,0.002503652155997682,0.11006184176444478,-7.421665724855628,0.02829416421718456,7.4450620419111875,7.4499598890728125,-2.428273842526891
2.4879999999999476,-0.2502417663304706,0.03453247937502191,-2.4650149622330915,-0.2527437908724163,0.03781106603955166,0.0025020245419456466,0.10528846666097902,-7.4286719475982865,0.016397849516502028,7.4406731417270695,7.445069797114789,-2.430565929931478
2.4899999999999474,-0.25017763183985425,0.02960180024721037,-2.4656479442839405,-0.2526779296059165,0.03293063324989466,0.002500297766062254,0.10051106776224294,-7.435384746095905,0.005295177550684649,7.436784615615842,7.44067992364659,-2.432762018877432
2.491999999999947,-0.2501233599085684,0.024669952491011473,-2.4661835867758146,-0.25262183181467157,0.028048895622469677,0.0024984719061031946,0.09572984709288157,-7.44180384169251,-0.005013378007603819,7.433396636174654,7.436790463684906,-2.4348620182876655
2.493999999999947,-0.250078952679176,0.019737130807330652,-2.466621868562466,-0.25257549972336524,0.023166045653153444,0.0024965470441892235,0.09094500666255101,-7.447928967499195,-0.014527377167668831,7.430509354092829,7.433401590331526,-2.436865840932975
2.4959999999999467,-0.25004441190479854,0.014803529935520242,-2.466962772341279,-0.2525389351715915,0.01828227588686565,0.0024945232667929473,0.08615674845897558,-7.453759868403769,-0.023246413635578556,7.4281228981474,7.430513454768191,-2.438773403435141
2.4979999999999465,-0.2500197389490465,0.00986934464569568,-2.4672062846539573,-0.25251213961377167,0.01339777890990462,0.0024924006647251695,0.08136527444126074,-7.459296301079551,-0.031170114827659745,7.426237375199201,7.428126186251891,-2.440584626269798
2.4999999999999463,-0.25000493478596597,0.00493476973104423,-2.467352395887051,-0.2524951141190871,0.0085127473422822,0.002490179333121123,0.07657078653288085,-7.4645380339941445,-0.03829814188339942,7.424852870189419,7.426239892110745,-2.4422994337692527
2.501999999999946,-0.25,1.3277946176104325e-13,-2.4674011002723395,-0.252487859371427,0.003627373830056883,0.0024878593714269814,0.07177348661466798,-7.469484847417719,-0.04463018967737309,7.423969446136629,7.424854657740346,-2.443917754125156
2.503999999999946,-0.2500049347859654,-0.004934769730778677,-2.4673523958870565,-0.2524903756693517,-0.0012581489623328243,0.0024854408833862585,0.06697357651821001,-7.474136533430339,-0.05016598682976792,7.423587144134408,7.423970546600571,-2.4454395193908853
2.5059999999999456,-0.25001973894904544,-0.009869344645430144,-2.4672062846539675,-0.25250266292607115,-0.0061436283597357325,0.0024829239770257083,0.06217125801878787,-7.478492895929402,-0.054905295716407565,7.423705983349343,7.423587600212994,-2.446864665483926
2.5079999999999454,-0.250044411904797,-0.01480352993525473,-2.4669627723412946,-0.25252472066943904,-0.011028871683955208,0.0024803087646420585,0.05736673282847704,-7.482553750636367,-0.058847912477675735,7.424325961019585,7.423705838158691,-2.4481931321880515
2.509999999999945,-0.2500789526791739,-0.019737130807065177,-2.4666218685624868,-0.25255654804196187,-0.015913686261415424,0.0024775953627879654,0.052560202589453375,-7.486318925102795,-0.061993667026199795,7.42544705245391,7.424325258076595,-2.4494248631552775
2.511999999999945,-0.25012335990856577,-0.024669952490746046,-2.466183586775841,-0.2525981438008235,-0.020797879430827917,0.002474783892257748,0.04775186886696314,-7.489788258716401,-0.06434242305403881,7.427069211031274,7.425445835662362,-2.45055980590778
2.5139999999999447,-0.2501776318398511,-0.029601800246945,-2.465647944283972,-0.2526495063179252,-0.025681258550856078,0.002471874478074121,0.04294193314244765,-7.492961602706288,-0.06589407803854197,7.429192368200791,7.427067524667746,-2.45159791183961
2.5159999999999445,-0.2502417663304669,-0.034532479374756606,-2.465014962233128,-0.2527106335799408,-0.030563631007779334,0.0024688672494738717,0.03813059680681441,-7.495838820147693,-0.06664856324732504,7.431816433482354,7.429190256900368,-2.452539136218205
2.5179999999999443,-0.25031576084849344,-0.03946179521941088,-2.464284665612357,-0.2527815231883871,-0.03544480422315509,0.0024657623398936512,0.033318061153465806,-7.498419785966515,-0.06660584374234801,7.434941294467567,7.431813942224167,-2.453383438185832
2.519999999999944,-0.2503996124727538,-0.04438955317996,-2.4634570832525187,-0.25286217235971004,-0.04032458566147932,0.0024625598869562615,0.028504527371365107,-7.500704386943271,-0.06576591838310453,7.438566816821348,7.4349384685601665,-2.454130780760865
2.521999999999944,-0.2504933178929294,-0.04931555871695666,-2.462532247825148,-0.2529525779253857,-0.04520278283784482,0.002459260032456334,0.02369019653836446,-7.502692521716327,-0.06412881982843643,7.442692844283921,7.43856370188789,-2.454781130838824
2.5239999999999436,-0.2505968734096906,-0.05423961736013625,-2.4615101958411634,-0.2530527363320369,-0.050079203325597337,0.0024558629223462858,0.018875269614305523,-7.5043841007849785,-0.061694614537797676,7.447319198673359,7.442689486247181,-2.455334459193339
2.5259999999999434,-0.2507102749348432,-0.059161534716096253,-2.4603909676494276,-0.2531626436415649,-0.05495365476398864,0.0024523687067216637,0.014059947433953113,-7.505779046512176,-0.05846340277158024,7.452445679888617,7.447315643740596,-2.4557907404770143
2.527999999999943,-0.2508335179914889,-0.06408111647596644,-2.4591746074351537,-0.25328229553129655,-0.05982594486582717,0.002448777539807656,0.009244430700567463,-7.506877293126068,-0.05443531858980588,7.458072065913079,7.452441974536262,-2.456149953221936
2.529999999999943,-0.25096659771420293,-0.06899816842308192,-2.457861163218159,-0.2534116872941468,-0.06469588142512488,0.002445089579943882,0.004428919978799684,-7.507678786721932,-0.049610529850649066,7.464198112818596,7.458068256871283,-2.456412079840243
2.5319999999999427,-0.2511095088492258,-0.07391249644065252,-2.4564506868509732,-0.2535508138387963,-0.06956327232474135,0.002441304989570514,-0.000386384312145438,-7.5081834852632,-0.0439892382075886,7.470823554770051,7.4641942470556115,-2.4565771066244695
2.5339999999999425,-0.2512622457546705,-0.07882390651942212,-2.4549432340167874,-0.25369966968988433,-0.07442792554402375,0.002437423935213845,-0.005201281905057087,-7.508391358581826,-0.03757167910534509,7.477948104030451,7.470819679476481,-2.456645023747628
2.5359999999999423,-0.25142480240074544,-0.08373220476532978,-2.4533388642272596,-0.25385824898821724,-0.07928964916644278,0.002433446587471799,-0.010015572691607133,-7.508302388378499,-0.030358121775150515,7.485571450966534,7.477944266603348,-2.456615825263267
2.537999999999942,-0.2515971723699928,-0.0886371974071665,-2.451637640820161,-0.2540265454909917,-0.08414825138722408,0.00242937312099889,-0.014829056729278811,-7.507916568222477,-0.02234886922911805,7.493693264054849,7.485567698993359,-2.456489509105376
2.539999999999942,-0.25177934885754116,-0.09353869080422009,-2.449839630956878,-0.2542045525720336,-0.08900354052097557,0.002425203714492452,-0.019641534247766934,-7.507233903550314,-0.013544258253013197,7.502313189888449,7.493689645297301,-2.4562660770879807
2.5419999999999416,-0.25197132467137484,-0.09843649145392531,-2.4479449056197624,-0.2543922632220522,-0.09385532500930935,0.002420938550677376,-0.0244528056560549,-7.506254411664949,-0.003944659398777972,7.511430853184055,7.502309752266171,-2.4559455349047967
2.5439999999999414,-0.2521730922326173,-0.10333040599949818,-2.4459535396093264,-0.25458967004890914,-0.09870341342845865,0.0024165778162918428,-0.02926267154879536,-7.504978121733511,0.006449523024694592,7.521045856789786,7.511427644758205,-2.4555278921285133
2.545999999999941,-0.2523846435758308,-0.10822024123757153,-2.4438656115412902,-0.2547967652779029,-0.10354761449688925,0.002412121702072112,-0.03407093271318207,-7.503405074785232,0.0176378509612638,7.531157781693394,7.521042925746496,-2.455013162210082
2.547999999999941,-0.2526059703493306,-0.11310580412582422,-2.441681203843478,-0.2550135407520687,-0.10838773708290532,0.002407570402738146,-0.03887739013568581,-7.501535323708695,0.029619852618415266,7.541766187031101,7.53115517632711,-2.4544013624778085
2.5499999999999408,-0.2528370638155145,-0.11798690179059819,-2.439400402752566,-0.2552399879324932,-0.11322359021224855,0.0024029241169786775,-0.04368184500842087,-7.49936893324833,0.04239502247948934,7.552870610096962,7.541763955727819,-2.4536925141361827
2.5519999999999405,-0.2530779148512083,-0.1228633415345154,-2.437023298310676,-0.25547609789864456,-0.1180549830756915,0.0023981830474362753,-0.04848409873601689,-7.49690598000088,0.055962821316464684,7.564470566352735,7.552868801317345,-2.4528866422647115
2.5539999999999403,-0.2533285139480254,-0.12773493084408458,-2.4345499843618206,-0.2557218613487178,-0.12288172503662352,0.002393347400692414,-0.053283952942109636,-7.494146552411036,0.07032267620410071,7.576565549438453,7.5644692286151365,-2.451983775816484
2.55599999999994,-0.25358885121274255,-0.13260147739729988,-2.431980558548201,-0.2559772685999951,-0.12770362563863036,0.0023884173872525394,-0.05808120947588069,-7.491090750766722,0.08547398053512811,7.589155031183408,7.5765647313018505,-2.4509839476166047
2.55799999999994,-0.2538589163676904,-0.13746278907123902,-2.4293151223063467,-0.25624230958922123,-0.13252049461306592,0.002383393221530805,-0.06287567041897368,-7.487738687194224,0.10141609403600693,7.6022384616177945,7.589154781230231,-2.4498871943605867
2.5599999999999397,-0.254138698751159,-0.14231867394963962,-2.4265537808631175,-0.25651697387299444,-0.13733214188661613,0.002378275121835416,-0.06766713809149483,-7.484090485651912,0.11814834278476205,7.615815268984978,7.602238828436674,-2.4486935566123154
2.5619999999999394,-0.2544281873178189,-0.14716894033048128,-2.4236966432315454,-0.25680125062817216,-0.14213837758885536,0.0023730633103532517,-0.07245541505895581,-7.480146281924632,0.13567001922877342,7.6298848597542595,7.615816301153405,-2.447403078802154
2.563999999999939,-0.2547273706391573,-0.1520133967335523,-2.420743822206532,-0.2570951286522917,-0.1469390120597937,0.0023677580131344356,-0.07724030413867222,-7.475906223616823,0.1539803822043453,7.644446618634304,7.629886605821168,-2.4460158092247313
2.565999999999939,-0.25503623690392874,-0.15685185190800888,-2.4176954343603954,-0.2573985963640066,-0.15173385585741622,0.0023623594600778453,-0.08202160840626771,-7.471370470145475,0.17307865695710856,7.659499908587165,7.644449127102583,-2.4445318000366068
2.5679999999999388,-0.25535477391862205,-0.16168411483992418,-2.4145516000382687,-0.257711641803537,-0.1565227197652124,0.0023568678849149594,-0.08679913120214611,-7.466539192732584,0.19296403516351646,7.675044070842924,7.6595032278961,-2.4429511072537857
2.5699999999999386,-0.2556829691079414,-0.16650999475983452,-2.411312443353346,-0.2580342526331364,-0.16130541479969684,0.0023512835251949804,-0.091572676138294,-7.461412574397355,0.21363567495320712,7.691078424914934,7.675048249350562,-2.4412737907491824
2.5719999999999383,-0.2560208095153026,-0.1713293011502625,-2.407978092181988,-0.2583664161375722,-0.16608175221791963,0.002345606622269625,-0.09634204710425376,-7.455990809947265,0.2350927009331425,7.707602268615723,7.691083510880407,-2.439499914249675
2.573999999999938,-0.2563682818033448,-0.17614184375324382,-2.40454867815867,-0.25870811922462217,-0.17085154352496695,0.0023398374212773576,-0.10110704827401662,-7.450274105969454,0.25733420421204745,7.724614878073503,7.707608310181501,-2.437629545333303
2.575999999999938,-0.2567253722544572,-0.18094743257783694,-2.4010243366707846,-0.2590593484255851,-0.17561460048145083,0.002333976171127905,-0.10586748411237945,-7.444262680821247,0.2803592424263517,7.7421155077494275,7.724621923247598,-2.4356627554261454
2.5779999999999377,-0.25709206677132,-0.18574587790762348,-2.3974052068533,-0.25942008989580706,-0.18037073511098833,0.002328023124487044,-0.11062315938144351,-7.43795676462031,0.30416683976725345,7.760103390455322,7.742123604387563,-2.4335996197990974
2.5799999999999375,-0.2574683508774616,-0.19053699030819676,-2.3936914315832647,-0.2597903294152224,-0.18511975970766942,0.0023219785377607827,-0.11537387914709463,-7.4313565992342845,0.3287559870087531,7.778577737372267,7.760112586243038,-2.431440217564491
2.5819999999999372,-0.25785420971782996,-0.19532058063464564,-2.389883157474166,-0.26017005238890945,-0.18986148684351323,0.002315842671079482,-0.12011944878579328,-7.4244624382703215,0.3541256415366867,7.797537738069771,7.778588079807008,-2.4291846316726695
2.583999999999937,-0.2582496280593787,-0.20009646003901344,-2.3859805348701455,-0.26055924384766127,-0.19459572937591194,0.002309615788282593,-0.12485967399063735,-7.417274547063513,0.3802747273794127,7.816982560525655,7.797549274442925,-2.4268329489081797
2.585999999999937,-0.2586545902916686,-0.20486443997775894,-2.3819837178400616,-0.2609578884485714,-0.19932230045506333,0.0023032981569027777,-0.12959436077824726,-7.409793202665516,0.4072021352390758,7.836911351146588,7.816995337904592,-2.4243852598860824
2.5879999999999366,-0.25906908042748433,-0.2096243322191982,-2.3778928641714066,-0.26136597047563415,-0.20404101353138948,0.0022968900481498133,-0.1343233154952781,-7.402018693832494,0.4349067225241381,7.857323234789407,7.836925416356632,-2.421841659047994
2.5899999999999364,-0.259493082103465,-0.21437594885093586,-2.3737081353640788,-0.26178347384036005,-0.20875168236294298,0.0022903917368950477,-0.13904634482496636,-7.393951321012637,0.4633873133831905,7.8782173147830745,7.857338634395828,-2.4192022446579955
2.591999999999936,-0.2599265785807502,-0.2191191022872819,-2.3694296966240076,-0.26221038208240566,-0.21345412102279973,0.002283803501655468,-0.14376325579369809,-7.385591396333101,0.49264269873995303,7.8995926729514725,7.878234095073054,-2.4164671187983995
2.593999999999936,-0.26036955274564166,-0.22385360527666298,-2.3650577168566262,-0.26264667837021854,-0.21814814390643755,0.002277125624576881,-0.14847385577811423,-7.376939243587272,0.522671636328778,7.921448369636767,7.89961087991605,-2.4136363873655426
2.5959999999999357,-0.2608219871102777,-0.22857927090900654,-2.3605923686602104,-0.26309234550169674,-0.22283356573910057,0.002270358391419036,-0.15317795251116717,-7.367995198220305,0.5534728507325006,7.94378344372374,7.921468048952805,-2.4107101600651006
2.5979999999999355,-0.26128386381332425,-0.23329591262312502,-2.3560338283190614,-0.26354736590486305,-0.22751020158314975,0.002263502091538805,-0.15787535408929365,-7.358759607315532,0.5850450334203332,7.966596912664642,7.943804640735865,-2.4076885504076126
2.5999999999999353,-0.26175516462067994,-0.23800334421407968,-2.3513822757965466,-0.26401172163855385,-0.23217786684539715,0.002256557017873917,-0.16256586897911518,-7.3492328295797,0.6173868427875142,7.98988777250506,7.966619672367214,-2.404571675703706
2.601999999999935,-0.2622358709261958,-0.24270137984053047,-2.346637894727996,-0.2644853943931227,-0.23683637728442572,0.0022495234669268616,-0.16724930602423882,-7.339415235328179,0.6504969041959603,8.013654997910375,7.989912139524139,-2.4013596570592153
2.603999999999935,-0.2627259637524102,-0.24738983403207784,-2.341800872413448,-0.2649683654911585,-0.24148554901789307,0.0022424017387482897,-0.17192547445247985,-7.329307206469865,0.6843738100158472,8.037897542193104,8.013681016485712,-2.3980526193702825
2.6059999999999346,-0.2632254237512974,-0.25206852169657684,-2.3368713998102626,-0.2654606158882181,-0.2461251985298189,0.002235192136920694,-0.17659418388236325,-7.318909136491053,0.719016119669103,8.062614337341062,8.037925256160156,-2.394650691318095
2.6079999999999344,-0.263734231205032,-0.2567372581274497,-2.331849671525577,-0.26596212617357384,-0.25075514267785654,0.002227894968541866,-0.18125524433053286,-7.308221430439796,0.7544223596732182,8.087804294046286,8.062643790113015,-2.3911540053637563
2.609999999999934,-0.2642523660267667,-0.2613958590109763,-2.3267358858086262,-0.26647287657097496,-0.25537519870054676,0.002220510544208243,-0.18590846621872714,-7.297244504909255,0.7905910236868952,8.113466301734842,8.08783552859615,-2.387562697742886
2.611999999999934,-0.2647798077614262,-0.2660441404335705,-2.321530244542913,-0.26699284693942404,-0.2599851842245545,0.0022130391779978664,-0.19055366038108268,-7.285978788021127,0.8275205725564172,8.139599228597424,8.113499360577544,-2.383876908460171
2.6139999999999337,-0.26531653558651347,-0.27068191888903964,-2.316232953238244,-0.2675220167739678,-0.26458491727188843,0.002205481187454339,-0.19519063807125647,-7.274424719408249,0.8652094343637176,8.166201921620893,8.139634153771967,-2.3800967812837293
2.6159999999999335,-0.26586252831293355,-0.27530901128583407,-2.3108442210226054,-0.268060365206502,-0.2691742162671018,0.00219783689356845,-0.19981921097027033,-7.262582750197616,0.90365600447495,8.193273206620558,8.166238754672566,-2.3762224637395435
2.6179999999999333,-0.2664177643858283,-0.27992523495426747,-2.30536426063392,-0.26860787100659095,-0.27375290004447517,0.002190106620762633,-0.20443919119335519,-7.250453342991941,0.9428586455912438,8.220811888273472,8.193311988583185,-2.3722541071054546
2.619999999999933,-0.26698222188542825,-0.2845304076537336,-2.299793288411641,-0.2691645125823013,-0.27832078785518016,0.002182290696873035,-0.20905039129794645,-7.238036971851876,0.9828156877998735,8.248816750152518,8.220852659651749,-2.3681918664053634
2.621999999999933,-0.2675558785279178,-0.28912434757989974,-2.294131524288212,-0.26973026798105015,-0.28287769937442425,0.0021743894531323638,-0.21365262429130993,-7.225334122277474,1.02352542862692,8.27728655476143,8.248859550904394,-2.3640359004031817
2.6239999999999326,-0.268138711666315,-0.2937068733718835,-2.288379191780386,-0.2703051148904673,-0.28742345470857555,0.0021664032241523468,-0.21824570363829476,-7.212345291189316,1.0649861330912627,8.306220043570773,8.277331424280579,-2.359786371596683
2.6259999999999324,-0.2687306982913653,-0.298277804119412,-2.282536517980404,-0.27088903063927183,-0.2919578744022683,0.002158332347906522,-0.22282944326923815,-7.199070986909375,1.1071960337597604,8.335615937054818,8.306267020669136,-2.3554434462112583
2.627999999999932,-0.26933181503245074,-0.30283695936996863,-2.2766037335470184,-0.2714819921981628,-0.2964807794454872,0.002150177165712086,-0.22740365758832048,-7.185511729141868,1.150153330803371,8.365472934729311,8.335665059945239,-2.351007294193674
2.629999999999932,-0.2699420381585115,-0.30738415913590916,-2.2705810726964026,-0.2720839761807241,-0.30099199128063203,0.0021419380222126305,-0.23196816148120547,-7.171668048953004,1.1938561920552555,8.39578971519034,8.36552424100826,-2.346478089205468
2.6319999999999317,-0.2705613435789834,-0.3119192239015731,-2.264468773192894,-0.27269495884434325,-0.3054913318095603,0.002133615265359823,-0.23652277032376023,-7.157540488751294,1.2383027530694557,8.426564936154001,8.39584324182075,-2.341856008616548
2.6339999999999315,-0.271189706844749,-0.3164419746303686,-2.258267076339611,-0.27331491609114444,-0.3099786234006088,0.002125209246395421,-0.24106729999036158,-7.143129602267177,1.283491117181029,8.457797234497164,8.426620719448206,-2.3371412334985138
2.6359999999999313,-0.27182710314910236,-0.32095223277184115,-2.2519762269689276,-0.27394382346893564,-0.314453688895594,0.0021167203198332873,-0.245601566862514,-7.1284359545322955,1.3294193555676488,8.489485226299198,8.457855310099944,-2.332333948617952
2.637999999999931,-0.2724735073287286,-0.3254498202687209,-2.2455964734328058,-0.27458165617216923,-0.31891635161678916,0.002108148843440627,-0.2501253878374836,-7.1134601218586,1.3760855073123546,8.52162750688473,8.489545629170955,-2.3274343424295854
2.639999999999931,-0.27312889386469796,-0.32993455956395695,-2.239128067592988,-0.27522838904291697,-0.3233664353738801,0.002099495178219002,-0.25463858033762676,-7.0982026918175265,1.423487579467274,8.554222650867342,8.5216902712848,-2.3224426070695117
2.6419999999999306,-0.2737932368834719,-0.33440627360771996,-2.2325712648110634,-0.27588399657185875,-0.3278037644708973,0.002090759688386845,-0.25914096231879835,-7.082664263217968,1.47162354711946,8.587269212194412,8.554287810337428,-2.317358938348017
2.6439999999999304,-0.2744665101579258,-0.33886478586439617,-2.225926323938378,-0.276548452899285,-0.3322281637131255,0.0020819427413591995,-0.26363235228003656,-7.0668454460849865,1.5204913534571975,8.620765724192953,8.587336799542184,-2.31218353574265
2.64599999999993,-0.27514868710838336,-0.34330992031955593,-2.2191935073058198,-0.277221731816113,-0.33663945841398923,0.002073044707729621,-0.2681125692727422,-7.050746861637679,1.570088909838102,8.654710699616514,8.62083577147578,-2.3069166023910026
2.64799999999993,-0.2758397408036668,-0.34774150148690214,-2.212373080713461,-0.2779038067649168,-0.34103747440191495,0.002064065961250028,-0.2725814329103411,-7.034369142267073,1.6204140958583029,8.689102630693117,8.654783238125376,-2.301558345083512
2.6499999999999297,-0.27653964396215924,-0.3521593544151973,-2.205465313420068,-0.2785946508409712,-0.3454220380271687,0.002055006878811938,-0.27703876337787303,-7.0177129315135,1.6714647594231709,8.723939989174406,8.68917769093667,-2.2961089742561
2.6519999999999295,-0.2772483689528829,-0.3565633046951748,-2.1984704781324598,-0.2792942367933085,-0.34979297616866967,0.002045867840425597,-0.2814843814423167,-7.000778884044314,1.7232387168189316,8.759221226385732,8.724017600863245,-2.2905687039829075
2.6539999999999293,-0.2779658877965884,-0.36095317846641706,-2.19138885099476,-0.2800025370257901,-0.3541501162407788,0.0020366492292017147,-0.28591810846203813,-6.983567665630349,1.7757337527864783,8.794944773277503,8.759301418416827,-2.28493775196863
2.655999999999929,-0.2786921721668604,-0.36532880242422433,-2.184220711577481,-0.2807195235981902,-0.35849328620006204,0.0020273514313298158,-0.2903397663975156,-6.966079953123147,1.8289476205956952,8.831109040477548,8.795027573718842,-2.279216339541108
2.657999999999929,-0.27942719339123545,-0.369690003826455,-2.176966342866494,-0.28144516822729426,-0.36282231455202857,0.0020179748360588112,-0.29474917782168664,-6.948316434431442,1.8828780421215345,8.867712418344706,8.831194476552977,-2.273404691643678
2.6599999999999286,-0.2801709224523344,-0.37403661050034526,-2.1696260312518545,-0.28217944228800995,-0.36713703035784323,0.0020085198356755707,-0.2991461659306367,-6.9302778084976255,1.9375227079213646,8.904753277023513,8.86780051641899,-2.267503036827489
2.6619999999999284,-0.280923329989007,-0.37836845084930504,-2.1622000665164975,-0.282922316814492,-0.37143726324101256,0.001998986825484994,-0.3035305545543041,-6.9119647852737005,1.9928792773139277,8.942229966500078,8.904844062587628,-2.2615116072436967
2.663999999999928,-0.2816843862974925,-0.38268535385969704,-2.1546887418247924,-0.28367376250128007,-0.37572284339404577,0.001989376203787585,-0.307902168167983,-6.89337808569768,2.048945378459038,8.980140816659144,8.942323464156718,-2.2554306386357763
2.665999999999928,-0.28245406133259077,-0.3869871491075809,-2.147092353710978,-0.28443374970445023,-0.379993601585088,0.001979688371859467,-0.3122608319029281,-6.874518441668724,2.1057186084397754,9.018484137342359,8.9802370501085,-2.249260370331425
2.6679999999999278,-0.2832323247088493,-0.3912736667654462,-2.13941120206745,-0.2852022484427793,-0.3842493691645268,0.0019699237339300124,-0.3166063715582119,-6.855386596023043,2.163196533345089,9.05725821840766,9.018583129368132,-2.2430010452347213
2.6699999999999275,-0.2840191457017626,-0.3955447376089155,-2.131645590132923,-0.2859792283989224,-0.38848997807157265,0.001960082697159804,-0.32093861361230047,-6.835983302509082,2.2213766883542716,9.096461329790067,9.057359990863354,-2.236652909818075
2.6719999999999273,-0.28481449324898517,-0.39980019302342495,-2.12379582448046,-0.28676465892060404,-0.3927152608408111,0.0019501656716188753,-0.32525738523487036,-6.8163093257627425,2.2802565778228,9.136091721563446,9.096565903585542,-2.230216214114112
2.673999999999927,-0.28561833595155744,-0.4040398650108803,-2.115862215005369,-0.2875585090218215,-0.39692505060872774,0.0019401730702640618,-0.3295625142987859,-6.796365441282045,2.3398336753697375,9.176147624003779,9.136199116651783,-2.223691211707494
2.675999999999927,-0.28643064207514635,-0.4082635861962932,-2.107845074912964,-0.2883607473840619,-0.40111918112020584,0.001930105308915575,-0.3338538293927371,-6.7761524354023415,2.4001054239660746,9.21662724765351,9.176257859368416,-2.2170781597268014
2.6779999999999267,-0.2872513795512968,-0.41247118983438236,-2.0997447207062105,-0.2891713423575319,-0.4052974867349953,0.001919962806235076,-0.3381311598331118,-6.755671105270165,2.4610692360255415,9.257528783387214,9.216740341295706,-2.210377318836068
2.6799999999999264,-0.28808051597869866,-0.41666250981616065,-2.091561472173222,-0.2899902619624002,-0.40945980243415403,0.0019097459837015274,-0.34239433567705646,-6.73492225881797,2.522722493495867,9.298850402478621,9.257644752313837,-2.2035889532265402
2.681999999999926,-0.2889180186244653,-0.4208373806754919,-2.083295652374639,-0.2908174738900531,-0.4136059638264604,0.0018994552655877683,-0.34664318773518144,-6.713906714738086,2.58506254795216,9.340590256668776,9.298969262690246,-2.196713330608213
2.683999999999926,-0.2897638544254264,-0.4249956375956231,-2.074947587630874,-0.29165294550436266,-0.41773580715479747,0.0018890910789362558,-0.35087754758469814,-6.692625302456696,2.6480867206914542,9.382746478235681,9.34071202314815,-2.1897507222013695
2.685999999999926,-0.29061798998943267,-0.42913711641568997,-2.066517607509231,-0.2924966438429677,-0.4218491693025086,0.0018786538535350283,-0.3550972475825551,-6.6710788621074375,2.7117923028290996,9.425317180065086,9.382871164936537,-2.1827014027279916
2.6879999999999256,-0.29148039159667494,-0.4332616536372023,-2.0580060448108863,-0.29334853561856716,-0.4259458877997239,0.0018681440218922263,-0.35930212087921376,-6.649268244505201,2.7761765553961233,9.468300455722783,9.425444799901324,-2.1755656504032492
2.6899999999999253,-0.2923510252010142,-0.4373690864304918,-2.0494132355577634,-0.29420858722022647,-0.43002580082965747,0.0018575620192122777,-0.3634920014317631,-6.627194311118968,2.8412367094390643,9.511694379528066,9.468431020558032,-2.1683437469266598
2.691999999999925,-0.2932298564313266,-0.4414592526411449,-2.0407395189792576,-0.29507676471469624,-0.4340887472348757,0.0018469082833696415,-0.36766672401814127,-6.604857934045279,2.9069699661203554,9.555497006628682,9.511827900165635,-2.1610359774734644
2.693999999999925,-0.2941168505928598,-0.44553199079640304,-2.0319852374988487,-0.2959530338477433,-0.4381345665235363,0.0018361832548834944,-0.3718261242509415,-6.582259995980918,2.973373496821024,9.599706373077073,9.555633492801942,-2.153642630685754
2.6959999999999247,-0.29501197266860324,-0.4495871401115375,-2.023150736720579,-0.2968373600454945,-0.44216309887559707,0.001825387376891252,-0.3759700385917535,-6.55940139019578,3.040444443244426,9.644320495907975,9.599845833440206,-2.146163998663635
2.6979999999999245,-0.2959151873206697,-0.45362454049619577,-2.0142363654154156,-0.2977297084157925,-0.4461741851489967,0.001814521095122812,-0.3800983043652648,-6.536283020505054,3.108179917522162,9.689337373217525,9.644462938027216,-2.138600376956207
2.6999999999999242,-0.29682645889169185,-0.45764403256072594,-2.0052424755074676,-0.2986300437495641,-0.4501676668858039,0.0018035848578722424,-0.38421075977429986,-6.512905801242003,3.176577002320795,9.734754984243564,9.689482803562798,-2.130952064552694
2.701999999999924,-0.2977457514062281,-0.46164545762246273,-1.996169422060112,-0.29953833052220075,-0.45414338631833856,0.0017925791159726367,-0.38830724391382443,-6.489270657229328,3.245632750951277,9.78057128944754,9.734903408180605,-2.123219363873151
2.703999999999924,-0.29867302857218414,-0.4656286577119962,-1.987017563261963,-0.3004545328949513,-0.458101186375262,0.0017815043227671357,-0.3923875967862003,-6.465378523751356,3.315344187479118,9.826784230597696,9.780722711230474,-2.1154025807594223
2.7059999999999236,-0.2996082537822451,-0.4695934755794072,-1.9777872604127353,-0.30137861471632654,-0.46204091068763725,0.0017703609340814497,-0.396451659316039,-6.441230346525501,3.3857083068366105,9.873391730853767,9.826938653362111,-2.1075020244658633
2.7079999999999234,-0.30055139011532117,-0.47353975470047516,-1.9684788779089808,-0.30231053952351644,-0.46596240359496033,0.0017591494081952708,-0.40049927336539337,-6.416827081673669,3.4567220749365974,9.920391694853024,9.873549156610267,-2.0995180076500435
2.709999999999923,-0.30150240033800446,-0.4774673392828564,-1.959092783229705,-0.30325027054381876,-0.46986551015116046,0.0017478702058142948,-0.4045302817487695,-6.392169695693055,3.528382428788249,9.967782008797887,9.920552124481304,-2.0914508463632755
2.711999999999923,-0.3024612469060403,-0.4813760742722388,-1.9496293469218486,-0.3041977706960799,-0.47375007613057174,0.0017365237900395791,-0.4085445282489859,-6.367259165427522,3.6006862766138132,10.015560540544875,9.967945442041335,-2.0833008600412812
2.7139999999999227,-0.3034278919658078,-0.48526580535845687,-1.9400889425856758,-0.3051530025921476,-0.47761594803387286,0.0017251106263397875,-0.41254185763198503,-6.342096478037457,3.673630497968232,10.063725139695064,10.01572697600569,-2.0750683714944254
2.7159999999999225,-0.30440229735581514,-0.4891363789815875,-1.9304719468600144,-0.30611592853833564,-0.48146297309399894,0.001713631182520492,-0.41652211566277053,-6.316682630970421,3.7472119438595275,10.112273637686036,10.063894574829948,-2.0667537068981705
2.7179999999999223,-0.305384424608206,-0.49298764233801157,-1.920778739407388,-0.30708651053689967,-0.48529099928202146,0.0017020859286936973,-0.42048514912095314,-6.291018631931067,3.821427436871362,10.161203847885295,10.112446068802429,-2.058357195783292
2.719999999999922,-0.3063742349502777,-0.4968194433864451,-1.9110097028990327,-0.3080647102875257,-0.4890998753130001,0.0016904753372479764,-0.42443080581637904,-6.265105498850737,3.8962737712874542,10.210513565685146,10.161379270138191,-2.049879171026006
2.721999999999922,-0.30737168930601355,-0.500631630853946,-1.901165222999777,-0.30905048918882927,-0.4928894506518034,0.001678799882815718,-0.42835893460526897,-6.238944259857174,3.9717477132173187,10.260200568599142,10.210691973074493,-2.041319968838135
2.7239999999999216,-0.308376748297623,-0.5044240542418795,-1.8912456883528337,-0.31004380833986706,-0.4966595755189005,0.0016670600422440396,-0.4322693854053812,-6.212535953243026,4.047846000724831,10.310262616359909,10.260381953967856,-2.0326799287568518
2.7259999999999214,-0.30938937224709817,-0.5081965638318637,-1.8812514905644455,-0.3110446285416593,-0.5004101008961223,0.001655256294561147,-0.43616200921226955,-6.185881627434916,4.12456534395757,10.360697451018629,10.310446971392485,-2.023959393634649
2.727999999999921,-0.3104095211777793,-0.51194901069168,-1.8711830241884282,-0.3120529102987241,-0.504140878532394,0.0016433891209448048,-0.44003665811502035,-6.158982340961719,4.2019024252786625,10.411502797045944,10.360884766240382,-2.0151587096290315
2.729999999999921,-0.3114371548159334,-0.515681246681151,-1.8610406867105946,-0.313068613820623,-0.5078517609494377,0.0016314590046895838,-0.44389318531204136,-6.131839162422566,4.279853899400325,10.462676361434418,10.411693061822891,-2.006278226192103
2.7319999999999207,-0.31247223259234386,-0.5193931244579898,-1.8508248785330645,-0.3140916990235179,-0.5115426014474452,0.0016194664311740548,-0.44773144512682084,-6.104453170454418,4.358416393519397,10.514215833802524,10.462869563973815,-1.9973182960600318
2.7339999999999205,-0.3135147136439128,-0.5230844974836195,-1.840536002958447,-0.31512212553173935,-0.5152132541107227,0.0016074118878265375,-0.45155129302403996,-6.076825453699576,4.4375865074544665,10.566118886500169,10.514411961154043,-1.9882792752425091
2.7359999999999203,-0.31456455681527323,-0.5267552200289528,-1.830174466173935,-0.31615985267936597,-0.5188635738133051,0.0015952958640927384,-0.4553525856246843,-6.048957110772,4.51736081378577,10.618383174715783,10.56631792455777,-1.979161523011785
2.73799999999992,-0.31562172066041416,-0.5304051471801488,-1.8197406772352591,-0.31720483951181505,-0.5224934162245423,0.0015831188514008887,-0.4591351807219981,-6.020849250223985,4.597735857996274,10.671006336584885,10.618585108220259,-1.9699654018918424
2.73999999999992,-0.3166861634443173,-0.534034134844333,-1.8092350480505413,-0.3182570447874444,-0.5261026378146568,0.0015708813431270507,-0.4628989372970258,-5.992502990512107,4.678708158614991,10.723985993300355,10.671211149127098,-1.9606912776473393
2.7419999999999196,-0.3177578431446041,-0.5376420397552866,-1.7986579933640328,-0.3193164269791649,-0.5296910958602726,0.0015585838345608116,-0.4666437155338512,-5.963919459962591,4.760274207362597,10.777319749224034,10.724193667325189,-1.9513395192723304
2.7439999999999194,-0.31883671745319464,-0.5412287194791002,-1.788009930739745,-0.32038294427606473,-0.533258648449915,0.0015462268228700893,-0.47036937683484226,-5.935099796736224,4.842430469298823,10.83100519200013,10.777530266035047,-1.9419104989788898
2.745999999999919,-0.31992274377797925,-0.5447940324198018,-1.7772912805449523,-0.3214565545850437,-0.5368051544894838,0.0015338108070644396,-0.4740757838361098,-5.906045148793238,4.925173382971703,10.885039892670022,10.831218531764941,-1.932404592185671
2.747999999999919,-0.3210158792444978,-0.5483378378249404,-1.7665024659336137,-0.32253721553245907,-0.5403304737076979,0.0015213362879612502,-0.4777628004217256,-5.876756673856609,5.008499360569817,10.93942140578867,10.885256034426426,-1.9228221775059826
2.7499999999999187,-0.32211608069763387,-0.5518599957911463,-1.7556439128296568,-0.3236248844657821,-0.543834466661512,0.0015088037681482147,-0.48143029173882823,-5.8472355393758,5.092404788075699,10.994147269542697,10.9396403274515,-1.913163636736018
2.7519999999999185,-0.323223304703318,-0.555360367269654,-1.744716049910165,-0.3247195184552651,-0.5473169947415061,0.0014962137519470842,-0.4850781242119684,-5.81748292248959,5.176886025421832,11.049215005869872,10.994368947911422,-1.9034293548427355
2.7539999999999183,-0.32433750755024227,-0.5588388140717913,-1.7337193085884552,-0.3258210742956196,-0.5507779201772485,0.0014835667453773072,-0.4887061655572218,-5.787500009988164,5.261939406648794,11.10462212058033,11.049439416636957,-1.8936197199515574
2.755999999999918,-0.3254586452515857,-0.5622951988744332,-1.722654122997049,-0.32692950850770486,-0.5542171060426312,0.0014708632561191703,-0.49231428479591965,-5.7572879982745855,5.347561240065779,11.160366103479285,11.104849238340364,-1.8837351233338366
2.757999999999918,-0.3265866735467523,-0.5657293852254283,-1.7115209299705194,-0.3280447773402272,-0.5576344162611796,0.0014581037934748853,-0.49590235226872537,-5.726848093326254,5.4337478084126225,11.216444428491346,11.160595901738876,-1.873775959394309
2.7599999999999176,-0.32772154790311603,-0.5691412375489785,-1.700320169028268,-0.32916683677144987,-0.5610297156113352,0.0014452888683338383,-0.4994702396480406,-5.696181510654416,5.520495369025371,11.272854553786413,11.216676879679786,-1.8637426256579361
2.7619999999999174,-0.32886322351778063,-0.5725306211509962,-1.689052282357158,-0.3302956425109133,-0.5644028697317125,0.001432418993132678,-0.5030178199513484,-5.665289475264216,5.607800154002899,11.32959392190719,11.273089629267115,-1.853635522756903
2.763999999999917,-0.3300116553193476,-0.5758974022244202,-1.6777177147940612,-0.33143115000116596,-0.5677537451263309,0.0014194946818183451,-0.5065449675534648,-5.634173221613388,5.695658370376529,11.386659959898223,11.329831591989917,-1.8434550544171802
2.765999999999917,-0.331166797969696,-0.5792414478544987,-1.6663169138082972,-0.3325733144195056,-0.571082209169821,0.0014065164498096028,-0.5100515581985796,-5.602833993570406,5.784066200281697,11.444050079436543,11.386900193852103,-1.8332016274449043
2.7679999999999167,-0.3323286058657714,-0.5825626260240353,-1.6548503294839707,-0.3337220906797308,-0.5743881301126051,0.0013934848139594003,-0.5135374690115366,-5.571273044371537,5.8730198011323225,11.501761676963952,11.44429284550386,-1.8228756517124103
2.7699999999999165,-0.3334970331413882,-0.5858608056186043,-1.6433184145021908,-0.3348774334339029,-0.5776713770860551,0.0013804002925147385,-0.5170025785094374,-5.539491636577918,5.962515305796814,11.559792133820768,11.502006942374733,-1.8124775401442499
2.7719999999999163,-0.33467203366903775,-0.589135856431722,-1.631721624123218,-0.33603929707411817,-0.5809318201076231,0.001367263405080421,-0.5204467666113342,-5.507491042030427,6.052548822777727,11.618138816381265,11.560039864808154,-1.802007708702517
2.773999999999916,-0.33585356106171127,-0.5923876491699898,-1.62006041616848,-0.3372076357342901,-0.5841693300859511,0.0013540746725788089,-0.5238699146487429,-5.475272541805036,6.143116436392622,11.676799076190665,11.618388978197657,-1.7914665763723046
2.775999999999916,-0.33704156867473034,-0.5956160554581985,-1.608335251002499,-0.33838240329194197,-0.5873837788259547,0.0013408346172116281,-0.527271905374807,-5.442837426166566,6.234214206958125,11.735770250103634,11.677051633124691,-1.780854565146635
2.7779999999999156,-0.3382360096075886,-0.5988209478443958,-1.59654659151472,-0.33956355337000976,-0.5905750390338854,0.0013275437624211683,-0.5306526229730544,-5.410186994521591,6.325838170976266,11.795049660424475,11.736025165497857,-1.7701721000111608
2.7799999999999154,-0.33943683670580294,-0.602002199804917,-1.5846949031012365,-0.34075103933865447,-0.5937429843223672,0.0013142026328515355,-0.5340119530653826,-5.377322555370486,6.41798434132341,11.854634615048735,11.795306896693896,-1.7594196089285046
2.781999999999915,-0.34064400256277627,-0.6051596857493836,-1.572780653646408,-0.3419448143170853,-0.596887489215414,0.001300811754309017,-0.53734978271995,-5.344245426258816,6.510648707441263,11.914522407606558,11.854894133700078,-1.7485975228224664
2.783999999999915,-0.34185745952166724,-0.6082932810256564,-1.5608043135044052,-0.34314483117539213,-0.6000084291534218,0.0012873716537248892,-0.5406660004571551,-5.310956933726792,6.603827235531518,11.97471031760745,11.91478416925831,-1.737706275561528
2.7859999999999148,-0.34307715967727287,-0.611402861924759,-1.5487663554806304,-0.34435104253638843,-0.6031056804981397,0.0012738828591155604,-0.5439604962560933,-5.2774584132586915,6.697515868751965,12.03519561058668,11.974974282010656,-1.7267463039423934
2.7879999999999145,-0.34430305487791957,-0.6144883056857623,-1.5366672548130536,-0.34556340077746367,-0.6061791205376202,0.001260345899544102,-0.547233161559685,-5.243751209230765,6.791710527415749,12.095975538253219,12.035461736646514,-1.7157180476730074
2.7899999999999143,-0.3455350967273637,-0.6175494905006296,-1.524507489153453,-0.346781858032446,-0.609228627491146,0.001246761305082278,-0.5504838892789623,-5.209836674858006,6.886407109193244,12.157047338639172,12.09624378405125,-1.7046219493552048
2.791999999999914,-0.3467732365867025,-0.6205862955190252,-1.5122875385485588,-0.34800636619347425,-0.6122540805141374,0.0012331296067717434,-0.5537125737966822,-5.175716172139906,6.981601489316518,12.218408236250882,12.157317661456425,-1.6934584544670428
2.793999999999914,-0.34801742557629495,-0.6235986008530885,-1.5000078854210903,-0.3492368769128803,-0.6152553597030377,0.0012194513365853532,-0.5569191109703446,-5.141391071805367,7.07728952078618,12.280055442221386,12.218680592591546,-1.682228011344832
2.7959999999999137,-0.3492676145776898,-0.626586287582162,-1.4876690145507303,-0.35047334160508065,-0.6182323461001782,0.0012057270273908571,-0.5601033981334469,-5.106862753255599,7.173467034581701,12.34198615446457,12.2803297878373,-1.6709310711645258
2.7979999999999134,-0.3505237542355659,-0.6295492377574893,-1.4752714130549733,-0.3517157114484779,-0.621184921698623,0.001191957212911987,-0.5632653340967986,-5.072132604506742,7.270129839873573,12.404197557830713,12.342262444380316,-1.6595680879230084
2.7999999999999132,-0.3517857949596805,-0.6324873344068709,-1.462815570369898,-0.3529639373873719,-0.6241129694469935,0.001178142427691431,-0.5664048191483859,-5.037202022130739,7.3672737242387285,12.46668682426366,12.404475746369467,-1.6481395184188283
2.801999999999913,-0.3530536869268267,-0.6354004615392819,-1.4503019782308462,-0.35421797013388046,-0.6270163732542714,0.0011642832070537512,-0.5695217550524063,-5.002072411195254,7.464894453878381,12.529451112959324,12.466966865073635,-1.636645822232567
2.803999999999913,-0.3543273800828003,-0.6382885041494503,-1.4377311306530118,-0.35547776016986965,-0.6298950179945842,0.0011503800870693581,-0.5726160450471456,-4.966745185201935,7.562987773838961,12.592487570525913,12.529732959040896,-1.6250874617067432
2.8059999999999126,-0.35560682414437705,-0.6411513482224007,-1.4251035239119259,-0.3567432577488936,-0.6327487895119696,0.0011364336045165402,-0.575687593842412,-4.931221766024127,7.6615494082351905,12.655793331145384,12.592771174259317,-1.6134649019254632
2.8079999999999123,-0.3568919686012959,-0.6439888807379502,-1.412419656523884,-0.35801441289814384,-0.6355775746251191,0.0011224442968479353,-0.5787363076148448,-4.89550358384215,7.760575060476909,12.71936551673662,12.65607864431906,-1.601778610693323
2.809999999999912,-0.35818276271825417,-0.646800989675174,-1.3996800292262526,-0.35929117542040806,-0.6383812611321042,0.0011084127021538936,-0.5817620940032411,-4.859592077078333,7.860060413497741,12.783201237119876,12.719652490576074,-1.5900290585141912
2.811999999999912,-0.35947915553691034,-0.6495875640168258,-1.386885144957703,-0.36057349489603824,-0.6411597378150816,0.0010943393591278938,-0.5847648621022685,-4.8234886923301445,7.960001129987004,12.847297590182745,12.783489822317149,-1.5782167185693945
2.8139999999999117,-0.36078109587789564,-0.6523484937537225,-1.3740355088383585,-0.3618613206849282,-0.6439128944449788,0.0010802248070325704,-0.5877445224551705,-4.787194884302076,8.060392852624277,12.91165166204761,12.847587736926354,-1.5663420666954864
2.8159999999999115,-0.3620885323428344,-0.6550836698890845,-1.3611316281498544,-0.3631546019285005,-0.6466406217861606,0.0010660695856661295,-0.5907009870452917,-4.750712115736099,8.161231204316937,12.976260527240427,12.911943320053036,-1.5544055813615414
2.8179999999999112,-0.3634014133163743,-0.657792984442843,-1.3481740123152979,-0.3644532875517027,-0.6493428116010755,0.001051874235328376,-0.5936341692869567,-4.714041857341161,8.262511788439856,13.041121248860993,12.976553645781017,-1.5424077436461396
2.819999999999911,-0.3647196869682223,-0.6604763304558977,-1.3351631728791786,-0.36575732626501245,-0.6520193566548832,0.0010376392967901271,-0.5965439840141755,-4.677185587720385,8.364230189078956,13.106230878754616,13.041415776799342,-1.5303490372135893
2.821999999999911,-0.3660433012551918,-0.6631336019943426,-1.32209962348716,-0.3670666665657346,-0.6546701503610929,0.001023365310542812,-0.599430347469216,-4.640144793297738,8.4663819712766,13.171586457685066,13.106526764574339,-1.5182299482899884
2.8239999999999106,-0.36737220392325715,-0.6657646941536473,-1.3089838798658031,-0.36838125672942373,-0.6572950818445534,0.0010090528061665882,-0.6022931949837007,-4.602920985937055,8.568962663585921,13.23718501550262,13.171883649522977,-1.5060509714281152
2.8259999999999104,-0.36870634250961604,-0.6683695030627979,-1.2958164598022124,-0.36970104480977406,-0.6598940401751623,0.0009947023001580235,-0.6051327246845251,-4.5655159465846875,8.671967514840121,13.303023571225314,13.237483461424809,-1.4938126892264305
2.82799999999991,-0.37004566434476227,-0.6709479258884001,-1.2825978831235776,-0.3710259786424471,-0.6624669163365102,0.0009803142976848034,-0.6079491910882608,-4.527931518787228,8.775391704096382,13.369099133211662,13.30332322288361,-1.4815157047746286
2.82999999999991,-0.3713901165545627,-0.6734998608387351,-1.2693286716766772,-0.37235600584877876,-0.6650136031658305,0.000965889294216038,-0.6107428086886211,-4.490169512213691,8.879230434583175,13.435408699372825,13.369399946796864,-1.4691606100876773
2.8319999999999097,-0.3727396460623462,-0.6760252071677809,-1.2560093493072573,-0.3736910738393732,-0.6675339952972199,0.000951427777027003,-0.6135137547733427,-4.4522317054120135,8.98347892984686,13.501949257382709,13.435710635258873,-1.4567479870067819
2.8339999999999095,-0.37409419959099854,-0.6785238651791881,-1.2426404418393593,-0.37503112981758835,-0.670027989107577,0.000936930226589805,-0.6162621721022061,-4.4141198484263615,9.088132431359826,13.568717784885887,13.502252279786187,-1.4442784080548703
2.8359999999999093,-0.3754537236650657,-0.680995736230217,-1.229222477054559,-0.376376120782919,-0.6724954826653219,0.0009223971178533019,-0.6189881714730641,-4.375835665301895,9.193186196238944,13.63571124970419,13.56902186154084,-1.4317524372553492
2.837999999999909,-0.3768181646128648,-0.6834407227356304,-1.215755984671134,-0.3777259935342827,-0.6749363756818719,0.0009078289214178858,-0.6216918341711528,-4.337380856472561,9.298635495079704,13.70292661004138,13.636016351552266,-1.4191706309126038
2.839999999999909,-0.37818746856860436,-0.6858587281715488,-1.2022414963231383,-0.37908069467321437,-0.6773505694658196,0.0008932261046100121,-0.6243732143027141,-4.298757101032625,9.40447560990453,13.770360814686725,13.703232710937154,-1.4065335383545536
2.8419999999999086,-0.3795615814745083,-0.6882496570792571,-1.188679545539435,-0.3804401706069739,-0.6797379668797445,0.0008785891324655792,-0.6270323410127046,-4.259966058892099,9.510701832226008,13.838010803217186,13.770667891118107,-1.3938417026372467
2.8439999999999084,-0.38094044908295205,-0.6906134150689763,-1.175070667722619,-0.38180436755157304,-0.682098472299589,0.0008639184686209944,-0.6296692205912096,-4.221009372820304,9.617309461220383,13.905873506198603,13.838318834040688,-1.3810956612129306
2.845999999999908,-0.38232401695860335,-0.6929499088235881,-1.161415400127885,-0.3831732315347261,-0.6844319915765207,0.0008492145761227476,-0.6322838384690339,-4.18188867037838,9.724293802010823,13.973945845386034,13.906182472389203,-1.3682959465618105
2.847999999999908,-0.3837122304805716,-0.6952590461023198,-1.1477142818418151,-0.3845467083987285,-0.6867384320012044,0.000834477918156884,-0.6348761611062677,-4.14260556574435,9.83165016405708,14.042224733923145,13.974255729801431,-1.3554430867887148
2.8499999999999077,-0.38510503484456354,-0.6975407357443848,-1.133967853761104,-0.3859247438032693,-0.6890177022704032,0.000819708958705756,-0.6374461377761205,-4.103161661433128,9.939373859648875,14.110707076541107,14.042535521082003,-1.342537606185432
2.8519999999999075,-0.38650237506504853,-0.6997948876725846,-1.1201766585711863,-0.387307283228181,-0.6912697124558254,0.0008049081631324451,-0.6399937022479154,-4.063558549915305,10.047460202499726,14.179389769756817,14.111018752415031,-1.32958002575996
2.8539999999999073,-0.38790419597742687,-0.7020214128968596,-1.1063412407248379,-0.38869427197613127,-0.6934943739751372,0.0007900759987043982,-0.6425187743704233,-4.023797815136066,10.155904506439597,14.248269702070868,14.179702321575665,-1.3165708637331228
2.855999999999907,-0.3893104422402093,-0.7042202235178067,-1.0924621464206654,-0.3900856551752614,-0.6956915995650558,0.0007752129350521164,-0.6450212615613369,-3.983881033939808,10.264702084201184,14.31734375416493,14.248583118140992,-1.3035106360043687
2.857999999999907,-0.3907210583372011,-0.7063912327301475,-1.078539923581547,-0.3914813777817743,-0.6978613032564399,0.0007603194445731654,-0.64750106020393,-3.943809777401663,10.373848246298364,14.386608799099237,14.317658023700027,-1.2903998565871562
2.8599999999999066,-0.39213598857969434,-0.7085343548261557,-1.0645751218330017,-0.39288138458247684,-0.7000034003512958,0.0007453960027825057,-0.6499580569553016,-3.903585612070374,10.483338299992937,14.456061702509711,14.386923912063311,-1.277239038015338
2.8619999999999064,-0.3935551771086652,-0.7106495051990398,-1.050568292481495,-0.3942856201972801,-0.7021178074016141,0.0007304430886148627,-0.6523921299689452,-3.8632101011251474,10.59316754834666,14.52569932280508,14.456377649471808,-1.2640286917214547
2.863999999999906,-0.39497856789698155,-0.7127366003462862,-1.0365199884926581,-0.39569402908166,-0.7042044421899565,0.0007154611846784675,-0.6548031500358973,-3.8226848054507725,10.703331289354512,14.595518511364125,14.526016094805284,-1.2507693283883046
2.865999999999906,-0.39640610475161175,-0.7147955578729513,-1.0224307644694823,-0.3971065555290834,-0.7062632237117108,0.0007004507774716617,-0.6571909816458819,-3.782011284632591,10.813824815157847,14.665516112732881,14.595836099790438,-1.2374614582743115
2.8679999999999057,-0.39783773131584527,-0.7168262964949178,-1.008301176630407,-0.3985231436734013,-0.7082940721589347,0.0006854123575560367,-0.6595554839741413,-3.7411910978767424,10.924643411331795,14.735688964822161,14.665834509208537,-1.2241055915144776
2.8699999999999055,-0.3992733910715166,-0.718828736042102,-0.9941317827873665,-0.3999437374912127,-0.7102969089057076,0.0006703464196960995,-0.6618965117953142,-3.7002258048573156,11.035782356245583,14.806033899105191,14.736008161102898,-1.2107022383974217
2.8719999999999053,-0.4007130273412368,-0.7208027974616189,-0.9799231423237678,-0.40136828080420256,-0.7122716564949169,0.0006552534629657436,-0.6642139163286491,-3.6591169664945036,11.14723692049155,14.876547740815571,14.806353886986052,-1.1972519096198915
2.873999999999905,-0.4021565832906307,-0.7227484028209037,-0.9656758161724113,-0.40279671728145533,-0.7142182386263978,0.0006401339908246317,-0.6665075460171663,-3.6178661456665386,11.259002366380287,14.947227309145525,14.876868512046826,-1.1837551165196014
2.875999999999905,-0.4036040019305819,-0.7246654753107892,-0.9513903667933302,-0.40422899044174804,-0.7161365801463584,0.0006249885111661579,-0.6687772472447606,-3.5764749078592386,11.371073947497958,15.018069417444611,14.947548855357198,-1.170212371287692
2.8779999999999046,-0.40505522611948047,-0.7265539392485354,-0.9370673581516095,-0.40566504365582406,-0.7180266070380131,0.0006098175363435931,-0.6710228649926417,-3.5349448217548076,11.483446908324428,15.089070873418727,15.018391730079236,-1.1566241871613174
2.8799999999999044,-0.4065101985654804,-0.7284137200808197,-0.9227073556951051,-0.4071048201486508,-0.7198882464133562,0.0005946215831704182,-0.6732442434403838,-3.4932774597648923,11.596116483906956,15.1602284793296,15.089393943671848,-1.1429910785980144
2.881999999999904,-0.40796886182876074,-0.7302447443866793,-0.908310926332126,-0.4085482630016628,-0.7217214265060083,0.000579401172902061,-0.6754412265128673,-3.4514743985093714,11.709077899588284,15.23153903219479,15.160552298097654,-1.1293135614323315
2.883999999999904,-0.4094311583237935,-0.7320469398804098,-0.8938786384090526,-0.40999531515499293,-0.7235260766650654,0.000564156831199425,-0.6776136583766315,-3.4095372192443745,11.822326370785504,15.302999323988061,15.231863590029878,-1.1155921530158412
2.8859999999999038,-0.4108970303216166,-0.7338202354144184,-0.8794110616879044,-0.4114459194096927,-0.7253021273498917,0.0005488890880760988,-0.6797613838884318,-3.367467508242247,11.935857102816929,15.374606141840388,15.303324611059175,-1.1018273723414684
2.8879999999999035,-0.41236641995211426,-0.7355645609820349,-0.8649087673238295,-0.4129000184299443,-0.72704951012579,0.0005335984778300218,-0.6818842489990562,-3.3252668571266,12.04966529077423,15.446356268241384,15.37493214790083,-1.0880197401530993
2.8899999999999033,-0.4138392692062995,-0.7372798477202722,-0.8503723278425818,-0.41435755474526526,-0.7287681576604909,0.0005182855389657681,-0.6839821011138909,-3.2829368631639775,12.163746119437832,15.518246481241356,15.446682982601809,-1.0741697790410303
2.891999999999903,-0.41531551993860566,-0.7389660279125467,-0.8358023171179015,-0.41581847075270806,-0.7304580037214043,0.0005029508141023986,-0.6860547894145546,-3.240479129516327,12.278094763231792,15.590273554653812,15.518573892748119,-1.0602780135245813
2.893999999999903,-0.4167951138691816,-0.7406230349913517,-0.8211993103488642,-0.4172827087190552,-0.7321189831735759,0.000487594849873596,-0.6881021651427854,-3.197895265455579,12.392706386216737,15.66243425825854,15.590601651672316,-1.0463449701223297
2.8959999999999027,-0.41827799258619236,-0.742250803540885,-0.8065638840371727,-0.4187502107830118,-0.7337510319782956,0.00047221819681941835,-0.6901240818495142,-3.1551868865432526,12.507576142117816,15.734725358005214,15.66276302866107,-1.032371177410896
2.8979999999999024,-0.41976409754812494,-0.7438492692996311,-0.7918966159644023,-0.4202209189573964,-0.7353540871923085,0.0004568214092714462,-0.6921203956113211,-3.1123556147772433,12.622699174385803,15.80714361621758,15.735054789163046,-1.0183571660730129
2.899999999999902,-0.42125337008610086,-0.7454183691628996,-0.7771980851691735,-0.4216947751313315,-0.7369280869675765,0.0004414050452306584,-0.6940909652169296,-3.0694030787084903,12.73807061628844,15.879685791798194,15.80747369499693,-1.0043034689357173
2.901999999999902,-0.42274575140619,-0.7469580411853143,-0.7624688719243187,-0.4231717210724346,-0.7384729705515459,0.00042596966624464105,-0.696035652324746,-3.0263309135286005,12.853685591031116,15.952348640433511,15.880016504559716,-0.990210620999064
2.9039999999999018,-0.4242411825917331,-0.74846822458326,-0.7477095577139559,-0.42465169842901035,-0.7399886782878756,0.0004105158372772477,-0.6979543215951391,-2.983140761131937,12.96953921190311,16.02512891479973,15.952679973035046,-0.9760791594564844
2.9059999999999016,-0.4257396046056676,-0.749948859737282,-0.7329207252105386,-0.4261346487322455,-0.7414751516175832,0.00039504412657787036,-0.6998468407982301,-2.939834270153164,13.085626582448782,16.098023364769034,16.025460852601945,-0.9619096237071058
2.9079999999999013,-0.4272409582928582,-0.7513998881944397,-0.7181029582518511,-0.4276205133984066,-0.742932333080568,0.00037955510554843475,-0.7017130808995335,-2.896413095982464,13.201942796661253,16.171028737616126,16.098355892643717,-0.9477025553607684
2.909999999999901,-0.4287451843824314,-0.7528212526706138,-0.7032568418179654,-0.4291092337310416,-0.7443601663174748,0.0003640493486101737,-0.7035529161250342,-2.852878900760027,13.318482939196842,16.244141778225604,16.17136183995687,-0.9334584982362852
2.911999999999901,-0.43025222349011794,-0.7542128970527694,-0.688382962008129,-0.4306007509231853,-0.7457585960718571,0.0003485274330673471,-0.7053662240082601,-2.8092333533524156,13.435242085608106,16.31735922929942,16.24447543896052,-0.919177998353728
2.9139999999999007,-0.43176201612059373,-0.7555747664011685,-0.6734819060176531,-0.4320950060595705,-0.7471275681926122,0.00033298993897679097,-0.707152885419164,-2.7654781293106443,13.552215302595116,16.39067783156504,16.31769343190576,-0.9048616039207755
2.9159999999999004,-0.4332745026698309,-0.7569068069515414,-0.6585542621147132,-0.43359194011884383,-0.7484670296366479,0.00031743744901291393,-0.7089127845785881,-2.7216149108136505,13.669397648271753,16.464094323983723,16.391012559085404,-0.8905098653142473
2.9179999999999002,-0.4347896234274503,-0.758208966117208,-0.6436006196171307,-0.43509149397578734,-0.7497769284717575,0.0003018705483370243,-0.7106458090583061,-2.677645386597229,13.786784172446422,16.53760544395946,16.46442955904365,-0.8761233350569069
2.9199999999999,-0.4363073185790788,-0.7594811924911539,-0.6286215688691063,-0.43659360840354666,-0.7510572138796682,0.000286289824467878,-0.7123518497685017,-2.6335712518703067,13.904369916915911,16.61120792754799,16.53794116878622,-0.8617025677901012
2.9219999999999,-0.43782752820871,-0.7607234358480601,-0.6136177012179198,-0.43809822407586513,-0.7523078361592392,0.00027069586715511296,-0.7140308009338638,-2.5893942082197,14.022149915770632,16.68489850966637,16.61154412399033,-0.8472481202426456
2.9239999999998996,-0.43935019230107164,-0.7619356471462864,-0.5985896089905668,-0.4396052815693247,-0.7535287467297841,0.00025508926825307254,-0.715682560060193,-2.545115963505224,14.140119195709847,16.75867392430255,16.685235159215072,-0.8327605511965376
2.9259999999998993,-0.4408752507439921,-0.7631177785298062,-0.5835378854704004,-0.4411147213655937,-0.7547198981344914,0.0002394706216016229,-0.7173070278911846,-2.500738231744959,14.258272776366637,16.83253090472555,16.759011008111596,-0.8182404214494664
2.927999999999899,-0.4424026433307754,-0.7642697833300967,-0.5684631248736925,-0.4426264838536816,-0.755881244043924,0.0002238405229061935,-0.7189041083583889,-2.4562627329935,14.376605670640297,16.906466183695517,16.832868403633796,-0.8036882937750048
2.929999999999899,-0.4439323097625775,-0.7653916160679806,-0.5533659223261794,-0.44414050933220073,-0.7570127392595748,0.00020819956962320196,-0.7204737085239488,-2.411691193212907,14.495112885035692,16.980476493674196,16.906804078248598,-0.7891047328804249
2.9319999999998987,-0.445464189650787,-0.7664832324554227,-0.5382468738395673,-0.44565673801163563,-0.7581143397174616,0.00019254836084864335,-0.722015738517779,-2.367025344137997,14.613789420008697,17.0545585670354,16.980814764146693,-0.7744903053626547
2.9339999999998985,-0.44699822251940835,-0.7675445893972765,-0.5231065762880063,-0.44717511001661914,-0.75918600249174,0.000176887497210787,-0.7235301114695372,-2.322266923136318,14.732630270316704,17.128709136275774,17.054897193453023,-0.7598455796624999
2.9359999999998982,-0.4485343478074515,-0.7685756449929881,-0.5079456273845111,-0.44869556538821576,-0.7602276857983231,0.0001612175807642613,-0.7250167434373678,-2.2774176730647717,14.851630425372683,17.202924934225447,17.129048098437455,-0.7451711260177529
2.937999999999898,-0.45007250487131983,-0.7695763585382477,-0.4927646256573891,-0.45021804408621274,-0.7612393489984893,0.0001455392148929091,-0.726475553332147,-2.2324793421217204,14.97078486960358,17.277202694258907,17.2032642117253,-0.7304675164148432
2.939999999999898,-0.45161263298720633,-0.7705466905265981,-0.47756417042659427,-0.4517424859914177,-0.7622209526024648,0.00012985300421136658,-0.727906462840255,-2.1874536836974587,15.090088582810473,17.35153915050573,17.277542266507933,-0.7157353245399238
2.9419999999998976,-0.4531546713534901,-0.7714866026509937,-0.4623448617800719,-0.45326883090796366,-0.7631724582729698,0.00011415955447358073,-0.7293093963439301,-2.142342456222176,15.209536540530932,17.42593103806139,17.351878996753108,-0.7009751257291661
2.9439999999998974,-0.4546985590931363,-0.772396057805313,-0.4471073005500719,-0.4547970185656211,-0.764093828828717,9.845947248482423e-05,-0.7306842808403884,-2.0971474230126583,15.329123714402744,17.500375093197924,17.4262711374154,-0.6861874969186106
2.945999999999897,-0.4562442352561014,-0.7732750200858244,-0.43185208828941224,-0.4563269886221168,-0.7649850282478502,8.275336601537564e-05,-0.7320310458606223,-2.0518703521184736,15.44884507252792,17.57486805357462,17.500715424646394,-0.6713730165938702
2.947999999999897,-0.45779163882173673,-0.7741234547926016,-0.4165798272477561,-0.4578586806654594,-0.7658460216713162,6.704184372269273e-05,-0.7333496233870216,-2.0065130161670663,15.568695579837645,17.649406658448374,17.57520859600471,-0.6565322647394547
2.9499999999998967,-0.45934070870119914,-0.7749413284308952,-0.4012911203478192,-0.4593920342162717,-0.7666767754061599,5.132551507258665e-05,-0.7346399477721979,-1.9610771922098125,15.688670198456068,17.723987648884055,17.64974739066588,-0.6416658227884254
2.9519999999998965,-0.46089138373986216,-0.7757286087124546,-0.3859865711615714,-0.4609269887301292,-0.7674772569287368,3.5604990267057435e-05,-0.7359019556579158,-1.915564661568193,15.808763888063798,17.798607767964498,17.72432854963199,-0.6267742735720755
2.9539999999998963,-0.4624436027197304,-0.7764852645568022,-0.370666783886409,-0.4624634835999049,-0.7682474348878346,1.9880880174516502e-05,-0.7371355858950972,-1.8699772096809448,15.928971606260069,17.873263761000377,17.798948815941014,-0.6118582012699312
2.955999999999896,-0.46399730436185604,-0.7772112660924605,-0.3553323633213063,-0.46400145815812033,-0.7689872791077008,4.153796264283471e-06,-0.7383407794652246,-1.8243166259525623,16.049288308923355,17.947952375739636,17.873604934875917,-0.5969181913601924
2.957999999999896,-0.4655524273287594,-0.7779065846581327,-0.3399839148429218,-0.46554085167930226,-0.7696967605909689,-1.1575649457140624e-05,-0.7395174794035968,-1.7785847036035,16.16970895056994,18.02267036257675,17.94829365417344,-0.581954830570732
2.9599999999998956,-0.4671089102268481,-0.7785711928038318,-0.32462204438172504,-0.4670816033823452,-0.7703758515214805,-2.730684450286125e-05,-0.7406656307236472,-1.7327832395215286,16.290228484710973,18.097414474761404,18.0230117242325,-0.566968706830464
2.9619999999998954,-0.4686666916088425,-0.7792050642919666,-0.309247358398058,-0.46862365243287923,-0.7710245252669987,-4.303917596326645e-05,-0.741785180344363,-1.6869140341159676,16.410841864206162,18.172181468606972,18.09775589832213,-0.5519604092216612
2.963999999999895,-0.470225709976201,-0.7798081740983758,-0.29386046385819775,-0.47016693794564285,-0.7716427563818131,-5.877203055815183e-05,-0.7428760770193882,-1.6409788911736392,16.53154404161554,18.24696810369842,18.172522932789178,-0.5369305279328237
2.965999999999895,-0.47178590378154783,-0.7803804984133171,-0.27846196821039404,-0.4717113989868613,-0.7722305206092283,-7.450479468651405e-05,-0.7439382712687418,-1.5949796177173483,16.652329969548102,18.321771143099706,18.247309587265452,-0.5218796542123773
2.9679999999998947,-0.4733472114311027,-0.7809220146424064,-0.26305247936089304,-0.4732569745766292,-0.7727877948839403,-9.023685447351326e-05,-0.7449717153130732,-1.548918023866855,16.773194601007397,18.396587353560736,18.32211262487425,-0.5068083803231918
2.9699999999998945,-0.4749095712871138,-0.7814327014075104,-0.24763260564992054,-0.47480360369129776,-0.7733145573342962,-0.00010596759581604775,-0.7459763630109875,-1.5027959227028158,16.89413288973379,18.47141350572365,18.396928812436606,-0.49171729949805765
2.9719999999998943,-0.47647292167028876,-0.7819125385475899,-0.23220295582769185,-0.47635122526586665,-0.7738107872844366,-0.00012169640442211138,-0.7469521697982703,-1.456615130132691,17.015139790544076,18.54624637432864,18.471754920676766,-0.4766070058958151
2.973999999999894,-0.47803720086223145,-0.7823615071194964,-0.21676413903036226,-0.4778997781963793,-0.7742764652563208,-0.00013742266585214935,-0.7478990926309154,-1.4103774647602874,17.13621025966695,18.62108273841892,18.546587724427237,-0.46147809455866495
2.975999999999894,-0.4796023471078777,-0.7827795893987192,-0.20131676475598342,-0.47944920134232255,-0.7747115729716353,-0.00015314576555514048,-0.748817089930497,-1.364084747757658,17.257339255075372,18.695919381545178,18.62142400283303,-0.4463311613702549
2.9779999999998936,-0.48116829861793375,-0.7831667688800857,-0.1858614428404415,-0.48099943352902974,-0.7751160933535853,-0.0001688650889040133,-0.74970612153266,-1.3177388027400732,17.378521736815266,18.770753091969336,18.69626053955534,-0.43116680301476573
2.9799999999998934,-0.4827349935713149,-0.7835230302784133,-0.17039878343338638,-0.4825504135500869,-0.7754900105285703,-0.0001845800212280091,-0.7505661486383478,-1.2713414556437037,17.499752667330892,18.845580662867313,18.771094122974596,-0.41598561693688313
2.981999999999893,-0.48430237011758787,-0.7838483595291118,-0.15492939697412642,-0.4841020801697424,-0.7758333098277442,-0.00020028994784548892,-0.7513971337684366,-1.224894534606598,17.621027011785976,18.92039889253128,18.845921546392574,-0.40078820130285464
2.983999999999893,-0.48587036637940995,-0.7841427437887395,-0.13945389416755552,-0.4856543721253193,-0.7761459777884613,-0.00021599425409063455,-0.7521990407203047,-1.1783998698517104,17.7423397383822,18.995204584570896,18.92073960823391,-0.38557515496220407
2.9859999999998927,-0.4874389204549736,-0.7844061714355098,-0.1239728859600262,-0.4872072281296305,-0.7764280021556104,-0.00023169232534309137,-0.7529718345283094,-1.131859293573658,17.863685818673027,19.069994548113744,18.995545112246685,-0.3703470774106783
2.9879999999998925,-0.48900797042044963,-0.7846386320697505,-0.10848698351523477,-0.4887605868733962,-0.776679371882837,-0.000247383547053448,-0.7537154814264044,-1.0852746398276674,17.985060227874644,19.14476559800488,19.07033486770231,-0.35510456875389995
2.9899999999998923,-0.4905774543324321,-0.7848401165143135,-0.09299679819009363,-0.4903143870276635,-0.7769000771336574,-0.00026306730476860496,-0.7544299488138336,-1.038647744421555,18.106457945172824,19.219514555005315,19.14510568959438,-0.3398482296720171
2.991999999999892,-0.4921473102303831,-0.785010616814938,-0.07750294151060033,-0.4918685672462284,-0.7770901092824646,-0.00027874298415470067,-0.7551152052232514,-0.9919804448101224,18.227873954026524,19.294238245989735,19.219854398836645,-0.3245786613851449
2.993999999999892,-0.4937174761390807,-0.7851501262405641,-0.06200602514767812,-0.49342306616805925,-0.7772494609154301,-0.0002944099710214254,-0.7557712202920328,-0.9452745799926641,18.349303242467478,19.36893350414299,19.29457782246014,-0.30929646561981644
2.9959999999998916,-0.4952878900710629,-0.7852586392835987,-0.04650666089305439,-0.4949778224197219,-0.7773781258313018,-0.0003100676513410061,-0.7563979647351311,-0.8985319904121293,18.470740803397053,19.4435971691557,19.36927279380918,-0.2940022445759846
2.9979999999998914,-0.49685849002907667,-0.7853361516601326,-0.03100546063509077,-0.4965327746178061,-0.7774760990421012,-0.00032571541127057735,-0.7569954103213548,-0.8517545178575625,18.59218163487889,19.518226087418665,19.443936152736452,-0.27869660089508963
2.999999999999891,-0.498429214008525,-0.7853826603101097,-0.015503036334631124,-0.4980878613713535,-0.7775433767737233,-0.0003413526371714992,-0.7575635298515749,-0.804944005368527,18.713620740428436,19.59281711221621,19.51856474579696,-0.2633801376287783
3.001999999999891,-0.4999999999999146,-0.7853981633974483,-8.424395939002933e-13,-0.4996430212842864,-0.7775799564664383,-0.00035697871562823114,-0.7581022971391856,-0.7581022971417604,18.835053129299226,19.66736710391844,19.593155426440987,-0.24805345820835223
3.0039999999998908,-0.5015707859913039,-0.7853826603101131,0.015503036332941898,-0.501198192957837,-0.777585836775302,-0.00037259303346692807,-0.7586116869928774,-0.7112312384401511,18.956473816765662,19.74187293017212,19.667705055205815,-0.23271716641497422
3.0059999999998905,-0.5031415099707521,-0.7853361516601393,0.03100546063340164,-0.5027533149929779,-0.7775610175704731,-0.0003881949777742033,-0.7590916752015792,-0.6643326755038138,19.077877824402556,19.816331466090567,19.74221049990637,-0.217371866350565
3.0079999999998903,-0.5047121099287659,-0.7852586392836088,0.04650666089136543,-0.5043083259928528,-0.7775054999374421,-0.0004037839359131157,-0.7595422385209205,-0.6174084554628182,19.199260180361815,19.890739594442152,19.816668635824634,-0.20201816240923712
3.00999999999989,-0.5062825238607482,-0.7851501262405777,0.06200602514598939,-0.5058631645652072,-0.7774192861771742,-0.0004193592955410441,-0.7599633546621403,-0.570460426252234,19.320615919645665,19.96509420583757,19.891076345897897,-0.1866566592494873
3.01199999999989,-0.5078526897694459,-0.7850106168149549,0.0775029415089119,-0.5074177693248195,-0.777302379806167,-0.00043492044462634105,-0.7603550022823421,-0.5234904365285952,19.44194008437707,20.039392198915724,19.965430520905663,-0.1712879617668548
3.0139999999998897,-0.5094225456673973,-0.7848401165143337,0.09299679818840993,-0.5089720788959324,-0.7771547855564278,-0.0004504667714648747,-0.7607171609767616,-0.47650033558837124,19.56322772406694,20.113630480528396,20.039728059655314,-0.15591267506723566
3.0159999999998894,-0.5109920295793794,-0.7846386320697741,0.10848698351354713,-0.5105260319146832,-0.77697650937537,-0.00046599766469623827,-0.7610498112722437,-0.4294919732876723,19.684473895878792,20.187805965923424,20.113965869166464,-0.14053140444059942
3.017999999999889,-0.5125610795448555,-0.7844061714355369,0.12397288595833908,-0.5120795670315345,-0.7767675584256332,-0.0004815125133210696,-0.7613529346227739,-0.38246719996395784,19.805673664889984,20.261915578926537,20.188140864853942,-0.12514475533536354
3.019999999999889,-0.5141296336204192,-0.7841427437887699,0.13945389416586895,-0.5136326229137042,-0.7765279410848281,-0.0004970107067150398,-0.7616265134054006,-0.33542786635828303,19.926822104351125,20.33595625212167,20.26224997070941,-0.10975333333294213
3.0219999999998888,-0.5156976298822413,-0.7838483595291456,0.15492939697244051,-0.5151851382475946,-0.7762576669452089,-0.0005124916346467279,-0.7618705309184665,-0.28837582353974794,20.047914295941712,20.409924927029913,20.33629011948146,-0.09435774412301728
3.0239999999998886,-0.5172650064285144,-0.7835230302784504,0.17039878343170117,-0.5167370517412212,-0.7759567468132732,-0.000527954687293164,-0.7620849713804271,-0.2413129228306149,20.168945330023842,20.483818554286938,20.410258252854458,-0.07895859347902706
3.0259999999998883,-0.518831701381896,-0.7831667688801262,0.1858614428387614,-0.5182883021266398,-0.775625192709296,-0.0005433992552562605,-0.7622698199299406,-0.19424101573271332,20.289910305893024,20.557634093818823,20.48415132162574,-0.06355648723407623
3.027999999999888,-0.5203976528919517,-0.782779589398763,0.20131676475429977,-0.5198388281623734,-0.7752630178667944,-0.0005588247295783555,-0.7624250626267981,-0.1471619538547299,20.410804332026636,20.631368515016376,20.557966285881367,-0.048152031257136796
3.029999999999888,-0.5219627991375981,-0.7823615071195436,0.21676413902867953,-0.5213885686358373,-0.7748702367319291,-0.000574230501760864,-0.7625506864542485,-0.10007758884085396,20.531622526329482,20.705018796907957,20.631700115170336,-0.032745831429691674
3.0319999999998877,-0.5235270783295408,-0.7819125385476405,0.23220295582601008,-0.522937462365763,-0.7744468649628415,-0.0005896159637778231,-0.7626466793212205,-0.05298977229948759,20.652360016377777,20.77858192833048,20.705349788677264,-0.017338493622399753
3.0339999999998875,-0.5250904287127159,-0.7814327014075644,0.2476326056482398,-0.5244854482046208,-0.7739929194289308,-0.0006049805080950987,-0.762713030066325,-0.005900355733644755,20.773011939659696,20.85205490809901,20.77891229539334,-0.001930623672314058
3.0359999999998872,-0.5266527885687271,-0.7809220146424637,0.26305247935921344,-0.526032465041041,-0.7735084182100695,-0.0006203235276861507,-0.7627497284618003,0.04118880952860644,20.89357344381447,20.92543474517451,20.852384634285865,0.01347717263988607
3.037999999999887,-0.5282140962182825,-0.7803804984133776,0.27846196820871993,-0.5275784518022325,-0.7729933805957628,-0.0006356444160500185,-0.7627567652184393,0.08827587240268495,21.014039686868617,20.998718458829998,20.92576381446593,0.028884289612329805
3.039999999999887,-0.5297742900236291,-0.7798081740984398,0.2938604638565205,-0.529123347456401,-0.7724478270842495,-0.0006509425672280855,-0.7627341319907062,0.1353589821157878,21.13440583747033,21.071903078814955,20.999046855354543,0.044290121644307845
3.0419999999998866,-0.5313333083909877,-0.779205064292034,0.30924735839638207,-0.5306670910151641,-0.7718717793815488,-0.000666217375823619,-0.7626818213829251,0.1824362882741348,21.254667075121137,21.144985645517988,21.072230786847,0.05969406325828264
3.0439999999998864,-0.5328910897729822,-0.7785711928039026,0.3246220443800505,-0.532209621535965,-0.7712652604004525,-0.000681468237017202,-0.7625998269548685,0.2295059409306203,21.37481859040619,21.21796321012772,21.145312649475567,0.07509550912203178
3.045999999999886,-0.5344475726710711,-0.7779065846582067,0.3399839148412487,-0.5337508781244839,-0.7706282942594648,-0.0006966945465872731,-0.7624881432286619,0.27656609065122856,21.494855585221554,21.290832834791882,21.218289494570325,0.09049385407038679
3.047999999999886,-0.5360026956379746,-0.777211266092538,0.35533236331963464,-0.5352907999370472,-0.7699609062816896,-0.0007118957009274451,-0.7623467656953244,0.32361488858169757,21.614773272999987,21.363591592774622,21.29115838441829,0.10588849312705234
3.0499999999998857,-0.5375563972801009,-0.7764852645568827,0.3706667838847433,-0.5368293261830346,-0.7692631229936688,-0.0007270710970662675,-0.7621756908218811,0.37065048651355,21.73456687893427,21.436236568611864,21.36391639242072,0.12127882152621927
3.0519999999998855,-0.5391086162599688,-0.7757286087125388,0.3859865711599029,-0.5383663961272829,-0.7685349721241698,-0.0007422201326858779,-0.7619749160583449,0.4176710369501844,21.85423164019872,21.508764858265046,21.436560603248534,0.1366642347341967
3.0539999999998853,-0.540659291298632,-0.7749413284309827,0.40129112034615244,-0.5399019490924887,-0.7677764826029249,-0.0007573422061433188,-0.7617444398454478,0.4646746931722294,21.973762806168267,21.58117356927257,21.50908811299604,0.1520441284708014
3.055999999999885,-0.5422083611780946,-0.7741234547926924,0.4165798272460911,-0.5414359244616074,-0.7669876845593228,-0.0007724367164871904,-0.7614842616212767,0.5116596093037635,22.093155638636162,21.653459820899712,21.5814960293324,0.1674178987310334
3.057999999999885,-0.5437557647437301,-0.7732750200859184,0.4318520882877491,-0.5429682616802495,-0.7661686093210538,-0.0007875030634806324,-0.7611943818291724,0.5586239403773587,22.212405412029025,21.7256207442865,21.653781471651666,0.18278494180636373
3.0599999999998846,-0.5453014409066954,-0.7723960578054104,0.44710730054841064,-0.5444989002590749,-0.7653192894127077,-0.000802540647620531,-0.7608748019250435,0.6055658423995594,22.33150741362017,21.797653482593454,21.72594157122061,0.19814465430616457
3.0619999999998844,-0.5468453286463418,-0.7714866026510945,0.4623448617784125,-0.5460277797761836,-0.7644397585543268,-0.00081754887015828,-0.7605255243846037,0.6524834724163514,22.45045694374091,21.869555191145555,21.79797347132456,0.21349643317913847
3.063999999999884,-0.5483873670126257,-0.7705466905267021,0.477564170424937,-0.5475548398795034,-0.7635300516599144,-0.0008325271331223183,-0.7601465527109404,0.6993749885782939,22.569249315989723,21.94132303757419,21.869874327411427,0.22883967573463476
3.065999999999884,-0.5499274951285125,-0.7695763585383552,0.49276462565573387,-0.5490800202891751,-0.7625902048358981,-0.0008474748393373366,-0.7597378914414608,0.7462385502060598,22.687879857439746,22.012954201956983,21.941641307233688,0.2441737796640997
3.0679999999998837,-0.5514656521923811,-0.7685756449930988,0.507945627382858,-0.5506032607999343,-0.7616202553795495,-0.0008623913924468152,-0.7592995461550672,0.7930723178557874,22.806343908844067,22.08444587695564,22.01327159098828,0.25949814306246566
3.0699999999998835,-0.5530017774804243,-0.7675445893973906,0.5231065762863554,-0.552124501283489,-0.7606202417773601,-0.0008772761969353393,-0.7588315234791978,0.8398744533844131,22.924636824838924,22.155795267951746,22.08476237145451,0.2748121644495334
3.0719999999998833,-0.5545358103490464,-0.7664832324555396,0.5382468738379229,-0.5536436816908957,-0.7595902037033754,-0.0008921286581506926,-0.7583338310967165,0.8866431200150657,23.04275397414498,22.22699959318058,22.156110854129913,0.29011524279137557
3.073999999999883,-0.5560676902372557,-0.7653916160681011,0.5533659223245333,-0.5551607420549307,-0.7585301820174845,-0.0009069481823249514,-0.7578064777522693,0.9333764824029165,23.16069073976707,22.29805608386253,22.227314257364153,0.3054067775218854
3.075999999999883,-0.5575973566690581,-0.7642697833302206,0.5684631248720488,-0.556675622492458,-0.7574402187636686,-0.0009217341766000198,-0.7572494732592113,0.9800727067003835,23.278442519190826,22.368961984332838,22.298369812490442,0.3206861685641199
3.0779999999998826,-0.5591247492558415,-0.7631177785299333,0.5835378854687591,-0.5581882632067945,-0.7563203571682066,-0.0009364860490470583,-0.7566628285052914,1.0267299606233835,23.396004724578823,22.43971455216883,22.36927476395544,0.33595281635198015
3.0799999999998824,-0.5606498076987624,-0.7619356471464168,0.598589608988928,-0.5596986044900701,-0.7551706416378388,-0.0009512032086922417,-0.7560465554591851,1.0733464135167385,23.513372782963195,22.51031105831523,22.440026369446457,0.3512061218516187
3.081999999999882,-0.5621724717911242,-0.7607234358481938,0.6136177012162836,-0.5612065867255859,-0.7539911177578896,-0.0009658850655382967,-0.7554006671759503,1.1199202364205003,23.630542136437416,22.580748787207167,22.510621900016915,0.3664454865831448
3.083999999999882,-0.5636926814207561,-0.7594811924912905,0.628621568867477,-0.5627121503901665,-0.7527818322903477,-0.0009805310305895931,-0.754725177802885,1.1664496021357693,23.747508242345134,22.651025036891184,22.581058640209363,0.38167031264216655
3.0859999999998817,-0.5652103765723844,-0.7582089661173482,0.6436006196154997,-0.5642152360565104,-0.7515428331719046,-0.0009951405158740156,-0.754020102584597,1.2129326852911846,23.864266573467752,22.721137119143897,22.651333888176566,0.3968800027215489
3.0879999999998815,-0.5667254973300042,-0.756906806951685,0.6585542621130852,-0.5657157843955343,-0.7502741695119534,-0.0010097129344699418,-0.7532854578685748,1.259367662408857,23.980812618209114,22.791082359588458,22.72144495580026,0.4120739601329927
3.0899999999998813,-0.5682379838792416,-0.7555747664013153,0.673481906016028,-0.5672137361787154,-0.7489758915905437,-0.0010242477005262263,-0.7525212611094216,1.3057527119713794,24.097141880779006,22.860858097808915,22.791389168807626,0.42725158882896674
3.091999999999881,-0.5697477765097178,-0.7542128970529194,0.6883829620065068,-0.568709032280428,-0.7476480508562978,-0.0010387442292897342,-0.7517275308740141,1.352086014487954,24.213249881373713,22.93046168746225,22.861163866885757,0.44241229342434496
3.093999999999881,-0.5712548156174045,-0.752821252670767,0.7032568418163462,-0.5702016136802766,-0.7462906999242837,-0.00105320193712799,-0.7509042868455504,1.398365752561405,24.329132156355122,22.999890496388183,22.93076640379372,0.45755547921834083
3.0959999999998806,-0.5727590417069786,-0.7513998881945958,0.7181029582502392,-0.5716914214654243,-0.744903892573848,-0.001067620241554268,-0.7500515498278748,1.4445901109548243,24.444784258427244,23.069141906716656,23.00019414747242,0.47268055221631666
3.0979999999998804,-0.574260395394169,-0.7499488597374417,0.7329207252089255,-0.573178396832917,-0.7434876837464075,-0.0010819985612519067,-0.7491693417491212,1.4907572766587438,24.56020175681098,23.138213314973285,23.069444480152235,0.48778691915176753
3.09999999999988,-0.5757588174081038,-0.7484682245834229,0.7477095577123462,-0.5746624810920035,-0.7420421295431984,-0.0010963363161002881,-0.7482576856657681,1.5368654389578482,24.675380237416196,23.207102132182126,23.13851479845835,0.502873987508151
3.10199999999988,-0.5772542485936473,-0.7469580411854805,0.762468871922712,-0.5761436156664494,-0.7405672872229857,-0.0011106329271978188,-0.7473166057655658,1.5829127894985122,24.79031530301223,23.2758057839666,23.207402513513717,0.5179411655409947
3.1039999999998797,-0.5787466299137367,-0.745418369163069,0.7771980851675703,-0.5776217420968489,-0.7390632151997311,-0.0011248878168877985,-0.7463461273709384,1.628897522355908,24.90500257339592,23.344321710647787,23.276105051040012,0.5329878622998524
3.1059999999998795,-0.580235902451713,-0.7438492692998037,0.7918966159628024,-0.5790968020429293,-0.7375299730402178,-0.001139100408783622,-0.7453462769419117,1.6748178341013324,25.019437685557264,23.412647367340508,23.34461985145593,0.548013487650341
3.1079999999998793,-0.5817220074136463,-0.7422508035410604,0.8065638840355805,-0.5805687372858527,-0.7359676214616367,-0.0011532701277936486,-0.7443170820788199,1.7206719238696544,25.133616293842994,23.48078022404716,23.41294436997334,0.5630174522962125
3.109999999999879,-0.583204886130657,-0.7406230349915307,0.8211993103472712,-0.582037489730511,-0.7343762223291286,-0.0011673964001460702,-0.7432585715246487,1.766457993426959,25.247534070118146,23.548717765749153,23.48107607669119,0.57799916780149
3.111999999999879,-0.5846844800612333,-0.7389660279127289,0.8358023171163121,-0.5835030014078175,-0.7327558386532862,-0.0011814786534157795,-0.7421707751676914,1.8121742472377982,25.361186703924766,23.616457492495925,23.549012456686967,0.5929580466124761
3.1139999999998786,-0.5861607307935398,-0.7372798477204575,0.850372327840996,-0.5849652144769928,-0.7311065345876144,-0.0011955163165470184,-0.7410537240430919,1.8578188925332457,25.474569902638997,23.683996919491907,23.61675101010575,0.6078935020800287
3.1159999999998784,-0.5876335800477255,-0.7355645609822234,0.8649087673222475,-0.5864240712278447,-0.7294283754259487,-0.0012095088198808002,-0.7399074503350791,1.903390139378307,25.587679391625553,23.751333577180645,23.684289252247247,0.6228049484816112
3.117999999999878,-0.5891029696782235,-0.7338202354146102,0.8794110616863261,-0.5878795140830444,-0.7277214275998316,-0.0012234555951791126,-0.738731987378465,1.9488862007397232,25.700510914389636,23.818465011327216,23.751624713649914,0.6376918010434981
3.119999999999878,-0.5905688416760474,-0.7320469398806041,0.8938786384074823,-0.589331485600396,-0.7259857586758474,-0.0012373560756513413,-0.7375273696601996,1.9943052925537386,25.81306023272718,23.885388783097554,23.81875494017344,0.6525534759629305
3.1219999999998778,-0.5920311381710801,-0.7302447443868773,0.9083109263305553,-0.5907799284751019,-0.7242214373529161,-0.0012512096959782504,-0.7362936328206153,2.0396456337938123,25.92532312687196,23.952102469136086,23.88567749307815,0.6673893904302977
3.1239999999998775,-0.5934898014343609,-0.7284137200810209,0.9227073556935383,-0.592224785542021,-0.7224285334595442,-0.0012650158923399601,-0.735030813654729,2.084905446538335,26.0372953956409,24.01860366164051,23.952389949102564,0.6821989626512817
3.1259999999998773,-0.5949447738803612,-0.7265539392487397,0.9370673581500466,-0.593665999777923,-0.7206071179510334,-0.0012787741024381516,-0.7337389501127838,2.1300829560387196,26.14897285657704,24.08488996843446,24.01888990053832,0.6969816118691459
3.127999999999877,-0.5963959980692601,-0.7246654753109966,0.9513903667917717,-0.5951035143037363,-0.7187572629066488,-0.001292483765523822,-0.7324180813014838,2.175176390786769,26.26035134608959,24.150959013037657,24.08517495530282,0.7117367583867843
3.129999999999877,-0.5978434167092118,-0.7227484028211142,0.9656758161708568,-0.5965372723867898,-0.7168790415267429,-0.0013061443224220426,-0.731068247484358,2.220183982582702,26.371426719592122,24.216808434733778,24.15124273700942,0.7264638235889779
3.1319999999998767,-0.5992869726586065,-0.720802797461832,0.9799231423222216,-0.5979672174430495,-0.7149725281298398,-0.0013197552155570502,-0.7296894900823578,2.2651039666027644,26.48219485163809,24.282435888635888,24.217090885035326,0.7411622299645236
3.1339999999998764,-0.6007266089283267,-0.7188287360423185,0.9941317827858204,-0.5993932930393489,-0.7130377981496752,-0.0013333158889778929,-0.7282818516740868,2.3099345814670142,26.592651636054097,24.34783904574951,24.28271705458708,0.7558314011284172
3.135999999999876,-0.6021622686839985,-0.7168262964951376,1.0083011766288652,-0.6008154428956133,-0.7110749281321956,-0.0013468257883851864,-0.7268453759963656,2.3546740693066632,26.702792986070282,24.413015593033244,24.348118916763617,0.7704707618438902
3.137999999999876,-0.6035938952482325,-0.7147955578731742,1.022430764467945,-0.6022336108870783,-0.7090839957325152,-0.001360284361154207,-0.7253801079438325,2.3993206758320635,26.812614834449022,24.477963233457125,24.413294158616957,0.7850797380446597
3.139999999999876,-0.6050214321028632,-0.7127366003465121,1.0365199884911254,-0.603647741046502,-0.7070650797118297,-0.0013736910563612037,-0.7238860935692069,2.4438726503999715,26.922113133610498,24.542679686058538,24.478240483210527,0.7996577568569412
3.1419999999998756,-0.60644482289118,-0.7106495051992688,1.0505682924799666,-0.6050577775663706,-0.7050182599342888,-0.0013870453248093773,-0.7223633800830358,2.488328246081103,27.0312838557563,24.60716268599563,24.542955609675197,0.8142042466215509
3.1439999999998753,-0.6078640114201517,-0.7085343548263872,1.0645751218314816,-0.6064636648010983,-0.7029436173638263,-0.0014003466190534164,-0.7208120158535158,2.532685719727363,27.140122992989973,24.671409984598625,24.60743727326261,0.8287186369159179
3.145999999999875,-0.609278941662645,-0.7063912327303826,1.0785399235800277,-0.6078653472692201,-0.7008412340609477,-0.0014135943934248107,-0.7192320504060103,2.5769433320392725,27.24862655743587,24.735419349418418,24.6716832253966,0.8432003585761372
3.147999999999875,-0.6106895577596373,-0.7042202235180448,1.0924621464191508,-0.6092627696555791,-0.6987111931794758,-0.0014267881040581631,-0.7176235344227808,2.621099347632951,27.3567905813547,24.799188564273088,24.73569123372175,0.8576488437188994
3.1499999999998747,-0.6120958040224201,-0.7020214128971007,1.106341240723328,-0.6106558768135056,-0.6965535789632546,-0.0014399272089145043,-0.7159865197421542,2.6651520351073983,27.46461111725738,24.86271542929187,24.799459082149983,0.8720635257635045
3.1519999999998745,-0.613497624934799,-0.6997948876728286,1.120176658569681,-0.6120446137669913,-0.6943684767428101,-0.0014530111678077162,-0.7143210593580771,2.7090996671112992,27.572084238015805,24.92599776095677,24.862984570904505,0.886443839453724
3.1539999999998742,-0.6148949651552844,-0.6975407357446319,1.1339678537596036,-0.6134289257128552,-0.69215597293197,-0.001466039442429179,-0.7126272074192914,2.7529405204099184,27.679206036971383,24.989033392141867,24.926265516561465,0.9007892208796928
3.155999999999874,-0.6162877695192772,-0.6952590461025693,1.1477142818403236,-0.6148087580229041,-0.6899161550244406,-0.0014790114963730838,-0.7109050192285635,2.7966728759517583,27.785972628041073,25.051820172150343,24.989299752089316,0.9150991074997274
3.157999999999874,-0.6176759830412456,-0.6929499088238411,1.1614154001263943,-0.6161840562460849,-0.6876491115903424,-0.0014919267951607473,-0.7091545512417148,2.840295018935225,27.892380145821004,25.114355966748807,25.05208512688578,0.9293729381621321
3.1599999999998736,-0.6190595509168975,-0.6906134150692324,1.1750706677211338,-0.6175547661106303,-0.6853549322727032,-0.0015047848062671454,-0.707375861066855,2.8838052388748583,27.99842474568711,25.176638658199835,25.114619506812254,0.9436101531268872
3.1619999999998734,-0.6204384185253418,-0.6882496570795162,1.1886795455379546,-0.6189208335261981,-0.6830337077839094,-0.001517584999143673,-0.7055690074630663,2.92720182966788,28.10410260389422,25.23866614529157,25.17690077422634,0.9578101940874129
3.163999999999873,-0.6218125314312462,-0.6858587281718108,1.2022414963216632,-0.6202822045860024,-0.6806855299021158,-0.0015303268452437901,-0.7037340503394836,2.970483089660146,28.209409917671675,25.300436343365476,25.23892682801153,0.9719725041921641
3.165999999999873,-0.6231818353869862,-0.6834407227358954,1.2157559846696642,-0.6216388255689376,-0.6783104914676141,-0.0015430098180486684,-0.7018710507541184,3.01364732171215,28.314342905316987,25.361947184341503,25.30069558360484,0.986096528066223
3.1679999999998727,-0.6245462763347862,-0.6809957362304843,1.229222477053098,-0.6229906429416959,-0.6759086863791579,-0.0015556333930902833,-0.6999800709125523,3.056692833264917,28.41889780628708,25.42319661674098,25.362204973022163,1.0001817118328629
3.1699999999998725,-0.6259058004088536,-0.678523865179459,1.2426404418379,-0.6243376033608764,-0.673480209590249,-0.0015681970479771712,-0.6980611741667477,3.09961793640552,28.52307088128656,25.48418260570722,25.423452944881042,1.0142275031349939
3.1719999999998723,-0.6272603539375065,-0.6760252071680546,1.2560093493058033,-0.6256796536750872,-0.6710251571053801,-0.001580700262419299,-0.6961144250137519,3.1424209479325595,28.626858412353943,25.544903133023915,25.484437464421383,1.0282333511565909
3.173999999999872,-0.6286098834452905,-0.6734998608390119,1.2693286716752286,-0.6270167409270396,-0.6685436259762366,-0.001593142518250823,-0.694139889094092,3.1851001894216324,28.730256702945468,25.605356197131155,25.545156513523835,1.042198706644109
3.175999999999872,-0.6299543356550915,-0.6709479258886797,1.2825978831221345,-0.6283488123556353,-0.6660357142978582,-0.0016055232994561797,-0.6921376331905744,3.2276539872902084,28.833262078016016,25.665539813139052,25.60560809072581,1.056123021927725
3.1779999999998716,-0.6312936574902384,-0.6683695030630802,1.2958164598007746,-0.6296758153980448,-0.6635015212047581,-0.001617842092193511,-0.6901077252266417,3.270080672862691,28.935870884097845,25.725452012839433,25.665790211235155,1.07000575094263
3.1799999999998714,-0.6326277960765978,-0.6657646941539326,1.308983879864371,-0.6309976976917788,-0.6609411468670021,-0.0016300983848189787,-0.6880502342648929,3.312378582435121,29.03807948937698,25.785090844714944,25.72570090694186,1.0838463492501906
3.181999999999871,-0.6339566987446636,-0.6631336019946307,1.3220996234857336,-0.6323144070767514,-0.6583546924862463,-0.001642291667912299,-0.6859652305056034,3.3545460573396007,29.13988428376675,25.844454373946164,25.78533822642715,1.097644274059048
3.183999999999871,-0.6352803130316338,-0.6604763304561886,1.3351631728777584,-0.6336258915973348,-0.6557422602917352,-0.0016544214342989472,-0.6838527852849285,3.3965814440087696,29.241281678979455,25.903540682416285,25.844700234970684,1.1113989842462062
3.1859999999998707,-0.6365985866834822,-0.6577929844431368,1.348174012313883,-0.6349320995044073,-0.653103953536257,-0.0016664871790749158,-0.681712971073257,3.4384830940399307,29.342268108595142,25.962347868713813,25.90378501455521,1.125109940378024
3.1879999999998705,-0.6379114676570229,-0.6550836698893812,1.3611316281484456,-0.6362329792573914,-0.6504398764920616,-0.0016784883996314726,-0.67954586147372,3.480249364258773,29.442840028127996,26.02087404813288,25.96259066386922,1.1387766047310635
3.1899999999998703,-0.6392189041219626,-0.6523484937540212,1.374035508836959,-0.6375284795262849,-0.6477501344467355,-0.0016904245956776975,-0.6773515312200815,3.521878616783407,29.542993915090864,26.079117352671382,26.021115298307457,1.1523984413130512
3.19199999999987,-0.6405208444629481,-0.649587564017128,1.386885144956306,-0.638818549193683,-0.6450348336990384,-0.0017022952692651305,-0.6751300561751958,3.5633692190876167,29.642726269056485,26.137075931027198,26.07935704996887,1.165974915883579
3.19399999999987,-0.6418172372816049,-0.6468009896754789,1.3996800292248615,-0.6401031373567924,-0.6422940815546985,-0.0017140999248125288,-0.6728815133292256,3.604719544064163,29.742033611717186,26.194747948591896,26.137314067653023,1.1795054959748092
3.1959999999998696,-0.6431080313985638,-0.6439888807382581,1.412419656522499,-0.6413821933294367,-0.6395279863221691,-0.0017258380691270725,-0.6706059807975162,3.645927970087998,29.840912486941704,26.252131587442676,26.194984516853705,1.1929896509121751
3.1979999999998694,-0.6443931758554833,-0.6411513482227114,1.425103523910547,-0.6426556666440534,-0.6367366573083454,-0.0017375092114298996,-0.6683035378189124,3.6869928810789667,29.939359460829927,26.309225046331807,26.25236657975096,1.2064268518348893
3.199999999999869,-0.6456726199170606,-0.6382885041497637,1.4377311306516392,-0.6439235070536818,-0.6339202048142412,-0.0017491128633787545,-0.6659742647536353,3.7279126665645332,30.037371121765027,26.36602654067433,26.309458455200495,1.2198165717164846
3.201999999999869,-0.6469463130730352,-0.6354004615395971,1.450301978229483,-0.6451856645339431,-0.6310787401306265,-0.00176064853909208,-0.6636182430814834,3.7686857217420435,30.134944080463505,26.42253430253352,26.36625835872146,1.2331582853851748
3.2039999999998687,-0.6482142050401817,-0.6324873344071896,1.4628155703685377,-0.6464420892850103,-0.6282123755336266,-0.001772115755171333,-0.6612355553996054,3.8093104475410526,30.232074970022968,26.47874658060418,26.422764522481916,1.2464514695442586
3.2059999999998685,-0.6494762457642969,-0.6295492377578107,1.4752714130536193,-0.6476927317335709,-0.6253212242802817,-0.0017835140307259634,-0.658826285420623,3.8497852506850916,30.32876044596716,26.534661640194123,26.478975195282068,1.2596956027923378
3.2079999999998683,-0.6507323854221737,-0.6265862875824861,1.4876690145493827,-0.648937542534779,-0.6224054006040676,-0.001794842887394732,-0.6563905179703977,3.8901085437534495,30.424997186289374,26.59027776320351,26.534888642535925,1.2728901656435314
3.209999999999868,-0.6519825744235692,-0.6235986008534153,1.5000078854197492,-0.6501764725741997,-0.619465019710378,-0.001806101849369468,-0.6539283389858688,3.9302787452427217,30.52078189149324,26.645593248102053,26.59050314625052,1.2860346405476095
3.211999999999868,-0.6532267634131622,-0.6205862955193547,1.5122875385472239,-0.6514094729697437,-0.6165001977719692,-0.0018172904434184955,-0.6514398355129383,3.970294279627866,30.616111284631074,26.700606409904665,26.64581700500321,1.299128511909999
3.2139999999998676,-0.6544649032725021,-0.617549490500961,1.524507489152128,-0.6526364950735924,-0.6135110519243642,-0.0018284081989096146,-0.648925095704322,4.010153577423251,30.710982111340584,26.75531558014457,26.70082853391733,1.3121712661117253
3.2159999999998674,-0.6556969451219465,-0.6144883056860971,1.5366672548117322,-0.6538574904741149,-0.6104977002612221,-0.0018394546478316398,-0.6463842088170901,4.049855075243453,30.805391139878765,26.809719106844877,26.75553606463531,1.325162391529343
3.217999999999867,-0.6569228403225938,-0.6114028619250965,1.5487663554793152,-0.6550724109977742,-0.6074602618296673,-0.0018504293248196024,-0.643817265210604,4.0893972158636,30.899335161153907,26.863815354488246,26.809937945290308,1.3381013785546714
3.219999999999867,-0.6581425404782002,-0.6082932810259964,1.560804313503097,-0.6562812087110254,-0.6043988566255808,-0.0018613317671748453,-0.6412243563439528,4.128778448279837,30.99281098875573,26.91760270398439,26.86403254047589,1.3509877196145692
3.2219999999998667,-0.6593559974370918,-0.6051596857497265,1.5727806536451063,-0.657483835922203,-0.6013136055888563,-0.0018721615148887816,-0.6386055747737363,4.167997227769111,31.085815458982605,26.971079552635914,26.917818231213495,1.3638209091905211
3.2239999999998665,-0.6605631632940658,-0.6020021998052623,1.584694903099942,-0.6586802451834003,-0.5982046305986164,-0.0018829181106655435,-0.6359610141515422,4.20705201594906,31.178345430867466,27.024244314102283,26.971293414918406,1.376600443838228
3.2259999999998663,-0.6617639903922812,-0.5988209478447428,1.5965465915134351,-0.6598703892923371,-0.5950720544683943,-0.0018936010999440755,-0.633290769221599,4.245941280837398,31.270397786201066,27.077095418361935,27.024456505363666,1.3893258222070357
3.227999999999866,-0.6629584313251399,-0.595616055458549,1.608335251001218,-0.6610542212942196,-0.5919160009412759,-0.0019042100309202281,-0.6305949358181406,4.284663496911266,31.361969429553504,27.12963131167256,27.077305932642236,1.401996545059365
3.229999999999866,-0.6641464389381596,-0.5923876491703428,1.6200604161672056,-0.6622316944835897,-0.588736594685008,-0.001914744454569961,-0.6278736108630074,4.323217145166106,31.453057288293436,27.18185045652969,27.12984014312733,1.414612115289978
3.2319999999998656,-0.6653279663308338,-0.5891358564320776,1.631721624121951,-0.6634027624061638,-0.5855339612870673,-0.0019252039246699937,-0.6251268923629532,4.361600713174434,31.54365831260538,27.233751331623434,27.182057599430948,1.4271720379452135
3.2339999999998654,-0.6665029668584841,-0.5858608056189625,1.6433184145009307,-0.6645673788606632,-0.5823082272496956,-0.0019355879978208979,-0.6223548794070899,4.39981269514428,31.633769475505,27.28533243179367,27.23395678036072,1.4396758202421087
3.235999999999865,-0.6676713941341016,-0.5825626260243959,1.6548503294827177,-0.665725497900633,-0.5790595199848974,-0.0019458962334686358,-0.6195576721641896,4.437851591977414,31.723387772852544,27.336592267983246,27.28553618087513,1.4521229715874546
3.237999999999865,-0.6688332020301782,-0.5792414478548609,1.6663169138070544,-0.6668770738362517,-0.575787967809402,-0.001956128193926432,-0.6167353718799973,4.475715911327233,31.812510223363887,27.387529367189842,27.336794312036652,1.4645130035967455
3.2399999999998648,-0.6699883446805268,-0.5758974022247858,1.6777177147928224,-0.668022061236131,-0.5724936999395907,-0.0019662834443958666,-0.6138880808744087,4.513404167656527,31.901133868620274,27.438142272415945,27.387729700963746,1.4768454301130756
3.2419999999998645,-0.6711367764820946,-0.5725306211513642,1.6890522823559266,-0.6691604149291037,-0.5691768464863867,-0.0019763615529908574,-0.6110159025388446,4.550914882294708,31.989255773075495,27.488429542617297,27.438340890780786,1.4891197672258774
3.2439999999998643,-0.67227845209676,-0.569141237549349,1.700320169027044,-0.670292090006004,-0.5658375384501122,-0.0019863620907559776,-0.6081189413332657,4.588246583495049,32.0768730240616,27.538389752649735,27.488626440566545,1.5013355332896476
3.245999999999864,-0.6734133264531245,-0.5657293852258013,1.7115209299693028,-0.6714170418214346,-0.5624759077153082,-0.001996284631689882,-0.6051973027833082,4.625397806491573,32.163982731792714,27.588021493214516,27.538584925301144,1.5134922489425666
3.247999999999864,-0.6745413547482918,-0.5622951988748087,1.7226541229958394,-0.6725352259955256,-0.5590920870455213,-0.0020061287527661786,-0.6022510934774736,4.662367093555487,32.25058202936675,27.637323370802036,27.58821493581126,1.525589437124969
3.2499999999998637,-0.6756624924496363,-0.5588388140721681,1.7337193085872566,-0.6736465984156818,-0.5556862100780549,-0.002015894033954524,-0.5992804210640053,4.699152994051668,32.336668072765676,27.68629400763409,27.63751507871401,1.537626623097826
3.2519999999998634,-0.676776695296561,-0.5553603672700342,1.7447160499089707,-0.6747511152383191,-0.5522584113186858,-0.002025580058241938,-0.5962853942480351,4.735754064494509,32.422238040853685,27.73493204160459,27.686483976359177,1.5496033344610263
3.2539999999998632,-0.6778839193022459,-0.5518599957915289,1.7556439128284698,-0.6758487328905918,-0.5488088261363477,-0.002035186411654122,-0.5932661227884228,4.772168868603795,32.50728913537373,27.78323612621898,27.73512026676994,1.5615191011716654
3.255999999999863,-0.6789841207553827,-0.5483378378253253,1.7665024659324342,-0.6769394080721073,-0.5453375907577798,-0.0020447126832754403,-0.5902227174946857,4.80839597736013,32.59181858094251,27.83120493053205,27.78342260358238,1.5733734555621723
3.257999999999863,-0.6800772562219021,-0.5447940324201892,1.7772912805437806,-0.6780230977566316,-0.5418448422621414,-0.0020541584652704614,-0.5871552902239072,4.844433969060054,32.67582362504331,27.878837139084496,27.83138965598325,1.5851659323583633
3.2599999999998626,-0.6811632825466875,-0.5412287194794899,1.788009930738581,-0.6790997591937828,-0.5383307185755944,-0.002063523352904606,-0.584063953877469,4.880281429371039,32.759301538017674,27.926131451838003,27.879020108646632,1.59689606869743
3.2619999999998623,-0.682242156855279,-0.5376420397556776,1.7986579933628792,-0.6801693499107145,-0.5347953584658509,-0.002072806944564465,-0.5809488223978718,4.9159369513860245,32.84224961305502,27.973086584109108,27.926312661668995,1.608563404145795
3.263999999999862,-0.6833138365555663,-0.5340341348447273,1.8092350480493926,-0.6812318277137879,-0.5312389015366887,-0.002082008841778449,-0.5778100107655462,4.951399135677641,32.924665166180766,28.01970126650182,27.973266030503126,1.6201674807168565
3.265999999999862,-0.6843782793394702,-0.5304051471805453,1.8197406772341183,-0.6822871506902327,-0.5276614882224332,-0.0020911286492374392,-0.5746476349953307,4.986666590352509,33.00654553624328,28.065974244838657,28.019878945890774,1.631707842888747
3.2679999999998617,-0.6854354431846119,-0.5267552200293517,1.8301744661728019,-0.6833352772097975,-0.5240632597824073,-0.0021001659748144386,-0.5714618121333057,5.02173793110466,33.08788808489837,28.111904280090855,28.066150153793707,1.6431840376218367
3.2699999999998615,-0.6864852863559732,-0.5230844974840206,1.840536002957322,-0.6843761659263882,-0.5204443582953485,-0.0021091204295849986,-0.5682526602532896,5.056611781269138,33.16869019659309,28.157490148307048,28.11207841532395,1.6545956143762643
3.2719999999998612,-0.687527767407543,-0.5193931244583931,1.8508248785319474,-0.6854097757796958,-0.516804926653794,-0.0021179916278472044,-0.5650202984533692,5.091286771875128,33.24894927854762,28.202730640541034,28.157662506672494,1.6659421251293272
3.273999999999861,-0.6885628451839545,-0.5156812466815556,1.8610406867094882,-0.6864360659968126,-0.5131451085584326,-0.0021267791871418806,-0.5617648468525109,5.125761541698702,33.32866276073584,28.247624562778164,28.202901219037138,1.6772231243927427
3.275999999999861,-0.6895904788221091,-0.5119490106920876,1.871183024187327,-0.6874549960938374,-0.5094650485124272,-0.002135482728271687,-0.5584864265869145,5.160034737315444,33.40782809586428,28.292170735860715,28.24779335854884,1.6884381692298716
3.2779999999998606,-0.6906106277527911,-0.5081965638322737,1.8812514905633524,-0.6884665258774688,-0.5057648918157034,-0.002144101875322324,-0.5551851598065838,5.194105013152527,33.486442759349686,28.33636799541232,28.292337746197155,1.6995868192727706
3.2799999999998604,-0.6916232517022671,-0.5044240542422916,1.891245688351749,-0.6894706154465873,-0.5020447845592082,-0.0021526362556798517,-0.5518611696714757,5.227971031540854,33.56450424929558,28.380215191761117,28.336533217754727,1.710668636739245
3.28199999999986,-0.6926283106938773,-0.5006316308543604,1.9011652229987004,-0.6904672251938255,-0.4983048736191365,-0.002161085500051785,-0.5485145803479714,5.261631462766542,33.642010086466954,28.423711189861997,28.380378623700413,1.7216831864497035
3.28399999999986,-0.693625765049614,-0.49681944338686157,1.9110097028979645,-0.6914563158071277,-0.49454530665112745,-0.0021694492424862988,-0.545145517005313,5.295084985122058,33.718957814263675,28.46685486921791,28.423872829141615,1.7326300358438986
3.2859999999998597,-0.6946155753916868,-0.49298764233842907,1.9207787394063305,-0.6924378482712966,-0.4907662320844308,-0.002177727120390216,-0.5417541058115143,5.328330284957546,33.795344998693125,28.509645123800194,28.46701471373558,1.7435087549977226
3.2879999999998595,-0.6955977026440783,-0.48913637898200824,1.9304719468589622,-0.6934117838695287,-0.4869677991160405,-0.0021859187745495445,-0.538340473929849,5.36136605673121,33.87116922834097,28.55208086196793,28.509803171609757,1.7543189166396975
3.2899999999998593,-0.6965721080340864,-0.4852658053588797,1.9400889425846322,-0.6943780841849383,-0.48315015770480013,-0.00219402384914813,-0.5349047495148671,5.394191003059842,33.946428114341096,28.594161006386535,28.55223711128125,1.7650600961675125
3.291999999999859,-0.6975387530938548,-0.4813760742726637,1.9496293469208132,-0.6953367111020693,-0.4793134585654781,-0.0022020419917855305,-0.5314470617086586,5.426803834768671,34.02111929034402,28.63588449394537,28.594315455575348,1.775731871664338
3.293999999999859,-0.6984975996618915,-0.4774673392832833,1.959092783228678,-0.696287626808395,-0.4754578531628121,-0.0022099728534965557,-0.5279675406367312,5.459203270941304,34.09524041248456,28.67725027567456,28.636037141543255,1.786333823915173
3.2959999999998586,-0.6994486098845759,-0.47353975470090304,1.9684788779079652,-0.697230793795806,-0.4715834937055247,-0.0022178160887699194,-0.5244663174042827,5.491388038968846,34.16878915934773,28.71825731666124,28.677401120378885,1.7968655364229287
3.2979999999998584,-0.7003917462176525,-0.4695934755798382,1.9777872604117253,-0.6981661748620867,-0.4676905331403102,-0.002225571355565892,-0.520943524092063,5.52335687459913,34.24176323193429,28.75890459596475,28.718406357335162,1.80732659542453
3.299999999999858,-0.7013269714277144,-0.4656286577124292,1.9870175632609617,-0.6990937331123782,-0.46377912514579034,-0.0022332383153361723,-0.5173992937523098,5.555108521985498,34.314160353624736,28.799191106531232,28.75905183163924,1.8177165899068837
3.301999999999858,-0.7022542485936712,-0.4616454576228977,1.996169422059119,-0.7000134319606311,-0.45984942412644375,-0.002240816633040099,-0.5138337604048377,5.58664173373493,34.385978270142076,28.83911585510773,28.799336536407147,1.8280351116226468
3.3039999999998577,-0.7031735411082084,-0.45764403256116293,2.0052424755064835,-0.7009252351310442,-0.4559015852065051,-0.002248305977164189,-0.5102470590327375,5.6179552709564025,34.45721474951431,28.878677862155314,28.839259478557906,1.8382817551060326
3.3059999999998575,-0.7040848126792314,-0.4536245404966347,2.0142363654144395,-0.7018291066594918,-0.45193576422383624,-0.0022557060197395673,-0.5066393255783481,5.649047903308427,34.52786758203513,28.91787616176184,28.8788196787267,1.8484561176883858
3.3079999999998573,-0.7049880273312991,-0.4495871401119773,2.023150736719615,-0.7027250108949393,-0.44795211772376936,-0.0022630164363597327,-0.5030106969390715,5.679918409046454,34.59793458022409,28.956709801554076,28.91801617117764,1.858557799513695
3.309999999999857,-0.7058831494070431,-0.4455319907968459,2.0319852374978904,-0.7036129125008451,-0.4439508029529218,-0.0022702369061979866,-0.49936131096302905,5.710565575070016,34.667413578786,28.995177842609227,28.956848003715983,1.8685864035540236
3.311999999999857,-0.7067701435685773,-0.4414592526415897,2.040739518978308,-0.7044927764565511,-0.439931977852984,-0.0022773671120261962,-0.49569130644493953,5.740988196969342,34.736302434568955,29.033279359366063,28.99531423759961,1.8785415356247648
3.3139999999998566,-0.7076489747988904,-0.4373690864309384,2.0494132355568224,-0.70536456805866,-0.43589580105447895,-0.002284406740230449,-0.49200082312172544,5.771185079071752,34.80459902652201,29.07101343953535,29.033413947450263,1.8884228043998315
3.3159999999998564,-0.7085196084032306,-0.43326165363765073,2.0580060448099546,-0.706228252922401,-0.4318424318704953,-0.0022913554808295933,-0.4882900016682967,5.801155034487578,34.872301255651536,29.108379184010175,29.071146221163957,1.8982298214266882
3.317999999999856,-0.7093820100104737,-0.4291371164161402,2.0665176075083083,-0.7070837969829817,-0.4277720302903926,-0.002298213027492002,-0.4845589836930646,5.830896885155952,34.93940704497731,29.145375706775585,29.108510159821357,1.9079622011413337
3.319999999999856,-0.7102361455744812,-0.4249956375960741,2.0749475876299623,-0.7079311664969287,-0.42368475697348096,-0.0023049790775525603,-0.4808079117336721,5.860409461889957,35.00591433948739,29.182002134817964,29.145504877597432,1.9176195608830913
3.3219999999998557,-0.711081981375443,-0.42083738067594584,2.083295652373734,-0.708770328043414,-0.41958077324267273,-0.0023116533320289845,-0.4770369292523773,5.889691604421808,35.07182110609272,29.21825760803405,29.182129501670914,1.9272015209093794
3.3239999999998555,-0.7119194840212106,-0.4166625098166164,2.0915614721723257,-0.7096012485255703,-0.4154602410781093,-0.002318235495640364,-0.47324618063183177,5.918742161447162,35.137125333580464,29.25414127913977,29.2183831721333,1.9367077044102423
3.3259999999998553,-0.7127486204486133,-0.41247118983483994,2.0997447207053233,-0.7104238951717918,-0.41132332311076086,-0.002324725276821482,-0.469435811170392,5.947559990669586,35.2018250325673,29.289652313578507,29.25426504189771,1.9461377375228786
3.327999999999855,-0.7135693579247646,-0.40826358619675257,2.1078450749120856,-0.7112382355370238,-0.40717018261600063,-0.0023311223877408027,-0.46560596707775126,5.9761439588442204,35.265918235451466,29.324789889429503,29.289774276607247,1.9554912493459602
3.329999999999855,-0.7143816640483545,-0.40403986501134137,2.1158622150045,-0.7120442375040381,-0.4030009835071544,-0.0023374265443163456,-0.4617567954703592,6.004492941821372,35.32940299636472,29.35955319731583,29.324910054543345,1.9647678719538866
3.3319999999998546,-0.715185506750928,-0.3998001930238866,2.1237958244796022,-0.7128418692846962,-0.39881589032902315,-0.002343637466231785,-0.4578884443667359,6.032605824589748,35.39227739112361,29.39394144031219,29.359671566533862,1.9739672404109374
3.3339999999998544,-0.7159808542981512,-0.39554473760937997,2.1316455901320723,-0.713631099421199,-0.39461506825138143,-0.0023497548769522147,-0.45400106268295115,6.060481501319082,35.45453951717992,29.427953833852797,29.394058015860836,1.9830889927852433
3.335999999999854,-0.7167676752910654,-0.39127366676591246,2.1394112020666083,-0.7144118967873239,-0.3903986830624514,-0.002355778503741579,-0.45009480022806514,6.0881188754025874,35.516187493571024,29.461589605638835,29.428068618168435,1.9921327701626566
3.337999999999854,-0.7175459386673249,-0.3869871491080489,2.1470923537101454,-0.7151842305896485,-0.38616690116235136,-0.0023617080776763277,-0.44616980769936454,6.115516859498928,35.57721946086939,29.49484799554616,29.46170260137046,2.0010982166605222
3.3399999999998538,-0.7183156137024241,-0.3826853538601666,2.1546887418239695,-0.7159480703687616,-0.3819198895565206,-0.002367543333662514,-0.44222623667780514,6.14267437557387,35.6376335811319,29.527728255532775,29.494959205558033,2.0099849794412865
3.3419999999998535,-0.7190766700109106,-0.3783684508497762,2.1622000665156835,-0.7167033860004599,-0.3776578158491197,-0.0023732840104506714,-0.438264239623118,6.169590354941646,35.697428037848745,29.560229649546386,29.5278376829071,2.018792708726061
3.3439999999998533,-0.7198290775475843,-0.3740366105008168,2.169626031251052,-0.7174501476969327,-0.3733808482364072,-0.002378929850651579,-0.4342839698693117,6.196263738305661,35.75660103589176,29.59235145343205,29.560337297586102,2.0275210578079377
3.345999999999853,-0.720572806608684,-0.3696900038269294,2.176966342865699,-0.7181883260079329,-0.36908915550009225,-0.0023844806007510266,-0.43028558161985764,6.222693475799053,35.81515080146258,29.62409295483976,29.592457325663528,2.0361696830652654
3.347999999999853,-0.72130782783306,-0.36532880242470034,2.184220711576695,-0.7189178918219342,-0.364782907000665,-0.002389936011125804,-0.4262692299427968,6.248878527024934,35.873075582040535,29.65545345313226,29.6241970550156,2.044738243974831
3.3499999999998527,-0.7220341122033329,-0.3609531784668946,2.191388850993983,-0.7196388163672757,-0.3604622726707024,-0.002395295836057243,-0.42223507076614997,6.274817861095894,35.93037364633,29.68643225929285,29.6555557852341,2.053226403124793
3.3519999999998524,-0.7227516310470394,-0.3565633046956539,2.198470478131693,-0.720351071213292,-0.35612742300815237,-0.0024005598337474288,-0.41818326087302804,6.300510456673409,35.98704328420765,29.71702869583362,29.686532827534243,2.061633826227588
3.353999999999852,-0.7234603560377639,-0.3521593544156779,2.2054653134193103,-0.7210546282714312,-0.35177852906959406,-0.0024057277663327437,-0.41411395789676586,6.325955302006873,36.04308280666969,29.74724209670363,29.717127504662816,2.0699601821326983
3.355999999999852,-0.7241602591962576,-0.34774150148738303,2.2123730807127155,-0.7217494597963582,-0.3474157624634776,-0.0024107993998994104,-0.41002732031627964,6.3511513949718985,36.098490545778404,29.777071807197363,29.747339150806507,2.078205142839202
3.3579999999998518,-0.7248513128915418,-0.3433099203200395,2.2191935073050817,-0.7224355383870449,-0.3430392953433398,-0.002415774504496926,-0.40592350745098127,6.376097743108681,36.15326485460904,29.80651718386369,29.77716711150036,2.0863683835083395
3.3599999999998515,-0.7255334898420004,-0.3388647858648812,2.225926323937649,-0.7231128369878469,-0.3386493004009989,-0.0024206528541534933,-0.4018026794560443,6.400793363659677,36.20740410719635,29.835577594414815,29.80661074353668,2.0944495824758342
3.3619999999998513,-0.7262067631164552,-0.3344062736082065,2.232571264810344,-0.7237813288895664,-0.33424595085972786,-0.0024254342268887896,-0.3976649973175661,6.425237283606816,36.2609066984809,29.86425241763574,29.835669414874083,2.1024484212640933
3.363999999999851,-0.7268711061352302,-0.32993455956444495,2.2391280675922784,-0.7244409877305011,-0.3298294204674063,-0.0024301184047290647,-0.3935106228476384,6.449428539708494,36.31377104425545,29.89254104329407,29.86434250454696,2.1103645845943193
3.365999999999851,-0.7275264926712005,-0.3254498202692102,2.245596473432106,-0.7250917874974805,-0.3253998834896504,-0.00243470517372002,-0.389339718679401,6.473366178536162,36.36599558111145,29.920442872050188,29.892629402575288,2.118197760398484
3.3679999999998507,-0.7281728968508279,-0.32095223277233065,2.2519762269682393,-0.7257337025268863,-0.3209575147029232,-0.0024391943239415736,-0.3851524482622226,6.497049256510329,36.41757876638517,29.947957315367944,29.92052950987484,2.125947639831123
3.3699999999998504,-0.7288102931551821,-0.3164419746308607,2.2582670763389308,-0.7263667075056616,-0.31650248938762365,-0.002443585649520519,-0.3809489758568496,6.520476839936174,36.46851907810404,29.97508379542562,29.948042238167865,2.133613917281
3.3719999999998502,-0.7294386564209485,-0.31191922390206656,2.264468773192223,-0.7269907774723039,-0.3120349833211553,-0.0024478789486446217,-0.37672946653017547,6.543648005039183,36.51881501493328,30.001821745027577,29.9751670098941,2.141196290382772
3.37399999999985,-0.7300579618414215,-0.307384159136404,2.270581072695741,-0.7276058878178459,-0.30755517277097544,-0.002452074023575612,-0.3724940861507742,6.566561837999461,36.56846509612189,30.028170607516415,30.001903258122432,2.1486944600282376
3.37599999999985,-0.7306681849674832,-0.30283695937046473,2.276603733546367,-0.7282120142868211,-0.30306323448762335,-0.002456170680662062,-0.368243001383604,6.589217434986615,36.617467861449654,30.054129836685487,30.02825042646304,2.156108130377748
3.3779999999998496,-0.7312693017085697,-0.29827780411990945,2.282536517979762,-0.7288091329782166,-0.29855934569773074,-0.0024601687303531516,-0.36397637968527263,6.611613902193508,36.66582187117342,30.079698896692307,30.05420796897991,2.163437008871274
3.3799999999998493,-0.7318612883336212,-0.29370687337238094,2.2883791917797565,-0.7293972203464106,-0.2940436840970107,-0.0024640679872105498,-0.35969438929896036,6.633750355870042,36.71352570597437,30.104877261972305,30.079775350104327,2.170680806239459
3.381999999999849,-0.7324441214720192,-0.2891243475803997,2.29413152428759,-0.7299762532020971,-0.28951642784323,-0.002467868269922069,-0.35539719924964963,6.655625922356089,36.76057796690466,30.129664417153307,30.104952044548575,2.177839236514418
3.383999999999849,-0.7330177781145097,-0.28453040765423476,2.299793288411029,-0.7305462087131954,-0.28497775554916044,-0.002471569401314322,-0.35108497933895144,6.677239738114514,36.806977275334965,30.154059856970832,30.12973753722045,2.184912017040546
3.3859999999998487,-0.7335822356141106,-0.27992523495476984,2.305364260633318,-0.7311070644057465,-0.2804278462755134,-0.0024751712083641575,-0.3467579001404486,6.698590949763133,36.85272227290166,30.17806308618389,30.15413132313853,2.1918988684849947
3.3879999999998485,-0.7341374716870064,-0.27530901128633767,2.3108442210220135,-0.7316587981647942,-0.2758668795238554,-0.0024786735222122047,-0.34241613299454166,6.7196787141068635,36.89781162145486,30.201673619491615,30.178132907348,2.198799514848191
3.3899999999998482,-0.7346834644134275,-0.27068191888954446,2.316232953237662,-0.7322013882352532,-0.2712950352295054,-0.0024820761781743084,-0.3380598500035781,6.740502198169019,36.94224400300633,30.224890981450667,30.20174180483731,2.2056136834741067
3.391999999999848,-0.735220192238516,-0.26604414043407515,2.321530244542343,-0.732734813222762,-0.26671249375441536,-0.0024853790157539635,-0.33368922402695045,6.76106057922234,36.98601811967787,30.247714706393424,30.224957540455534,2.212341105060406
3.393999999999848,-0.7357476339731763,-0.2613958590114833,2.326735885808064,-0.7332590520945221,-0.2621194358800328,-0.0024885818786541947,-0.3293044286761422,6.781353044819515,37.02913269365009,30.27014433834689,30.247779648830573,2.2189815136684605
3.3959999999998476,-0.7362657687949121,-0.2567372581279579,2.331849671525025,-0.7337740841801225,-0.2575160428001457,-0.0024916846147896576,-0.32490563830968267,6.801378792823473,37.071586467111544,30.292179430952643,30.27020767428807,2.225534646733264
3.3979999999998474,-0.7367745762486476,-0.2520685216970861,2.3368713998097204,-0.7342798891723499,-0.25290249611371224,-0.0024946870762977413,-0.3204930280284639,6.821137031436747,37.113378202208104,30.313819547387453,30.292241170771355,2.232000245073064
3.399999999999847,-0.7372740362475358,-0.24738983403258816,2.341800872412916,-0.7347764471279852,-0.24827897781767186,-0.0024975891195506694,-0.3160667736706735,6.840626979230916,37.1545066809929,30.335064260284994,30.313879701761987,2.238378052898999
3.401999999999847,-0.7377641290737513,-0.2427013798410419,2.346637894727474,-0.7352637384685846,-0.243645670299742,-0.0025003906051667135,-0.31162705180690686,6.859847865175357,37.19497070537696,30.355913151658307,30.3351228402016,2.24466781782452
3.4039999999998467,-0.7382448353792681,-0.23800334421459213,2.3513822757960345,-0.735741743981247,-0.23900275633119708,-0.0025030913980210734,-0.30717403973522206,6.878798928665586,37.23476909707974,30.37636581282331,30.355970168414157,2.250869290874689
3.4059999999998465,-0.7387161361866249,-0.23329591262363844,2.3560338283185596,-0.7362104448193663,-0.234350419059633,-0.0025056913672586445,-0.3027079154762813,6.897479419551151,37.27390069758074,30.396421844323427,30.37642127802959,2.256982226495314
3.4079999999998463,-0.7391780128896724,-0.22857927090952096,2.3605923686597188,-0.7366698225033697,-0.22968884200171566,-0.002508190386302789,-0.29822885776851127,6.9158885981630345,37.31236436807142,30.416080855854723,30.39647576990839,2.2630063825619158
3.409999999999846,-0.7396304472543096,-0.2238536052771784,2.365057716856145,-0.7371198589214415,-0.22501820903591457,-0.0025105883328681022,-0.29373704606321027,6.934025735340548,37.35015898940719,30.435342466192857,30.416133254066644,2.2689415203885845
3.411999999999846,-0.740073421419202,-0.21911910228779824,2.3694296966235364,-0.7375605363302319,-0.2203387043952213,-0.002512885088970074,-0.2892326605195148,6.951890112458189,37.387283462061234,30.45420630312028,30.435393349603046,2.274787404736728
3.4139999999998456,-0.7405069178964885,-0.21437594885145178,2.373708135363619,-0.7379918373573203,-0.2156505135442381,-0.0025150805391681574,-0.28471588199988584,6.969481021451231,37.42373670607725,30.472672003355203,30.45425568462602,2.2805438038235093
3.4159999999998454,-0.74093091957247,-0.20962433221971644,2.377892864170956,-0.7384137450043518,-0.21095382351573566,-0.0025171745681182855,-0.28018684847521236,6.986797808431498,37.459517704614136,30.49073921250048,30.47271989618264,2.2862105035937206
3.417999999999845,-0.7413454097082868,-0.20486443997827802,2.381983717839621,-0.7388262426470702,-0.20624882135922676,-0.002519167061216576,-0.27564563772572903,7.003839891011081,37.4946255210205,30.50840758499958,30.490785630009423,2.291787313387102
3.419999999999845,-0.7417503719405778,-0.20009646003953344,2.385980534869715,-0.7392293140353552,-0.20153569414246902,-0.0025210579052226123,-0.2710923429620493,7.0206066827074505,37.52905922313558,30.525676784057524,30.50845254042813,2.2972740412003216
3.4219999999998447,-0.7421457902821275,-0.19532058063516644,2.389883157473746,-0.7396229432932947,-0.19681462896977903,-0.002522846988832761,-0.26652707250784324,7.037097593279086,37.562817883898894,30.542546481563672,30.52572029061981,2.302670493797162
3.4239999999998445,-0.7425316491224969,-0.1905369903087184,2.393691431582855,-0.7400071149192927,-0.1920858129989982,-0.0025245342032041984,-0.2619499486502521,7.053312029892865,37.59590058243461,30.55901635801697,30.542588552541744,2.307976477090883
3.4259999999998443,-0.7429079332286397,-0.18574587790814456,2.3974052068529015,-0.7403818137862069,-0.18734943345709065,-0.0025261194424327504,-0.2573611065455932,7.069249398235831,37.62830640507922,30.575086102453312,30.55905700684339,2.313191796508354
3.427999999999844,-0.7432746277455033,-0.18094743257836016,2.4010243366703956,-0.7407470251415157,-0.18260567765440464,-0.0025276026039876553,-0.2527606931829034,7.084909103568601,37.66003444635355,30.5907554123755,30.57512534278495,2.318316257335113
3.429999999999844,-0.7436317181966168,-0.17614184375376782,2.404548678158291,-0.741102734607511,-0.1778547329976409,-0.0025289835891058043,-0.24814886640333178,7.100290551722736,37.6910838098819,30.606023993685014,30.590793258159167,2.3233496650420107
3.4319999999998436,-0.74397919048466,-0.17132930115078726,2.4079780921816196,-0.7414489281815141,-0.1730967870015752,-0.0025302623031459026,-0.2435257939744213,7.115393150042678,37.72145360925815,30.620891560616236,30.606060459215467,2.3282918255937406
3.4339999999998434,-0.7443170308920223,-0.16650999476036,2.411312443352988,-0.7417855922361133,-0.1683320272995852,-0.0025314386559089908,-0.23889165271733237,7.130216308274378,37.751142968861345,30.635357835672536,30.620926660586964,2.333142545739907
3.435999999999843,-0.7446452260813428,-0.16168411484045037,2.414551600037921,-0.7421127135194193,-0.16356064165302733,-0.002532512561923439,-0.23424662768464977,7.144759439402995,37.78015102462299,30.649422549564548,30.635391585219992,2.3379016332893925
3.437999999999843,-0.7449637630960371,-0.1568518519085344,2.4176954343600587,-0.7424302791553383,-0.15878281795951366,-0.002533483940698744,-0.22959091138760712,7.159021960440708,37.80847692474684,30.663085441150457,30.649454964306134,2.34256889736841
3.4399999999998427,-0.7452726293608096,-0.15201339673407985,2.420743822206205,-0.7427382766438586,-0.15399874426013593,-0.002534352716951016,-0.2249247030704451,7.173003293167056,37.836119830383886,30.676346257378313,30.66311653721683,2.347144148662983
3.4419999999998425,-0.745571812682149,-0.14716894033100947,2.423696643231229,-0.74303669386135,-0.1492086087456803,-0.0025351188207990427,-0.22024820802943523,7.186702864824202,37.863078916264584,30.689204753230122,30.67637605144038,2.351627199646667
3.4439999999998423,-0.74586130124881,-0.14231867395016842,2.4265537808628115,-0.7433255190608737,-0.14441259976188314,-0.002535782187936264,-0.21556163697640152,7.200120108767219,37.88935337128835,30.701660691667968,30.68923326252113,2.3560178647935586
3.445999999999842,-0.7461410836322797,-0.13746278907176843,2.429315122306051,-0.7436047408725013,-0.13961090581376823,-0.0025363427597784316,-0.21086520544274823,7.213254465073508,37.91494239907463,30.713713843582056,30.70168793400113,2.3603159607779043
3.447999999999842,-0.7464111487872286,-0.13260147739782988,2.4319805585479157,-0.7438743483036395,-0.13480371556911153,-0.0025368004835890634,-0.20615913322378177,7.226105381111572,37.93984521847559,30.72536398774061,30.713739837364017,2.364521306660382
3.4499999999998416,-0.7466714860519468,-0.12773493084461376,2.4345499843615466,-0.7441343307393616,-0.12999121786107534,-0.0025371553125851376,-0.2014436438608591,7.23867231207146,37.96406106405256,30.736610910741426,30.7253887519811,2.3686337240618465
3.4519999999998414,-0.7469220851487649,-0.12286334153504651,2.4370232983104114,-0.7443846779427418,-0.12517360169005293,-0.0025374072060231345,-0.19671896415981394,7.250954721458504,37.98758918651804,30.747454406965524,30.736634465059538,2.3726530373250636
3.453999999999841,-0.7471629361844597,-0.1179869017911298,2.439400402752312,-0.7446253800551913,-0.12035105622476551,-0.0025375561292684257,-0.19198532374350208,7.262952081552631,38.01042885314538,30.75789427853234,30.747476771592744,2.3765790736651327
3.455999999999841,-0.7473940296506447,-0.11310580412635633,2.4416812038432347,-0.7448564275967966,-0.11552377080264932,-0.0025376020538481203,-0.18724295463792284,7.274663873833572,38.032579348146356,30.7679303352568,30.75791547431278,2.3804116633087626
3.4579999999998408,-0.7476153564241456,-0.1082202412381041,2.4438656115410575,-0.7450778114666557,-0.11069193492957156,-0.0025375449574898123,-0.1824920908887906,7.286089589375201,38.054039973020025,30.77756239460824,30.767950383644827,2.3841506396234475
3.4599999999998405,-0.7478269077673602,-0.10333040600003054,2.4459535396091043,-0.7452895229432136,-0.10585573827891179,-0.00253738482414656,-0.17773296820807793,7.297228729209589,38.07481004687334,30.786790281670783,30.777581317663746,2.387795839236678
3.4619999999998403,-0.7480286753286037,-0.09843649145445808,2.447944905619551,-0.7454915536845937,-0.10101537069004488,-0.0025371216440099875,-0.1729658236485676,7.308080804662441,38.09488890671488,30.79561382910581,30.78680810205244,2.3913471021458417
3.46399999999984,-0.7482206511424384,-0.09353869080475466,2.4498396309566766,-0.7456838957289262,-0.09617102216625943,-0.0025367554135121706,-0.16819089530502485,7.318645337661677,38.11427590772406,30.80403287711577,30.795630570062382,2.3948042718192615
3.46599999999984,-0.7484028276299879,-0.08863719740770078,2.45163764081997,-0.7458665414946706,-0.0913228828721454,-0.0025362861353173116,-0.16340842204018635,7.328921861020581,38.13297042349644,30.812047273410073,30.804048562475856,2.3981671952889627
3.4679999999998397,-0.7485751975992363,-0.08373220476586442,2.4533388642270793,-0.7460394837809315,-0.08647114313048157,-0.0025357138183047523,-0.15861864323496278,7.338909918696486,38.15097184626678,30.819656873172256,30.81206192757029,2.4014357232353687
3.4699999999998394,-0.7487377542453124,-0.07882390651995641,2.454943234016618,-0.7462027157677689,-0.08161599341865572,-0.0025350384775435497,-0.15382179856065026,7.348609066026816,38.16827958711111,30.82686153902925,30.81967052108429,2.404609710064645
3.471999999999839,-0.7488904911507581,-0.07391249644118714,2.4564506868508147,-0.7463562310164982,-0.07675762436464577,-0.002534260134259947,-0.14901812777219892,7.358018869943839,38.18489307612949,30.833661141021967,30.826874206185654,2.4076890139789997
3.473999999999839,-0.7490334022857821,-0.06899816842361683,2.457861163218011,-0.7465000234699833,-0.0718962267425894,-0.002533378815798737,-0.14420787052143957,7.367138909168839,38.20081176260999,30.84005555657776,30.83367285344115,2.410673497040304
3.4759999999998388,-0.7491664820084971,-0.06408111647650236,2.4591746074350156,-0.7466340874529193,-0.06703199146797106,-0.002532394555577855,-0.1393912661887633,7.375968774387502,38.2160351151756,30.846044670484527,30.840066340788095,2.4135630252275266
3.4779999999998386,-0.7492897250651439,-0.059161534716632436,2.4603909676493005,-0.7467584176721042,-0.0621651095924514,-0.00253130739303975,-0.1345685537321364,7.384508068407538,38.230562621915354,30.851628374866415,30.846054553507813,2.416357468488341
3.4799999999998383,-0.7494031265902975,-0.054239617360672676,2.461510195841047,-0.7468730092167009,-0.05729577229836385,-0.002530117373596652,-0.1297399715527714,7.392756406299129,38.244393790499956,30.856806569161108,30.851637384200828,2.419056700785132
3.481999999999838,-0.74950668210706,-0.049315558717492616,2.462532247825042,-0.7469778575584867,-0.05242417089290281,-0.002528824548573283,-0.12490575737562981,7.40071341552011,38.25752814828377,30.861579160098973,30.85681473276366,2.4216606001359997
3.483999999999838,-0.7496003875272366,-0.04438955318049615,2.463457083252423,-0.7470729585520908,-0.04755049680202454,-0.0025274289751457957,-0.12006614814420846,7.408378736026495,38.26996524239426,30.865946061683708,30.86158650636776,2.424169048650936
3.4859999999998377,-0.749684239151498,-0.03946179521994721,2.464284665612272,-0.7471583084352189,-0.04267494156408402,-0.0025259307162790456,-0.11522137992879244,7.415752020369021,38.28170463980882,30.869907195174545,30.865952619439803,2.4265819325634497
3.4879999999998375,-0.7497582336695255,-0.034532479375293794,2.4650149622330537,-0.7472339038288653,-0.03779769682322766,-0.0025243298406602,-0.11037168784679441,7.42283293377715,38.29274592742098,30.87346248907034,30.86991299364383,2.428899142258073
3.4899999999998372,-0.7498223681601425,-0.029601800247482327,2.465647944283908,-0.7472997417375105,-0.03291895432256056,-0.0025226264226320128,-0.10551730599418985,7.4296211542316,38.303088712096844,30.876611879095087,30.873467557865247,2.431120572294097
3.491999999999837,-0.7498766400914288,-0.024669952491283488,2.466183586775788,-0.7473558195493046,-0.028038905897107152,-0.0025208205421242136,-0.1006584673882811,7.436116372524981,38.31273262072136,30.879355308185083,30.876616248196385,2.4332461214254444
3.493999999999837,-0.7499210473208218,-0.01973713080760202,2.466621868562444,-0.7474021350362378,-0.023157743466584016,-0.0025189122845840073,-0.0957954039195057,7.442318292313027,38.32167730023669,30.881692726477972,30.879359007923668,2.43527569261743
3.4959999999998366,-0.7499555880951998,-0.014803529935791647,2.466962772341263,-0.7474386863542938,-0.018275659027999627,-0.002516901740906019,-0.09092834631242042,7.448226630156201,38.32992241767301,30.883624091303034,30.88169578751681,2.4372091930603705
3.4979999999998364,-0.7499802610509524,-0.009869344645967112,2.4672062846539466,-0.7474654720435899,-0.013392844648096966,-0.0025147890073624612,-0.08605752409499878,7.4538411155524305,38.337467660171775,30.885149367173433,30.883626544619347,2.439046534180316
3.499999999999836,-0.7499950652140335,-0.004934769731316375,2.467352395887046,-0.7474824910285013,-0.00850949245565502,-0.0025125741855321904,-0.08118316557553396,7.459161490961907,38.34431273500292,30.88626852577996,30.88515124404102,2.440787631647148
3.501999999999836,-0.75,-4.049293881404026e-13,2.4674011002723395,-0.7474897426177686,-0.003625794633661761,-0.002510257382231429,-0.07630549782595963,7.464187511824937,38.350457369576716,30.88698154598638,30.886269857751778,2.442432405380423
3.5039999999998357,-0.749995065214035,0.004934769730506532,2.467352395887062,-0.7474872265045913,0.0012580565886274198,-0.0025078387094437105,-0.07142474667238119,7.4689189465721215,38.35590131144963,30.887288413826564,30.886982364877504,2.4439807795527013
3.5059999999998355,-0.7499802610509556,0.009869344645158712,2.4672062846539786,-0.7474749427667039,0.006141868943733988,-0.002505318284251712,-0.06654113669038697,7.473355576629377,38.36064432832677,30.887189122503035,30.887288751697398,2.4454326825911648
3.5079999999998353,-0.7499555880952047,0.014803529934983326,2.466962772341311,-0.7474528918664357,0.011025450134091737,-0.0025026962287689747,-0.06165489120595424,7.4774971964167865,38.36468620805966,30.886683672387285,30.887189011642874,2.4467880471772503
3.509999999999835,-0.7499210473208282,0.01973713080679381,2.466621868562508,-0.7474210746507551,0.015908607840261928,-0.0024999726700730696,-0.05676623230096656,7.4813436133424664,38.36802675864076,30.885772071021755,30.886683145298292,2.4480468102446213
3.511999999999835,-0.749876640091437,0.02466995249047403,2.466183586775868,-0.7473794923512967,0.020791149729218868,-0.0024971477401402042,-0.051875380822897554,7.484894647791802,38.370665808195085,30.884454333123237,30.885771160403284,2.4492089129756254
3.5139999999998346,-0.7498223681601522,0.029601800246673044,2.465647944284004,-0.7473281465843714,0.02567288346269524,-0.0024942215757808306,-0.04698255639779525,7.488150133112825,38.372603204969366,30.88273048058823,30.88445307185654,2.450274300796519
3.5159999999998344,-0.7497582336695369,0.03453247937448472,2.4650149622331656,-0.7472670393509603,0.03055361670557983,-0.002491194318576584,-0.042087977447340386,7.491109915597245,38.37383881731888,30.88060054249962,30.882728901721634,2.451242923371208
3.517999999999834,-0.749684239151511,0.03946179521913976,2.4642846656124,-0.7471961730366916,0.03543315713435778,-0.0024880661148193317,-0.03719186120810658,7.4937738544586185,38.37437253369267,30.878064555135097,30.88059867923405,2.4521147345941166
3.519999999999834,-0.7496003875272511,0.04438955317968898,2.463457083252567,-0.7471155504118004,0.04031131244558688,-0.0024848371154506665,-0.03229442375339531,7.4961418218076155,38.374204262617695,30.875122561977204,30.878062440810083,2.4528896925820582
3.5219999999998337,-0.7495066821070762,0.04931555871668435,2.4625322478252016,-0.7470251746310717,0.04518789036440233,-0.0024815074760045075,-0.027395880017654584,7.498213702624143,38.37333393268142,30.87177461372512,30.875120230057277,2.4535677596651153
3.5239999999998335,-0.7494031265903154,0.054239617359864746,2.4615101958412224,-0.7469250492334456,0.05006269881301113,-0.002478077356869779,-0.022496443821932388,7.4999893947280984,38.371761492514715,30.86802076830776,30.871772097786618,2.4541489023770224
3.5259999999998333,-0.7492897250651633,0.05916153471582487,2.460390967649492,-0.7468151781431863,0.05493554512965086,-0.0024745469219770166,-0.01759633578644859,7.501468800862421,38.369486902888504,30.863861090897153,30.868018102026085,2.454633088864577
3.527999999999833,-0.7491664820085182,0.0640811164756952,2.459174607435223,-0.746695565668008,0.05980623758916119,-0.002470916340510221,-0.012695744504637396,7.5026518675124825,38.36651017552875,30.859295653931653,30.86385830801627,2.4550203015906913
3.529999999999833,-0.7490334022858046,0.0689981684228115,2.457861163218234,-0.7465662164999037,0.06467458405213554,-0.0024671857859008828,-0.007794900850887743,7.503538510600036,38.362831298922984,30.85432453712405,30.85929278832295,2.455310513017655
3.5319999999998326,-0.7488904911507823,0.07391249644038227,2.4564506868510536,-0.746427135714926,0.06954039248887758,-0.002463355435856296,-0.002894011354067416,7.504128682094322,38.35845030477164,30.84894782748708,30.85432162267731,2.4555037074067716
3.5339999999998324,-0.7487377542453383,0.07882390651915065,2.4549432340168735,-0.7462783287729949,0.07440347096555736,-0.002459425472343346,0.0020067165550701205,7.504422344763707,38.353367242914096,30.843165619354146,30.84894489815039,2.455599872554858
3.535999999999832,-0.7485751975992638,0.08373220476505917,2.4533388642273506,-0.7461198015177086,0.07926362764315428,-0.0024553960815552056,0.0069070756016529344,7.504419473226338,38.34758218234597,30.83697801440206,30.84316270911963,2.4555990001381707
3.537999999999832,-0.748402827630017,0.08863719740689609,2.451637640820257,-0.7459515601761445,0.08412067078204738,-0.0024512674538724744,0.01180685910165824,7.5041200543778475,38.34109521167188,30.8303851216754,30.836975157294027,2.455501085852392
3.5399999999998317,-0.7482206511424692,0.09353869080395057,2.4498396309569794,-0.7457736113586466,0.08897440874896548,-0.0024470397838225466,0.016705861122424892,7.503524087544253,38.33390643928398,30.823387057612628,30.830382351739722,2.4553061294626524
3.5419999999998315,-0.748028675328636,0.098436491453656,2.4479449056198694,-0.7455859620585968,0.09382465002488254,-0.0024427132700391985,0.021603876527592547,7.502631584518854,38.326015993425685,30.815983946073608,30.823384408906833,2.4550141348155945
3.5439999999998313,-0.747826907767394,0.1033304059992291,2.4459535396094387,-0.7453886196521703,0.09867120321327426,-0.00243828811522373,0.02650070097525603,7.501442569551832,38.317424022209316,30.808175918368917,30.815981452657482,2.4546251098359644
3.545999999999831,-0.7476153564241811,0.10822024123730198,2.443865611541408,-0.7451815918980733,0.10351387704849738,-0.0024337645261077734,0.03139613089808879,7.499957079321484,38.30813069361704,30.79996311329057,30.808173614295555,2.4541390665171603
3.547999999999831,-0.7473940296506819,0.11310580412555492,2.441681203843601,-0.7449648869372649,0.1083524804041999,-0.0024291427134169874,0.03628996347718161,7.498175162898618,38.29813619549635,30.791345677144406,30.79996103259773,2.4535560209095717
3.5499999999998306,-0.7471629361844985,0.11798690179032914,2.4394004027526943,-0.7447385132926615,0.1131868223017219,-0.002424422891836975,0.04118199661296629,7.496096881707639,38.287440735553844,30.782323763783918,30.791343853846207,2.4528759931078152
3.5519999999998304,-0.7469220851488052,0.12286334153424662,2.4370232983108098,-0.7445024798688246,0.11801671191847454,-0.002419605279980641,0.04607202889672024,7.49372230948769,38.27604454135048,30.772897534645693,30.782322231862793,2.452099007238008
3.55399999999983,-0.7466714860519887,0.12773493084381607,2.4345499843619596,-0.744256795951632,0.12284195859628827,-0.0024146901003567756,0.0509598595821501,7.491051532253454,38.26394786029817,30.7630671587863,30.772896328044713,2.4512250914449165
3.55599999999983,-0.746411148787272,0.132601477397033,2.4319805585483447,-0.7440014712079325,0.1276623718497302,-0.0024096775793395198,0.05584528855800919,7.488084648256515,38.25115095965824,30.752832812920758,30.763066311401722,2.450254277879299
3.5579999999998297,-0.7461410836323248,0.13746278907097106,2.4293151223064964,-0.7437365156851837,0.13247776137438605,-0.0024045679471410564,0.060728116321187464,7.484821767946726,38.23765412654155,30.742194681462593,30.752832358594823,2.4491866026852422
3.5599999999998295,-0.7458613012488566,0.14231867394937195,2.4265537808632724,-0.7434619398110736,0.13728793705510914,-0.0023993614377830763,0.06560814395170489,7.481263013935088,38.22345766791169,30.731152956565154,30.742194653976604,2.448022105987981
3.5619999999998293,-0.7455718126821973,0.14716894033021394,2.4236966432317057,-0.7431777543931251,0.14209270897423243,-0.002394058289072243,0.07048517308739655,7.47740852095574,38.20856191058851,30.71970783816454,30.731153389632766,2.446760831881463
3.563999999999829,-0.7452726293608595,0.1520133967332853,2.4207438222066977,-0.7428839706182856,0.14689188741974485,-0.0023886587425738792,0.07535900590097011,7.473258435829931,38.1929672012552,30.7078595340242,30.719708765425267,2.4454028284165408
3.565999999999829,-0.7449637630960886,0.1568518519077422,2.4176954343605663,-0.7425806000524987,0.15168528289343236,-0.0023831630435898754,0.08022944507743546,7.468812917429989,38.17667390646715,30.69560825978057,30.707860989037165,2.4439481475891327
3.5679999999998286,-0.7446452260813957,0.16168411483965922,2.4145516000384437,-0.7422676546402608,0.15647270611898095,-0.002377571441134929,0.08509629379282391,7.464072136643937,38.15968241266236,30.682954238990472,30.695610276018424,2.442396845328665
3.5699999999998284,-0.744317030892077,0.16650999475956854,2.4113124433535273,-0.7419451467041607,0.16125396805004416,-0.00237188418791634,0.0899593556939271,7.459036276340823,38.14199312617433,30.66989770317985,30.682956849833502,2.4407489814866903
3.571999999999828,-0.7439791904847163,0.1713293011499969,2.4079780921821747,-0.7416130889444041,0.16602887987827272,-0.0023661015403121377,0.09481843487956532,7.453705531337064,38.12360647324738,30.65643889189391,30.669900941910313,2.4390046198258597
3.573999999999828,-0.7436317181966746,0.17614184375297862,2.4045486781588616,-0.7412714944383215,0.17079725304130708,-0.002360223758353097,0.09967333588214178,7.448080108362641,38.10452290005309,30.642578052748714,30.656442791690452,2.4371638280088455
3.5759999999998278,-0.7432746277455627,0.1809474325775721,2.4010243366709814,-0.7409203766398601,0.1755588992307346,-0.0023542511057026427,0.10452386365126376,7.442160226028893,38.08474287270989,30.628315441483977,30.642582646680996,2.4352266775877833
3.5779999999998275,-0.7429079332287005,0.18574587790735902,2.397405206853502,-0.7405597493790601,0.18031363040000734,-0.0023481838496404173,0.1093698235377687,7.4359461147962245,38.064266877303666,30.61365132201759,30.62832076250744,2.433193243993706
3.5799999999998273,-0.7425316491225593,0.1905369903079341,2.393691431583471,-0.7401896268615155,0.18506125877232538,-0.0023420222610438524,0.11421102127936766,7.42943801694312,38.04309541991148,30.598585966501073,30.613657402968364,2.4310636065263505
3.581999999999827,-0.7421457902821915,0.19532058063438204,2.3898831574743786,-0.7398100236678185,0.1898015968484821,-0.0023357666143730693,0.11904726298686708,7.422636186535026,38.021229026626,30.583119655376727,30.598592840090973,2.4288378483440174
3.583999999999827,-0.7417503719406434,0.20009646003875028,2.3859805348703635,-0.7394209547529891,0.19453445741467437,-0.002329417187654337,0.12387835513218626,7.415540889394918,37.99866824358337,30.56725267743577,30.58312735418845,2.4265160564538566
3.5859999999998267,-0.7413454097083539,0.20486443997749623,2.3819837178402845,-0.7390224354458885,0.19925965355027583,-0.002322974262465416,0.128704104536566,7.408152403073225,37.975413636991306,30.550985329878174,30.56726123391808,2.424098321702083
3.5879999999998264,-0.7409309195725388,0.20962433221893592,2.377892864171635,-0.7386144814486174,0.2039769986355744,-0.0023164381239213494,0.13352431836044865,7.40047101681935,37.95146579316068,30.534317918373358,30.550994776341327,2.4215847387645812
3.589999999999826,-0.7405069178965586,0.21437594885067404,2.3737081353643124,-0.7381971088358985,0.20868630635947547,-0.0023098090606601396,0.13833880409427568,7.392497031553353,37.92682531853784,30.517250757122447,30.534328286984483,2.4189754061376676
3.591999999999826,-0.7400734214192738,0.2191191022870219,2.369429696624245,-0.7377703340544441,0.21338739072716909,-0.002303087364829648,0.14314736955009444,7.384230759838185,37.90149283973934,30.499784168921636,30.51726207990116,2.41627042612897
3.593999999999826,-0.739630447254383,0.22385360527640213,2.3650577168568696,-0.7373341739223086,0.21808006606776342,-0.0022962733320743833,0.14794982285423597,7.375672525852459,37.87546900358804,30.481918485226807,30.49979647773558,2.4134699048485126
3.5959999999998256,-0.7391780128897475,0.2285792709087462,2.360592368660459,-0.7368886456282249,0.2227641470418835,-0.0022893672615226235,0.1527459724413438,7.366822665364158,37.84875447715156,30.463654046219432,30.4819318117874,2.410573952200094
3.5979999999998253,-0.7387161361867015,0.23329591262286514,2.3560338283193154,-0.7364337667306196,0.22743944880263642,-0.0022823694560819563,0.15753562704837787,7.357681525703861,37.82134994778149,30.44499120087343,30.46366842207763,2.407582681872517
3.599999999999825,-0.7382448353793463,0.23800334421382036,2.351382275796806,-0.7359695551581276,0.2321057862460167,-0.0022752802212187007,0.16231858814972178,7.348249458178608,37.79325611559412,30.425930307021872,30.445006657415508,2.4044962088572395
3.601999999999825,-0.7377641290738308,0.24270137984027298,2.346637894728259,-0.7354960292071913,0.23676297546815125,-0.0022680998666395613,0.16709468721056275,7.338526855301987,37.76447373068867,30.40647173143269,30.425946875386686,2.401314661631351
3.6039999999998247,-0.7372740362476169,0.24738983403182088,2.341800872413716,-0.7350132075422522,0.2414108324695512,-0.0022608287053647036,0.17186371446549664,7.328514079557037,37.73500352237178,30.386615849869557,30.40648944281474,2.3980381588451896
3.6059999999998245,-0.7367745762487303,0.2520685216963191,2.336871399810537,-0.7345211091949393,0.2460491736564389,-0.002253467053791036,0.17662548281801183,7.318211527264219,37.70484626235234,30.366363047168896,30.386634735088123,2.3946668302242227
3.6079999999998242,-0.7362657687949963,0.2567372581271925,2.3318496715258563,-0.7340197535632856,0.2506778158268105,-0.0022460152317106408,0.18137980367571238,7.307619604398529,37.67400274129161,30.34571371731189,30.36638313689308,2.3912008086542667
3.609999999999824,-0.735747633973262,0.26139585901071966,2.3267358858089104,-0.7335091604109485,0.25529657616859275,-0.0022384735623135477,0.186126487986777,7.296738727602055,37.64247376963984,30.324668263497966,30.345735042037788,2.3876402305129676
3.611999999999824,-0.7352201922386032,0.2660441404333145,2.321530244543203,-0.7329893498664221,0.25990527226320104,-0.0022308423721811854,0.19086534668882038,7.2855693246088045,37.610260178146234,30.303227098219317,30.32469085353743,2.3839852358088467
3.6139999999998236,-0.7346834644135162,0.2706819188887855,2.3162329532385373,-0.7324603424222393,0.2645037220913472,-0.002223121991276833,0.19559619089387503,7.274111834405331,37.57736281809857,30.28139064333643,30.30325098369324,2.3802359682338654
3.6159999999998234,-0.7341374716870966,0.2753090112855805,2.310844221022904,-0.7319221589341599,0.26909174403974173,-0.002215312752936738,0.20031883196312883,7.262366707280678,37.54378256145058,30.2591593301548,30.281415854169897,2.376392575179769
3.617999999999823,-0.7335822356142025,0.27992523495401317,2.305364260634225,-0.7313748206203436,0.2736691569081333,-0.0022074149938589027,0.2050330815374961,7.250334404831766,37.509520300904626,30.23653359950238,30.25918589607286,2.3724552077398386
3.619999999999823,-0.7330177781146031,0.28453040765348,2.2997932884119505,-0.7308183490605107,0.27823577991646004,-0.0021994290540924277,0.2097387515510798,7.238015399951209,37.474576949977305,30.213513901808028,30.2365615500261,2.368424020704891
3.6219999999998227,-0.7324441214721141,0.28912434757964667,2.2941315242885265,-0.7302527661950866,0.2827914327120254,-0.002191355277027518,0.21443565423771282,7.225410176807799,37.43895344305855,30.190100697180924,30.213543266250753,2.3642991725568923
3.6239999999998225,-0.7318612883337174,0.2937068733716311,2.288379191780706,-0.7296780943243333,0.2873359353766647,-0.0021831940093841595,0.21912360213632276,7.2125192308253885,37.40265073546987,30.16629445549085,30.190131504644484,2.360080825462024
3.6259999999998223,-0.7312693017086674,0.29827780411916155,2.2825365179807267,-0.7290943561074655,0.2918691084338895,-0.0021749456012019053,0.22380240809529095,7.199343068660332,37.365669803522216,30.142095656448994,30.166326734861887,2.3557691452632903
3.627999999999822,-0.7306681849675825,0.3028369593697188,2.276603733547346,-0.7285015745617536,0.2963907728560055,-0.0021666104058288838,0.22847188527727447,7.18588220817889,37.32801164457417,30.11750478969012,30.142129436395276,2.351364301473131
3.629999999999822,-0.7300579618415224,0.30738415913565875,2.270581072696737,-0.7278997730616111,0.30090075007120287,-0.002158188779911252,0.23313184716429092,7.1721371784345855,37.28967727709144,30.092522354854978,30.11754009865686,2.346866467265985
3.6319999999998216,-0.7294386564210509,0.3119192239013233,2.2644687731932334,-0.7272889753376699,0.30539886197061966,-0.002149681083380983,0.2377821075637776,7.158108519646011,37.25066774070718,30.0671488616739,30.092559221061165,2.3422758194710167
3.6339999999998214,-0.7288102931552859,0.3164419746301195,2.2582670763399557,-0.7266692054758391,0.309884930915377,-0.0021410876794467626,0.24242248061403604,7.143796783173646,37.21098409628237,30.041384830050745,30.06718731310872,2.3375925385645298
3.635999999999821,-0.7281728968509331,0.32095223277159274,2.251976226969277,-0.726040487916352,0.314358779743588,-0.0021324089345811092,0.2470527807912104,7.129202531497734,37.17062742596762,30.015230790147925,30.04142489446989,2.332816808662714
3.637999999999821,-0.7275264926713071,0.32544982026847447,2.2455964734331584,-0.7254028474527974,0.3188202317773401,-0.0021236452185097177,0.2516728229161096,7.114326338195667,37.129598833265675,29.988687282471687,30.015272495070004,2.3279488175142165
3.6399999999998207,-0.7268711061353385,0.32993455956371,2.2391280675933474,-0.7247563092311381,0.3232691108296511,-0.0021147969042003556,0.2562824221612221,7.09916878791899,37.087899443093626,29.96175485795836,29.988730655174635,2.3229887564926366
3.6419999999998205,-0.726206763116565,0.3344062736074737,2.2325712648114275,-0.7241008987487153,0.3277052412113994,-0.0021058643678496525,0.2608813940589423,7.08373047637132,37.04553040184719,29.9344340780611,29.96179992547587,2.3179368205892703
3.6439999999998203,-0.7255334898421116,0.33886478586415064,2.225926323938747,-0.7234366418532389,0.33212844773822864,-0.0020968479888727742,0.26546955450879217,7.068012010284811,37.002492877463794,29.90672551483721,29.934480867178987,2.312793208405402
3.64599999999982,-0.7248513128916545,0.3433099203193111,2.2191935073061937,-0.722763564741764,0.3365385557374277,-0.002087748149890545,0.2700467197860723,7.052014007397631,36.958788059487574,29.878629751035877,29.906774052089943,2.3075581221449126
3.64799999999982,-0.7241602591963716,0.3477415014866581,2.21237308071384,-0.7220816939596544,0.34093539105478415,-0.0020785652367172336,0.2746127065501458,7.035737096430545,36.91441715913348,29.850147380186772,29.878680062702937,2.3022317676066364
3.6499999999998196,-0.7234603560378794,0.3521593544149553,2.205465313420449,-0.7213910563995316,0.34531878006141487,-0.002069299638347788,0.27916733185335385,7.019181917063928,36.869381409353096,29.821279006688705,29.850199492289168,2.296814354176786
3.6519999999998194,-0.7227516310471565,0.3565633046949323,2.198470478132848,-0.7206916793002105,0.34968854966057056,-0.002059951746945954,0.28371041314959733,7.002349119913808,36.82368206489929,29.792025245899033,29.82133294498548,2.291306094821137
3.653999999999819,-0.7220341122034515,0.36095317846617536,2.1913888509951525,-0.7199835902456216,0.3540445272944154,-0.002050521957829843,0.28824176830397885,6.985239366508634,36.77732040239234,29.762386724223447,29.792081035883704,2.285707206077406
3.655999999999819,-0.7213078278331799,0.3653288024239834,2.1842207115778787,-0.7192668171637201,0.35838654095078365,-0.0020410106694598307,0.29276121560157087,6.967853329264891,36.73029772038544,29.732364079206043,29.762444391120546,2.280017908047237
3.6579999999998187,-0.7205728066088053,0.3696900038262149,2.1769663428668964,-0.7185413883253803,0.36271441916991065,-0.0020314182834250127,0.2972685737571714,6.95019169146303,36.68261533943069,29.70195795961986,29.73242364796766,2.274238424388344
3.6599999999998185,-0.7198290775477069,0.37403661050010595,2.1696260312522613,-0.717807332343278,0.3670279910511402,-0.002021745204428882,0.3017636619248858,6.932255147223029,36.634274602145176,29.67116902555759,29.702019454922144,2.2683689823064848
3.6619999999998183,-0.7190766700110345,0.3783684508490678,2.1622000665169074,-0.7170646781707588,0.37132708625960736,-0.002011991840275673,0.30624629970784945,6.914044401479541,36.58527687327687,29.639997948522872,29.671232471797325,2.262409812547333
3.663999999999818,-0.7183156137025497,0.3826853538594594,2.154688741825209,-0.716313455100693,0.3756115350328972,-0.0020021586018567072,0.31071630716794996,6.895560169956792,36.53562353977088,29.608445411521537,29.64006336981409,2.256361149388224
3.665999999999818,-0.717545938667452,0.38698714910734416,2.1470923537113995,-0.7155536927640284,0.3798811683323416,-0.0019922459034236173,0.31517350483622053,6.876803179143547,36.485316010835604,29.57651210915325,29.608512831692057,2.2502232306299765
3.6679999999998176,-0.7167676752911939,0.39127366676521025,2.1394112020678757,-0.7147854211297571,0.38413581713566264,-0.001982254161436825,0.3196177065921786,6.857774159136765,36.43435571087811,29.544198747701987,29.57658155174134,2.24399629525518
3.6699999999998174,-0.7159808542982811,0.3955447376086803,2.1316455901333535,-0.7140086705021359,0.38837531381056617,-0.001972183796145166,0.3240487548076132,6.838473878747869,36.382744114577015,29.51150604523363,29.544270235829146,2.2376805949161005
3.671999999999817,-0.7151855067510589,0.3998001930231907,2.1237958244808945,-0.7132234715203507,0.3925994908926245,-0.001962035230708148,0.32846645320261825,6.818903078327628,36.33048268041247,29.47843473167959,29.511579602084844,2.231276371951818
3.673999999999817,-0.7143816640484869,0.40403986501064804,2.1158622150058064,-0.7124298551572361,0.39680818155729997,-0.0019518088912507947,0.33287062710247195,6.79906252997855,36.27757290980579,29.444985548934007,29.47851037982724,2.2247838790934655
3.6759999999998167,-0.7135693579248987,0.4082635861960607,2.107845074913408,-0.7116278527180232,0.4010012196064399,-0.0019415052068755267,0.33726110067383264,6.778953014757837,36.2240163254545,29.411159250945353,29.445063310696664,2.218203372003172
3.6779999999998165,-0.7127486204487486,0.41247118983415076,2.0997447207066595,-0.710817495839091,0.4051784394660691,-0.0019311246096576085,0.34163769790848786,6.75857532362299,36.169814471976956,29.37695660380877,29.411239148353967,2.2115351095836044
3.6799999999998163,-0.7119194840213473,0.4166625098159299,2.0915614721736757,-0.7099988164867125,0.409339676189284,-0.0019206675346348234,0.34600024305598964,6.737930257826219,36.11496891641797,29.342378385858094,29.37703865859175,2.204779354107048
3.681999999999816,-0.7110819813755811,0.42083738067526205,2.083295652375097,-0.7091718469557899,0.41348476546127394,-0.001910134419791154,0.3503485608081567,6.71701862906033,36.05948124849395,29.307425387758165,29.342462619433626,2.1979363712631543
3.683999999999816,-0.7102361455746204,0.4249956375953942,2.074947587631337,-0.7083366198685795,0.4176135436051892,-0.0018995257060409054,0.354682476378291,6.695841259499033,36.003353080728424,29.272098412596918,29.30751182122939,2.191006430172109
3.6859999999998156,-0.7093820100106144,0.42913711641546315,2.066517607509696,-0.7074931681734029,0.42172584758833087,-0.0018888418372114968,0.35900181553814736,6.674398981794499,35.9465860485426,29.2363982759775,29.272187066748103,2.183989803383848
3.6879999999998154,-0.7085196084033728,0.4332616536369752,2.058006044811358,-0.706641525143346,0.425821515028449,-0.0018780832600268083,0.36330640463792907,6.652692639057745,35.889181810328495,29.200325806110126,29.236489171270748,2.1768867668715943
3.689999999999815,-0.707648974799034,0.4373690864302658,2.0494132355582395,-0.7057817243749459,0.42990038420006516,-0.001867250424088085,0.3675960706202348,6.630723084832373,35.83114204751455,29.163881843903923,29.20041896268217,2.169697600023276
3.691999999999815,-0.7067701435687221,0.44145925264091984,2.040739518979738,-0.7049137997868643,0.43396229404078707,-0.0018563437818578388,0.3718706410306334,6.608491183064721,35.772468464627785,29.1270672430584,29.163977281563064,2.162422585631734
3.6939999999998148,-0.7058831494071893,0.44553199079617894,2.0319852374993337,-0.7040377856185491,0.43800708415760475,-0.0018453637886401975,0.3761299440282926,6.585997808073594,35.713162789355025,29.0898828701547,29.12716498128143,2.1550620098848023
3.6959999999998145,-0.7049880273314464,0.44958714011131434,2.0231507367210684,-0.7031537164288828,0.44203459483316077,-0.001834310902563585,0.3803738083957775,6.56324384451879,35.65322677260278,29.05232960474669,29.08998292808399,2.147616162354997
3.6979999999998143,-0.7040848126793801,0.4536245404959747,2.014236365415907,-0.7022616270948188,0.4460446670319956,-0.0018231855845612932,0.38460206354891735,6.540230187369317,35.59266218855645,29.01440833945171,29.052432001187135,2.140085335989106
3.699999999999814,-0.7031735411083586,0.45764403256050473,2.005242475507966,-0.7013615528099865,0.4500371424161519,-0.001811988298372147,0.38881453954641554,6.516957741871012,35.53147083473886,28.97611998004072,29.01451309286785,2.132469827097562
3.701999999999814,-0.7022542485938228,0.46164545762224257,1.9961694220606145,-0.7004535290801844,0.45401186490099404,-0.0018007195136383602,0.39301106663752794,6.493427423051728,35.46965453160558,28.93746544552831,28.97622710855385,2.1247699351925404
3.7039999999998137,-0.7013269714278673,0.465628657711777,1.9870175632624698,-0.6995375917199648,0.4579686801098197,-0.0017893797079024942,0.39719139888906785,6.469640079305609,35.4072150462148,28.89844566822847,28.93757496690919,2.1169859379832965
3.7059999999998134,-0.7003917462178066,0.46959347557918907,1.9777872604132465,-0.698613776851696,0.4619074341343548,-0.0017779693661106322,0.4013552407703953,6.445596518928462,35.34415411808785,28.859061593825317,28.89855759915939,2.109118100061276
3.7079999999998132,-0.6994486098847311,0.47353975470025805,1.9684788779094964,-0.6976821209045906,0.4658279735527048,-0.0017664889801405348,0.40550230816382893,6.421297571080478,35.28047352044929,28.819314181472425,28.85917594936881,2.1011666928497013
3.709999999999813,-0.6984975996620479,0.47746733928264135,1.959092783230222,-0.6967426606136957,0.46973014544742786,-0.001754939048352222,0.409632327884097,6.396744085262645,35.21617506036285,28.77920440389095,28.819430975100207,2.0931319944319364
3.711999999999813,-0.6975387530940128,0.4813760742720238,1.9496293469223727,-0.6957954330188495,0.4736137974231378,-0.0017433200751633127,0.4137450371851843,6.371936930780182,35.15126057829388,28.73873324746661,28.779323647513696,2.0850142893756134
3.7139999999998126,-0.6965721080342457,0.4852658053582429,1.9400889425862042,-0.6948404754636023,0.47747877762359925,-0.0017316325706434599,0.41784018328523764,6.346876996223605,35.08573194768831,28.697901712345292,28.738854951464702,2.0768138685625255
3.7159999999998123,-0.6955977026442388,0.4891363789813746,1.9304719468605467,-0.6938778255941056,0.4813249347483155,-0.0017198770501332117,0.42191752290913787,6.32156518896709,35.0195910745674,28.656710812527457,28.698025885600313,2.068531029024214
3.717999999999812,-0.6946155753918484,0.49298764233779974,1.9207787394079248,-0.6929075213579683,0.48515211806862746,-0.0017080540338800798,0.4259768218516413,6.296002434686928,34.95283989714138,28.615161575961373,28.65683746245445,2.060166073784135
3.719999999999812,-0.6936257650497768,0.4968194433862354,1.9110097028995712,-0.6919296010030817,0.48896017744334014,-0.0016961640466951478,0.4300178545583533,6.270189676897523,34.88548038543929,28.573255044635033,28.615290708541764,2.051719311705554
3.7219999999998117,-0.6926283106940414,0.5006316308537374,1.9011652230003193,-0.6909441030764139,0.4927489633338942,-0.0016842076176275533,0.4340404037248211,6.244127876505044,34.81751454095529,28.530992274666787,28.57338666445024,2.0431910573452514
3.7239999999998115,-0.6916232517024327,0.5044240542416708,1.891245688353383,-0.6899510664227756,0.4965183268191022,-0.001672185279657068,0.4380442599124237,6.217818011377509,34.748944396309845,28.488374336394664,28.531126384932335,2.034581630812605
3.7259999999998112,-0.6906106277529579,0.5081965638316563,1.8812514905649989,-0.6889505301835567,0.5002681196094654,-0.0016600975694012199,0.4420292211815475,6.191261075931718,34.67977201492664,28.44540231446468,28.48851093899492,2.0258913576341984
3.727999999999811,-0.6895904788222772,0.5119490106914735,1.8711830241889855,-0.6879425337954345,0.5039981940610886,-0.0016479450268427343,0.4459950927390066,6.164458080734193,34.60999949072219,28.402077307917402,28.445541409987992,2.0171205686230014
3.729999999999811,-0.6885628451841235,0.5156812466809457,1.861040686711156,-0.6869271169890561,0.507708403189211,-0.0016357281950674096,0.4499416866018686,6.137410052117943,34.539628947809675,28.3584004302737,28.402218895691732,2.0082695997527735
3.7319999999998106,-0.6875277674077132,0.5193931244577867,1.850824878533627,-0.6859043197876933,0.5113986006813654,-0.0016234476200198689,0.45386882127478856,6.110118031812521,34.46866254021513,28.314372809618682,28.35854450840261,1.9993387920367858
3.7339999999998104,-0.6864852863561446,0.5230844974834176,1.8405360029590134,-0.684874182505873,0.5150686409101854,-0.0016111038502716335,0.45777632144121494,6.082583076587438,34.39710245160516,28.26999558868485,28.314519375017717,1.990328491410964
3.73599999999981,-0.6854354431847849,0.526755220028751,1.8301744661745085,-0.6838367457479813,0.5187183789458705,-0.001598697436803631,0.4616640176676583,6.0548062579084325,34.32495089502659,28.22526992493337,28.270144637118158,1.981239048621193
3.73799999999981,-0.6843782793396443,0.530405147179948,1.8197406772358367,-0.6827920504068447,0.5223476705683273,-0.0015862289327996937,0.46553174612063053,6.026788661605849,34.25221011265653,28.180196990634407,28.22542145105068,1.9720708191146397
3.7399999999998097,-0.6833138365557416,0.5340341348441335,1.8092350480511226,-0.6817401376620218,0.5259563724114388,-0.0015736988937198326,0.4693793482946562,5.998531387553885,34.17888237556198,28.134777972945802,28.1803509880081,1.9628241629346157
3.7419999999998095,-0.6822421568554552,0.5376420397550882,1.798657993364618,-0.6806810489793799,0.5295443413209685,-0.0015611078760753294,0.47320666422465774,5.970035542833739,34.10496997694204,28.08901407398949,28.1349344341083,1.9534994424832708
3.7439999999998093,-0.6811632825468648,0.5412287194789039,1.7880099307403312,-0.6796148261081455,0.5331114356171865,-0.001548456438719259,0.4770135644005924,5.941302273597652,34.03047526391137,28.042906510932145,28.089172990313717,1.9440970329482652
3.745999999999809,-0.6800772562220806,0.5447940324196068,1.7772912805455423,-0.678541511080183,0.5366575139812176,-0.001535745141897582,0.48079988805390617,5.912332703309547,33.95540057659144,27.99645651605269,28.043067873281892,1.9346173020924198
3.747999999999809,-0.6789841207555627,0.5483378378247454,1.7665024659342106,-0.6774611462083997,0.5401824358916673,-0.0015229745471629919,0.4845654980723513,5.88312798760383,33.87974830157107,27.949665336819525,27.99662031396724,1.9250606282063558
3.7499999999998086,-0.677883919302427,0.5518599957909526,1.7556439128302574,-0.6763737740851661,0.5436860616168321,-0.0015101452172608942,0.48831025994178745,5.853689293179592,33.80352085219049,27.902534235961863,27.949831559010896,1.915427393201077
3.7519999999998084,-0.6767766952967432,0.5553603672694616,1.7447160499107697,-0.6752794375807322,0.5471682522169329,-0.0014972577160110578,0.4920340424207579,5.824017798423997,33.72672066873719,27.85506449153994,27.902702870313192,1.9057179828119044
3.753999999999808,-0.6756624924498194,0.5588388140716,1.7337193085890636,-0.6741781798416305,0.5506288695508101,-0.0014843126081888203,0.49573671772576766,5.7941146935461205,33.64935021867417,27.807257397013444,27.85523552512805,1.8959327866421571
3.755999999999808,-0.674541354748476,0.5622951988742442,1.7226541229976577,-0.6730700442890618,0.5540677762843647,-0.0014713104594141768,0.4994181614957398,5.763981180489607,33.57141199663013,27.75911426130882,27.807430816140528,1.8860721981344932
3.7579999999998077,-0.6734133264533102,0.5657293852252394,1.7115209299711354,-0.6719550746172627,0.5574848358995786,-0.0014582518360475305,0.5030782526681667,5.733618472756822,33.49290852429423,27.710636408885026,27.759290051537405,1.8761366145132343
3.7599999999998075,-0.6722784520969467,0.569141237548791,1.7003201690288876,-0.6708333147918554,0.5608799127036432,-0.0014451373050913263,0.5067168733244927,5.703027795201803,33.41384235027592,27.661825179797503,27.710814555074116,1.8661264367165071
3.7619999999998073,-0.6711367764822825,0.5725306211508098,1.6890522823577812,-0.6697048090481794,0.5642528718380054,-0.0014319674341031208,0.510333908525701,5.67221038381315,33.3342160499521,27.612681929760917,27.662005666138946,1.8560420693251072
3.763999999999807,-0.6699883446807159,0.5758974022242351,1.677717714794688,-0.6685696018896049,0.5676035792872632,-0.001418742791110983,0.5139292461503819,5.641167485499019,33.254032225314646,27.563208030210074,27.612864739815624,1.8458839204920292
3.765999999999807,-0.6688332020303679,0.579241447854315,1.6663169138089278,-0.6674277380858291,0.5709319018878888,-0.0014054639445387762,0.5175027767358831,5.609900357874874,33.17329350481886,27.51340486835926,27.563393146943987,1.8356524018729243
3.7679999999998066,-0.6676713941342924,0.5825626260238537,1.6548503294846015,-0.6662792626711556,0.5742377073367716,-0.0013921314631368809,0.5210543933253833,5.5784102690568105,33.09200254323575,27.463273847260112,27.51359227417894,1.825347928558387
3.7699999999998064,-0.6665029668586764,0.585860805618423,1.6433184145028286,-0.6651242209427564,0.5775208641995854,-0.001378745915920021,0.5245839913204025,5.546698497460027,33.01016202150791,27.41281638585772,27.46346352404788,1.8149709190079186
3.771999999999806,-0.6653279663310272,0.589135856431542,1.6317216241238595,-0.6639626584589184,0.5807812419189808,-0.0013653078721087564,0.5280914683396016,5.514766331603177,32.9277746466095,27.362033919045025,27.413008315006323,1.8045217949858317
3.773999999999806,-0.664146438938354,0.592387649169811,1.6200604161691248,-0.6627946210372733,0.5840187108226097,-0.001351817901080743,0.5315767240819964,5.482615069916938,32.84484315140876,27.310927897715626,27.36222808149182,1.7940009814985312
3.7759999999998057,-0.6629584313253354,0.5956160554580211,1.6083352510031474,-0.6616201547530113,0.5872331421309853,-0.0013382765723241041,0.5350396601965741,5.450246020558515,32.761370294534665,27.259499788814836,27.311124273976148,1.7834089067337544
3.7779999999998055,-0.6617639903924775,0.5988209478442197,1.5965465915153718,-0.6604393059370809,0.5904244079651814,-0.0013246844553965742,0.5384801801566681,5.4176605012306664,32.6773588602465,27.207751075389133,27.259698359015832,1.772746002001286
3.7799999999998053,-0.6605631632942631,0.6020021998047431,1.5846949031018887,-0.6592521211743722,0.5935923813543763,-0.0013110421198909705,0.5418981891393662,5.384859839005474,32.592811658306395,27.155683256633644,27.20795181930092,1.7620127016752138
3.781999999999805,-0.6593559974372905,0.6051596857492102,1.5727806536470668,-0.6580586473018857,0.5967369362432446,-0.0012973501354047734,0.5452935939096335,5.351845370152402,32.50773152385424,27.103297847938087,27.155886153701836,1.7512094431376377
3.783999999999805,-0.6581425404783998,0.6082932810254841,1.5608043135050673,-0.6568589314068873,0.5998579474991979,-0.0012836090715124815,0.548666302709738,5.3186184399714165,32.42212131728602,27.05059638093074,27.103502877314604,1.7403366667239935
3.7859999999998046,-0.6569228403227946,0.6114028619245881,1.5487663554812956,-0.6556530208250484,0.6029552909194816,-0.001269819497746183,0.552016225152224,5.28518040262935,32.33598392413345,26.997580403520878,27.0508035215041,1.729394815669477
3.7879999999998044,-0.6556969451221483,0.6144883056855928,1.5366672548137226,-0.6544409631385721,0.6060288432381279,-0.0012559819835761266,0.555343272118308,5.251532621001391,32.2493222549471,26.94425147993912,26.997789633945715,1.7183843360571087
3.789999999999804,-0.6544649032727043,0.6175494905004615,1.524507489154125,-0.6532228061743066,0.6090784821327676,-0.001242097098397732,0.5586473556601792,5.21767646651609,32.16213924518099,26.890611190776106,26.9444627786649,1.7073056767670014
3.791999999999804,-0.6532267634133656,0.6205862955188592,1.5122875385492307,-0.651998598001844,0.6121040862313059,-0.0012281654115215979,0.5619283889075577,5.183613319004406,32.07443785507949,26.836661133019238,26.89082453607508,1.6961592894269213
3.7939999999998038,-0.6519825744237738,0.6235986008529231,1.500007885421769,-0.6507683869316071,0.6151055351184596,-0.0012141874921667295,0.5651862859784718,5.149344566552653,31.986221069566152,26.782402920087627,26.8368765030135,1.684945628364136
3.7959999999998035,-0.6507323854223793,0.6265862875819979,1.4876690145514124,-0.6495322215129228,0.6180827093421639,-0.001200163909456542,0.5684209618944642,5.114871605359506,31.897491898134803,26.727838181865017,26.7826202927753,1.673665150558603
3.7979999999998033,-0.6494762457645036,0.6295492377573265,1.4752714130556586,-0.648290150532083,0.6210354904198454,-0.0011860952324205254,0.5716323324988144,5.080195839595846,31.808253374741447,26.672968564731068,26.728057535145602,1.662318315597089
3.799999999999803,-0.6482142050403893,0.6324873344067095,1.4628155703705867,-0.6470422230103939,0.6239637608445664,-0.0011719820299953554,0.5748203143798216,5.045318681269325,31.718508557699185,26.61779573159039,26.67318987642986,1.6509055856288124
3.801999999999803,-0.6469463130732434,0.6354004615391219,1.4503019782315378,-0.6457884882022119,0.626867404091041,-0.0011578248710314432,0.5779848247972819,5.01024155009177,31.628260529573687,26.562321361899848,26.618018979481917,1.639427425322063
3.8039999999998027,-0.6456726199172698,0.6382885041492925,1.4377311306537033,-0.6445289955929688,0.6297463046215257,-0.0011436243243009292,0.5811257816129336,4.97496587335038,31.53751239708084,26.50654715169381,26.56254652373046,1.6278843018220241
3.8059999999998024,-0.6443931758556937,0.6411513482222435,1.4251035239126237,-0.6432637948971857,0.632600347891584,-0.0011293809585080083,0.5842431032246092,4.939493085782235,31.446267290985464,26.450474813607514,26.50677420520323,1.6162766847097194
3.807999999999802,-0.6431080313987751,0.6439888807377946,1.4124196565245852,-0.6419929360564742,0.6354294203557299,-0.0011150953423009202,0.5873367085045729,4.903824629452793,31.354528366002278,26.39410607689838,26.450703736549485,1.6046050459622268
3.809999999999802,-0.6418172372818172,0.6468009896750195,1.3996800292269564,-0.6407164692375283,0.6382334094729474,-0.0011007680442888246,0.5904065167403365,4.867961953636587,31.26229880069686,26.337442687465284,26.394336847060273,1.5928698599136424
3.8119999999998018,-0.6405208444631614,0.649587564016673,1.3868851449584103,-0.6394344448301041,0.6410122037120927,-0.0010863996330572334,0.5934524475802752,4.831906514702356,31.16958179738913,26.28048640786593,26.337675282686774,1.5810716032175052
3.8139999999998015,-0.6392189041221763,0.652348493753571,1.3740355088390688,-0.6381469134449897,0.6437656925571756,-0.0010719906771865517,0.5964744209821928,4.795659776000977,31.076380582057634,26.22323901733197,26.280720806056657,1.5692107548101033
3.8159999999998013,-0.6379114676572375,0.6550836698889352,1.3611316281505639,-0.6368539259119647,0.6464937665125249,-0.0010575417452728386,0.5994723571654275,4.759223207756529,30.982698404244758,26.165702311782365,26.22347519648823,1.5572877958748608
3.817999999999801,-0.6365985866836982,0.6577929844426943,1.348174012316014,-0.6355555332777489,0.6491963171078371,-0.0010430534059492347,0.602446176566449,4.722598286960743,30.88853853696349,26.10787810383443,26.16594025000275,1.5453032098077795
3.819999999999801,-0.6352803130318505,0.6604763304557504,1.3351631728798978,-0.6342517868039427,0.651873236903112,-0.0010285262279078333,0.6053957997982158,4.685786497270766,30.7939042766053,26.049768222812883,26.108117779334535,1.5332574821840101
3.8219999999998007,-0.6339566987448813,0.6631336019941967,1.322099623487882,-0.6329427379649557,0.6545244194934748,-0.001013960779925549,0.6083211476119503,4.648789328909261,30.698798942848306,25.991374514756885,26.050009613939046,1.521151100725167
3.8239999999998004,-0.6326277960768163,0.6657646941535028,1.3089838798665276,-0.631628438445928,0.6571497595138858,-0.00099935763088832,0.6112221408631093,4.611608278568318,30.60322587856715,25.93269884242476,25.991617599998833,1.5089845552678973
3.8259999999998002,-0.6312936574904573,0.6683695030626556,1.295816459802936,-0.6303089401406405,0.6597491526437417,-0.000984717349816755,0.6140987004803775,4.5742448493161545,30.507188449743555,25.873743085296812,25.9329436004274,1.4967583377333775
3.8279999999998,-0.6299543356553113,0.6709479258882594,1.2825978831243046,-0.6289842951494178,0.6623224956113679,-0.0009700405058935546,0.6169507474375258,4.5367005505064775,30.410690045377486,25.81450913957589,25.873989494871008,1.4844729420976563
3.8299999999998,-0.6286098834455116,0.6734998608385953,1.2693286716774101,-0.627654555777021,0.6648696861984037,-0.000955327668490602,0.6197782027286785,4.498976897690961,30.31373407739924,25.754998918185855,25.814757179708277,1.4721288643630428
3.8319999999997996,-0.6272603539377284,0.6760252071676424,1.2560093493079931,-0.6263197745305329,0.6673906232440825,-0.0009405794071954965,0.622580987347078,4.461075412534958,30.21632398058268,25.695214350767785,25.75524856804772,1.4597266025305393
3.8339999999997993,-0.6259058004090763,0.6785238651790511,1.2426404418400978,-0.6249800041172341,0.669885206649408,-0.0009257962918421958,0.6253590222656435,4.422997622734817,30.11846321245787,25.635157383674148,25.69546558972305,1.4472666565728176
3.835999999999799,-0.6245462763350094,0.6809957362300815,1.2292224770553002,-0.6236352974424716,0.6723533373812292,-0.0009109788925377726,0.6281122284217355,4.384745061939135,30.020155253225532,25.574829979960697,25.635410191286397,1.4347495284084584
3.837999999999799,-0.6231818353872102,0.6834407227354969,1.2157559846718744,-0.6222857076075191,0.6747949174762138,-0.0008961277796910583,0.6308405267042416,4.346319269672063,29.921403605671454,25.514234119376255,25.575084335999392,1.42217572187689
3.8399999999997987,-0.6218125314314709,0.6858587281714168,1.202241496323881,-0.6209312879074297,0.6772098500447244,-0.0008812435240411753,0.6335438379436207,4.307721791259385,29.82221179508138,25.453371798350116,25.514490003821994,1.4095457427142173
3.8419999999997985,-0.6204384185255676,0.6882496570791261,1.1886795455401842,-0.6195720918288805,0.6795980392745978,-0.0008663266966870697,0.6362220829044092,4.268954177756795,29.722583369155885,25.39224502997745,25.453629191399088,1.3968600985297854
3.8439999999997982,-0.6190595509171242,0.6906134150688467,1.1750706677233709,-0.6182081730480109,0.6819593904348284,-0.0008513778691132678,0.6388751822811312,4.230017985881314,29.622521897926436,25.330855844002386,25.39250391204512,1.384119298783758
3.845999999999798,-0.6176759830414731,0.69294990882346,1.1614154001286392,-0.6168395854282526,0.6842938098791601,-0.0008363976132205186,0.6415030566957296,4.190914777944121,29.522030973670425,25.269206286798756,25.331116195726302,1.3713238547651636
3.847999999999798,-0.616287769519505,0.6952590461021931,1.147714281842572,-0.6154663830181534,0.6866012050495862,-0.0008213865013516619,0.6441056266984018,4.151646121786408,29.421114210827007,25.20729842134881,25.2694680890406,1.3584742795709426
3.8499999999997976,-0.614894965155513,0.6975407357442605,1.1339678537618594,-0.6140886200491938,0.6888814844797602,-0.0008063451063191618,0.6466828127705435,4.112213590717239,29.319775245913007,25.145134327219495,25.207561655195768,1.3455710880856306
3.8519999999997974,-0.6134976249350282,0.6997948876724616,1.1201766585719442,-0.6127063509335972,0.6911345577983206,-0.000791274001431086,0.649234535330133,4.072618763453569,29.21801773743842,25.082716100536537,25.14539897398485,1.3326147969617652
3.853999999999797,-0.6120958040226505,0.7020214128967376,1.1063412407256021,-0.6113196302621329,0.6933603357321291,-0.00077617376051764,0.6517607147390443,4.032863224061998,29.11584536582157,25.020045853956297,25.082982141759572,1.3196059246008596
3.855999999999797,-0.6106895577598684,0.7042202235176862,1.092462146421432,-0.6099285128019141,0.6955587301094281,-0.000761044957954371,0.6542612713133789,3.9929485619033094,29.013261833304927,24.957125716635257,25.02031327140162,1.3065449911352698
3.8579999999997967,-0.6092789416628768,0.7063912327300286,1.0785399235823159,-0.6085330534941883,0.6977296538629151,-0.00074588816868848,0.656736125334624,3.9528763715776734,28.910270863869073,24.89395783419733,24.9573944922914,1.2934325184103097
3.8599999999997965,-0.6078640114203838,0.7085343548260382,1.0645751218337731,-0.6071333074521228,0.6998730210327389,-0.0007307039682610261,0.6591851970637976,3.9126482528725743,28.8068762031474,24.830544368698774,24.894227950274825,1.2802690299672295
3.8619999999997963,-0.6064448228914128,0.7106495051989246,1.0505682924822648,-0.605729329958584,0.7019887467694206,-0.0007154929328287984,0.6616084067572068,3.872265810712174,28.703081618339787,24.76688749859088,24.830815807627612,1.2670550510266776
3.863999999999796,-0.6050214321030971,0.7127366003461718,1.0365199884934342,-0.6043211764639106,0.7040767473366988,-0.00070025563918652,0.6640056746837777,3.831730655108052,28.59889089812556,24.70298941868031,24.767160243017507,1.253791108472613
3.865999999999796,-0.6035938952484671,0.7147955578728387,1.0224307644702604,-0.602908902583682,0.7061369401143027,-0.0006849926647850557,0.6663769211446962,3.7910444011119893,28.494307852576064,24.6388523400872,24.703263451464075,1.2404777308368837
3.8679999999997956,-0.6021622686842338,0.7168262964948067,1.0083011766311873,-0.6014925640964807,0.7081692436006555,-0.0006697045877531727,0.6687220664935061,3.7502086687691496,28.389336313065478,24.574478490200903,24.639127644296327,1.227115448283934
3.8699999999997954,-0.6007266089285627,0.7188287360419922,0.994131782788149,-0.6000722169416497,0.7101735774155092,-0.0006543919869129722,0.6710410311589099,3.709225083073646,28.283980132181718,24.509870112633358,24.57475504910807,1.2137047925962876
3.871999999999795,-0.5992869726588427,0.7208027974615109,0.9799231423245525,-0.5986479172170447,0.7121498623025143,-0.0006390554417979866,0.6733337356682751,3.6680952739246537,28.178243183635526,24.44502946717025,24.510147909710874,1.200246297160228
3.873999999999795,-0.5978434167094486,0.7227484028207978,0.9656758161731941,-0.5972197211767812,0.7140980201317249,-0.0006236955326673899,0.6756001006725958,3.6268208760838228,28.07212936216864,24.37995882971979,24.445308486084816,1.1867404969518773
3.8759999999997947,-0.5963959980694981,0.7246654753106843,0.9513903667941191,-0.5957876852289772,0.7160179739020425,-0.0006083128405208749,0.6778400469725683,3.585403529133595,27.965642583460543,24.314660492259215,24.38023905432695,1.173187928523593
3.8779999999997945,-0.5949447738805996,0.726553939248432,0.9370673581524003,-0.59435186593349,0.7179096477436009,-0.0005929079471096443,0.6800534955462583,3.543844877436912,27.85878678403444,24.24913676277885,24.31494190659753,1.1595891299907966
3.8799999999997943,-0.5934898014346,0.7284137200807179,0.922707355695898,-0.5929123199996498,0.7197729669200926,-0.0005774814349501778,0.6822403675765929,3.5021465700966243,27.751565921160367,24.183389965223874,24.249419351063743,1.1459446410187328
3.881999999999794,-0.5920311381713198,0.7302447443865792,0.9083109263329209,-0.5914691042839877,0.7216078578310404,-0.000562033887332114,0.6844005844809802,3.4603102609167786,27.64398397275805,24.11742243943395,24.183673711841273,1.1322550028098233
3.883999999999794,-0.5905688416762872,0.7320469398803113,0.8938786384098495,-0.5900222757879596,0.7234142480140149,-0.000546565888327577,0.6865340679410354,3.4183376083639128,27.53604493729761,24.051236541080286,24.117707328933697,1.118520758091015
3.8859999999997936,-0.5891029696784639,0.7338202354143221,0.8794110616886991,-0.588571891655666,0.7251920661468008,-0.0005310780227978373,0.6886407399331316,3.37623027552895,27.427752833698307,23.98483464160032,24.051522558169356,1.1047424511013424
3.8879999999997934,-0.5876335800479668,0.7355645609819396,0.8649087673246304,-0.587118009171567,0.7269412420495139,-0.0005155708763998623,0.6907205227594471,3.333989930089424,27.319111701225324,23.918219128130406,23.9851217711359,1.0909206275795995
3.889999999999793,-0.5861607307937818,0.7372798477201784,0.8503723278433845,-0.5856606857581936,0.7286617066866697,-0.0005000450355882036,0.6927733390800319,3.2916182442725654,27.21012559938541,23.851392403435838,23.918507355112844,1.0770558347522652
3.891999999999793,-0.5846844800614759,0.7389660279124546,0.835802317118706,-0.5841999789738552,0.730353392169206,-0.000484501087620659,0.6947991119441945,3.249116894817606,27.10079860781909,23.78435688583866,23.851681713001483,1.0631486213211994
3.8939999999997927,-0.5832048861309,0.7406230349912611,0.8211993103496704,-0.5827359465103423,0.732016231756461,-0.0004689396205577179,0.6967977648232404,3.2064875629391647,26.991134826191775,23.71711500914319,23.784647263252612,1.0491995374516838
3.8959999999997925,-0.5817220074138895,0.7422508035407961,0.8065638840379807,-0.5812686461906261,0.7336501598581094,-0.0004533612232633377,0.6987692216428849,3.1637319342902264,26.881138374082244,23.649669222559176,23.71740643979202,1.0352091347603252
3.8979999999997923,-0.5802359024519567,0.7438492692995442,0.7918966159652079,-0.579798135966554,0.7352551120360568,-0.0004377664854026131,0.7007134068159919,3.120851698925268,26.770813390868884,23.582021990622597,23.649961691943616,1.0211779663030096
3.899999999999792,-0.5787466299139813,0.7454183691628139,0.7771980851699849,-0.5783244739165415,0.7368310250062945,-0.00042215599743977705,0.7026302452751478,3.077848551263081,26.660164035613306,23.514175793114255,23.582315484350225,1.0071065865627558
3.901999999999792,-0.5772542485938924,0.7469580411852302,0.7624688719251317,-0.5768477182432601,0.7383778366407164,-0.000406530350632317,0.7045196625056853,3.034724190049848,26.549194486942007,23.44613312497593,23.51447029689216,0.9929955514376466
3.9039999999997916,-0.5757588174083494,0.7484682245831775,0.7477095577147708,-0.5753679272713222,0.7398954859688992,-0.0003908901370272,0.7063815845777222,2.991480318321187,26.437908942924675,23.377896496224203,23.446428624603488,0.9788454182284294
3.9059999999997914,-0.5742603953944151,0.7499488597372012,0.732920725211355,-0.5738851594449625,0.7413839131798469,-0.0003752359494525459,0.7082159381788546,2.9481186433645874,26.32631162095044,23.30946843186218,23.378192977585854,0.964656745626244
3.907999999999791,-0.5727590417072247,0.7513998881943605,0.7181029582526691,-0.5723994733257152,0.7428430596237011,-0.00035956838150952297,0.7100226506462097,2.904640876681156,26.214406757601452,23.240851471788723,23.309765880920295,0.9504300937001106
3.909999999999791,-0.5712548156176511,0.7528212526705367,0.7032568418187807,-0.5709109275900883,0.7442728678134183,-0.0003438880275627998,0.7118016499981241,2.8610487339467987,26.102198608523345,23.1720481707054,23.241149874576546,0.9361660238842485
3.9119999999997908,-0.5697477765099652,0.7542128970526935,0.6883829620089501,-0.5694195810272354,0.745673281426415,-0.00032819548272977617,0.713552864965449,2.817343934972928,25.989691448293083,23.103061098021218,23.172347513320155,0.9218650989652315
3.9139999999997905,-0.5682379838794896,0.7555747664010942,0.6734819060184756,-0.5679254925366231,0.747044245306182,-0.0003124913428665943,0.7152762250228517,2.773528203666969,25.87688957028424,23.033892837755033,23.10336136661727,0.9075278830690743
3.9159999999997903,-0.5667254973302526,0.7569068069514688,0.6585542621155371,-0.5664287211256953,0.7483857054638682,-0.0002967762045572586,0.7169716604186411,2.72960326799137,25.76379728652859,22.96454598843578,23.03419401853722,0.8931549416478382
3.91799999999979,-0.5652103765726333,0.7582089661171371,0.643600619617956,-0.5649293259075356,0.7496976090798352,-0.00028105066509764853,0.7186391022048344,2.685570859922645,25.65041892757555,22.895023163000253,22.964848067652905,0.8787468414662276
3.91999999999979,-0.5636926814210049,0.7594811924910846,0.628621568869933,-0.5634273660985253,0.7509799045051831,-0.0002653153224796423,0.7202784822663653,2.641432715409426,25.53675884234813,22.825326988688797,22.895326126938706,0.8643041505878892
3.9219999999997897,-0.5621724717913735,0.7607234358479927,0.6136177012187437,-0.5619229010159987,0.7522325412632487,-0.00024957077537479666,0.7218897333495173,2.597190574329673,25.42282139799604,22.75546010693874,22.825630823666366,0.8498274383614094
3.9239999999997894,-0.5606498076990124,0.7619356471462204,0.5985896089913962,-0.5604159900758966,0.7534554700510755,-0.00023381762311580623,0.7234727890897203,2.552846180447108,25.30861097974572,22.68542517327541,22.75576479929861,0.8353172754060691
3.925999999999789,-0.5591247492560921,0.7631177785297419,0.5835378854712311,-0.5589066927904148,0.7546486427408582,-0.00021805646567729653,0.7250275840388589,2.5084012813669747,25.19413199074729,22.615224857201234,22.685730709380316,0.8207742335973806
3.927999999999789,-0.5575973566693089,0.7642697833300339,0.5684631248745246,-0.5573950687656521,0.7558120123813588,-0.00020228790365672822,0.7265540536910287,2.4638576284902896,25.079388851918154,22.544861842082323,22.615531223427865,0.8061988860521173
3.9299999999997888,-0.5560676902375069,0.7653916160679195,0.5533659223270126,-0.5558811776992536,0.7569455331992982,-0.00018651253825330283,0.7280521345083242,2.4192169769678515,24.964386001783712,22.47433882503314,22.54516902481586,0.7915918071132799
3.9319999999997886,-0.5545358103492976,0.7664832324553633,0.5382468738404016,-0.5543650793780521,0.758049160600721,-0.00017073097124542524,0.7295217639453713,2.3744810856529925,24.849127896315043,22.403658516798618,22.47464681066205,0.7769535723346299
3.9339999999997883,-0.5530017774806759,0.7675445893972191,0.5231065762888375,-0.5528468336757074,0.7591228511723346,-0.00015494380496849924,0.7309628804729189,2.3296517170532147,24.73361900876283,22.332823641634523,22.403967291709616,0.762284758464885
3.935999999999788,-0.5514656521926333,0.7685756449929321,0.5079456273853478,-0.5513265005503418,0.760166562682823,-0.0001391516422915018,0.7323754236007392,2.2847306372811067,24.6178638294889,22.26183693718538,22.333133192207793,0.7475859434316494
3.937999999999788,-0.549927495128765,0.7695763585381934,0.4927646256582269,-0.5498041400421736,0.7611802540841353,-0.0001233550865914479,0.7337593338998296,2.2397196160043555,24.501866865794305,22.190701154360223,22.26214724978995,0.7328577063250671
3.9399999999997877,-0.5483873670128786,0.7705466905265453,0.4775641704274331,-0.5482798122711481,0.7621638855127475,-0.00010755474173052004,0.7351145530227516,2.1946204263939415,24.38563264174357,22.11941905720645,22.191012215349627,0.7181006273808741
3.9419999999997875,-0.5468453286465951,0.7714866026509426,0.4623448617809117,-0.5467535774345663,0.7631174182909,-9.175121202875669e-05,0.7364410237241179,2.1494348450722573,24.26916569798679,22.047993422781367,22.119730852914532,0.7033152879634258
3.9439999999997872,-0.5453014409069485,0.772396057805264,0.44710730055090847,-0.5452254958047107,0.7640408149278083,-7.5945102237851e-05,0.7377386898797285,2.1041646520598585,24.1524705915782,21.976427041021655,22.048305939518343,0.6885022705482706
3.945999999999787,-0.5437557647439835,0.7732750200857769,0.43185208829024974,-0.543695627726469,0.7649340391208485,-6.013701751450551e-05,0.7390074965044704,2.0588116307208546,24.03555189579123,21.904722714610852,21.976740265070376,0.6736621587042897
3.947999999999787,-0.5422083611783486,0.7741234547925556,0.4165798272485989,-0.5421640336149556,0.7657970557567155,-4.4327563393009584e-05,0.7402473897696338,2.013377567707673,23.918414199930957,21.832883258844614,21.905036632223286,0.6587955370756172
3.9499999999997866,-0.5406592912988863,0.7749413284308511,0.40129112034866277,-0.5406307739531304,0.7666298309125565,-2.851734575592957e-05,0.7414583170194531,1.9678642529048642,23.80106210914339,21.76091150149412,21.833197856238527,0.643902991363262
3.9519999999997864,-0.5391086162602234,0.7757286087124121,0.38598657116241586,-0.5390959092894163,0.767432331857075,-1.2706970807130347e-05,0.742640226785843,1.9222734793711909,23.683500244221154,21.688810282667177,21.76122676484996,0.6289851083061516
3.953999999999786,-0.5375563972803552,0.7764852645567613,0.3706667838872543,-0.5375595002353131,0.7682045270516099,3.1029549578676097e-06,0.743793068803241,1.8766070432815805,23.565733241406758,21.616582454667636,21.689126198125177,0.6140424756621445
3.955999999999786,-0.5360026956382292,0.7772112660924215,0.355332363322148,-0.5360216074630108,0.7689463861511854,1.8911824781531195e-05,0.7449167940218082,1.8308667438674555,23.447765752192524,21.54423088185256,21.616899008325067,0.5990756821885003
3.9579999999997857,-0.5344475726713259,0.7779065846580953,0.3399839148437643,-0.5344822917029997,0.7696578800055335,3.471903167373558e-05,0.7460113546201033,1.785054383356434,23.329602443117693,21.47175844048751,21.544548059761258,0.5840853176221514
3.9599999999997855,-0.5328910897732377,0.778571192803796,0.3246220443825725,-0.5329416137416795,0.7703389806600874,5.052396844174023e-05,0.7470767040164776,1.739171766910701,23.21124799556224,21.399168018599923,21.472076228651538,0.5690719726595366
3.9619999999997852,-0.5313333083912435,0.7792050642919325,0.30924735839890627,-0.5313996344189655,0.7709896613569457,6.632602772205232e-05,0.7481127968802898,1.6932207025650714,23.092707105538466,21.326462515830404,21.399486402973395,0.5540362389363304
3.963999999999785,-0.529774290023885,0.7798081740983434,0.29386046385904663,-0.529856414625894,0.7716098965358066,8.212460200895944e-05,0.7491195891411782,1.6472030011631662,22.973984483478706,21.253644843282327,21.32678148231554,0.5389787090065646
3.965999999999785,-0.5282140962185382,0.7803804984132864,0.2784619682112436,-0.5283120153022242,0.7721996618348719,9.791908368594893e-05,0.7500970379983607,1.601120476293448,22.855084854021076,21.180717923369368,21.253964377727627,0.5238999763216875
3.9679999999997846,-0.526652788568983,0.7809220146423775,0.2630524793617388,-0.5267664974340407,0.77275893409172,0.0001137088650576823,0.7510451019288024,1.5549749442241043,22.73601295579213,21.107684689661216,21.181038011568027,0.5088006352092629
3.9699999999997844,-0.525090428712972,0.7814327014074832,0.24763260565076683,-0.5252199220513524,0.7732876913441471,0.00012949333838041532,0.751963740694575,1.5087682238370772,22.61677354118666,21.03454808672746,21.108005317349583,0.49368128085137697
3.971999999999784,-0.5235270783297975,0.7819125385475643,0.23220295582854303,-0.5236723502256905,0.7737859128309758,0.0001452718958929733,0.7528529153492804,1.4625021365611044,22.497371376144862,20.96131106997971,21.03486923958376,0.47854250926272934
3.973999999999784,-0.5219627991378548,0.7823615071194724,0.21676413903121391,-0.5221238430677048,0.774253578992831,0.00016104392984994664,0.7537125882443502,1.4161785063045316,22.37781123992738,20.88797660551173,20.961632733622846,0.4633849172686423
3.9759999999997837,-0.5203976528922086,0.782779589398697,0.20131676475683555,-0.520574461724759,0.7746906714728825,0.00017680883255033475,0.7545427230333306,1.369799159386185,22.258097924886425,20.81454766993805,20.888298765500238,0.44820910248244383
3.9779999999997835,-0.5188317013821526,0.7831667688800653,0.18586144284129405,-0.5190242673785238,0.775097173117552,0.00019256599637118565,0.7553432846768918,1.3233659244668026,22.138236236236,20.741027250230598,20.814870311769198,0.43301566328302477
3.9799999999997833,-0.517265006428771,0.7835230302783946,0.17039878343423498,-0.5174733212425694,0.7754730679771861,0.00020831481379834926,0.7561142394462707,1.276880632478923,22.01823099181853,20.66741834355379,20.741350359339606,0.41780519879189415
3.981999999999783,-0.5156976298824986,0.7838483595290947,0.15492939697497973,-0.515921684559956,0.7758183413066934,0.00022405467745745256,0.7568555549261861,1.2303451165562007,21.898087021869333,20.59372395709778,20.667741905313132,0.4025783088500511
3.983999999999783,-0.5141296336206765,0.7841427437887242,0.13945389416840914,-0.5143694186008237,0.7761329795661449,0.00023978498014720628,0.7575672000176581,1.1837612119625356,21.77780916877921,20.519947107910113,20.594047956816674,0.3873355939947887
3.9859999999997826,-0.512561079545113,0.7844061714354962,0.12397288596088012,-0.512816584659981,0.7764169704213371,0.0002555051148680487,0.7582491449391628,1.1371307560196318,21.65740228685366,20.446090822725754,20.520271530834027,0.3720776554359892
3.9879999999997824,-0.510992029579637,0.7846386320697385,0.10848698351608892,-0.5112632440544924,0.7766703027443177,0.00027121447485545236,0.7589013612283039,1.0904555880349158,21.536871242071,20.37215813779541,20.446415654036084,0.3568050950325324
3.989999999999782,-0.5094225456676544,0.7848401165143032,0.092996798190948,-0.5097094581212647,0.7768929666138727,0.000286912453610233,0.7595238217423437,1.0437375492283507,21.41622091183755,20.298152098712336,20.3724833626092,0.34151851526834653
3.991999999999782,-0.507852689769703,0.7850106168149295,0.0775029415114505,-0.5081552882146327,0.7770849533159744,0.00030259844492974697,0.7601165006582986,0.9969784826587784,21.295456184740893,20.224075760237508,20.298477702082113,0.3262185192283051
3.9939999999997817,-0.5062825238610059,0.7851501262405574,0.06200602514853283,-0.5066007957039443,0.7772462553441883,0.00031827184293842237,0.7606793734726077,0.9501802331498335,21.17458196030102,20.149932186123326,20.224401727151186,0.310905710573977
3.9959999999997815,-0.5047121099290237,0.7852586392835936,0.04650666089390922,-0.5050460419711442,0.7773768664000429,0.00033393204212051053,0.7612124170006724,0.9033446472156356,21.053603148719805,20.07572444893583,20.15025850150417,0.29558069351931404
3.9979999999997813,-0.5031415099710099,0.785336151660129,0.031005460635945687,-0.5034910884083575,0.7774767813933536,0.0003495784373476196,0.7617156093750201,0.8564735729852341,20.932524670627746,20.00145562987524,20.076051097642512,0.2802440728059191
3.999999999999781,-0.5015707859915616,0.785382660310108,0.015503036335486092,-0.5019359964154725,0.7775459964425098,0.0003652104239109111,0.7621889300441467,0.8095688601275771,20.811351456829524,19.92712881859537,20.001782596701947,0.26489645367849735
4.001999999999781,-0.500000000000172,0.7853981633974483,1.6974238032886916e-12,-0.500380827397723,0.7775845088747158,0.00038082739755107564,0.7626323597702206,0.7626323597754082,20.690088448047366,19.85274711302129,19.927456088271956,0.24953844185994634
4.003999999999781,-0.4984292140087823,0.7853826603101147,-0.01550303633209131,-0.4988256427632707,0.777592317226191,0.0003964287544883649,0.7630458806269547,0.715665924449306,20.568740594662813,19.778313619165814,19.853074670213505,0.23417064352649902
4.005999999999781,-0.496858490029334,0.7853361516601427,-0.031005460632551104,-0.49727050392078603,0.7775694212423266,0.00041201389145201217,0.7634294759967317,0.668671407980978,20.447312856456534,19.703831450944563,19.778641448475557,0.21879366528262173
4.007999999999781,-0.4952878900713202,0.785258639283614,-0.04650666089051498,-0.49571547227703044,0.7775158218777972,0.00042758220571026406,0.7637831305676926,0.6216506654365147,20.325810202346705,19.62930372998963,19.70415953691019,0.2034081141358965
4.00999999999978,-0.493717476139338,0.7851501262405844,-0.06200602514513906,-0.49416060923443716,0.7774315212966286,0.00044313309509919074,0.7641068303304148,0.5746055530392389,20.204237610125528,19.554733585462042,19.62963205708629,0.18801459747177465
4.01199999999978,-0.4921473102306403,0.7850106168149634,-0.07750294150806172,-0.49260597618869273,0.777316522872221,0.0004586659580524399,0.7644005625744854,0.5275379280924546,20.082600066194527,19.480124153862914,19.555062138102073,0.1726137230282951
4.01399999999978,-0.4905774543326888,0.7848401165143439,-0.09299679818755995,-0.49105163452631806,0.7771708311873267,0.00047418019362927,0.7646643158846289,0.48044964890175784,19.960902565297985,19.405478578843343,19.480452916396228,0.15720609887065956
4.01599999999978,-0.4890079704207067,0.7846386320697859,-0.10848698351269737,-0.4894976456222501,0.7769944520339803,0.0004896752015434158,0.7648980801367098,0.4333425746972509,19.83915011025511,19.330800011013075,19.405807535557862,0.14179233336577712
4.0179999999997795,-0.48743892045523063,0.7844061714355505,-0.12397288595748955,-0.48794407083742336,0.7767873924133856,0.0005051503821927317,0.7651018464940142,0.38621856555597867,19.717347711691183,19.25609160774811,19.331129146135204,0.12637303515688036
4.019999999999779,-0.4858703663796669,0.7841427437887852,-0.13945389416501972,-0.48639097151635186,0.7765496605357527,0.0005206051366849485,0.7652756074022921,0.339079482323281,19.59550038776648,19.181356532996976,19.2564209054432,0.11094881313778795
4.021999999999779,-0.4843023701178447,0.7838483595291625,-0.15492939697159158,-0.4848384089847117,0.7762812658200906,0.0005360388668669835,0.765419356585699,0.291927186534929,19.47361316390474,19.106597957086098,19.181685977369813,0.09552027642742289
4.023999999999779,-0.4827349935715716,0.7835230302784691,-0.17039878343085257,-0.4832864445469238,0.7759822188939506,0.0005514509753521968,0.7655330890421559,0.24476354033876715,19.351691072520204,19.03181905652388,19.106927532181437,0.08008803434416889
4.025999999999779,-0.48116829861818994,0.7831667688801466,-0.18586144283791323,-0.4817351394837376,0.7756525315931222,0.0005668408655476465,0.765616801038574,0.19759040641624176,19.229739152743168,18.957023013803887,19.032148746326925,0.06465269638019128
4.027999999999778,-0.47960234710813415,0.7827795893987851,-0.201316764753452,-0.480184555049815,0.7752922169612824,0.0005822079416808457,0.7656704901061054,0.15040964790398703,19.107762450144865,18.88221301720697,18.957352802240877,0.049214872175774305
4.029999999999778,-0.4780372008624878,0.7823615071195673,-0.2167641390278322,-0.4786347524713158,0.7749012892495947,0.0005975516088280175,0.7656941550354466,0.10322312831543419,18.985766016461103,18.807392260602374,18.882542888145668,0.03377517149366771
4.031999999999778,-0.476472921670545,0.781912538547666,-0.2322029558251633,-0.4770857929434833,0.7744797639162607,0.0006128712729382979,0.765687795871593,0.05603271146204311,18.863754909314697,18.73256394324795,18.807722197852655,0.018334204193309417
4.033999999999778,-0.4749095712873698,0.7814327014075916,-0.24763260564739348,-0.47553773762823126,0.7740276576260224,0.0006281663408614357,0.7656514139090456,0.008840261374884426,18.74173419193721,18.657731269589377,18.732893930562323,0.0028925802051626426
4.0359999999997775,-0.47334721143135855,0.7809220146424926,-0.2630524793583677,-0.47399064765173204,0.7735449882496158,0.0006434362203734945,0.7655850116867682,-0.03835235777391751,18.619708932889647,18.582897449058557,18.658061290663564,-0.012549090494992254
4.037999999999777,-0.4717859037818031,0.7803804984134082,-0.2784619682078748,-0.4724445841020057,0.7730317748631749,0.0006586803202026092,0.7654885929831817,-0.0855432817496709,18.497684205782384,18.50806569587119,18.583227487532056,-0.027990197911742898
4.039999999999777,-0.4702257099764565,0.779808174098472,-0.29386046385567594,-0.4708996080265105,0.7724880377475866,0.0006738980500539671,0.7653621628109715,-0.13273064633374057,18.37566508899409,18.43323922882339,18.50839573532783,-0.043430132055774895
4.041999999999777,-0.46866669160909785,0.7792050642920678,-0.30924735839553813,-0.4693557804297349,0.7719137983877958,0.0006890888206370627,0.7652057274124212,-0.17991258740164398,18.25365666539026,18.358421271087714,18.433569252791905,-0.05886828296942953
4.043999999999777,-0.4671089102271032,0.7785711928039382,-0.3246220443792072,-0.4678131622707908,0.7713090794720612,0.0007042520436875699,0.7650192942538518,-0.22708724100188235,18.13166402204044,18.283615050008276,18.358751263042322,-0.07430404075250113
4.045999999999776,-0.46555242732901425,0.777906584658244,-0.3399839148404062,-0.46627181446100846,0.7706739048911606,0.0007193871319942091,0.7648028720208848,-0.27425274343399897,18.00969224993522,18.20882379689524,18.283944993369218,-0.08973679558778253
4.047999999999776,-0.4639973043621107,0.777211266092577,-0.3553323633187929,-0.46473179786153335,0.770008299737547,0.0007344934994226726,0.7645564706134071,-0.3214072313268315,17.887746443702554,18.134050746818552,18.209153675029384,-0.10516593776667305
4.049999999999776,-0.4624436027199844,0.7764852645569233,-0.3706667838839023,-0.46319317328092446,0.7693122903044546,0.0007495705609400494,0.7642801011405903,-0.36854884171664837,17.765831701323318,18.05929913840112,18.134380543039967,-0.12059085771474953
4.051999999999776,-0.4608913837401163,0.7757286087125812,-0.3859865711590628,-0.46165600147275454,0.7685859040849545,0.0007646177326382508,0.7639737759159122,-0.4156757121252155,17.643953123846437,17.9845722136113,18.05962883597165,-0.13601094601731373
4.053999999999776,-0.45934070870145305,0.7749413284310267,-0.40129112034531317,-0.4601203431332126,0.767829169770961,0.000779634431759546,0.7636375084524061,-0.4627859806376269,17.52211581510351,17.909873217554864,17.984901795741138,-0.151425593444863
4.055999999999775,-0.4577916388219904,0.7741234547927381,-0.4165798272452527,-0.45858625889870824,0.767042117252187,0.0007946200767178224,0.7632713134575976,-0.5098777859802587,17.400324881422858,17.835205398266297,17.910202667403116,-0.16683419097860014
4.057999999999775,-0.45624423525635477,0.7732750200859658,-0.43185208828691163,-0.45705380934347817,0.7662247776150491,0.0008095740871233992,0.7628752068288388,-0.5569492675983599,17.278585431343267,17.760572006499782,17.835534698941625,-0.18223612983582743
4.059999999999775,-0.45469855909338935,0.7723960578054595,-0.44710730054757414,-0.45552305497719514,0.7653771831415245,0.000824495883805787,0.7624492056485698,-0.6039985657336063,17.15690257532733,17.685976295519545,17.760901141060934,-0.19763080149532436
4.061999999999775,-0.4531546713537428,0.7714866026511452,-0.462344861777577,-0.4539940562425792,0.764499367307956,0.000839384888836392,0.7619933281795779,-0.6510238215015578,17.035281425474437,17.61142152088973,17.686305246975994,-0.21301759772269674
4.0639999999997745,-0.4516126329874588,0.7705466905267545,-0.4775641704241025,-0.4524668735130116,0.7635913647838072,0.0008542405255528296,0.7615075938605648,-0.6980231769687896,16.913727095233455,17.536910940264075,17.611750272202244,-0.22839591059561926
4.065999999999774,-0.450072504871572,0.7695763585384092,-0.4927646256549004,-0.4509415670901509,0.7626532114303687,0.0008690622185788532,0.7609920233013422,-0.7449947752302003,16.792244699115138,17.462447813174972,17.537239474345338,-0.24376513252913312
4.067999999999774,-0.4485343478077033,0.7685756449931546,-0.5079456273820256,-0.44941819720155207,0.7616849442994129,0.000883849393848779,0.7604466382784778,-0.7919367604858905,16.67083935240433,17.38803540082231,17.462776112890218,-0.2591246563008064
4.069999999999774,-0.4469982225196598,0.767544589397448,-0.5231065762855241,-0.44789682399828845,0.7606866016318009,0.0008986014786286356,0.7598714617309051,-0.8388472781179405,16.54951617087197,17.313676965861962,17.38836344898991,-0.27447387507585896
4.071999999999774,-0.44546418965103773,0.7664832324555987,-0.5382468738370927,-0.4463775075525764,0.7596582228560375,0.0009133179015386461,0.7592665177554577,-0.8857244747671654,16.428280270486937,17.2393757721941,17.314004745254103,-0.28981218243228235
4.073999999999773,-0.4439323097628283,0.765391616068162,-0.5533659223237043,-0.4448603078554028,0.7585998485867784,0.0009279980925744891,0.7586318316026865,-0.9325664984095048,16.30713676712789,17.165135084751043,17.239703265537393,-0.30513897238583654
4.075999999999773,-0.4424026433310258,0.7642697833302828,-0.568463124871221,-0.44334528481415625,0.7575115206232861,0.0009426414831304464,0.7579674296727013,-0.9793714984323196,16.186090776294883,17.090958169285145,17.1654622747272,-0.3204536394150216
4.077999999999773,-0.44087525074424216,0.7631177785299974,-0.5835378854679325,-0.44183249825026055,0.7563932819478374,0.0009572475060183883,0.7572733395108002,-1.0261376257107118,16.065147412820945,17.016848292156382,17.091285038531655,-0.33575557848605
4.079999999999773,-0.4393501923013213,0.7619356471464825,-0.5985896089881028,-0.4403220078968124,0.7552451767240813,0.0009718155954911434,0.7565495898035721,-1.0728630326833575,15.944311790583821,16.942808720119764,17.01717482326718,-0.35104418507766655
4.0819999999997725,-0.43782752820895926,0.7607234358482611,-0.6136177012154597,-0.43881387339622174,0.7540672502953476,0.0009863451872624829,0.7557962103747964,-1.1195458734283912,15.823589022217563,16.868842720112774,16.943134895645954,-0.3663188552059814
4.083999999999772,-0.43630731857932725,0.7594811924913595,-0.6286215688666544,-0.4373081542978559,0.7528595491829057,0.0010008357185286587,0.7550132321815153,-1.166184303739035,15.702984218824303,16.794953559042533,16.86916852256334,-0.381578985449217
4.085999999999772,-0.4347896234276988,0.7582089661174188,-0.6436006196146786,-0.43580491005568756,0.7516221210841753,0.0010152866279887762,0.7542006873100917,-1.2127764811990638,15.582502489686014,16.721144503573164,16.79527897088508,-0.39682397297241123
4.087999999999772,-0.4332745026700789,0.7569068069517573,-0.6585542621122655,-0.4343042000259458,0.7503550148708878,0.0010296973558668876,0.7533586089726234,-1.2593205652579433,15.462148941976725,16.64741881991291,16.72146950723467,-0.4120532155519985
4.089999999999772,-0.4317620161208413,0.7555747664013892,-0.6734819060152095,-0.4328060834647714,0.7490582805871988,0.0010440673439300885,0.752487031502735,-1.3058147173062613,15.341928680474261,16.573779773601473,16.647743397780523,-0.4272661116005019
4.091999999999771,-0.43025222349036507,0.7542128970529949,-0.6883829620056899,-0.4313106195258759,0.7477319694477517,0.0010583960355108335,0.7515859903522528,-1.3522571007503397,15.221846807272957,16.50023062929727,16.574103908023297,-0.442462060190948
4.093999999999771,-0.4287451843826781,0.7528212526708443,-0.7032568418155308,-0.42981786725820453,0.7463761338356936,0.0010726828755264206,0.7506555220873503,-1.3986458810871762,15.101908421496024,16.42677465056486,16.5005543025832,-0.45764046108138967
4.095999999999771,-0.42724095829310393,0.7513998881946746,-0.7181029582494254,-0.42832788560360324,0.744990827300642,0.0010869273104993082,0.749695664384997,-1.4449792259789433,14.982118619008485,16.353415099662367,16.42709784498743,-0.4728007147392901
4.097999999999771,-0.42573960460591337,0.7499488597375221,-0.7329207252081134,-0.42684073339449,0.7435761045566037,0.0011011287885766552,0.7487064560293599,-1.491255305327416,14.862482492130221,16.280155237329332,16.353737797457637,-0.48794222236588003
4.0999999999997705,-0.42424118259197835,0.7484682245835049,-0.7477095577115356,-0.4253564693515303,0.7421320214798456,0.00111528675955197,0.74768793690858,-1.5374722913479713,14.743005129349815,16.206998322574414,16.280477420697785,-0.5030643859203692
4.10199999999977,-0.4227457514064347,0.7469580411855641,-0.762468871921903,-0.4238751520813169,0.7406586351067174,0.0011294006748821528,0.7466401480108764,-1.5836283586439543,14.623691615037936,16.13394761246348,16.20731997368189,-0.5181666081442888
4.10399999999977,-0.4212533700863451,0.7454183691631543,-0.7771980851667629,-0.42239684007405404,0.7391560036314265,0.0011434699877089227,0.7455631314214246,-1.6297216842802844,14.504547029161863,16.06100636190802,16.134268713442147,-0.5332482925855794
4.10599999999977,-0.4197640975483687,0.7438492692998906,-0.7918966159619967,-0.4209215917012465,0.7376241864037659,0.0011574941528778027,0.7444569303189434,-1.6757504478571723,14.385576447000197,15.988177823453633,16.06132689485737,-0.5483088436227093
4.10799999999977,-0.41827799258643517,0.7422508035411489,-0.8065638840347766,-0.4194494652133929,0.7360632439267935,0.0011714726269577147,0.7433215889723497,-1.721712831583586,14.266784938857919,15.915465247068976,15.988497770441505,-0.563347666488724
4.109999999999769,-0.41679511386942425,0.7406230349916209,-0.8211993103464692,-0.41798051873768394,0.7344732378544648,0.0011854048682596874,0.7421571527374338,-1.767607020350572,14.148177569782044,15.842871879935027,15.915784590132617,-0.5783641672952384
4.111999999999769,-0.4153155199388478,0.7389660279128206,-0.8358023171155119,-0.4165148102757055,0.7328542309892184,0.001199290336857728,0.7409636680538305,-1.8134312018041976,14.029759399277994,15.770400966234707,15.843190601082192,-0.5933577530563064
4.113999999999769,-0.41383926920654107,0.7372798477205508,-0.8503723278401976,-0.4150523977011465,0.7312062872795149,0.00121312849460542,0.7397411824415068,-1.8591835664186807,13.911535481026108,15.698055746942874,15.77071904744479,-0.6083278317123548
4.115999999999769,-0.4123664199523553,0.7355645609823184,-0.8649087673214509,-0.41359333875751186,0.729529471817327,0.0012269188051565738,0.7384897444977156,-1.9048623075690456,13.793510862599042,15.625839459616781,15.698373170168088,-0.6232738121539579
4.1179999999997685,-0.41089703032185704,0.7338202354147066,-0.8794110616855313,-0.4121376910558407,0.7278238508355855,0.0012406607339836562,0.7372094038939163,-1.9504656216035603,13.67569058517977,15.553755338187006,15.626156206783332,-0.6381951042455476
4.119999999999768,-0.409431158324033,0.7320469398807021,-0.8938786384066894,-0.41068551207242954,0.7260894917055774,0.0012543537483965528,0.7359002113725375,-1.995991707916221,13.558079683280154,15.481806612748827,15.554071391196375,-0.6530911188491305
4.121999999999768,-0.407968861829,0.730244744386977,-0.9083109263297644,-0.40923685914656094,0.724326462934297,0.0012679973175609427,0.7345622187439442,-2.0414387690188422,13.440683184460191,15.409996509354189,15.482121953479034,-0.6679612678478801
4.123999999999768,-0.406510198565719,0.728413720081122,-0.9227073556927495,-0.4077917894782374,0.7225348341617523,0.0012815909125183933,0.7331954788834838,-2.0868050106129457,13.323506109048182,15.338328249804107,15.410311119661127,-0.6828049641696664
4.125999999999768,-0.40505522611971856,0.7265539392488425,-0.9370673581492598,-0.40635036012592096,0.7207146761582236,0.001295134006202403,0.7318000457281735,-2.1320886416617544,13.20655346986115,15.266805051441796,15.338642111522905,-0.6976216218106112
4.127999999999767,-0.40360400193081936,0.7246654753111009,-0.9513903667909868,-0.404912628004278,0.7188660608214777,0.001308626073458663,0.7303759742739362,-2.177287874461556,13.089830271926676,15.195430126946246,15.267118146388231,-0.7124106558584468
4.129999999999767,-0.4021565832908675,0.7227484028212202,-0.965675816170074,-0.40347864988193016,0.7169890611739351,0.001322066591062654,0.7289233205724548,-2.222400924713229,12.97334151220497,15.124206684126577,15.195742436918199,-0.7271714825159219
4.131999999999767,-0.4007130273414726,0.7208027974619394,-0.9799231423214407,-0.4020484823792106,0.7150837513597921,0.0013354550377379648,0.7274421417282277,-2.267426011593415,12.857092179312092,15.0531379257169,15.124518190905507,-0.7419035191240897
4.133999999999767,-0.39927339107175214,0.7188287360424276,-0.9941317827850419,-0.4006221819659264,0.7131502066420973,0.0013487908941742788,0.7259324958956253,-2.31236135782547,12.741087253243954,14.982227049172039,15.053448611069424,-0.7566061841855326
4.1359999999997665,-0.39783773131608013,0.7168262964952482,-1.008301176628089,-0.3991998049591268,0.7111885033997828,0.0013620736430466907,0.7243944422760484,-2.3572051897502124,12.62533170510129,14.911477246463793,14.982536894851503,-0.771278897387512
4.137999999999766,-0.396406104751846,0.7147955578732864,-1.0224307644671708,-0.39778140752087754,0.7091987191246504,0.0013753027690315278,0.7228280411147212,-2.4019557373967335,12.50983049681515,14.840891703878125,14.911786234211883,-0.7859210796251408
4.139999999999766,-0.3949785678972151,0.7127366003466259,-1.0365199884903533,-0.3963670456560409,0.7071809324183119,0.0013884777588258346,0.7212333536980529,-2.446611234552574,12.394588580874021,14.770473601812899,14.841199815426595,-0.8005321530243479
4.141999999999766,-0.3935551771088981,0.7106495051993841,-1.0505682924791968,-0.3949567752100627,0.7051352229890856,0.0014015981011646361,0.7196104423505583,-2.4911699188340575,12.279610900051203,14.700226114576635,14.77078081888526,-0.8151115409649015
4.143999999999766,-0.3921359885799261,0.7085343548265038,-1.0645751218307142,-0.393550651866765,0.7030616716488473,0.0014146632868389242,0.7179593704320872,-2.535630031756202,12.164902387133747,14.630152410187883,14.70053241888995,-0.829658668103278
4.145999999999765,-0.3907210583374326,0.706391232730501,-1.0785399235792625,-0.39214873114614535,0.7009603603098368,0.0014276728087127544,0.7162802023348429,-2.579989818802564,12.050467964652047,14.560255650175593,14.63045778345461,-0.8441729603955275
4.147999999999765,-0.38931044224044,0.7042202235181646,-1.092462146418388,-0.3907510684021825,0.6988313719814205,0.0014406261617425087,0.7145730034806985,-2.624247529494697,11.936312544610727,14.49053898938028,14.560560074105425,-0.8586538451199992
4.149999999999765,-0.3879041959776569,0.7020214128972221,-1.1063412407225677,-0.38935771882064885,0.6966747907668088,0.001453522842991939,0.7128378403180755,-2.6684014174617112,11.8224410282204,14.42100557575607,14.49084244568211,-0.8731007509001056
4.151999999999765,-0.38650237506527785,0.6997948876729515,-1.1201766585689232,-0.3879687374169294,0.69449070185973,0.00146636235165154,0.7110747803193171,-2.7124497405092565,11.708858305630708,14.351658550173703,14.421308046139965,-0.8875131077268965
4.1539999999997645,-0.3851050348447921,0.6975407357447564,-1.1339678537588482,-0.3865841790338473,0.6922791915410601,0.0014791441890552037,0.7092838919777744,-2.7563907606885056,11.595569255664413,14.282501046224455,14.351960016352919,-0.9018903469816393
4.155999999999764,-0.38371223048079905,0.6952590461026952,-1.1477142818395707,-0.3852040983394965,0.6900403471754081,0.0014918678586974266,0.7074652448049403,-2.8002227443649446,11.482578745552594,14.213536190025037,14.282801489917539,-0.9162319014583227
4.157999999999764,-0.38232401695883045,0.6929499088239687,-1.161415400125644,-0.3838285498250812,0.687774257207659,0.0015045328662507407,0.7056189093276961,-2.843943962286786,11.369891630671162,14.144767100023433,14.213835592957949,-0.9305372053860483
4.159999999999764,-0.3809404490831783,0.6906134150693614,-1.175070667720386,-0.38245758780276223,0.6854810111594716,0.0015171387195839214,0.7037449570855849,-2.887552689653209,11.257512754278542,14.07619688680581,14.14506544393175,-0.9448056944513632
4.161999999999764,-0.3795615814747338,0.6882496570796467,-1.1886795455372092,-0.38109126640351076,0.6831606996257338,0.0015296849287769754,0.7018434606277673,-2.9310472061825883,11.145446947254378,14.007828652904418,14.076494153436967,-0.9590368058205869
4.1639999999997634,-0.37818746856882907,0.6858587281719427,-1.2022414963209205,-0.3797296395749688,0.6808134142709751,0.0015421710061397365,0.6999144935104655,-2.974425796180142,11.03369902783988,13.93966549260655,14.008124824020022,-0.9732299781619489
4.165999999999763,-0.37681816461308876,0.6834407227360287,-1.2157559846689239,-0.37837276107931733,0.6784392478257343,0.001554596466228575,0.6979581302940625,-3.017686748605643,10.922273801379072,13.871710491764574,13.939960549984715,-0.9873846516677425
4.167999999999763,-0.37545372366528845,0.680995736230619,-1.2292224770523605,-0.37702068449115156,0.6760382940828865,0.0015669608258631063,0.6959744465403745,-3.0608283571407173,10.811176060061626,13.803966727607097,13.872004417202344,-1.001500268076356
4.169999999999763,-0.3740941995912208,0.6785238651795953,-1.242640441837165,-0.3756734631953637,0.6736106478939254,0.0015792636041428998,0.693963518809829,-3.103848920256048,10.70041058266686,13.736437268551096,13.804259502922909,-1.0155762706942568
4.171999999999763,-0.3727396460625677,0.6760252071681925,-1.2560093493050712,-0.3743311503850333,0.671156405165204,0.0015915043224655756,0.6919254246588369,-3.1467467412781605,10.589982134309157,13.669125174015448,13.736728875587318,-1.0296121044178546
4.173999999999762,-0.3713901165547834,0.6734998608391511,-1.2693286716744991,-0.372993799059325,0.6686756628541324,0.0016036825045416259,0.6898602426368634,-3.1895201284562322,10.47989546618471,13.602033494235272,13.669415594640942,-1.0436072157553513
4.175999999999762,-0.3700456643449821,0.6709479258888204,-1.2825978831214082,-0.37166146202139433,0.6661685189653335,0.001615797676412234,0.6877680522837935,-3.232167395028394,10.370155315319645,13.53516527007781,13.602322710348039,-1.0575610528484545
4.177999999999762,-0.36870634250983503,0.6683695030632224,-1.2958164598000508,-0.3703341918763008,0.6636350725467564,0.0016278493664657612,0.6856489341271885,-3.274686859287957,10.260766404319746,13.468523532859162,13.535453263607703,-1.0714730654940325
4.179999999999762,-0.3673722039234753,0.6657646941540761,-1.30898387986365,-0.3690120410289293,0.6610754236857477,0.0016398371054540117,0.6835029696795014,-3.3170768446493493,10.15173344112128,13.40211130416245,13.46881028577063,-1.0853427051657025
4.1819999999997615,-0.36604330125540907,0.6631336019947758,-1.3220996234850158,-0.3676950616819192,0.6584896735050816,0.0016517604265101071,0.6813302414355649,-3.3593356797136398,10.043061118743703,13.335931595657103,13.402396798457342,-1.0991694250352704
4.183999999999761,-0.36471968696843876,0.6604763304563351,-1.3351631728770428,-0.3663833058336013,0.6558779241589472,0.0016636188651625305,0.6791308328695083,-3.401461698334283,9.93475411504328,13.269987408919459,13.336215813377564,-1.1129526799942393
4.185999999999761,-0.36340141331658987,0.6577929844432847,-1.3481740123131707,-0.3650768252759435,0.6532402788288951,0.001675411959353612,0.6769048284324062,-3.443453239681982,9.826817092468858,13.204281735254504,13.27027033215084,-1.1266919266750395
4.187999999999761,-0.36208853234304905,0.6550836698895305,-1.361131628147736,-0.363775671592504,0.6505768417197425,0.0016871392494549609,0.6746523135493936,-3.4853086483097737,9.719254697818617,13.138817555519065,13.20456334612839,-1.1403866234723266
4.189999999999761,-0.360781095878109,0.6523484937541719,-1.3740355088362526,-0.36247989615639314,0.647887718055437,0.0016988002782841183,0.6723733746170972,-3.5270262742175933,9.61207156199869,13.073597839946089,13.139097836216283,-1.1540362305641028
4.19199999999976,-0.3594791555371232,0.6495875640172804,-1.3868851449556026,-0.3611895501282434,0.6451730140748791,0.0017103945911202123,0.6700680990008183,-3.568604472916762,9.505272299783096,13.008625547970384,13.073876772699858,-1.1676402099328307
4.19399999999976,-0.35818276271846605,0.6468009896756326,-1.399680029224161,-0.359904684454188,0.6424328370277048,0.001721921735721943,0.667736575032102,-3.610041605493968,9.398861509575502,12.943903628055647,13.00890311506947,-1.1811980253863563
4.19599999999976,-0.3568919686015069,0.6439888807384131,-1.4124196565218015,-0.3586253498638479,0.6396672951700263,0.001733381262341016,0.6653788920057897,-3.6513360386753337,9.29284377317228,12.879435017522738,12.944179811847613,-1.1947091425788792
4.19799999999976,-0.3556068241445871,0.6411513482228677,-1.4251035239098526,-0.3573515968683276,0.6368764977601332,0.0017447727237405175,0.6629951401776055,-3.692486144889806,9.187223655527424,12.815222642379434,12.87970980041723,-1.2081730290316985
4.1999999999997595,-0.3543273800830094,0.6382885041499213,-1.4377311306509477,-0.3560834757582193,0.6340605550541526,0.001756095675209901,0.6605854107613927,-3.7334903023326116,9.082005704518926,12.751269417151441,12.815496006851538,-1.2215891541539716
4.201999999999759,-0.35305368692703454,0.6354004615397562,-1.450301978228795,-0.35482103660161596,0.6312195783016697,0.00176734967458142,0.6581497959265787,-3.77434689502821,8.977194450716901,12.687578244714853,12.75154134574511,-1.234956989263313
4.203999999999759,-0.3517857949598877,0.63248733440735,-1.4628155703678527,-0.3535643292421333,0.628353679741308,0.001778534282245614,0.6556883887954572,-3.8150543128931313,8.87279440715326,12.624152016129958,12.687848720046391,-1.24827600760636
4.205999999999759,-0.3505237542357722,0.6295492377579727,-1.4752714130529374,-0.3523134032969408,0.6254629725962697,0.0017896490611685745,0.6532012834407221,-3.8556109517983894,8.768810069093167,12.560993610476409,12.624421020891557,-1.2615456843791901
4.207999999999759,-0.3492676145778951,0.6265862875826494,-1.487669014548704,-0.3510683081548011,0.6225475710698369,0.0018006935769059873,0.6506885748827025,-3.8960152136317547,8.665245913807999,12.498105894689939,12.561261127439753,-1.2747654967477065
4.209999999999758,-0.3480174255764993,0.62359860085358,-1.5000078854190735,-0.34982909297411946,0.619607590340833,0.0018116673976201758,0.6481503590869222,-3.9362655063596454,8.562106400350231,12.435491723400315,12.498371906709878,-1.2879349238678677
4.211999999999758,-0.34677323658690584,0.6205862955195207,-1.512287538546552,-0.3485958066810014,0.6166431465590448,0.0018225700940955325,0.6455867329614331,-3.976360244088737,8.459395969329849,12.373153938770875,12.435756213418586,-1.3010534469058772
4.213999999999758,-0.3455350967275657,0.6175494905011283,-1.5245074891514594,-0.34736849796732017,0.6136543568406059,0.0018334012397544508,0.6429977943542893,-4.016297847127341,8.357119042692563,12.311095370339443,12.373416889819904,-1.3141205490582422
4.215999999999758,-0.34430305487812085,0.6144883056862658,-1.5366672548110665,-0.3461472152887935,0.6106413392633409,0.0018441604106726461,0.640383642050983,-4.056076742046442,8.255280023499758,12.249318834860679,12.3113567655462,-1.3271357155717518
4.2179999999997575,-0.3430771596774732,0.6114028619252665,-1.548766355478653,-0.34493200686306935,0.607604212862071,0.0018548471855961424,0.6377443757719696,-4.0956953617403995,8.15388329571018,12.187827136149952,12.24957865745058,-1.3400984337633444
4.219999999999757,-0.3418574595218665,0.6082932810261678,-1.560804313502438,-0.34372292066782156,0.6045430976238817,0.0018654611459550385,0.6350800961700145,-4.135152145487489,8.052933223963361,12.126623064928612,12.18808536945085,-1.3530081930399092
4.221999999999757,-0.34064400256297456,0.605159685749899,-1.572780653644451,-0.3425200044388549,0.6014581144833507,0.0018760018758803287,0.6323909048277256,-4.174445539010057,7.952434153364774,12.065709398670782,12.126879692374832,-1.3658644849179662
4.223999999999757,-0.33943683670600017,0.6020021998054362,-1.58469490309929,-0.3413233056682194,0.5983493853177401,0.0018864689622192232,0.6296769042551178,-4.213573994534239,7.852390409272986,12.005088901451673,12.065964403807225,-1.37866680304322
4.225999999999757,-0.3382360096077845,0.598820947844918,-1.5965465915127868,-0.3401328716023351,0.595217032942148,0.0018968619945505805,0.6269381978869406,-4.2525359708497685,7.752806297088215,11.944764323797289,12.005342267937984,-1.3914146432101062
4.227999999999756,-0.3370415686749255,0.5956160554587254,-1.608335251000573,-0.3389487492401258,0.5920611811046246,0.0019071805652002838,0.6241748900803294,-4.291329933369011,7.653686102043063,11.884738402535719,11.945016035412074,-1.4041075033811228
4.229999999999756,-0.3358535610619054,0.5923876491705206,-1.6200604161665642,-0.3377709853311633,0.5888819544812497,0.0019174242692578947,0.6213870861123487,-4.329954354185948,7.5550340889948915,11.825013860649909,11.88498844318084,-1.4167448837061223
4.231999999999756,-0.3346720336692308,0.5891358564322565,-1.631721624121313,-0.33659962637382096,0.5856794786711732,0.001927592704590142,0.6185748921773602,-4.36840771213491,7.456854502219909,11.76559340713195,11.825262214354819,-1.4293262865415257
4.233999999999756,-0.33349703314158013,0.5858608056191428,-1.6433184145002961,-0.3354347186134377,0.5824538801916186,0.0019376854718575753,0.6157384153847101,-4.406688492848775,7.359151565209339,11.706479736838887,11.765840058058114,-1.4418512164693702
4.2359999999997555,-0.3323286058659623,0.5825626260245775,-1.6548503294820869,-0.334276308040492,0.5792052864728495,0.0019477021745297196,0.612877763756174,-4.444795188817105,7.26192948046714,11.647675530350023,11.706724669284245,-1.4543191803163176
4.237999999999755,-0.33116679796988546,0.5792414478550437,-1.666316913806427,-0.3331244403887858,0.5759338258530996,0.0019576424189003405,0.6099930462235976,-4.482726299443717,7.165192429309803,11.589183453825779,11.64791872875352,-1.4667296871725002
4.239999999999755,-0.33001165531953636,0.57589740222497,-1.6777177147921987,-0.33197916113363884,0.5726396275734661,0.001967505814102488,0.6070843726264092,-4.520480331104118,7.068944571667825,11.53100615886811,11.589424902771944,-1.4790822484103079
4.241999999999755,-0.32886322351796826,0.5725306211515496,-1.6890522823553065,-0.3308405154900933,0.569322821772767,0.0019772919721250393,0.6041518537092392,-4.5580557972025755,6.973190045889146,11.473146282382391,11.531245843091721,-1.4913763777030526
4.243999999999755,-0.32772154790330255,0.5691412375495356,-1.7003201690264276,-0.32970854841112857,0.5659835394823627,0.00198700050782602,0.6011956011194597,-4.595451218228806,6.8779329685443535,11.415606446440904,11.47338418677316,-1.5036115910435224
4.245999999999754,-0.3265866735469376,0.565729385225989,-1.71152092996869,-0.3285833045858867,0.5626219126209407,0.0019966310389490927,0.5982157274047921,-4.632665121814437,6.783177434233808,11.358389258147819,11.415842556048245,-1.5157874067624466
4.247999999999754,-0.32545864525176993,0.5622951988749977,-1.7226541229952304,-0.32746482843790814,0.5592380739892666,0.0020061831861382107,0.595212346010884,-4.66969604278909,6.688927515396582,11.301497309505741,11.358623558185672,-1.5279033455468465
4.249999999999754,-0.324337507550425,0.5588388140723584,-1.7337193085866514,-0.32635316412337834,0.5558321572648978,0.0020156565729533282,0.5921855712789634,-4.70654252323611,6.595187262121336,11.244933177283851,11.301729785357447,-1.539958930458263
4.251999999999754,-0.32322330470349997,0.5553603672702256,-1.7447160499083691,-0.32524835552938464,0.5524042969968631,0.0020250508258846667,0.5891355184433884,-4.743203112548063,6.5019607019590175,11.188699422887472,11.24516381450708,-1.5519536869509076
4.2539999999997535,-0.3221160806978147,0.5518599957917215,-1.755643912827872,-0.32415044627218403,0.5489546286003079,0.0020343655743693123,0.5860623036293813,-4.7796763674817235,6.4092518397374825,11.132798592229316,11.188928207219206,-1.563887142889663
4.255999999999753,-0.32101587924467745,0.5483378378255191,-1.7665024659318405,-0.3230594796954818,0.5454832883511033,0.0020436004508043726,0.5829660438504858,-4.81596085221301,6.317064657377889,11.077233215602167,11.1330255095909,-1.5757588285680384
4.257999999999753,-0.3199227437781577,0.5447940324203842,-1.7772912805431906,-0.32197549886872096,0.5419904133804221,0.002052755090563241,0.579846857006304,-4.852055138391308,6.225403113713074,11.022005807553242,11.077458252104382,-1.5875682767259536
4.259999999999753,-0.31883671745337194,0.5412287194796861,-1.7880099307379949,-0.3208985465853824,0.5384761416692799,0.002061829132010473,0.5767048618801409,-4.8879578051936186,6.134271144307856,10.967118866759968,11.022228949501475,-1.599315022567434
4.261999999999753,-0.31775784314477995,0.5376420397558749,-1.7986579933622973,-0.31982866536129634,0.5349406120430426,0.002070822216516388,0.5735401781365779,-4.92366743937836,6.0436726612810245,10.912574875907397,10.967340100659385,-1.6109986037782202
4.263999999999752,-0.3166861634444923,0.5340341348449258,-1.809235048048814,-0.3187658974329645,0.5313839641658994,0.002079733988472221,0.5703529263191731,-4.959182635338732,5.953611553129472,10.858376301567102,10.912794188468204,-1.6226185605432235
4.265999999999752,-0.315621720660588,0.5304051471807449,-1.8197406772335438,-0.3177102847559632,0.5278063385006693,0.002088564095375167,0.5671432278480717,-4.9945019951559075,5.864091684553923,10.804525594077715,10.85859367970983,-1.6341744355639194
4.267999999999752,-0.3145645568154458,0.5267552200295524,-1.8301744661722315,-0.3166618690092772,0.5242078733430134,0.0020973121938313577,0.5639112067248782,-5.029624126944499,5.77511689799407,10.751025187427501,10.804741024938568,-1.6456657735169888
4.269999999999752,-0.31351471364408423,0.5230844974842226,-1.8405360029567555,-0.3156206915964608,0.5205887064082104,0.0021059779523765476,0.5606571354570269,-5.064547498978428,5.686691159404262,10.69787749918952,10.75123865838269,-1.6570920733250607
4.2719999999997516,-0.312472232592514,0.5193931244585962,-1.850824878531385,-0.31458679364240716,0.5169489770267993,0.00211456104989316,0.5573813577361273,-5.099270517073786,5.5988184824145195,10.645084930422378,10.698088999488306,-1.6684528134726186
4.273999999999751,-0.3114371548161021,0.5156812466817597,-1.8610406867089297,-0.31356021599027506,0.5132888260660612,0.0021230611741729355,0.5540841804786156,-5.133791632603655,5.511502819352335,10.592649865530449,10.64529445195599,-1.6797474873460407
4.275999999999751,-0.31040952117794707,0.511949010692293,-1.8711830241867726,-0.31254099919856765,0.5096083958536973,0.0021314780206205808,0.5507658771004191,-5.168109339270432,5.424748063147231,10.540574672129026,10.592857402417662,-1.6909756021780715
4.277999999999751,-0.30938937224726465,0.5081965638324801,-1.8812514905628022,-0.3115291835383575,0.5059078301050605,0.0021398112910928635,0.5474266907100587,-5.2022221699594295,5.33855805038024,10.488861700914132,10.54078022033967,-1.7021366780188854
4.279999999999751,-0.3083767482977883,0.5044240542424991,-1.8912456883512028,-0.3105248089906493,0.5021872738541061,0.0021480606928610535,0.544066837152819,-5.23612869374119,5.252936564187715,10.437513285536866,10.489065257928905,-1.7132302467557525
4.2819999999997505,-0.30737168930617753,0.500631630854569,-1.9011652229981582,-0.3095279152438731,0.49844687338812216,0.002156225937695544,0.5406865078961998,-5.26982751303227,5.167887337009393,10.386531742481955,10.437714850041663,-1.7242558511845576
4.28399999999975,-0.3063742349504405,0.4968194433870713,-1.9110097028974262,-0.3085385416915006,0.494686776186235,0.0021643067410600514,0.5372858727522853,-5.303317260918848,5.0834140531760115,10.33591937095031,10.38673131409486,-1.735213044134557
4.28599999999975,-0.30538442460836723,0.4929876423386399,-1.9207787394057965,-0.30755672742977724,0.4909071308616609,0.0021723028214100104,0.5338650824358275,-5.336596598644446,4.999520351334953,10.28567845274531,10.336116949979399,-1.7461013876467844
4.28799999999975,-0.30440229735597546,0.48913637898222,-1.9304719468584324,-0.30658251125556196,0.4871080871076367,0.002180213899586503,0.5304242709578126,-5.369664213261747,4.916209826713586,10.235811252162758,10.285874039975333,-1.756920452206172
4.28999999999975,-0.3034278919659668,0.48526580535909253,-1.9400889425841068,-0.3056159316642681,0.48328979564694663,0.0021880396983012806,0.526963557856603,-5.402518815446836,4.833486033221947,10.186320015884041,10.236004848668783,-1.767669816026724
4.291999999999749,-0.302461246906198,0.4813760742728776,-1.9496293469202917,-0.3046570268478982,0.4794524081849393,0.002195779941700171,0.5234830502690295,-5.43515913747297,4.751352485397241,10.137206972872551,10.186511622870212,-1.7783490643889117
4.293999999999749,-0.3015024003381609,0.4774673392834982,-1.9590927832281608,-0.30370583469316637,0.47559607736591525,0.0022034343550054736,0.5199828448454964,-5.4675839313402905,4.669812660193778,10.088474334272947,10.137396591534069,-1.7889577890280306
4.295999999999749,-0.30055139011547605,0.47353975470111903,-1.968478877907452,-0.30276239277970085,0.4717209567327528,0.0022110026642248037,0.5164630295135275,-5.499791967056687,4.588869998622798,10.040124293313406,10.088661965679485,-1.7994955875720111
4.297999999999749,-0.29960825378239897,0.46959347558005526,-1.9777872604112168,-0.3018267383783216,0.46782720068963013,0.0022184845959226096,0.5129236850948002,-5.531782031064984,4.5085279072472,9.992159025210247,10.040309938312184,-1.8099620630270574
4.2999999999997485,-0.2986730285723367,0.4656286577126473,-1.9870175632604572,-0.3008989084493862,0.4639149644676933,0.0022258798770495303,0.509364886781694,-5.56355292481032,4.4287897595367856,9.944580687075234,9.992342684347106,-1.8203568233091496
4.301999999999748,-0.2977457514063794,0.46164545762311676,-1.9961694220586192,-0.2999789396411992,0.45998440409351843,0.0022331882348198273,0.5057867054793412,-5.595103463441674,4.3496588970904,9.89739141782508,9.944762360532074,-1.8306794808194065
4.303999999999748,-0.2968264588918418,0.457644032561383,-2.005242475505988,-0.2990668682884788,0.4560356763602062,0.002240409396637,0.5021892090195648,-5.626432474641371,4.2711386307307375,9.850593338093173,9.897571105372108,-1.8409296520612801
4.305999999999748,-0.29591518732081834,0.45362454049685574,-2.0142363654139483,-0.2981627304108769,0.4520689388009558,0.0022475430900585347,0.4985724632535593,-5.657538797575331,4.193232241479187,9.804188550143381,9.850771039054518,-1.8511069572972874
4.307999999999748,-0.2950119726687503,0.4495871401121993,-2.0231507367191277,-0.297266561711547,0.4480843496649548,0.002254589042796684,0.49493653302995977,-5.688421281957866,4.115942981416807,9.758179137785827,9.804364263374673,-1.8612110202431298
4.309999999999747,-0.2941168505930058,0.44553199079706884,-2.0319852374974077,-0.2963783975757561,0.44408206789543153,0.0022615469827503287,0.4912814830651433,-5.719078787223758,4.039274074438701,9.712567166294393,9.758352861662459,-1.8712414677969478
4.311999999999747,-0.29322985643147126,0.4414592526418136,-2.04073951897783,-0.2954982730695367,0.4400622531097137,0.002268416638065429,0.48760737871262183,-5.749510181801034,3.963228716908196,9.667354682326133,9.71273889870923,-1.881197929801485
4.313999999999747,-0.2923510252011575,0.4373690864311633,-2.0494132355563486,-0.2946262229383744,0.4360250655811438,0.002275197737216905,0.4839142866383437,-5.7797143424774235,3.8878100782180978,9.62254371384224,9.667524420695521,-1.8910800388368885
4.315999999999747,-0.29148039159681693,0.4332616536378766,-2.0580060448094852,-0.29376228160592904,0.4319706662227036,0.0022818900091121086,0.4802022754083888,-5.809690153854261,3.8130213012650227,9.578136270030578,9.622711455119283,-1.9008874300420806
4.3179999999997465,-0.29061798998957333,0.42913711641636704,-2.0665176075078433,-0.2929064831727846,0.42789921657220825,0.002288493183211282,0.47647141599574727,-5.839436507880716,3.7388655028439732,9.534134341229782,9.57830201072469,-1.9106197409624626
4.319999999999746,-0.28976385442556546,0.42499563759630177,-2.0749475876295023,-0.29205886141522674,0.4238108787789329,0.0022950069896612857,0.47272178221228955,-5.86895230346278,3.6653457739688236,9.490539898854749,9.534298077431604,-1.92027661142198
4.321999999999746,-0.2889180186246032,0.4208373806761745,-2.083295652373278,-0.2912194497840437,0.4197058155915427,0.0023014311594404813,0.4689534510721156,-5.898236446140309,3.5924651801253216,9.447354895323501,9.490701626265631,-1.9298576834175063
4.323999999999746,-0.2880805159788351,0.41666250981684594,-2.0915614721718745,-0.29038828140334927,0.41558419034720173,0.0023077654245141632,0.4651665030920835,-5.927287847826709,3.52022676146204,9.40458126398537,9.44751460928875,-1.9393626010336735
4.325999999999746,-0.287251379551432,0.41247118983507036,-2.099744720704876,-0.2895653890694258,0.41144616696174496,0.0023140095179938203,0.46136102253510014,-5.956105426605323,3.4486335329252853,9.362220919050475,9.404738959530608,-1.9487910103762718
4.327999999999745,-0.28643064207528013,0.40826358619698383,-2.1078450749116437,-0.2887508052495842,0.40729190992080155,0.0023201631743040574,0.45753709760162575,-5.984688106577439,3.377688484343029,9.320275755520399,9.362376590920467,-1.9581425595224986
4.329999999999745,-0.28561833595168984,0.4040398650115736,-2.115862215004062,-0.28794456208104063,0.40312158427176625,0.0023262261293507946,0.4536948205740705,-6.013034817756899,3.307394580462897,9.278747649120026,9.320429398219796,-1.9674168984864715
4.331999999999745,-0.28481449324911595,0.39980019302411957,-2.123795824479169,-0.2871466913698076,0.39893535561652077,0.002332198120691631,0.4498342879192867,-6.041144496006319,3.237754760949188,9.23763845623061,9.278899256955507,-1.9766136791983362
4.333999999999745,-0.28401914570189224,0.39554473760961395,-2.1316455901316442,-0.28635722458959795,0.39473339010481473,0.002338078887705708,0.44595560035334625,-6.069016083010626,3.168771940343343,9.196950013823857,9.23778802335397,-1.9857325554955714
4.3359999999997445,-0.2832323247089775,0.3912736667661472,-2.1394112020661846,-0.2855761928807415,0.39051585442822134,0.002343868171763963,0.44205886287277707,-6.09664852628377,3.100449007991875,9.156684139397207,9.197097534275645,-1.9947731831251576
4.337999999999744,-0.28245406133271755,0.38698714910828447,-2.147092353709726,-0.28480362704911233,0.3862829158145903,0.0023495657163947747,0.43814418475647887,-6.124040779204381,3.032788827946189,9.116842630910085,9.15682960715057,-2.0037352197551845
4.339999999999744,-0.28168438629761783,0.38268535386040303,-2.1546887418235547,-0.2840395575650665,0.3820347420229239,0.0023551712674486636,0.4342116795414883,-6.151191801077125,2.96579423883734,9.077427266721285,9.116986039914465,-2.012618324994903
4.341999999999744,-0.28092332998913094,0.37836845085001347,-2.162200066515274,-0.2832840145623893,0.3777715013386127,0.0023606845732583315,0.43026146497634343,-6.178100557216231,2.8994680537295334,9.038439805527274,9.077568610945765,-2.021422160421966
4.343999999999744,-0.2801709224524567,0.3740366105010549,-2.169626031250647,-0.2825370278372513,0.3734933625689672,0.0023661053847945923,0.426293662955044,-6.204766019047822,2.8338130599554425,8.99988198630166,9.038579079003265,-2.0301463896158887
4.345999999999743,-0.2794271933913566,0.3696900038271683,-2.1769663428652986,-0.28179862684717333,0.369200495038992,0.0023714334558167516,0.42230839943436926,-6.231187164228686,2.768832018936102,8.961755528235479,9.000019183164788,-2.038790678196817
4.347999999999743,-0.27869217216698006,0.36532880242494,-2.1842207115762995,-0.2810688407099986,0.3648930685873521,0.0023766685430185452,0.4183058043371739,-6.2573629767785475,2.704527665987917,8.924062130678628,8.961890642766464,-2.0473546938687623
4.349999999999743,-0.2779658877967066,0.3609531784671351,-2.1913888509935924,-0.28034769820287364,0.3605712535624845,0.0023818104061670287,0.4142860114443909,-6.2832924472232765,2.640902710119766,8.886803473082164,8.924195157343043,-2.055838106466377
4.351999999999743,-0.27724836895299976,0.35656330469589514,-2.198470478131307,-0.279635227761236,0.356235220818816,0.0023868588082362474,0.41024915827727604,-6.308974572747423,2.5779598338215157,8.849981214941598,8.886934406568939,-2.064240588004808
4.3539999999997425,-0.27653964396227465,0.35215935441591995,-2.205465313418929,-0.2789314574778099,0.3518851417130492,0.002391813515535246,0.40619538597252447,-6.334408357353565,2.5157016928466156,8.813596995741154,8.85011005020018,-2.0725618127317387
4.355999999999742,-0.27583974080378054,0.34774150148762584,-2.212373080712339,-0.2782364151016089,0.3475211881004857,0.0023966742978283606,0.40212483915146535,-6.3595928120270075,2.454130915990258,8.777652434898988,8.813723728017266,-2.080801457181234
4.357999999999742,-0.2751486871084958,0.34330992032028307,-2.2191935073047095,-0.2775501280369462,0.34314353233135625,0.002401440928450349,0.39803766578538724,-6.384526954904108,2.393250104864795,8.7421491317133,8.777777059768903,-2.088959200228715
4.359999999999742,-0.2744665101580368,0.33886478586512553,-2.225926323937282,-0.2768726233424519,0.3387523472471332,0.002406113184415082,0.39393401705790687,-6.40920981144303,2.333061833673601,8.707088665309424,8.742271645116631,-2.097034723146774
4.361999999999742,-0.2737932368835815,0.3344062736084515,-2.2325712648099816,-0.2762039277300983,0.3343478061768039,0.002410690846516794,0.389814047226265,-6.43364041459521,2.2735686489851776,8.672472594587841,8.707209063580388,-2.1050277096611834
4.363999999999741,-0.27312889386480604,0.32993455956469064,-2.239128067591921,-0.2755440675642321,0.3299300829330841,0.0024151736994260653,0.3856779134818913,-6.457817804977084,2.21477306950787,8.638302458173118,8.672590874484953,-2.11293784600703
4.365999999999741,-0.27247350732883524,0.3254498202694566,-2.2455964734317533,-0.274893068860615,0.3254993518085581,0.002419561531779746,0.38152577581189817,-6.481741031040604,2.1566775858668077,8.604579774363721,8.638418616907412,-2.1207648209843937
4.367999999999741,-0.2718271031492073,0.3209522327725778,-2.2519762269678916,-0.27425095728547155,0.3210557875717283,0.002423854136264225,0.37735779686181115,-6.505409149241836,2.099284660383547,8.57130604108281,8.604693809625383,-2.1285083260134865
4.369999999999741,-0.27118970684485266,0.3164419746311085,-2.258267076338588,-0.27361775815454564,0.31659956546296575,0.00242805130969298,0.37317414180062336,-6.528821224207104,2.042596726859254,8.538482735829957,8.571417951066358,-2.1361680551888957
4.3719999999997405,-0.2705613435790857,0.3119192239023151,-2.264468773191885,-0.2729934964321649,0.31213086119034994,0.002432152853079239,0.36897497818839753,-6.551976328895976,1.986616190361917,8.506111315633657,8.538592519257893,-2.143743705332858
4.37399999999974,-0.26994203815861223,0.3073841591366532,-2.2705810726954083,-0.27237819673031416,0.3076498509253925,0.0024361585717019296,0.3647604758475227,-6.574873544760228,1.931345427018469,8.474193217004853,8.506218971778697,-2.1512349760471845
4.37599999999974,-0.26933181503255,0.30283695937071453,-2.2766037335460387,-0.2717718833077169,0.303156711298637,0.0024400682751669067,0.3605308067372768,-6.597511961899035,1.876786783811709,8.442729855891352,8.474298745710744,-2.1586415697639794
4.37799999999974,-0.268730698291463,0.2982778041201599,-2.2825365179794392,-0.27117458006892664,0.2986516193951322,0.00244388177746363,0.3562861448326453,-6.619890679209567,1.8229425783827242,8.411722627633068,8.44283325759229,-2.165963191794824
4.37999999999974,-0.268138711666411,0.293706873372632,-2.288379191779438,-0.2705863105634271,0.29413475274977424,0.002447598897016068,0.3520266660073359,-6.642008804532858,1.7698150988389463,8.3811729069182,8.411823903371804,-2.1731995503784405
4.381999999999739,-0.26755587852801255,0.2891243475806514,-2.294131524287277,-0.27000709798474204,0.28960628934251786,0.002451219456729492,0.3477525479214014,-6.6638654547946645,1.717406603568178,8.35108204774031,8.381272058362843,-2.180350356726712
4.383999999999739,-0.26698222188552145,0.28453040765448717,-2.299793288410721,-0.2694369651695551,0.2850664075934549,0.002454743284033667,0.3434639699133726,-6.685459756141451,1.6657193210584333,8.321451383356234,8.351179077199884,-2.1874153250690944
4.385999999999739,-0.26641776438592,0.27992523495502286,-2.3053642606330147,-0.2688759345968396,0.28051528635776,0.002458170210919597,0.33916111289723716,-6.70679084407098,1.6147554497240684,8.292282226244915,8.321546293795048,-2.194394172695281
4.387999999999739,-0.2658625283130238,0.27530901128659124,-2.3108442210217155,-0.2683240283869986,0.27595310492050606,0.002461500073974776,0.3348441592641329,-6.727857863557835,1.564517157737935,8.263575868067077,8.29237502129577,-2.2012866199962047
4.3899999999997386,-0.2653165355866022,0.27068191888979865,-2.316232953237369,-0.2677812683010159,0.27138004299134966,0.00246473271441372,0.3305132927888321,-6.748659969173714,1.5150065828696544,8.23533357962577,8.263666552043368,-2.208092390503317
4.391999999999738,-0.26477980776151316,0.2660441404343299,-2.3215302445420547,-0.2672476757396177,0.2667962806990899,0.0024678679781045543,0.32616869854091846,-6.769196325202508,1.466225832330018,8.207556610827764,8.235422157532525,-2.214811210926196
4.393999999999738,-0.26425236602685237,0.2613958590117386,-2.3267358858077807,-0.26672327174244553,0.26220199858610366,0.0024709057155931635,0.3218105628008221,-6.789466105750224,1.4181769826214623,8.180246190645798,8.207643088371686,-2.221442811188419
4.395999999999738,-0.2637342312051161,0.25673725812821374,-2.331849671524747,-0.2662080769872402,0.2575973776026599,0.0024738457821241178,0.31743907298012797,-6.8094684948500355,1.3708620793942892,8.153403527081718,8.180330574244325,-2.2279869244619004
4.397999999999738,-0.26322542375138,0.2520685216973425,-2.3368713998094472,-0.26570211178903796,0.2529825991011161,0.002476688037657937,0.3130544175467689,-6.8292026865621756,1.3242831373089734,8.127029807130357,8.153485823871149,-2.2344432871994746
4.3999999999997375,-0.26272596375249124,0.24738983403284515,-2.341800872412648,-0.26520539609937793,0.24835784483000387,0.0024794323468866897,0.3086567859543692,-6.8486678850690765,1.278442139904035,8.10112619674435,8.127110024973112,-2.240811639165993
4.401999999999737,-0.2622358709262753,0.2427013798412994,-2.3466378947272113,-0.2647179495055219,0.2437232969280034,0.002482078579246594,0.30424636857572285,-6.867863304766069,1.2333410394693045,8.075693840799708,8.101204344235374,-2.2470917234679155
4.403999999999737,-0.2617551646207578,0.2380033442148488,-2.3513822757957783,-0.26423979122968627,0.23907913791781463,0.002484626608928453,0.2998233566405837,-6.886788170347226,1.1889817569248473,8.050733863062222,8.075769927272074,-2.25328328658135
4.405999999999737,-0.2612838638134007,0.23329591262389698,-2.3560338283183073,-0.2637709401282864,0.2344255506999283,0.0024870763148857056,0.29538794217722053,-6.905441716887041,1.145366181704925,8.02624736615469,8.050807898591966,-2.259386078378712
4.407999999999737,-0.2608219871103526,0.22857927090978003,-2.3605923686594714,-0.2633114146911938,0.22976271854630034,0.002489427580841197,0.2909403179575474,-6.923823189918131,1.1024961716467852,8.00223543152494,8.026319361564916,-2.2653998521540806
4.409999999999736,-0.26036955274571505,0.22385360527743794,-2.3650577168559024,-0.2628612330410059,0.2250908250939362,0.0024916802952908434,0.28648067744632133,-6.941931845504323,1.0603735528849008,7.978699119414645,8.002305398389224,-2.2713243646470613
4.411999999999736,-0.259926578580822,0.21911910228805825,-2.3694296966232993,-0.2624204129323291,0.22041005433838765,0.0024938343515070738,0.2820092147532183,-6.959766950310495,1.0190001197492693,7.955639468828909,7.978767070059765,-2.2771593760655784
4.413999999999736,-0.25949308210353506,0.21437594885171224,-2.373708135363387,-0.2619889717510748,0.21572059062716786,0.0024958896475397174,0.2775261245883831,-6.977327781668506,0.978377634668445,7.93305749750666,7.955705416336951,-2.282904650107375
4.415999999999736,-0.25906908042755306,0.20962433221997737,-2.377892864170729,-0.2615669265137686,0.21102261865308844,0.0024978460862155605,0.27303160222099443,-6.994613627639583,0.9385078280769283,7.9109542018917995,7.9331214557165115,-2.288559953980387
4.4179999999997355,-0.25865459029173576,0.2048644399785394,-2.3819837178393994,-0.26115429386687355,0.20631632344752251,0.0024997035751377905,0.2685258434405391,-7.011623787073621,0.8993923983264338,7.8893305571050725,7.9110161854000545,-2.2941250584220816
4.419999999999735,-0.2582496280594442,0.20009646003979523,-2.3859805348694985,-0.26075109008612635,0.20160189037359866,0.0025014620266821663,0.26400904452111895,-7.028357569664983,0.8610330116014051,7.868187516916793,7.8893905812663885,-2.299599737717655
4.421999999999735,-0.25785420971789397,0.1953205806354287,-2.3898831574735344,-0.2603573310758877,0.19687950511932942,0.002503121357993743,0.2594814021879266,-7.044814296005713,0.8234313018379895,7.847526013720179,7.8682455978437025,-2.3049837697173814
4.423999999999735,-0.25746835087752407,0.19053699030898108,-2.3936914315826487,-0.25997303236850633,0.19214935369067848,0.0025046814909822634,0.25494311358634025,-7.060993297635575,0.7865888706468276,7.827346958505529,7.847582168282402,-2.310276935852949
4.425999999999735,-0.25709206677138075,0.18574587790840763,-2.3974052068527003,-0.2595982091236972,0.18741162240457002,0.0025061423523164428,0.25039437625303673,-7.076893917089731,0.750507287239059,7.807651240835075,7.82740120432879,-2.3154790211529965
4.427999999999734,-0.25672537225451647,0.18094743257862364,-2.4010243366701993,-0.2592328761279335,0.18266649788184394,0.0025075038734170274,0.24583538808931316,-7.09251550794377,0.7151880883556663,7.788439728818556,7.8077035962994366,-2.3205898142577754
4.429999999999734,-0.25636828180340254,0.1761418437540317,-2.4045486781581,-0.2588770477938532,0.17791416704016086,0.0025087659904506343,0.24126634733610341,-7.107857434856447,0.6806327781998682,7.769713269089499,7.788490213056315,-2.325609107433115
4.431999999999734,-0.25602080951535877,0.1713293011510515,-2.407978092181434,-0.2585307381596795,0.17315481708685987,0.0025099286443207025,0.23668745255109602,-7.122919073610014,0.6468428283726118,7.751472686782247,7.769761901982625,-2.330536696583542
4.433999999999734,-0.2556829691079959,0.16650999476062459,-2.411312443352808,-0.2581939608886559,0.16838863551177227,0.002510991780659999,0.23209890258719668,-7.137699811148722,0.613819677810695,7.733718785509586,7.751519488959417,-2.3353723812648255
4.4359999999997335,-0.255354773918675,0.16168411484071532,-2.414551600037746,-0.25786672926849596,0.16361581007999393,0.00251195534982096,0.22750089657247585,-7.152199045615339,0.5815647327274505,7.716452347341152,7.733763778342789,-2.3401159646958782
4.437999999999733,-0.2550362369039801,0.1568518519087997,-2.417695434359889,-0.2575490562108467,0.1588365288246202,0.0025128193068666427,0.22289363389175065,-7.166416186385602,0.5500793665563091,7.699674132782405,7.716495552941911,-2.3447672537699806
4.439999999999733,-0.2547273706392071,0.15201339673434547,-2.4207438222060405,-0.2572409542507678,0.15405098003944523,0.0025135836115607324,0.21827731416924046,-7.1803506541010975,0.5193649198965096,7.6833848807544225,7.699715573997607,-2.349326059065499
4.441999999999733,-0.2544281873178672,0.14716894033127542,-2.4236966432310694,-0.25694243554622453,0.1492593522716281,0.0025142482283573298,0.21365213725219512,-7.194001880700906,0.48942270046086644,7.667585308574168,7.6834245811617725,-2.353792194856147
4.443999999999733,-0.25413869875120565,0.14231867395043468,-2.4265537808626574,-0.2566535118775959,0.14446183431432888,0.0025148131263902362,0.2090183031961752,-7.20736930945079,0.4602539830265009,7.652276111935542,7.667623292477291,-2.3581654791205433
4.445999999999732,-0.25385891636773544,0.137462789072035,-2.429315122305902,-0.25637419464719724,0.13965861519931677,0.0025152782794617967,0.20437601225062885,-7.220452394971967,0.43186000938674507,7.637457964891023,7.652312404358712,-2.362445733551536
4.447999999999732,-0.25358885121278596,0.13260147739809675,-2.431980558547772,-0.25610449487881815,0.13484988418955163,0.0025156436660321857,0.19972546484569342,-7.233250603268016,0.4042419883055537,7.6231315198339455,7.63749259157357,-2.3666327835649703
4.449999999999732,-0.2533285139480672,0.1277349308448809,-2.4345499843614085,-0.2558444232172747,0.13003583077174227,0.0025159092692074725,0.19506686157970243,-7.245763411750682,0.37740109547361467,7.609297407481381,7.623164507224296,-2.3707264583080803
4.451999999999732,-0.25307791485124853,0.12286334153531393,-2.4370232983102786,-0.25559398992797694,0.12521664464888194,0.002516075076728408,0.19040040320750506,-7.257990309264355,0.3513384734664422,7.595956236857702,7.609328782730797,-2.374726590667458
4.4539999999997315,-0.25283706381555315,0.11798690179139748,-2.4394004027521845,-0.2553532048965114,0.12039251573276388,0.0025161410809582674,0.18572629062899804,-7.2699307961099615,0.32605523170371864,7.583108595278688,7.59598602781368,-2.3786330172768135
4.455999999999731,-0.25260597034936766,0.11310580412662427,-2.441681203843112,-0.25512207762823846,0.11556363413647829,0.002516107278870805,0.1810447248789746,-7.281584384067006,0.3015524464110424,7.570755048336246,7.583136830478049,-2.382445578524145
4.457999999999731,-0.2523846435758663,0.10822024123837228,-2.4438656115409403,-0.2549006172479047,0.11073019016689174,0.002515973672038374,0.1763559071168066,-7.292950596415367,0.27783116058253565,7.558896139883741,7.570781756997903,-2.386164118558819
4.459999999999731,-0.25217309223265116,0.10333040600029893,-2.4459535396089924,-0.2546888324992705,0.10589237431711127,0.0025157402666193263,0.17166003861687607,-7.304028967955836,0.2548923839453545,7.547532392021941,7.558921351901191,-2.3897884852982516
4.461999999999731,-0.25197132467140704,0.09843649145472669,-2.4479449056194444,-0.2544867317447526,0.10105037725893332,0.002515407073345577,0.16695732075933112,-7.314819045029935,0.23273709292548528,7.536664305085454,7.547556137955421,-2.3933185304343367
4.46399999999973,-0.2517793488575718,0.09353869080502349,-2.4498396309565753,-0.25429432296508203,0.09620438983528053,0.002514974107510226,0.16224795502133027,-7.325320385538689,0.2113662306151447,7.526292357629858,7.536686616153833,-2.396754109439561
4.46599999999973,-0.2515971723700218,0.0886371974079698,-2.451637640819874,-0.2541116137589768,0.0913546030526256,0.0025144413889549577,0.15753214296822193,-7.335532558961141,0.19078070674108893,7.516417006419301,7.52631326570223,-2.4000950815729922
4.46799999999973,-0.2514248024007729,0.08373220476613363,-2.4533388642269887,-0.25393861134282997,0.08650120807340451,0.0025138089420570497,0.15281008624564496,-7.345455146371356,0.17098139763492792,7.507038686414691,7.516436544006284,-2.4033413098858127
4.46999999999973,-0.25126224575469625,0.0788239065202258,-2.454943234016533,-0.25377532255041313,0.08164439620841987,0.0025130767957168842,0.1480819865712295,-7.355087740455379,0.15196914620408997,7.498157810762492,7.507056886659469,-2.4064926612268343
4.4719999999997295,-0.25110950884925,0.0739124964414567,-2.4564506868507343,-0.25362175383259467,0.0767843589092353,0.0025122449833446803,0.14334804572678106,-7.364429945527338,0.13374476190422158,7.489774770783987,7.498174707431559,-2.409549006247704
4.473999999999729,-0.2509665977142256,0.06899816842388655,-2.457861163217936,-0.25347791125707353,0.07192128776056075,0.0025113135428479483,0.13860846555066342,-7.373481377544827,0.11630902071281568,7.481889935965132,7.489790398257643,-2.4125102194078947
4.475999999999729,-0.2508335179915099,0.06408111647677221,-2.4591746074349463,-0.25334380050812827,0.06705537447263171,0.0025102825166183895,0.13386344793034244,-7.382241664123573,0.09966266510411614,7.474503653946979,7.481904329227689,-2.415376178979489
4.477999999999729,-0.25071027493486253,0.05916153471690242,-2.4603909676492366,-0.2532194268863811,0.06218681087358037,0.0025091519515185734,0.12911319479468286,-7.390710444552092,0.08380640402462891,7.467616250516551,7.474516848576721,-2.418146767051898
4.479999999999729,-0.2505968734097084,0.05423961736094278,-2.4615101958409884,-0.2531047953085775,0.057315788901801834,0.0025079218988691143,0.12435790810711733,-7.398887369804795,0.06874091287063777,7.461228029598351,7.467628282675433,-2.420821869536135
4.481999999999728,-0.2504933178929455,0.04931555871776284,-2.4625322478249885,-0.25299991030738084,0.05244250059831438,0.002506592414435349,0.11959778985815195,-7.406772102555466,0.054466833465972364,7.455339273246283,7.461238936021438,-2.4234013761691644
4.483999999999728,-0.2503996124727683,0.044389553180766476,-2.4634570832523752,-0.2529047760311826,0.04756713809911516,0.0025051635584142917,0.11483304205833811,-7.414364317189681,0.040984774041258554,7.449950241636185,7.455349091230939,-2.42588518051794
4.485999999999728,-0.2503157608485064,0.03946179522021762,-2.4642846656122295,-0.2528193962439276,0.042689893627531485,0.0025036353954212,0.11006386673119728,-7.421663699816877,0.028295309214154685,7.445061173058859,7.449959009031032,-2.428273179983311
4.487999999999728,-0.25024176633047823,0.034532479375564286,-2.4650149622330164,-0.25274377432495443,0.037810959486568464,0.0025020079944761964,0.10529046590625679,-7.4286699482818435,0.01639897997061901,7.440672283913587,7.4450689282524625,-2.4305652758037337
4.4899999999997275,-0.25017763183986075,0.02960180024775289,-2.465647944283876,-0.2526779132688519,0.03293052805125352,0.002500281428991169,0.10051304161182184,-7.435382772175981,0.005296293646950723,7.436783768702163,7.440679065822931,-2.4327613730589297
4.491999999999727,-0.2501233599085738,0.02466995249155411,-2.466183586775761,-0.25262181568533,0.028048791760977757,0.00249845577675617,0.09573179586843672,-7.441801892847412,-0.00501227608653565,7.433395800023476,7.436789616760876,-2.434861380673153
4.493999999999727,-0.2500789526791804,0.019737130807872687,-2.466621868562423,-0.2525754837991063,0.023165943111835403,0.0024965311199259266,0.09094693068169502,-7.447927043411317,-0.01452628924149213,7.430508528568554,7.433400754169825,-2.4368652114185303
4.495999999999727,-0.25004441190480176,0.014803529936062352,-2.466962772341247,-0.2525389194498084,0.018282174648961192,0.00249450754500663,0.08615864803540596,-7.4537579687594,-0.02324533952617802,7.428122083116142,7.430512629233222,-2.4387727819181233
4.497999999999727,-0.25001973894904866,0.009869344646237845,-2.467206284653936,-0.25251212409189067,0.013397678958865894,0.002492385142842002,0.0813671498846329,-7.4592944255690465,-0.03116905435927997,7.426236570528713,7.428125371209767,-2.4405840126488876
4.499999999999726,-0.2500049347859671,0.004934769731587124,-2.4673523958870405,-0.2524950987945671,0.008512648661770771,0.0024901640086000265,0.07657263814899817,-7.464536182311697,-0.038297094882475236,7.42485207574912,7.426239087429222,-2.4422988279443913
4.501999999999726,-0.25,6.756841671205585e-13,-2.4674011002723395,-0.25248784424175924,0.003627276403941347,0.0024878442417592406,0.07177531470542142,-7.4694830192614345,-0.04462915597258821,7.423968661797559,7.424853863288846,-2.443917155997566
4.503999999999726,-0.25000493478596436,-0.004934769730235783,-2.467352395887067,-0.2524903607320592,-0.0012582451499796206,0.0024854259460948547,0.06697538138169712,-7.474134728502111,-0.05016496625197231,7.423586369769224,7.423969762250139,-2.445438928863029
4.505999999999726,-0.2500197389490433,-0.009869344644887978,-2.4672062846539893,-0.2525026481787085,-0.006143723324639311,0.002482909229665209,0.062173039949329656,-7.4784911139348935,-0.054904288098610365,7.423705218832282,7.423586825836283,-2.446864082459503
4.507999999999726,-0.25004441190479365,-0.014803529934712617,-2.466962772341327,-0.25252470610959177,-0.011028965441641584,0.002480294204798117,0.057368492116754766,-7.482551991284903,-0.058846917654963526,7.424325206226467,7.4237050736299395,-2.4481925565719505
4.509999999999725,-0.2500789526791696,-0.019737130806523142,-2.4666218685625294,-0.2525565336672462,-0.015913778827214214,0.0024775809880765998,0.05256193952240196,-7.486317188107442,-0.061992684835812994,7.4254463072621055,7.424324503271629,-2.449424294853614
4.511999999999725,-0.2501233599085603,-0.02466995249020341,-2.4661835867758946,-0.25259812960888595,-0.020797970819874268,0.0024747697003256186,0.04775358372798166,-7.489786543793749,-0.06434145333518959,7.427068475319672,7.42544509045856,-2.4505592448278275
4.513999999999725,-0.25017763183984454,-0.029601800246402483,-2.4656479442840364,-0.2526494923064421,-0.025681348778093614,0.0024718604665975863,0.0429436262112759,-7.492959909576591,-0.06589312063260255,7.4291916418498145,7.427066788943988,-2.451597357889838
4.515999999999725,-0.2502417663304593,-0.03453247937421423,-2.465014962233203,-0.25271061974661807,-0.03056372008796228,0.002468853416158767,0.038132268359678534,-7.495837148534732,-0.06664761799765007,7.4318157163738885,7.429189530537082,-2.452538589308232
4.5179999999997245,-0.2503157608484847,-0.039461795218869354,-2.4642846656124426,-0.2527815095309598,-0.03544489217085059,0.0024657486824750663,0.033319711463099644,-7.4984181355975466,-0.06660491049430206,7.434940586485003,7.4318132251032445,-2.4533828982264216
4.519999999999724,-0.250399612472744,-0.04438955317941866,-2.463457083252615,-0.25286215887594193,-0.04032467249107013,0.0024625464031979294,0.028506156707093666,-7.5007027575489635,-0.06576499698396443,7.438566117849527,7.434937760564999,-2.454130247663894
4.521999999999724,-0.2504933178929185,-0.04931555871641413,-2.462532247825255,-0.252952564613069,-0.0452028685635314,0.0024592467201504653,0.023691805166183855,-7.502690913030675,-0.06412791012735486,7.442692154209122,7.4385630029033205,-2.4547806045172598
4.523999999999724,-0.25059687340967873,-0.05423961735959464,-2.4615101958412815,-0.2530527231889918,-0.050079287961400064,0.0024558497793130685,0.018876857796637836,-7.504382512545572,-0.06169371638608023,7.4473185173832865,7.442688796159492,-2.455333939561318
4.525999999999724,-0.25071027493483017,-0.059161534715554895,-2.4603909676495563,-0.2531626306656393,-0.05495373832375035,0.0024523557308091526,0.01406151543011358,-7.505777478459683,-0.058462516022192546,7.452445007272379,7.44731496243749,-2.4557902274496892
4.527999999999723,-0.2508335179914748,-0.06408111647542535,-2.4591746074352927,-0.25328228272036574,-0.05982602736321502,0.0024487647288909398,0.00924597876649802,-7.506875745004537,-0.05443444309768353,7.458071401861167,7.452441301906854,-2.456149446715563
4.529999999999723,-0.2509665977141878,-0.0689981684225418,-2.457861163218309,-0.253411674646113,-0.06469596287363305,0.0024450769319252497,0.004430448367178208,-7.507677258278703,-0.04960966547263723,7.464197457222868,7.458067592806065,-2.456411579772148
4.531999999999723,-0.2511095088492096,-0.07391249644011272,-2.4564506868511335,-0.2535508013515884,-0.06956335273769294,0.0024412925023788445,-0.00038487535173103993,-7.508181976248649,-0.04398838480220135,7.470822907523742,7.464193591446447,-2.456576612912987
4.533999999999723,-0.25126224575465306,-0.07882390651888126,-2.4549432340169592,-0.25369965736145755,-0.07442800493457305,0.002437411606804496,-0.005199792126117764,-7.508389868749478,-0.03757083653287374,7.47794746502812,7.470819032216604,-2.456644536312109
4.5359999999997225,-0.25142480240072707,-0.08373220476478997,-2.453338864227441,-0.25385823681655273,-0.07928972754757727,0.0024334344158256638,-0.010014101851017365,-7.508300917485226,-0.030357289897905204,7.485570820104048,7.477943627587321,-2.4566153440241605
4.537999999999722,-0.25159717236997325,-0.08863719740662705,-2.451637640820353,-0.25402653347409626,-0.08414832877176663,0.0024293611041230068,-0.014827604586754362,-7.507915116027973,-0.02234804791091971,7.493692641229403,7.485567068117053,-2.456489033984063
4.539999999999722,-0.2517793488575206,-0.09353869080368173,-2.4498396309570807,-0.2542045407079394,-0.08900361692158641,0.002425191850418784,-0.01964010056620502,-7.507232469817491,-0.013543447359578131,7.50231257499851,7.493689022457913,-2.4562656080068814
4.541999999999722,-0.2519713246713532,-0.09843649145338737,-2.4479449056199765,-0.2543922515088164,-0.09385540043848833,0.0024209268374632,-0.024451390201226886,-7.506252996159568,-0.003943858797398114,7.511430246129374,7.50230913736217,-2.4559450717872737
4.543999999999722,-0.25217309223259465,-0.1033304059989607,-2.4459535396095506,-0.2545896584846135,-0.09870348789854703,0.002416566252018859,-0.029261274089497746,-7.504976724224368,0.006450313464976709,7.5210452574713615,7.511427037689344,-2.4555274348989173
4.545999999999721,-0.25238464357580703,-0.1082202412370338,-2.443865611541525,-0.25479675386065365,-0.10354768802007201,0.0024121102848466136,-0.03406955302106773,-7.503403695043972,0.017638631369806923,7.531157190013467,7.521042326413779,-2.4550127107936985
4.547999999999721,-0.2526059703493057,-0.11310580412528698,-2.4416812038437237,-0.25501352947999606,-0.10838780967121275,0.002407559130690351,-0.03887602798537415,-7.501533961509918,0.0296206231228604,7.541765602893147,7.5311545846327785,-2.4544009168008953
4.549999999999721,-0.25283706381548854,-0.11798690179006145,-2.439400402752822,-0.25523997680375116,-0.11322366187755847,0.0024029129882626177,-0.04368050017735747,-7.499367588369499,0.04239578320584858,7.55287003340565,7.541763371575348,-2.45369207412592
4.551999999999721,-0.25307791485118125,-0.1228633415339792,-2.4370232983109426,-0.2554760869114106,-0.11805505382973107,0.0023981720602293533,-0.048482771004458414,-7.496904652222237,0.0559635723891736,7.564469997013955,7.5528682246114105,-2.4528862078492004
4.5539999999997205,-0.25332851394799727,-0.12773493084354892,-2.434549984362098,-0.25572185050119256,-0.12288179489097124,0.002393336553195291,-0.05328264209307232,-7.494145241515585,0.07032341774604589,7.576564987359253,7.564468659261631,-2.45198334692473
4.55599999999972,-0.25358885121271346,-0.13260147739676614,-2.431980558548488,-0.255977257890402,-0.12770369460471803,0.002388406677688526,-0.05807991529523626,-7.491089456540341,0.08547471266748286,7.589154476272007,7.576564169207824,-2.450983524178544
4.55799999999972,-0.2538589163676601,-0.1374627890707045,-2.429315122306645,-0.25624229901580636,-0.13252056270217996,0.0023833826481462483,-0.06287439269500528,-7.48773740942517,0.10141681687873749,7.602237913783587,7.589154226303908,-2.4498867763069487
4.55999999999972,-0.2541386987511277,-0.14231867394910572,-2.4265537808634265,-0.2565169634340262,-0.13733220910990032,0.002378264682898479,-0.06766587661547518,-7.484089224131489,0.11814905645595708,7.615814728138469,7.602238280587446,-2.448693143874805
4.56199999999972,-0.2544281873177866,-0.147168940329948,-2.423696643231865,-0.2568012403219408,-0.14213844395731193,0.002373053004154191,-0.07245416962465523,-7.480145036446576,0.13567072384520706,7.629884325807085,7.615815760291783,-2.4474026713132946
4.563999999999719,-0.2547273706391239,-0.15201339673301967,-2.420743822206862,-0.25709511847710936,-0.1469390775842853,0.00236774783798549,-0.07723907454248469,-7.475904993977522,0.15398107788126758,7.644446091499216,7.62988607185879,-2.446015406917903
4.565999999999719,-0.25503623690389426,-0.1568518519074769,-2.417695434360736,-0.2573985863182067,-0.15173392054866766,0.002362349414312459,-0.08202039444716558,-7.471369256143909,0.17307934380829515,7.65949938817801,7.644448599952204,-2.4445314028460357
4.567999999999719,-0.2553547739185866,-0.16168411483939427,-2.414551600038619,-0.25771163188547436,-0.1565227836338125,0.002356857966887782,-0.08679793268172897,-7.466537994170342,0.1929647133012251,7.675043557074632,7.659502707471567,-2.4429507151145553
4.569999999999719,-0.2556829691079048,-0.16650999475930395,-2.4113124433537076,-0.25803424284118653,-0.16130547785610008,0.0023512737332817557,-0.09157149286041921,-7.461411391078314,0.21363634448849833,7.691077917703494,7.675047735566812,-2.4412734035971178
4.5719999999997185,-0.2560208095152649,-0.17132930114973266,-2.4079780921823604,-0.2583664064701314,-0.16608181447244796,0.0023455969548665245,-0.09634087887552312,-7.455989641677983,0.2350933619754434,7.707601767878189,7.691083003653427,-2.439499532021497
4.573999999999718,-0.25636828180330606,-0.17614184375271474,-2.4045486781590526,-0.25870810968010705,-0.17085160498781132,0.0023398278768009817,-0.10110589490337052,-7.45027295255889,0.25733485686946267,7.724614383727981,7.707607809428353,-2.437629167966498
4.575999999999718,-0.2567253722544174,-0.1809474325773086,-2.4010243366711777,-0.2590593390024324,-0.17561466116267288,0.002333966748015004,-0.10586634541119011,-7.4442615420807705,0.2803598868056154,7.742115019715017,7.724621428886386,-2.435662382858996
4.577999999999718,-0.25709206677127916,-0.18574587790709596,-2.3974052068537035,-0.25942008059247346,-0.18037079502052217,0.002328013821194297,-0.11062203516346791,-7.4379556403636515,0.30416747597374005,7.760102908652176,7.742123116337392,-2.433599251970666
4.579999999999718,-0.2574683508774198,-0.19053699030767143,-2.3936914315836777,-0.2597903202301841,-0.18511981885532294,0.002321969352764297,-0.11537276922851358,-7.43135548927762,0.3287566151464407,7.778577261721546,7.760112104424061,-2.431439854414633
4.581999999999717,-0.257854209717787,-0.19532058063411978,-2.38988315747459,-0.26017004332066207,-0.18986154523896984,0.0023158336028750726,-0.12011835298487483,-7.424461342431949,0.35412626170843886,7.797537268493597,7.778587604140388,-2.429184273141924
4.583999999999717,-0.2582496280593346,-0.20009646003848847,-2.3859805348705803,-0.26055923489471955,-0.19459578702873245,0.0023096068353849475,-0.12485859212820039,-7.417273465164207,0.38027533968658744,7.816982096947148,7.797548804850795,-2.4268325949379204
4.585999999999717,-0.2586545902916235,-0.20486443997723486,-2.3819837178405066,-0.2609578796094689,-0.19932235737468704,0.002303289317845403,-0.12959329267730268,-7.4097921345282955,0.4072027397817699,7.836910893489839,7.8169948743100655,-2.424384910418399
4.587999999999717,-0.2590690804274382,-0.209624332218675,-2.377892864171862,-0.2613659617489232,-0.20404106972713582,0.002296881321484978,-0.1343222609810546,-7.402017639282595,0.4349073194012112,7.857322782979455,7.836924958683806,-2.4218413140257034
4.5899999999997165,-0.2594930821034178,-0.21437594885041353,-2.3737081353645446,-0.2617834652246112,-0.20875173784401344,0.0022903831211933956,-0.1390453037249273,-7.393950279877507,0.4633879026922356,7.87821686874591,7.857338182569743,-2.4192019040246446
4.591999999999716,-0.2599265785807021,-0.2191191022867619,-2.3694296966244823,-0.26221037357620774,-0.21345417579827874,0.002283794995505628,-0.14376222793757254,-7.385590368442469,0.4926432805772336,7.899592232613989,7.878233649019703,-2.4164667824982757
4.593999999999716,-0.2603695527455924,-0.2238536052761426,-2.365057716857112,-0.26264666997217834,-0.21814819798529417,0.002277117226585912,-0.14847284099751334,-7.376938228772739,0.5226722107895947,7.921447934926814,7.899610439562334,-2.413636055343553
4.595999999999716,-0.2608219871102274,-0.22857927090848715,-2.360592368660707,-0.26309233721043873,-0.22283361913019048,0.0022703501002113158,-0.15317695064010373,-7.367994196315888,0.5534734179106833,7.943783014570048,7.921467614226572,-2.4107098322669356
4.597999999999716,-0.26128386381327295,-0.2332959126226066,-2.356033828319568,-0.26354735771902915,-0.22751025429521585,0.0022634939057561976,-0.15787436496378238,-7.358758618157213,0.5850455934086343,7.966596488996872,7.943804211565848,-2.4076882267796162
4.599999999999715,-0.2617551646206276,-0.23800334421356228,-2.3513822757970635,-0.2640117135568033,-0.23217791888707134,0.0022565489361757174,-0.16256489243725536,-7.349231853005599,0.6173873956774756,7.989887354253732,7.966619248683075,-2.4045713561929065
4.601999999999715,-0.26223587092614253,-0.2427013798400155,-2.346637894728522,-0.2644853864141318,-0.23683642866423033,0.00224951548798924,-0.16724834190627025,-7.339414271178525,0.6504974500778751,8.013654585006877,7.9899117212564,-2.4013593416133387
4.603999999999715,-0.2627259637523559,-0.24738983403156387,-2.341800872413984,-0.26496835761362025,-0.24148559974424244,0.002242393861264347,-0.17192452260049507,-7.329306254586728,0.6843743489790413,8.037897134569718,8.013680603565769,-2.398052307937665
4.605999999999715,-0.263225423751242,-0.25206852169606264,-2.3368713998108097,-0.2654606081108423,-0.2461252486110205,0.002235184359600295,-0.17659324414045763,-7.318908196718555,0.719016651801736,8.062613934930898,8.03792484852029,-2.3946503838477264
4.6079999999997145,-0.2637342312049755,-0.25673725812693665,-2.3318496715261348,-0.26596211849508655,-0.2507551921221124,0.0022278872901110303,-0.18125431654491564,-7.308220502624113,0.7544228850622297,8.08780389678331,8.062643387686343,-2.391153701805318
4.609999999999714,-0.2642523660267092,-0.26139585901046436,-2.3267358858091938,-0.26647286899011846,-0.2553752475159546,0.0022205029634092543,-0.18590755023749583,-7.297243588898496,0.790591542418138,8.113465909553844,8.087835131316634,-2.387562398046675
4.611999999999714,-0.2647798077613676,-0.26604414043305974,-2.321530244543491,-0.26699283945495667,-0.2599852324191094,0.0022130316935890515,-0.19055275605426392,-7.285977883665308,0.8275210847146708,8.139598841434026,8.113498968379979,-2.383876612577119
4.613999999999714,-0.26531653558645407,-0.2706819188885313,-2.3162329532388304,-0.26752200938466364,-0.264584964853484,0.0022054737982095673,-0.19518974525086552,-7.274423826559378,0.8652099400326012,8.166201539411514,8.13963376659198,-2.380096489165415
4.615999999999714,-0.26586252831287316,-0.2753090112853269,-2.310844221023202,-0.2680603579111507,-0.26917426324353133,0.002197829598277523,-0.19981832950999934,-7.262581868709384,0.9036565037371886,8.193272829302437,8.166238372446573,-2.376222175338098
4.6179999999997134,-0.2664177643857667,-0.2799252349537602,-2.305364260634528,-0.26860786380399754,-0.27375294642343306,0.0021900994182308398,-0.20443832094874903,-7.250452472719897,0.9428591385285392,8.22081151578462,8.193311611248436,-2.372253822373615
4.619999999999713,-0.26698222188536563,-0.28453040765322757,-2.2997932884122587,-0.26916450547128606,-0.27832083364426297,0.0021822835859204304,-0.20904953212658217,-7.238036112653571,0.9828161744926796,8.248816382431732,8.22085228714625,-2.368191585296529
4.621999999999713,-0.2675558785278542,-0.2891243475793949,-2.2941315242888396,-0.26973026096044833,-0.2828777445811321,0.0021743824325941574,-0.21365177605246544,-7.225333274012191,1.0235259091547588,8.277286191748283,8.24885918316695,-2.36403562287131
4.623999999999713,-0.26813871166625036,-0.29370687337138,-2.288379191781024,-0.27030510795912893,-0.2874234993403134,0.0021663962928785696,-0.21824486619305095,-7.21234445371813,1.0649866075326297,8.306219685205603,8.27733106125076,-2.359786097596321
4.625999999999713,-0.2687306982912998,-0.2982778041189111,-2.28253651798105,-0.2708890237960616,-0.2919579184663471,0.0021583255047618044,-0.22282861648050023,-7.199070160095179,1.1071965021921049,8.335615583278702,8.306266662287284,-2.3554431756975487
4.627999999999712,-0.26933181503238424,-0.30283695936946897,-2.2766037335476743,-0.27148198544195984,-0.29648082294912514,0.0021501704095756025,-0.22740284132055244,-7.185510912849128,1.1501537933033026,8.365472585484099,8.33566470615243,-2.351007027122272
4.629999999999712,-0.26994203815844386,-0.30738415913540956,-2.2705810726970697,-0.27208396951042174,-0.30099203423095533,0.002141931351977877,-0.23196735560060944,-7.171667243047929,1.1938566486984277,8.395789370418573,8.365523891746356,-2.346477825532598
4.631999999999712,-0.2705613435789148,-0.3119192239010748,-2.2644687731935713,-0.27269495225884893,-0.3054913742136048,0.002133608679934118,-0.23652197469839553,-7.157539693101927,1.2383032039303616,8.426564595798965,8.395842897032288,-2.3418557482990394
4.633999999999712,-0.27118970684467936,-0.31644197462987167,-2.2582670763402986,-0.2733149095893796,-0.30997866526532103,0.0021252027447002386,-0.24106651448987293,-7.14312881674315,1.2834915623333227,8.457796898502869,8.426620379076473,-2.337140976493716
4.6359999999997115,-0.27182710314903175,-0.32095223277134566,-2.2519762269696244,-0.2739438170498353,-0.3144537302278322,0.002116713900803535,-0.24560079135820434,-7.128435179004919,1.3294197950840339,8.489484894610355,8.457854974088953,-2.332333694883756
4.637999999999711,-0.27247350732865716,-0.32544982026822805,-2.2455964734335105,-0.2745816498346819,-0.31891639242332454,0.002108142506024757,-0.2501246222023772,-7.113459356200874,1.3760859412645488,8.521627179446737,8.489545297465423,-2.3274340919244447
4.639999999999711,-0.27312889386462536,-0.3299345595634643,-2.2391280675937044,-0.2752283827860047,-0.32336647566139765,0.0020994889213793444,-0.2546378244460774,-7.098201935903825,1.4234880079263004,8.554222327626302,8.521689943830125,-2.3224423597523205
4.641999999999711,-0.27379323688339835,-0.3344062736072287,-2.2325712648117895,-0.2758839903944967,-0.32780380424599725,0.002090753511098331,-0.25914021604704374,-7.0826635169245105,1.471623970155207,8.587268893097095,8.554287487079717,-2.3173586941782798
4.643999999999711,-0.2744665101578512,-0.3388647858639064,-2.2259263239391136,-0.2765484468004613,-0.33222820298232436,0.0020819366426101382,-0.26363161550576564,-7.066844709289453,1.5204917711387536,8.620765409186813,8.587336480428206,-2.3121832946803473
4.64599999999971,-0.2751486871083078,-0.3433099203190676,-2.2191935073065654,-0.27722172579482873,-0.3366394971837205,0.0020730386865209227,-0.2681118418752213,-7.050746134219345,1.570089322233649,8.654710388649642,8.620835456452994,-2.306916364396633
4.64799999999971,-0.2758397408035903,-0.34774150148641536,-2.2123730807142166,-0.2779038008201858,-0.34103751267853044,0.0020640600165954814,-0.27258071477037227,-7.034368424106721,1.6204145030351524,8.689102323714291,8.654782927141873,-2.301558110118075
4.64999999999971,-0.27653964396208197,-0.3521593544147133,-2.2054653134208304,-0.2785946449718197,-0.3454220758169397,0.0020550010097377114,-0.27703805437784457,-7.017712222493512,1.6714651614477196,8.72393968613303,8.689177383941232,-2.296108742281112
4.65199999999971,-0.27724836895280447,-0.35656330469469105,-2.1984704781332343,-0.27929423099877526,-0.3497930134777876,0.002045862045970792,-0.2814836814658115,-7.000778184048287,1.7232391137569882,8.759220927231862,8.724017297805275,-2.2905684749602826
4.6539999999997095,-0.277965887796509,-0.3609531784659349,-2.1913888509955433,-0.280002531304926,-0.35415015307535647,0.00203664350841698,-0.28591741739442256,-6.983566974543632,1.7757341447027573,8.794944477961806,8.75930111924639,-2.284937525860859
4.655999999999709,-0.27869217216678,-0.3653288024237437,-2.1842207115782744,-0.28071951795005823,-0.35849332256613453,0.0020273457832782338,-0.2903390841255069,-6.966079270832447,1.8289480075541533,8.831108748951332,8.7950272783866,-2.2792161163111277
4.657999999999709,-0.2794271933911541,-0.369690003825976,-2.176966342867297,-0.28144516265096936,-0.36282235045555433,0.0020179692598152332,-0.29474850423345345,-6.9483157608249275,1.8828784241853125,8.867712130559896,8.83119418501024,-2.273404471254898
4.659999999999709,-0.28017092245225206,-0.37403661049986786,-2.1696260312526667,-0.2821794367825788,-0.36713706580470495,0.002008514330326727,-0.29914550091574377,-6.9302771434648704,1.9375230851528222,8.904752992932618,8.867800228617693,-2.267502819243776
4.661999999999709,-0.28092332998892394,-0.3783684508488305,-2.1622000665173173,-0.2829223113790528,-0.37143729823701843,0.0019989813901288844,-0.3035298980038439,-6.91196412870576,1.9928796497745136,8.942229686056223,8.904843778480274,-2.2615113924294157
4.663999999999708,-0.2816843862974083,-0.382685353859223,-2.1546887418256233,-0.2836737571349427,-0.3757228779449299,0.001989370837534421,-0.30790151997410664,-6.893377437486733,2.0489457462097045,8.980140539816048,8.942323183696438,-2.2554304265556446
4.665999999999708,-0.2824540613325056,-0.3869871491071086,-2.1470923537118183,-0.28443374440633573,-0.37999363569651157,0.0019796830738301185,-0.3122601919594663,-6.874517801708582,2.105718971540429,9.01848386405431,8.980236773249011,-2.2492601609507035
4.667999999999708,-0.2832323247087632,-0.3912736667649755,-2.1394112020683,-0.28520224321201987,-0.3842494028420792,0.0019699185032566735,-0.31660573976023887,-6.855385964208771,2.163196891854958,9.057257948629552,9.018582856063729,-2.2430008385190803
4.669999999999708,-0.2840191457016756,-0.39554473760844644,-2.131645590133782,-0.2859792232346614,-0.3884900113207722,0.0019600775329858267,-0.3209379898562359,-6.835982678737108,2.221377042331821,9.096461063477323,9.057359721068929,-2.2366527057336234
4.6719999999997075,-0.2848144932488972,-0.3998001930229576,-2.123795824481328,-0.2867646538219956,-0.392715293667106,0.0019501605730984362,-0.32525676941842896,-6.816308709930762,2.280256927325757,9.136091458672084,9.09656563725652,-2.230216012627384
4.673999999999707,-0.2856183359514688,-0.40403986501041594,-2.1158622150062443,-0.2875585039880306,-0.3969250830174969,0.001940168036561829,-0.32956190632110527,-6.7963648332892035,2.3398340204549832,9.176147364490358,9.136198853744187,-2.2236910127854865
4.675999999999707,-0.28643064207505653,-0.4082635861958294,-2.1078450749138504,-0.2883607424142641,-0.4011192131167598,0.0019301003392075966,-0.3338532291539025,-6.776151835148707,2.400105764690095,9.216626991475133,9.176257599838802,-2.2170779633368287
4.677999999999707,-0.28725137955120605,-0.4124711898339204,-2.0997447207071063,-0.2891713374509133,-0.4052975183245772,0.0019199578997072253,-0.3381305672348045,-6.75567051265742,2.461069572443763,9.25752853050155,9.216740085101183,-2.210377124945959
4.679999999999707,-0.28808051597860695,-0.4166625098157004,-2.0915614721741265,-0.2899902571181572,-0.4094598336219402,0.001909741139550225,-0.3423937506220778,-6.734921673748912,2.5227228256631635,9.298850152843844,9.257644499412075,-2.2035887618044927
4.681999999999706,-0.2889180186243727,-0.4208373806750335,-2.0832956523755533,-0.2908174691073923,-0.4136059946175614,0.0018994504830195935,-0.34664261012759834,-6.713906137116777,2.5850628759226444,9.34059001024361,9.298969013039422,-2.1967131416228405
4.683999999999706,-0.2897638544253329,-0.42499563759516656,-2.0749475876317973,-0.2916529407825008,-0.4177358375542591,0.0018890863571678906,-0.3508769773297882,-6.692624732188416,2.648087044518573,9.382746234979349,9.34071177670699,-2.1897505356216787
4.685999999999706,-0.2906179899893385,-0.4291371164152364,-2.066517607510161,-0.29249663918113145,-0.42184919931531245,0.0018786491917929249,-0.35509668458688726,-6.671078299098738,2.7117926225655236,9.425316939937352,9.382870921664262,-2.182701218523411
4.687999999999706,-0.2914803915965796,-0.4332616536367495,-2.0580060448118274,-0.293348531015993,-0.4259459174307881,0.0018681394194133838,-0.3593015650502407,-6.649267688663535,2.7761768710941634,9.468300218683893,9.425444559757699,-2.1755654685435037
4.6899999999997055,-0.292351025200918,-0.4373690864300409,-2.049413235558713,-0.2942085826761607,-0.43002583008383766,0.0018575574752426882,-0.36349145267843674,-6.627193762353285,2.8412370211500235,9.51169414553879,9.468430783503308,-2.168343567381957
4.691999999999705,-0.29322985643122945,-0.4414592526406959,-2.040739518980216,-0.29507676022839463,-0.43408877611696584,0.001846903797165178,-0.3676661822504341,-6.604857392265549,2.9069702738950376,9.555496775650273,9.511827666160587,-2.1610358002143495
4.693999999999705,-0.29411685059276177,-0.44553199079595596,-2.0319852374998164,-0.2959530294184712,-0.4381345950382692,0.0018361788257094114,-0.3718255893800002,-6.582259461098282,2.9733738007095347,9.599706145071268,9.555633261807817,-2.1536424556831553
4.695999999999705,-0.2950119726685043,-0.44958714011109235,-2.0231507367215555,-0.29683735567252645,-0.4421631270276457,0.0018253830040221297,-0.37596951052984284,-6.5594008621225,3.0404447432962485,9.644320270837023,9.599845605418748,-2.146163825888847
4.697999999999705,-0.29591518732057015,-0.4536245404957537,-2.014236365416398,-0.2977297040984124,-0.44617421294297455,0.0018145167778422233,-0.3800977830258754,-6.5362824991546065,3.108180213786068,9.689337151044118,9.644462712940674,-2.1386002063809224
4.699999999999704,-0.29682645889159115,-0.4576440325602847,-2.0052424755084615,-0.2986300394870649,-0.4501676943262658,0.0018035805954737527,-0.3842102450716913,-6.5129052865286585,3.176577294845208,9.734754764930877,9.689482581373866,-2.1309518961488654
4.701999999999704,-0.2977457514061266,-0.4616454576220235,-1.9961694220611146,-0.29953832631388444,-0.45414341340978137,0.00179257490775786,-0.38830673576367225,-6.489270149068753,3.245633039783705,9.780571072959205,9.734903188852458,-2.1232191976131856
4.703999999999704,-0.29867302857208167,-0.465628657711559,-1.9870175632629743,-0.3004545287401287,-0.45810121312212526,0.0017815001680470122,-0.3923870951051196,-6.465378022060151,3.3153444726665997,9.826784016897822,9.780722494726751,-2.1154024166160386
4.705999999999704,-0.2996082537821418,-0.469593475578972,-1.9777872604137552,-0.3013786106143173,-0.46204093709430416,0.0017703568321755236,-0.39645116402175606,-6.4412298512213955,3.3857085884255174,9.873391519906905,9.826938439646913,-2.107501862412142
4.7079999999997035,-0.3005513901152169,-0.47353975470004206,-1.9684788779100093,-0.30231053547364883,-0.46596242966575835,0.0017591453584319128,-0.4004987843766248,-6.4168265926753705,3.456722352972779,9.920391486624183,9.87354894564815,-2.0995178476593908
4.709999999999703,-0.30150240033789966,-0.4774673392824264,-1.959092783230739,-0.3032502665454296,-0.4698655358903623,0.0017478662075299245,-0.40452979898541574,-6.392169212920461,3.5283827033168222,9.967781803252514,9.920551916237283,-2.0914506884094806
4.711999999999703,-0.3024612469059344,-0.4813760742718098,-1.9496293469228938,-0.3041977667485144,-0.47375010154239533,0.0017365198425799977,-0.4085440516316199,-6.367258688801211,3.6006865476796435,10.015560337648841,9.967945236480855,-2.083300704098362
4.713999999999703,-0.3034278919657011,-0.48526580535802993,-1.9400889425867296,-0.30515299869475937,-0.4776159731224829,0.00172510672905829,-0.4125413870825181,-6.342096007479326,3.6736307656152993,10.063724939414676,10.015726773094626,-2.075068217536831
4.715999999999703,-0.30440229735570756,-0.48913637898116274,-1.9304719468610765,-0.3061159246904864,-0.48146299786350677,0.0017136273347788111,-0.4165216511039933,-6.316682166403266,3.7472122081313426,10.112273439988032,10.063894374534609,-2.0667535549006386
4.717999999999702,-0.3053844246080975,-0.492987642337589,-1.9207787394084586,-0.30708650673795934,-0.4852910237364865,0.0017020821298618372,-0.42048469047665193,-6.2910181732786565,3.8214276978108934,10.161203652736834,10.11244587108955,-2.0583570457208866
4.719999999999702,-0.3063742349501687,-0.49681944338602574,-1.9110097029001092,-0.3080647065368722,-0.48909989945642995,0.0016904715867034903,-0.4244303530113944,-6.265105046037911,3.89627402893702,10.2105133730538,10.161379074974931,-2.049879022874135
4.721999999999702,-0.30737168930590364,-0.5006316308535288,-1.9011652230008618,-0.3090504854858485,-0.49288947448815484,0.0016787961799448747,-0.4283584875652018,-6.238943812809546,3.971747967618886,10.260200378452879,10.210691780428432,-2.041319822572457
4.723999999999702,-0.30837674829751205,-0.5044240542414633,-1.8912456883539293,-0.31004380468395265,-0.49665959905207974,0.0016670563864406018,-0.43226894405675775,-6.212535511887111,4.04784625191985,10.310262428667116,10.260381763806961,-2.0326797843533306
4.7259999999997016,-0.3093893722469863,-0.5081965638314498,-1.881251490565549,-0.31104462493221263,-0.5004101241299862,0.001655252685226316,-0.4361615734827824,-6.1858811916983845,4.124565591986758,10.360697265748096,10.310446783685142,-2.023959251069625
4.727999999999701,-0.3104095211776666,-0.5119490106912682,-1.87118302418954,-0.3120529067351541,-0.5041409014707503,0.0016433855574874978,-0.44003622793315866,-6.158981910773074,4.2019026701823154,10.411502614166846,10.360884580955389,-2.0151585688791074
4.729999999999701,-0.31143715481581996,-0.5156812466807414,-1.8610406867117146,-0.31306861030234623,-0.5078517835960457,0.0016314554865262676,-0.4438927606072278,-6.131838737711222,4.2798541412181965,10.462676180916324,10.411692878929419,-2.0062780872341865
4.731999999999701,-0.3124722325922299,-0.5193931244575837,-1.8508248785341896,-0.31409169554995825,-0.5115426238060162,0.001619462957728357,-0.44773102582946844,-6.104452751150778,4.358416632290655,10.514215655615383,10.462869383441433,-1.9973181588713524
4.733999999999701,-0.313514713643798,-0.5230844974832156,-1.84053600295958,-0.3151221221023281,-0.515213276184921,0.0016074084585300796,-0.45155087906521185,-6.076825039734701,4.437586743218005,10.566118710614315,10.514411782952706,-1.9882791398005153
4.7359999999997004,-0.3145645568151573,-0.5267552200285501,-1.830174466175079,-0.3161598492935416,-0.5188635956067481,0.001595292478384247,-0.45535217693633534,-6.048956702077857,4.517361046579954,10.618383001101915,10.566317748657811,-1.9791613892942164
4.7379999999997,-0.3156217206602975,-0.5304051471797483,-1.819740677236411,-0.3172048361690232,-0.5224934377408018,0.0015831155087256965,-0.459134777237181,-6.020848846733609,4.597736087858766,10.67100616521409,10.618584934592375,-1.969965269876792
4.7399999999997,-0.3166861634441998,-0.5340341348439349,-1.8092350480517008,-0.3182570414871377,-0.5261026590572592,0.0015708780429378733,-0.46289853894950284,-5.992502592159261,4.678708385583122,10.723985824144055,10.671210977742383,-1.960691147313135
4.7419999999997,-0.31775784314448574,-0.5376420397548908,-1.7986579933652003,-0.3193164237208031,-0.529691116832699,0.0015585805763173588,-0.4666433222582427,-5.963919066681883,4.760274431473175,10.777319582254044,10.724193498155058,-1.9513393905975818
4.7439999999997,-0.31883671745307585,-0.5412287194787078,-1.7880099307409174,-0.3203829410591143,-0.5332586691556025,0.0015462236060384549,-0.4703689885667206,-5.935099408463224,4.842430690588102,10.83100502718861,10.777530099051326,-1.9419103719425137
4.745999999999699,-0.3199227437778597,-0.5447940324194118,-1.7772912805461325,-0.32145655140897794,-0.536805174931826,0.001533807631118267,-0.47407540051164165,-5.906044765464122,4.925173601475663,10.88503972998947,10.831218366939785,-1.9324044667667857
4.747999999999699,-0.32101587924437713,-0.5483378378245516,-1.7665024659348045,-0.32253721239675803,-0.540330493890045,0.0015213331523808993,-0.4777624219778618,-5.876756295408318,5.008499576324021,10.939421245211955,10.885255871732339,-1.9228220536839622
4.749999999999699,-0.32211608069751246,-0.55185999579076,-1.7556439128308552,-0.3236248813699324,-0.5438344865871715,0.0015088006724199299,-0.48142991811358105,-5.8472351657463415,5.092405001115009,10.994147111043002,10.93964016686135,-1.9131635144905788
4.751999999999699,-0.3232233047031958,-0.5553603672692701,-1.7447160499113712,-0.3247195153987599,-0.5473170144137435,0.0014962106955640486,-0.48507775534399844,-5.81748255361762,5.17688623578077,11.049214849420746,10.99436878939839,-1.9034292341538082
4.7539999999996985,-0.32433750755011925,-0.5588388140714098,-1.7337193085896692,-0.32582107127795845,-0.550777939599288,0.0014835637278391989,-0.4887058013859775,-5.78749964581313,5.261939614361465,11.104621966155648,11.049439260174594,-1.8936196007993304
4.755999999999698,-0.3254586452514623,-0.5622951988740552,-1.7226541229982668,-0.3269295055283938,-0.5542171252176559,0.001470860276931496,-0.4923139252617439,-5.7572876387368135,5.347561445165737,11.160365951053237,11.10484908390255,-1.8837350056987876
4.757999999999698,-0.3265866735466278,-0.5657293852250517,-1.711520929971748,-0.32804477439877844,-0.5576344351923319,0.0014581008521506456,-0.4959019973123606,-5.7268477383665015,5.433748010933302,11.216444278038464,11.160595749299803,-1.8737758432570575
4.759999999999698,-0.3277215479029908,-0.5691412375486044,-1.7003201690295042,-0.3291668338673819,-0.5610297343017178,0.0014452859643910854,-0.4994698892113423,-5.696181160214537,5.520495568999439,11.27285440528154,11.216676729213976,-1.863742510999454
4.761999999999698,-0.3288632235176546,-0.5725306211506245,-1.6890522823584013,-0.33029563964375064,-0.5644028881843886,0.0014324161260960144,-0.5030174739767741,-5.665289129286644,5.6078003514627826,11.32959377532551,11.273089480749427,-1.8536354095583643
4.763999999999697,-0.33001165531922094,-0.5758974022240511,-1.6777177147953117,-0.3314311471704393,-0.5677537633443245,0.0014194918512183685,-0.5065446259842474,-5.634172880041372,5.695658565354152,11.386659815215197,11.329831445395524,-1.8434549426600113
4.765999999999697,-0.33116679796956855,-0.5792414478541321,-1.666316913809555,-0.33257331162475157,-0.5710822271561179,0.001406513655183017,-0.510051220978613,-5.602833656347828,5.784066392808642,11.444049936627973,11.38690004915647,-1.8332015171107485
4.767999999999697,-0.33232860586564356,-0.5825626260236721,-1.6548503294852328,-0.33372208792049185,-0.5743881478701532,0.001393482054848294,-0.5135371360855725,-5.571272711443138,5.873019991239657,11.501761536005926,11.444292702682795,-1.8228755427831882
4.769999999999697,-0.3334970331412593,-0.5858608056182427,-1.643318414503463,-0.33487743070972736,-0.5776713946177645,0.0013803975684680836,-0.517002249822589,-5.5394913078888175,5.962515493515499,11.559791994689682,11.502006801404317,-1.81247743260201
4.7719999999996965,-0.33467203366890813,-0.5891358564313629,-1.6317216241244976,-0.3360392943845601,-0.5809318374163672,0.0013672607156519634,-0.5204464421097619,-5.507490717526783,6.052549008138006,11.618138679053823,11.560039725664788,-1.802007602529641
4.773999999999696,-0.33585356106158093,-0.5923876491696333,-1.6200604161697665,-0.3372076330789092,-0.5841693471745666,0.0013540720173282894,-0.5238695942791578,-5.47527222143356,6.143116619424491,11.676798940643845,11.618388840858051,-1.7914664715513566
4.775999999999696,-0.33704156867459933,-0.5956160554578446,-1.6083352510037925,-0.33838240067030373,-0.5873837956972422,0.0013408319957043946,-0.5272715890846129,-5.442837109874646,6.234214387691172,11.735770116314727,11.677051497565818,-1.7808544616604076
4.777999999999696,-0.33823600960745687,-0.5988209478440445,-1.5965465915160204,-0.33956355078168493,-0.5905750556906096,0.001327541174228064,-0.5306523107103063,-5.410186682257293,6.325838349439715,11.79504952837104,11.736025031697007,-1.770171997842658
4.779999999999696,-0.3394368367056708,-0.6020021998045691,-1.5846949031025406,-0.34075103678321944,-0.5937430007672586,0.0013142000775486218,-0.5340116447789347,-5.377322247082637,6.417984517545997,11.85463448470862,11.795306764628634,-1.7594195080609896
4.781999999999695,-0.3406440025626431,-0.6051596857490376,-1.572780653647722,-0.3419448117941218,-0.5968875054511673,0.0013008092314786834,-0.5373494783589248,-5.344245121896554,6.510648881451699,11.914522278957904,11.854894003348253,-1.7485974232392993
4.783999999999695,-0.34185745952153335,-0.6082932810253129,-1.5608043135057261,-0.3431448286844872,-0.6000084451826978,0.0012873691629538553,-0.5406656999717026,-5.31095663324027,6.603827407357787,11.974710190628665,11.914784040598057,-1.7377061772463953
4.785999999999695,-0.34307715967713837,-0.6114028619244182,-1.548766355481958,-0.34435104007713435,-0.6031056963235657,0.0012738803999959858,-0.5439601995968921,-5.277458116598575,6.697516038421812,12.035195485256443,11.974974155020387,-1.7267462068791584
4.787999999999695,-0.34430305487778434,-0.6144883056854241,-1.5366672548143883,-0.34556339834945793,-0.6061791361617898,0.0012603434716735862,-0.5472328686779919,-5.243750916348317,6.791710694956588,12.095975414550466,12.035461611304905,-1.7157179518457224
4.7899999999996945,-0.3455350967272278,-0.6175494905002941,-1.524507489154794,-0.3467818556352912,-0.6092286429166198,0.0012467589080633612,-0.5504836001266886,-5.209836385705127,6.886407274632124,12.157047216543125,12.096243660337251,-1.704621854748136
4.791999999999694,-0.34677323658656634,-0.6205862955186933,-1.512287538549903,-0.3480063638267781,-0.6122540957434435,0.00123312724021174,-0.5537122883264578,-5.175715886669213,6.981601652680032,12.218408115741004,12.157317539349245,-1.693458361064688
4.793999999999694,-0.3480174255761577,-0.6235986008527584,-1.5000078854224446,-0.3492368745762554,-0.6152553747386718,0.0012194490000976832,-0.5569188291350491,-5.141390789969756,7.0772896821009,12.28005532327743,12.218680472070655,-1.6822279191317813
4.795999999999694,-0.34926761457755195,-0.6265862875818347,-1.487669014552091,-0.3504733392981446,-0.6182323609446048,0.0012057247205926602,-0.5601031198869304,-5.10686247500891,7.17346719387354,12.34198603706653,12.28032966888245,-1.6709309801256764
4.797999999999694,-0.35052375423542736,-0.6295492377571646,-1.4752714130563402,-0.35171570917085315,-0.621184936354275,0.0011919549354257875,-0.56326505939332,-5.0721323298032255,7.27012999716828,12.40419744195883,12.342262326971506,-1.6595679980433944
4.799999999999693,-0.3517857949595413,-0.6324873344065489,-1.4628155703712715,-0.3529639351386857,-0.6241129839162726,0.0011781401791443602,-0.566404547942855,-5.037201750925316,7.367273879561619,12.466686709898424,12.404475630486935,-1.6481394296836975
4.801999999999693,-0.35305368692668687,-0.6354004615389627,-1.450301978232226,-0.35421796791376475,-0.6270163875395491,0.0011642809870778814,-0.5695214873002756,-5.002072143443368,7.464894607254505,12.529451000081469,12.466966750697873,-1.636645734627344
4.803999999999693,-0.3543273800826602,-0.6382885041491347,-1.4377311306543943,-0.35547775797796116,-0.6298950320982021,0.0011503778953009802,-0.5726157807045444,-4.966744920859694,7.562987925292943,12.592487459116423,12.529732846152637,-1.6250873752170714
4.805999999999693,-0.35560682414423594,-0.6411513482220872,-1.4251035239133183,-0.35674325558483366,-0.6327488034362388,0.0011364314405977183,-0.5756873328656855,-4.9312215050478985,7.6615495577916475,12.655793221185498,12.592771062839546,-1.6134648165370662
4.8079999999996925,-0.3568919686011542,-0.6439888807376395,-1.4124196565252827,-0.3580144107615783,-0.6355775883723218,0.0011224421604241197,-0.57873604996123,-4.8955033261891625,7.7605752081598425,12.719365408207782,12.656078534349005,-1.6017785263922064
4.809999999999692,-0.35818276271811184,-0.646800989674866,-1.3996800292276572,-0.3592911733109873,-0.6383812747044935,0.001108410592875475,-0.581761839630424,-4.859591822706267,7.86006055933093,12.783201130003789,12.719652382037197,-1.59002897528651
4.811999999999692,-0.35947915553676735,-0.6495875640165207,-1.3868851449591137,-0.36057349281341705,-0.6411597512148818,0.001094337276649704,-0.5847646109684472,-4.823488441197199,7.960001273993944,12.84729748446134,12.783489715191143,-1.5782166364014725
4.813999999999692,-0.3607810958777521,-0.6523484937534202,-1.3740355088397753,-0.3618613186287658,-0.643912907674386,0.0010802227510137152,-0.5877442745191095,-4.787194636367007,8.060392994828153,12.911651557703035,12.84758763119516,-1.5663419855738323
4.815999999999692,-0.3620885323426906,-0.6550836698887857,-1.3611316281512733,-0.3631545998984605,-0.646640634847343,0.0010660675557698784,-0.5907007422663586,-4.750711870958264,8.161231344740528,12.976260424255061,12.911943215698791,-1.5544055012728568
4.817999999999691,-0.3634014133162296,-0.6577929844425463,-1.3481740123167265,-0.3644532855474528,-0.6493428244961741,0.0010518722312232165,-0.5936339276247136,-4.714041615680143,8.26251192710596,13.041121147217453,12.976553542786103,-1.542407664577202
4.819999999999691,-0.364719686968077,-0.6604763304556038,-1.335163172880613,-0.3657573242862248,-0.6520193693860111,0.0010376373181478216,-0.5965437454290159,-4.677185349136559,8.36423032600982,13.106230778435702,13.041415675146379,-1.530348959151436
4.821999999999691,-0.3660433012550459,-0.6631336019940516,-1.3220996234886,-0.3670666646120855,-0.6546701629303311,0.001023363357039564,-0.5994301119219516,-4.640144557751916,8.466382106494216,13.171586358673828,13.10652666424613,-1.5182298712217976
4.823999999999691,-0.36737220392311065,-0.6657646941533593,-1.308983879867249,-0.36838125480059336,-0.6572950942539447,0.001009050877482709,-0.6022929624358904,-4.602920753390792,8.568962797111773,13.237184917782317,13.171883550502564,-1.5060508953413108
4.8259999999996905,-0.3687063425094694,-0.6683695030625134,-1.29581645980366,-0.3697010429054468,-0.6598940524267264,0.0009947003959774325,-0.6051324950989305,-4.565515717000732,8.671967646694728,13.303023474779405,13.23748336369546,-1.493812614108824
4.82799999999969,-0.37004566434461506,-0.6709479258881187,-1.2825978831250313,-0.3710259767623113,-0.6624669284322435,0.0009803124176962497,-0.6079489644277509,-4.5279312921284625,8.775391834300331,13.369099038023817,13.303323126428793,-1.481515630614076
4.82999999999969,-0.37139011655441456,-0.6734998608384559,-1.2693286716781398,-0.3723560039925267,-0.6650136151077063,0.0009658874381121563,-0.6107425849164119,-4.490169288443335,8.879230563156927,13.43540860542693,13.369399851600262,-1.4691605368721465
4.83199999999969,-0.37273964606219745,-0.6760252071675046,-1.2560093493087254,-0.3736910720067011,-0.6675340070871885,0.0009514259445036477,-0.6135135338532307,-4.452231484493858,8.983479056810527,13.501949164662843,13.435710541304385,-1.4567479147244249
4.83399999999969,-0.3740941995908492,-0.6785238651789147,-1.2426404418408328,-0.3750311280081962,-0.6700280007475657,0.0009369284173469938,-0.6162619539982668,-4.414119630324472,9.08813255673342,13.568717693376348,13.502252187057893,-1.4442783366939327
4.835999999999689,-0.37545372366491586,-0.6809957362299466,-1.2292224770560378,-0.3763761189965107,-0.6724954941572353,0.0009223953315948275,-0.6189879561497134,-4.3758354499806895,9.19318632004236,13.635711159389448,13.569021770023049,-1.4317523668041887
4.837999999999689,-0.37681816461271483,-0.6834407227353635,-1.2157559846726145,-0.37772599177056587,-0.6749363870275921,0.0009078271578510377,-0.6216916215932846,-4.337380643896915,9.298635617332533,13.702926520906122,13.636016261229447,-1.4191705613597307
4.839999999999689,-0.3781874685684538,-0.6858587281712849,-1.202241496324624,-0.3790806929319003,-0.6773505806672057,0.0008932243634464654,-0.6243730044353799,-4.298756891167604,9.404475730626402,13.770360726715818,13.703232621794005,-1.4065334696885374
4.841999999999689,-0.37956158147435687,-0.6882496570789957,-1.1886795455409296,-0.38044016888777754,-0.6797379779386332,0.0008785874134206728,-0.627032133821368,-4.259965851703171,9.510701951436335,13.838010716395683,13.770667803139506,-1.3938416348467915
4.8439999999996886,-0.38094044908280006,-0.6906134150687178,-1.175070667724119,-0.3818043658542131,-0.6820984832177949,0.0008639167714130647,-0.6296690160418841,-4.221009168273471,9.617309578938201,13.905873420511766,13.838318747211671,-1.3810955942869128
4.845999999999688,-0.3823240169584509,-0.6929499088233325,-1.1614154001293897,-0.38317322985892477,-0.6844320023558361,0.0008492129004738502,-0.6322836365280411,-4.18188846843996,9.72429391825509,13.973945760819309,13.90618238669505,-1.368295880489211
4.847999999999688,-0.38371223048041864,-0.6952590461020672,-1.147714281843325,-0.38454670674421154,-0.6867384426434,0.0008344762637929048,-0.6348759617402817,-4.142605366381016,9.83165027884657,14.042224650462153,13.974255645227586,-1.3554430215586304
4.849999999999688,-0.3851050348444105,-0.697540735744136,-1.1339678537626148,-0.385924742169766,-0.6890177127772275,0.0008197073253555232,-0.6374459409523316,-4.103161464612053,9.939373973002034,14.11070699417165,14.042535437614088,-1.342537541787124
4.851999999999688,-0.38650237506489493,-0.6997948876723387,-1.1201766585727022,-0.38730728161542405,-0.6912697228290055,0.0008049065505291164,-0.6399935079336201,-4.0635583556038055,10.047460314435043,14.179389688464891,14.111018670038849,-1.3295799621827318
4.8539999999996875,-0.38790419597727244,-0.7020214128966161,-1.1063412407263624,-0.3886942703838568,-0.6934943842163785,0.0007900744065843512,-0.642518582533381,-4.023797623301903,10.155904616975299,14.248269621842626,14.179702240277201,-1.31657080096643
4.855999999999687,-0.3893104422400543,-0.7042202235175663,-1.0924621464221946,-0.39008565360320885,-0.6956916096760426,0.0007752113631545599,-0.6450210721698566,-3.983880844551281,10.264702193355122,14.317343674986715,14.248583037906403,-1.3035105740378388
4.857999999999687,-0.3907210583370457,-0.7063912327299102,-1.078539923583081,-0.39148137622968654,-0.6978613132388353,0.0007603178926408605,-0.6475008732266243,-3.943809590427377,10.37384835408827,14.386608720957565,14.317657944515648,-1.2903997954105202
4.859999999999687,-0.3921359885795384,-0.7085343548259214,-1.0645751218345403,-0.3928813830501,-0.700003410206742,0.0007453944705616,-0.649957872361127,-3.9035854274792885,10.483338406436381,14.45606162539126,14.38692383391567,-1.2772389776184383
4.861999999999687,-0.39355517710850924,-0.7106495051988093,-1.0505682924830344,-0.39428561868436346,-0.7021178171317325,0.0007304415758542238,-0.6523919477273838,-3.8632099188867333,10.593167653460842,14.5256992466967,14.456377572347575,-1.2640286320943028
4.863999999999686,-0.3949785678968251,-0.7127366003460587,-1.036519988494202,-0.39569402758795613,-0.704204451796348,0.0007154596911310152,-0.6548029701165761,-3.8226846255346585,10.703331393156642,14.595518436252831,14.526016018691301,-1.2507692695209671
4.865999999999686,-0.3964061047514545,-0.7147955578727264,-1.0224307644710346,-0.397106554054348,-0.7062632331959563,0.0007004493028935355,-0.6571908040188212,-3.782011107008814,10.81382491766491,14.665516038605855,14.595836024673723,-1.2374614001569835
4.867999999999686,-0.39783773131568756,-0.716826296494696,-1.0083011766319636,-0.3985231422173932,-0.7082940815225947,0.000685410901705652,-0.65955530860992,-3.7411909225158664,10.924643512560396,14.735688891666754,14.665834435076261,-1.2241055341375287
4.869999999999686,-0.3992733910713584,-0.7188287360418831,-0.9941317827889276,-0.3999437360536939,-0.7102969181503228,0.0006703449823354801,-0.661896338664782,-3.7002256317301887,11.035782456212221,14.806033826908905,14.73600808794241,-1.210702181751315
4.8719999999996855,-0.4007130273410782,-0.7208027974614033,-0.9799231423253332,-0.4013682793849379,-0.7122716656220083,0.0006552520438596887,-0.6642137454030523,-3.6591167955723685,11.147237019212486,14.876547669566062,14.806353814784854,-1.197251853695219
4.873999999999685,-0.4021565832904721,-0.7227484028206917,-0.9656758161739768,-0.4027967158802128,-0.7142182476374669,0.0006401325897407162,-0.6665073772682089,-3.6178659769210877,11.259002463871482,14.947227238830617,14.87686844079257,-1.1837550613071008
4.875999999999685,-0.40360400193042245,-0.7246654753105798,-0.951390366794904,-0.40422898905829857,-0.7161365890428875,0.0006249871278761199,-0.668777080644186,-3.5764747412622353,11.371074043775458,15.018069348052283,14.947548785037693,-1.1702123167781269
4.877999999999685,-0.4050552261193206,-0.7265539392483292,-0.9370673581531872,-0.4056650422899415,-0.7180266158214654,0.0006098161706208916,-0.6710227005128875,-3.5349446572786802,11.48344700340378,15.089070804937094,15.018391660682461,-1.1566241333456653
4.879999999999685,-0.4065101985653201,-0.7284137200806167,-0.9227073556966869,-0.40710481880011185,-0.7198882550851764,0.0005946202347917318,-0.673244081054134,-3.4932772973823183,11.596116577803603,15.160228411746951,15.089393875185921,-1.1429910254673386
4.881999999999684,-0.40796886182860004,-0.7302447443864795,-0.9083109263337117,-0.4085482616702471,-0.721721435067622,0.0005793998416470658,-0.6754410661931463,-3.451474238193382,11.709077992317477,15.231538965499539,15.16055223051086,-1.129313508977805
4.883999999999684,-0.40943115832363247,-0.7320469398802132,-0.8938786384106424,-0.4099953138404829,-0.7235260851178802,0.0005641555168504064,-0.6776135000968497,-3.4095370609683706,11.82232646236224,15.302999258168775,15.23186352333061,-1.1155921012287653
4.885999999999684,-0.4108970303214555,-0.7338202354142255,-0.8794110616894939,-0.4114459181118735,-0.725302135695297,0.0005488877904179512,-0.6797612276223943,-3.3674673519800233,11.93585719325599,15.374606076885787,15.303324545236013,-1.1018273212132679
4.887999999999684,-0.41236641995195245,-0.7355645609818446,-0.864908767325427,-0.4129000171486038,-0.727049518365157,0.0005335971966513586,-0.681884094720663,-3.32526670285208,12.049665380090403,15.44635620414033,15.374932082942482,-1.0880196896752432
4.8899999999996835,-0.4138392692061373,-0.737279847720085,-0.8503723278441829,-0.41435755348019415,-0.7287681657951732,0.0005182842740568683,-0.683981948797654,-3.2829367108516605,12.163746207645463,15.518246417982855,15.446682918497125,-1.0741697292051748
4.891999999999683,-0.41531551993844307,-0.7389660279123628,-0.8358023171195063,-0.4158184695036996,-0.7304580117527383,0.0005029495652565386,-0.6860546390352376,-3.240478979140975,12.278094850345138,15.590273492226988,15.518573829486112,-1.0602779643224696
4.893999999999683,-0.41679511386901863,-0.740623034991171,-0.8211993103504727,-0.41728270748590535,-0.7321189911028804,0.00048759361688671676,-0.6881020166754834,-3.197895116992287,12.392706472249817,15.662434196652674,15.590601589242103,-1.0463449215458136
4.895999999999683,-0.41827799258602905,-0.7422508035407076,-0.8065638840387847,-0.4187502095655191,-0.7337510398068724,0.0004722169794900699,-0.6901239352696593,-3.155186739967447,12.507576227084481,15.734725297209714,15.662762967051927,-1.032371129451937
4.897999999999683,-0.41976409754796173,-0.7438492692994573,-0.7918966159660135,-0.420220917755362,-0.7353540949214425,0.00045682020740028806,-0.6921202508947442,-3.112355470064746,12.622699258299633,15.807143556221988,15.735054728364378,-1.018357118723699
4.899999999999682,-0.4212533700859369,-0.7454183691627286,-0.7771980851707924,-0.4216947739445591,-0.7369280945985361,0.00044140385862223575,-0.6940908223394957,-3.0694029358351838,12.738070699163085,15.879685732592204,15.807473634998269,-1.004303422188161
4.901999999999682,-0.42274575140602566,-0.7469580411851465,-0.7624688719259408,-0.42317171990073027,-0.738472978085583,0.0004259684947046094,-0.6960355112629371,-3.026330772470962,12.853685672879797,15.952348582006929,15.880016445350758,-0.9902105748455655
4.903999999999682,-0.4242411825915684,-0.7484682245830955,-0.7477095577155813,-0.4246516972721827,-0.7399886857262258,0.0004105146806143156,-0.6979541823256579,-2.983140621866665,12.96953929273892,16.02512885714249,15.952679914605586,-0.9760791138894215
4.905999999999682,-0.42573960460550264,-0.7499488597371207,-0.7329207252121671,-0.42613464759010566,-0.7414751589614662,0.00039504298460302234,-0.6998467032980997,-2.9398341326572783,13.085626662284636,16.098023307871202,16.025460794941914,-0.9619095787189605
4.9079999999996815,-0.4272409582926928,-0.7513998881942817,-0.7181029582534828,-0.427620512270768,-0.742932340331188,0.00037955397807520885,-0.7017129451460384,-2.89641296023325,13.201942875509939,16.171028681467895,16.098355835743188,-0.9477025109441088
4.909999999999681,-0.4287451843822662,-0.7528212526704595,-0.703256841819596,-0.42910923261772005,-0.7443601734760199,0.0003640482354538288,-0.703552782095914,-2.8528787667352105,13.31848301707081,16.244141722817268,16.17136178380602,-0.9334584543838239
4.911999999999681,-0.43025222348995196,-0.7542128970526178,-0.6883829620097668,-0.43060074982399904,-0.7457586031395003,0.00034852633404708344,-0.7053660916812117,-2.809233221029718,13.435242162519923,16.317359174621437,16.24447538354964,-0.919177955058176
4.913999999999681,-0.43176201612042747,-0.7555747664010204,-0.6734819060192938,-0.43209500497434006,-0.747127575170511,0.0003329888539125858,-0.7071527547725083,-2.7654779986683735,13.552215378556937,16.390677777607955,16.31769337722531,-0.9048615611750355
4.915999999999681,-0.4332745026696644,-0.7569068069513966,-0.6585542621163568,-0.43359193904739196,-0.7484670365259453,0.0003174363777275757,-0.7089126555908196,-2.721614781830298,13.669397723295635,16.464094270738237,16.391012505125932,-0.890509823111283
4.91799999999968,-0.4347896234272835,-0.7582089661170665,-0.6436006196187771,-0.43509149291793914,-0.7497769352735815,0.0003018694906556374,-0.7106456817082023,-2.6776452592515736,13.786784246544272,16.537605391416363,16.464429505795845,-0.8761232933897747
4.91999999999968,-0.4363073185789117,-0.7594811924910156,-0.6286215688707555,-0.4365936073591294,-0.7510572205951321,0.00028628878021769166,-0.7123517240351114,-2.633571126141397,13.904369990099472,16.611207875698177,16.53794111624087,-0.861702526651946
4.92199999999968,-0.43782752820854304,-0.7607234358479253,-0.6136177012195675,-0.43809822304470825,-0.7523078427894423,0.0002706948361652084,-0.7140306767966145,-2.5893940840869476,14.022149988051382,16.68489845850087,16.61154407213833,-0.8472480796267324
4.92399999999968,-0.439350192300904,-0.7619356471461547,-0.5985896089922215,-0.43960528055125986,-0.753528753275811,0.0002550882503558616,-0.7156824374985247,-2.5451158409480934,14.140119267099347,16.758673873812526,16.68523510804744,-0.8327605110961479
4.9259999999996795,-0.44087525074382417,-0.7631177785296778,-0.5835378854720576,-0.4411147203604547,-0.7547199045974132,0.00023946961663051658,-0.7173069068850644,-2.5007381107434066,14.258272846876096,16.83253085490224,16.759010957619502,-0.818240381858041
4.927999999999679,-0.44240264333060725,-0.7642697833299715,-0.5684631248753522,-0.4426264828613043,-0.7558812504247976,0.00022383953069704532,-0.7189039888879667,-2.456262613527673,14.376605740280791,16.90646613453029,16.832868353808465,-0.8036882546860493
4.929999999999679,-0.44393230976240916,-0.7653916160678589,-0.5533659223278415,-0.4441405083524232,-0.7570127455594439,0.0002081985900140304,-0.7204735905696469,-2.411691075263228,14.495112953818175,16.980476445158523,16.906804029081403,-0.7891046942875337
4.931999999999679,-0.44546418965061835,-0.7664832324553041,-0.5382468738412317,-0.4456567370442979,-0.7581143459373557,0.0001925473936795763,-0.722015622060215,-2.367025227685082,14.613789487944027,17.05455851916087,16.98081471562911,-0.7744902672594861
4.933999999999679,-0.4469982225192399,-0.7675445893971617,-0.5231065762896687,-0.44717510906156327,-0.759186008632676,0.00017688654232339562,-0.7235299964897637,-2.3222668081612077,14.732630337415424,17.128709089034057,17.054897145576632,-0.75984554204285
4.935999999999678,-0.44853434780728235,-0.7685756449928764,-0.5079456273861802,-0.44869556444528585,-0.7602276918613049,0.00016121663800350294,-0.7250166299163645,-2.2774175595484674,14.851630491645455,17.202924887608354,17.129048051193923,-0.745171088875408
4.937999999999678,-0.4500725048711505,-0.7695763585381393,-0.4927646256590603,-0.4502180431552549,-0.7612393549845077,0.00014553828410435177,-0.7264754412514294,-2.232479230045729,14.970784935060713,17.277202648258346,17.203264165106443,-0.73046747974375
4.939999999999678,-0.4516126329870368,-0.7705466905264929,-0.47756417042826765,-0.4517424850722799,-0.7622209585124977,0.00012985208524307623,-0.7279063521814597,-2.187453573043412,15.090088647462233,17.351539105113684,17.277542220505644,-0.7157352883340748
4.941999999999678,-0.4531546713533203,-0.7714866026508919,-0.4623448617817473,-0.45326883000049584,-0.7631724641079828,0.00011415864717551072,-0.7293092870889681,-2.1423423469719856,15.209536604387385,17.42593099326996,17.35187895135937,-0.7009750899826425
4.9439999999996775,-0.45469855909296675,-0.7723960578052148,-0.4471073005517449,-0.4547970176696752,-0.7640938345896631,9.845857670842673e-05,-0.7306841729714955,-2.0971473151485465,15.329123777473782,17.500375048999317,17.42627109262233,-0.6861874616255956
4.945999999999677,-0.45624423525593166,-0.7732750200857296,-0.43185208829108723,-0.45632698773754654,-0.7649850339356702,8.275248161487836e-05,-0.7320309393600664,-2.051870245622722,15.448845134823445,17.574868009961133,17.500715380446167,-0.6713729817485665
4.947999999999677,-0.4577916388215664,-0.7741234547925099,-0.41657982724943726,-0.4578586797921204,-0.7658460272869387,6.704097055398872e-05,-0.7333495182373144,-2.006512911022197,15.568695641367446,17.649406615412417,17.575208552389643,-0.6565322303361449
4.949999999999677,-0.4593407087010286,-0.774941328430807,-0.40129112034950204,-0.4593920333540214,-0.7666767809505021,5.132465299279021e-05,-0.7346398439562649,-1.9610770883987383,15.688670259229646,17.72398760641811,17.649747347628384,-0.6416657888215185
4.951999999999677,-0.46089138373969146,-0.7757286087123697,-0.38598657116325596,-0.4609269878788268,-0.7674772624027036,3.5604139135336776e-05,-0.7359018531587969,-1.915564559073953,15.808763948090583,17.79860772606116,17.724328507164536,-0.6267742400360221
4.953999999999676,-0.4624436027195596,-0.7764852645567206,-0.3706667838880952,-0.46246348275941146,-0.7682474402923198,1.98800398518717e-05,-0.7371354846960858,-1.8699771084868322,15.928971665549366,17.87326371965232,17.798948774036198,-0.6118581681592654
4.955999999999676,-0.46399730436168546,-0.7772112660923826,-0.3553323633229898,-0.4640014573282986,-0.7689872844435867,4.1529666131578935e-06,-0.738340679549875,-1.824316526042116,16.049288367484312,17.94795233493965,17.873604893526426,-0.5969181586695292
4.957999999999676,-0.46555242732858865,-0.777906584658058,-0.33998391484460677,-0.46554085086001684,-0.7696967658591262,-1.157646857180561e-05,-0.7395173807555087,-1.778584604960334,16.16970900841171,18.022670322317698,17.948293613372044,-0.5819547982947094
4.959999999999676,-0.4671089102266768,-0.7785711928037604,-0.3246220443834158,-0.4670816025734624,-0.7703758567227685,-2.7307653214403427e-05,-0.7406655333266625,-1.7327831421294964,16.29022854184256,18.09741443503625,18.023011683972054,-0.5669686749637997
4.961999999999676,-0.4686666916086711,-0.7792050642918985,-0.30924735839975015,-0.4686236516342669,-0.7710245304022666,-4.303997440419094e-05,-0.7417850841827003,-1.6869139379592755,16.41084192063633,18.17218142940877,18.097755858595605,-0.551960377759187
4.963999999999675,-0.4702257099760294,-0.7798081740983112,-0.2938604638598912,-0.4701669371571707,-0.7716427614518986,-5.87728188587433e-05,-0.7428759820773564,-1.6409787962365951,16.531544097353052,18.24696806502029,18.172522893589647,-0.5369304968694057
4.965999999999675,-0.47178590378137614,-0.7803804984132559,-0.27846196821208874,-0.4717113982084006,-0.7722305256149586,-7.450557297555838e-05,-0.743938177530872,-1.5949795239844815,16.652330024601532,18.321771104934875,18.247309548586014,-0.5218796235429548
4.967999999999675,-0.4733472114309313,-0.7809220146423487,-0.2630524793625846,-0.4732569738080528,-0.7727877998261324,-9.023762287846404e-05,-0.7449716227641754,-1.548917931322963,16.773194655385176,18.396587315902515,18.32211258670814,-0.50680835004279
4.969999999999675,-0.4749095712869423,-0.781432701407456,-0.24763260565161313,-0.4748036029324803,-0.7733145622137565,-0.00010596835446197161,-0.7459762716358875,-1.5027958313327372,16.894132943444397,18.471413468565444,18.396928774777134,-0.491717269601716
4.9719999999996745,-0.47647292167011673,-0.7819125385475388,-0.23220295582938988,-0.4763512245166842,-0.7738107921019609,-0.00012169715343252063,-0.7469520795819933,-1.456615039921463,17.015139843595872,18.546246337663923,18.471754883517335,-0.4766069763786387
4.973999999999674,-0.4780372008620593,-0.7823615071194486,-0.21676413903206124,-0.4778997774567096,-0.7742764700126948,-0.00013742340534972364,-0.7478990035588579,-1.4103773756932934,17.136210312068027,18.62108270224125,18.54658768776132,-0.4614780654158709
4.975999999999674,-0.47960234710770544,-0.7827795893986749,-0.20131676475768331,-0.4794492006120449,-0.7747115776676351,-0.00015314649566056104,-0.7488170019881571,-1.3640846598203955,17.257339306833785,18.69591934584821,18.62142396665418,-0.44633113259709856
4.977999999999674,-0.48116829861776145,-0.7831667688800449,-0.18586144284214223,-0.4809994328080248,-0.7751160979899769,-0.00016886580973662912,-0.7497060347057106,-1.3177387159182146,17.378521787939007,18.77075305674677,18.69626050385722,-0.43116677460655917
4.979999999999674,-0.48273499357114297,-0.7835230302783759,-0.17039878343508352,-0.482550412838237,-0.77549001510611,-0.0001845807329059479,-0.7505660629127472,-1.2713413699231921,17.499752717827715,18.845580628112977,18.771094087750907,-0.41598558888902826
4.981999999999673,-0.48430237011741584,-0.7838483595290778,-0.15492939697582428,-0.4841020794669314,-0.7758333143471788,-0.00020029065048443595,-0.7513970491301201,-1.2248944499733834,17.621027061663753,18.92039885823905,18.845921511637137,-0.40078817361075325
4.983999999999673,-0.4858703663792374,-0.7841427437887089,-0.13945389416925838,-0.4856543714314325,-0.7761459822505279,-0.00021599494780494277,-0.752198957155405,-1.1783997862919378,17.742339787648657,18.99520455073473,18.920739573940594,-0.3855751276213236
4.985999999999673,-0.487438920454801,-0.7844061714354825,-0.12397288596172963,-0.4872072274445545,-0.7764280065610369,-0.00023169301024644762,-0.752971752023297,-1.131859211073784,17.86368586733568,19.06999451472769,18.995545078409464,-0.37034705041658766
4.987999999999673,-0.489007970420277,-0.7846386320697266,-0.10848698351693871,-0.48876058619701923,-0.776679376232342,-0.00024738422325776277,-0.7537153999678694,-1.0852745583742816,17.98506027594094,19.14476556506305,19.07033483431522,-0.3551045421022115
4.9899999999996725,-0.4905774543322594,-0.784840116514293,-0.09299679819179799,-0.4903143863598751,-0.7769000814279501,-0.0002630679723842899,-0.7544298683884961,-1.038647664001377,18.106457992650157,19.219514522501886,19.145105656651534,-0.3398482033583857
4.991999999999672,-0.4921473102302108,-0.785010616814921,-0.07750294151230071,-0.49186856658691963,-0.7770901135222456,-0.0002787436432911683,-0.7551151258181303,-0.9919803654101574,18.22787400092207,19.294238213918973,19.21985436633223,-0.324578635405319
4.993999999999672,-0.49371747613890793,-0.7851501262405505,-0.062006025149383165,-0.4934230655171224,-0.7772494651013909,-0.0002944106217855347,-0.7557711418940105,-0.9452745015998206,18.349303288788583,19.36893347249924,19.294577790388402,-0.30929643996951295
4.995999999999672,-0.49528789007089014,-0.7852586392835884,-0.046506660894759674,-0.49497782177705063,-0.7773781299641254,-0.00031006829383950496,-0.7563978873315427,-0.8985319130137289,18.470740849150747,19.443597137933367,19.369272762164478,-0.2940022192510549
4.997999999999672,-0.4968584900289039,-0.7853361516601257,-0.03100546063679622,-0.49653277398329554,-0.7774761031224614,-0.00032571604560838185,-0.7569953338996029,-0.8517544414410073,18.592181680072166,19.518226056612225,19.443936121513172,-0.2786965758914124
4.999999999999671,-0.4984292140083522,-0.7853826603101063,-0.015503036336336677,-0.49808786074490013,-0.7775433808022858,-0.00034135326345208217,-0.7575634543992177,-0.8049439299213745,18.713620785068233,19.592817081820222,19.51856471498961,-0.26338011294228214
5.001999999999671,-0.4999999999997418,-0.7853981633974483,-2.5480250278570773e-12,-0.49964302066578786,-0.7775799604438604,-0.0003569793339539551,-0.7581022226439301,-0.7581022226517175,18.835053173392378,19.667367073927515,19.593155396044097,-0.24805343383501538
5.003999999999671,-0.5015707859911315,-0.7853826603101165,0.015503036331240727,-0.5011981923471923,-0.7775858407022324,-0.0003725936439391564,-0.7586116134426717,-0.711231164895152,18.95647386031886,19.74187290058095,19.667705025214012,-0.23271714235084873
5.005999999999671,-0.5031415099705794,-0.785336151660146,0.03100546063169619,-0.5027533143900874,-0.7775610214475522,-0.0003881955804919679,-0.7590916025843043,-0.6643326028917659,19.077877867422572,19.81633143689391,19.742210470314337,-0.21737184259169473
5.0079999999996705,-0.5047121099285932,-0.785258639283619,0.04650666088966015,-0.504308325397618,-0.7775055037653024,-0.00040378453097511535,-0.7595421668248397,-0.6174083837719708,19.19926022285516,19.89073956563483,19.81666860662713,-0.20201813895177712
5.00999999999967,-0.5062825238605755,-0.7851501262405913,0.06200602514428434,-0.505863163977531,-0.7774192899564402,-0.0004193598830445344,-0.7599632838755691,-0.5704603554709026,19.320615961618838,19.965094177414468,19.89107631708974,-0.1866566360896148
5.01199999999967,-0.5078526897692731,-0.785010616814972,0.07750294150720716,-0.5074177687446059,-0.7773023835374552,-0.00043492102466724525,-0.7603549323937602,-0.5234903666452587,19.441940125836492,20.0393921708718,19.96543049248175,-0.1712879389008003
5.01399999999967,-0.5094225456672247,-0.7848401165143541,0.09299679818670556,-0.5089720783230866,-0.7771547892403468,-0.00045046734413811684,-0.7607170919748061,-0.4765002665916664,19.563227765018926,20.113630452858672,20.039728031610593,-0.1559126524912812
5.01599999999967,-0.5109920295792072,-0.7846386320697979,0.10848698351184757,-0.5105260313491116,-0.7769765130125208,-0.00046599823009563224,-0.7610497431457628,-0.42949190516643376,19.684473936329535,20.187805938622986,20.11396584149597,-0.14053138215109187
5.017999999999669,-0.5125610795446829,-0.7844061714355642,0.12397288595663564,-0.5120795664731448,-0.7767675620166093,-0.00048151307153809775,-0.7613528673604972,-0.38246713270694116,19.805673704845805,20.261915551990516,20.188140837552748,-0.1251447333286239
5.019999999999669,-0.5141296336202467,-0.7841427437888006,0.1394538941641661,-0.5136326223624053,-0.7765279446302155,-0.0004970112578414065,-0.7616264469964681,-0.3354277999546153,19.92682214381803,20.33595622554528,20.262249943772645,-0.10975331160541324
5.021999999999669,-0.5156976298820688,-0.7838483595291796,0.15492939697073826,-0.5151851377032964,-0.7762576704455857,-0.0005124921787723613,-0.7618704653520483,-0.2883757579785984,20.04791433492575,20.40992490080843,20.33629009290435,-0.09435772267115528
5.023999999999669,-0.517265006428342,-0.7835230302784879,0.17039878342999965,-0.5167370512038348,-0.7759567502692106,-0.000527955224507104,-0.7620849066458766,-0.24131285810133635,20.168945368530927,20.483818528415696,20.410258226632262,-0.07895857229934838
5.0259999999996685,-0.5188317013817237,-0.783166768880167,0.1858614428370607,-0.5182883015960775,-0.7756251961213579,-0.0005433997856462147,-0.7622697560167143,-0.19424095182476198,20.289910343929034,20.557634068293183,20.484151295753797,-0.06355646632313111
5.027999999999668,-0.52039765289178,-0.7827795893988071,0.20131676475260424,-0.5198388276385486,-0.7752630212355377,-0.0005588252532313653,-0.7624249995245591,-0.14716189075775507,20.4108043695973,20.63136848983183,20.557966260355055,-0.048152010611538676
5.029999999999668,-0.5219627991374259,-0.7823615071195912,0.21676413902698055,-0.5213885681186644,-0.7748702400579033,-0.0005742310187615285,-0.7625506241525296,-0.10007752654441446,20.531622563440713,20.70501877205998,20.631700089985127,-0.032745811046024365
5.031999999999668,-0.5235270783293687,-0.7819125385476916,0.23220295582431208,-0.5229374618551575,-0.7744468682465896,-0.0005896164742111853,-0.7626466178099927,-0.05298971079354201,20.6523600530351,20.77858190381464,20.705349763828643,-0.01733847349737791
5.033999999999668,-0.525090428712544,-0.7814327014076189,0.24763260564654282,-0.5244854477004995,-0.7739929226709883,-0.0006049810120444254,-0.7627129693355615,-0.005900295008165262,20.7730119758687,20.852054883910938,20.778912270876866,-0.001930603802656694
5.035999999999667,-0.5266527885685554,-0.7809220146425216,0.2630524793575176,-0.5260324645433214,-0.7735084214109657,-0.0006203240252339315,-0.7627496685016214,0.04118886948350135,20.893573479580677,20.925434721309887,20.852384610097175,0.013477192257412007
5.037999999999667,-0.5282140962181108,-0.7803804984134389,0.27846196820702523,-0.5275784513108335,-0.7729933837560198,-0.0006356449072772996,-0.762756706019033,0.08827593159680605,21.014039722197513,20.99871843528456,20.92576379060071,0.028884308980934248
5.039999999999667,-0.5297742900234579,-0.7798081740985043,0.2938604638548314,-0.5291233469712422,-0.7724478302043832,-0.0006509430522156912,-0.7627340735425344,0.13535904055868794,21.1344058723672,21.071903055584468,20.999046831808514,0.04429014076711629
5.041999999999667,-0.5313333083908163,-0.7792050642921019,0.3092473583946899,-0.5306670905361663,-0.7718717824620684,-0.0006662178546499309,-0.7626817636763163,0.18243634597545647,21.254667109591402,21.14498562259832,21.072230763615945,0.05969408213845012
5.0439999999996665,-0.5328910897728109,-0.778571192803974,0.3246220443783597,-0.53220962106305,-0.7712652634418606,-0.0006814687097608241,-0.7625997699804757,0.22950599789972645,21.374818624455063,21.21796318751475,21.145312626555338,0.07509552776262157
5.045999999999666,-0.5344475726708999,-0.7779065846582814,0.33998391483955936,-0.5337508776575746,-0.7706282972622577,-0.0006966950133253658,-0.7624880869772119,0.27656614689739273,21.494855618854196,21.290832812481572,21.218289471956805,0.09049387247443308
5.047999999999666,-0.5360026956378036,-0.7772112660926161,0.3553323633179469,-0.5352907994760673,-0.7699609092463574,-0.0007118961617362807,-0.7623467101576477,0.32361494411409,21.614773306221533,21.363591570762967,21.291158362107442,0.10588851129755544
5.049999999999666,-0.53755639727993,-0.7764852645569643,0.37066678388305696,-0.5368293257279086,-0.7692631259206953,-0.0007270715520213411,-0.7621756359889478,0.37065054134119846,21.734566911749745,21.436236546894918,21.363916370408546,0.12127883946613316
5.051999999999666,-0.5391086162597986,-0.7757286087126234,0.38598657115822266,-0.5383663956779368,-0.7685349750140329,-0.0007422205818617966,-0.7619748619213116,0.41767109108194783,21.854231672613032,21.50876483683891,21.436560581531083,0.13666425244641967
5.053999999999665,-0.5406592912984615,-0.774941328431071,0.40129112034446957,-0.539901948648849,-0.7677764854560961,-0.0007573426496124691,-0.7617443863952862,0.46467474661710995,21.97376283818652,21.581173548133393,21.50908809156941,0.15204414595827886
5.055999999999665,-0.5422083611779243,-0.774123454792784,0.41657982724441006,-0.5414359240236015,-0.766987687376268,-0.000772437154322736,-0.7614842088493756,0.511659662070385,22.093155670263137,21.653459800043713,21.58149600819275,0.16741791599658712
5.057999999999665,-0.5437557647435599,-0.7732750200860135,0.4318520882860698,-0.542968261247806,-0.7661686121022326,-0.0007875034957539606,-0.7611943297269382,0.558623992474316,22.212405443269517,21.725620723709916,21.6537814507952,0.18278495885280555
5.059999999999665,-0.5453014409065254,-0.7723960578055088,0.44710730054673326,-0.5444988998321231,-0.7653192921585741,-0.0008025410744023631,-0.7608747504840015,0.605565893835328,22.3315074444789,21.797653462292583,21.72594155064357,0.1981446711362676
5.0619999999996645,-0.5468453286461725,-0.7714866026511958,0.4623448617767415,-0.5460277793546537,-0.7644397612653292,-0.0008175492915187821,-0.7605254735964352,0.6524835231992617,22.450456974222508,21.869555171116758,21.797973451023246,0.21349644979562854
5.063999999999664,-0.5483873670124566,-0.770546690526807,0.47756417042326793,-0.5475548394633267,-0.7635300543364953,-0.00083252754912988,-0.7601465025672964,0.6993750387166833,22.56924934609889,21.941323017813858,21.869874307382204,0.22883969214023947
5.065999999999664,-0.5499274951283432,-0.7695763585384635,0.49276462565406265,-0.5490800198782837,-0.7625902074784944,-0.0008474752500594596,-0.7597378419340723,0.7462385997081835,22.68787988718112,22.012954182461552,21.941641287472937,0.24417379586152033
5.067999999999664,-0.5514656521922119,-0.7685756449932106,0.507945627381189,-0.5506032603942609,-0.7616202579885923,-0.000862391797951001,-0.759299497275932,0.7930723667296621,22.806343938222092,22.084445857721597,22.01327157149243,0.25949815905432494
5.069999999999664,-0.5530017774802555,-0.7675445893975057,0.5231065762846886,-0.5521245008829674,-0.7606202443532756,-0.0008772765972880903,-0.7588314752203998,0.8398745016379542,22.924636853858015,22.15579524897563,22.08476235222006,0.27481218023842124
5.0719999999996634,-0.5545358103488778,-0.7664832324556581,0.5382468738362584,-0.5536436812954606,-0.759590206246584,-0.0008921290534171789,-0.7583337834503675,0.8866431676561618,23.042754002809566,22.22699957445897,22.156110835153406,0.29011525837987306
5.073999999999663,-0.5560676902370877,-0.7653916160682226,0.5533659223228754,-0.5551607416645175,-0.7585301845284014,-0.000906948572570232,-0.7578064307106448,0.933376529439308,23.160690768081462,22.29805606539204,22.227314238642155,0.3054067929125247
5.075999999999663,-0.5575973566688903,-0.7642697833303453,0.5684631248703933,-0.5566756221070028,-0.7574402212427036,-0.0009217345618874884,-0.757249426814579,0.9800727531397876,23.27844254715936,22.368961966110135,22.298369794019575,0.32068618375942637
5.077999999999663,-0.5591247492556737,-0.7631177785300618,0.5835378854671018,-0.5581882628262343,-0.7563203596157644,-0.0009364864294393316,-0.75666278265005,1.0267300064733873,23.396004752205755,22.439714534190625,22.36927474573237,0.33595283135443643
5.079999999999663,-0.5606498076985947,-0.7619356471465485,0.5985896089872734,-0.559698604114343,-0.755170644054319,-0.0009512035842517141,-0.7560465101858973,1.0733464587847945,23.513372810252694,22.510311040578273,22.4400263514679,0.35120613666366285
5.081999999999662,-0.5621724717909569,-0.7607234358483287,0.6136177012146316,-0.5612065863546304,-0.7539911201436866,-0.0009658854363264746,-0.7554006224772385,1.1199202811139868,23.630542163393603,22.580748769708258,22.510621882279615,0.36644550120719077
5.083999999999662,-0.563692681420589,-0.7594811924914289,0.6286215688658277,-0.562712150023922,-0.7527818346458511,-0.0009805313966669837,-0.7547251336714629,1.1664496462619727,23.74750826897209,22.651025019627156,22.581058622710117,0.38167032708059834
5.085999999999662,-0.5652103765722181,-0.7582089661174896,0.6436006196138575,-0.564215235694917,-0.751542835497499,-0.000995140877301015,-0.754020059013353,1.2129327288572302,23.864266599769444,22.721137102111612,22.651333870912215,0.39688001697669795
5.087999999999662,-0.566725497329838,-0.7569068069518295,0.6585542621114457,-0.5657157840385331,-0.7502741718080183,-0.0010097132913049478,-0.7532854148502925,1.2593677054219456,23.9808126441896,22.79108234278484,22.721444938767657,0.4120739742072155
5.0899999999996615,-0.5682379838790754,-0.7555747664014635,0.6734819060143871,-0.567213735826248,-0.7489758938574541,-0.0010242480528274145,-0.7525212186370931,1.3057527544385095,24.097141906442214,22.86085808123093,22.791389152003706,0.4272516027245523
5.091999999999661,-0.5697477765095518,-0.7542128970530708,0.688382962004869,-0.5687090319324368,-0.7476480530944238,-0.0010387445771149473,-0.7517274889407215,1.352086056416054,24.213249906723533,22.930461671106904,22.861163850307477,0.44241230714356095
5.093999999999661,-0.5712548156172389,-0.7528212526709218,0.7032568418147114,-0.5702016133367048,-0.7462907021339907,-0.0010532022805340713,-0.7509042454444981,1.398365793957274,24.32913218139535,22.999890480252468,22.930766387438076,0.4575554927634111
5.095999999999661,-0.5727590417068127,-0.7513998881947542,0.7181029582486033,-0.5716914211262158,-0.7449038947554969,-0.0010676205805968397,-0.7500515089521933,1.4445901518253152,24.444784283161752,23.06914189079769,23.000194131336436,0.47268056558948424
5.097999999999661,-0.574260395394004,-0.749948859737603,0.732920725207297,-0.5731783964980166,-0.7434876859003543,-0.0010819988959873683,-0.7491693013923353,1.4907573170103627,24.56020178124336,23.13821329926815,23.069444464232998,0.48778693235516013
5.09999999999966,-0.5757588174079391,-0.7484682245835874,0.7477095577107207,-0.5746624807613562,-0.7420421316697948,-0.0010963366465829294,-0.7482576458211934,1.536865478797263,24.675380261550206,23.207102116687985,23.138514782752942,0.5028740005439509
5.10199999999966,-0.5772542485934828,-0.7469580411856482,0.7624688719210899,-0.5761436153400014,-0.7405672893225792,-0.0011106332534814856,-0.7473165664267041,1.582912828832223,24.79031532685155,23.275805768680648,23.207402498019327,0.5179411784113286
5.10399999999966,-0.5787466299135726,-0.74541836916324,0.7771980851659515,-0.5776217417745467,-0.7390632172726642,-0.0011248881390258925,-0.7463460885313773,1.6288975611903251,24.905002596944136,23.34432169556723,23.27610503575381,0.532987875006818
5.10599999999966,-0.5802359024515493,-0.743849269299978,0.7918966159611871,-0.5790968017247203,-0.7375299750868292,-0.0011391007268289899,-0.7453462385953491,1.6748178724427618,25.019437708817893,23.41264735246262,23.34461983637513,0.5480135001960009
5.1079999999996595,-0.581722007413483,-0.7422508035412378,0.8065638840339685,-0.5805687369716849,-0.7359676234822605,-0.0011532704417981376,-0.7443170442189848,1.7206719617243655,25.133616316819577,23.480780209369218,23.41294435509521,0.5630174646826182
5.109999999999659,-0.5832048861304945,-0.7406230349917109,0.8211993103456671,-0.5820374894203331,-0.7343762243240946,-0.0011673967101614169,-0.7432585341454274,1.7664580308010773,25.2475340928141,23.548717751268487,23.48107606201302,0.5779991800306462
5.111999999999659,-0.5846844800610711,-0.7389660279129122,0.8358023171147114,-0.5835030011015789,-0.7327558406229203,-0.001181478959492166,-0.7421707382629219,1.812174284137473,25.361186726343547,23.616457478209927,23.549012442206074,0.5929580586863946
5.113999999999659,-0.586160730793378,-0.7372798477206441,0.8503723278393991,-0.5849652141746434,-0.7311065365322381,-0.0011955166187346267,-0.7410536876067713,1.8578189289644855,25.474569924784017,23.683996905397947,23.616750995819533,0.6078935140006745
5.115999999999659,-0.587633580047564,-0.7355645609824133,0.8649087673206541,-0.5864240709293351,-0.7294283773458795,-0.0012095091182289242,-0.7399074143612552,1.9033901753470563,25.587679413500123,23.751333563276173,23.684289238153067,0.6228049602509309
5.117999999999658,-0.5891029696780616,-0.7338202354148041,0.8794110616847284,-0.5878795137883259,-0.7277214294953827,-0.001223455889735714,-0.7387319518611672,1.9488862362519361,25.70051093599717,23.818464997609684,23.751624699745232,0.6376918126634379
5.119999999999658,-0.5905688416758859,-0.7320469398808013,0.8938786384058883,-0.5893314853094206,-0.7259857605473284,-0.0012373563664652698,-0.7375273345937543,1.9943053276151097,25.813060254070827,23.88538876956447,23.818754926455718,0.6525534874353547
5.121999999999658,-0.5920311381709195,-0.7302447443870771,0.9083109263289695,-0.5907799281878219,-0.724221439200633,-0.0012512099830975787,-0.7362935981993584,2.0396456684100155,25.92532314795489,23.952102455784985,23.885677479544874,0.6673894017570634
5.123999999999658,-0.5934898014342006,-0.7284137200812238,0.9227073556919565,-0.5922247852583895,-0.7224285352837985,-0.0012650161758110956,-0.7350307794729187,2.084905480715106,26.037295416466385,24.018603648468964,23.952389935751278,0.6821989738342642
5.1259999999996575,-0.5949447738802013,-0.7265539392489458,0.9370673581484689,-0.5936659994978938,-0.720607119752123,-0.0012787743823075015,-0.7337389163648802,2.1300829897815916,26.148972877148186,24.084889955440055,24.018889887366594,0.6969816229101572
5.127999999999657,-0.5963959980691007,-0.7246654753112058,0.9513903667901978,-0.5951035140272635,-0.7187572646848677,-0.0012924840418372385,-0.7324180479819726,2.1751764241012617,26.2603513664095,24.150959000218013,24.085174942308235,0.711736769287629
5.129999999999657,-0.5978434167090527,-0.7227484028213267,0.9656758161692873,-0.5965372721138282,-0.7168790432823815,-0.0013061445952244899,-0.7310682145878151,2.2201840154742385,26.37142673966384,24.216808422086565,24.1512427241896,0.7264638343514309
5.131999999999657,-0.5992869726584479,-0.7208027974620476,0.9799231423206562,-0.5979672171735546,-0.7149725298631847,-0.0013197554848932702,-0.7296894576034143,2.2651039990767137,26.48219487146466,24.282435876158793,24.217090872387946,0.7411622405903417
5.133999999999657,-0.600726608928169,-0.7188287360425367,0.9941317827842633,-0.5993932927732766,-0.7130377998610095,-0.0013333161548924055,-0.7282818196075254,2.309934613528606,26.59265165563842,24.347839033440263,24.282717042109816,0.7558314116193114
5.135999999999656,-0.6021622686838412,-0.7168262964953589,1.0083011766273124,-0.6008154426329202,-0.7110749298217989,-0.0013468260509209573,-0.7268453443368927,2.354674100961181,26.702793005415398,24.41301558088959,24.348118904454218,0.7704707722015887
5.137999999999656,-0.6035938952480756,-0.7147955578733987,1.0224307644663966,-0.6022336106277215,-0.7090839974006633,-0.0013602846203540908,-0.725380076686279,2.399320707084675,26.812614853557818,24.477963221476816,24.41329414647314,0.7850797482708536
5.139999999999656,-0.6050214321027068,-0.7127366003467396,1.0365199884895815,-0.6036477407904391,-0.7070650813587951,-0.0013736913122676109,-0.7238860627084533,2.443872681255794,26.92211315248587,24.542679674239402,24.478240471230077,0.7996577669533056
5.141999999999656,-0.6064448228910232,-0.7106495051995004,1.0505682924784194,-0.6050577773135598,-0.7050182615603403,-0.001387045577463386,-0.7223633496139574,2.4883282765452397,27.03128387440117,24.607162674335513,24.54295559785593,0.8142042565897549
5.1439999999996555,-0.6078640114199954,-0.708534354826622,1.064575121829939,-0.6064636645514982,-0.7029436189692295,-0.0014003468684971043,-0.7208119857712592,2.532685749804691,27.14012301140705,24.67140997309537,24.607437261602357,0.8287186467575576
5.145999999999655,-0.6092789416624895,-0.7063912327306199,1.0785399235784936,-0.6078653470227902,-0.7008412356459648,-0.001413594639699367,-0.7192320207057166,2.5769433617346618,27.248626575627874,24.735419338069946,24.671683213893214,0.8432003682928062
5.147999999999655,-0.6106895577594823,-0.7042202235182852,1.0924621464176214,-0.6092627694122789,-0.6987111947443657,-0.0014267883472034448,-0.7176235050995476,2.6210993769512956,27.35679059932444,24.7991885530773,24.735691222373145,0.857648853312198
5.149999999999655,-0.6120958040222657,-0.7020214128973441,1.1063412407218034,-0.6106558765732955,-0.6965535805082728,-0.0014399274489702574,-0.7159864907912201,2.6651520640534567,27.464611135007523,24.862715418246722,24.799459070954065,0.8720635352349908
5.151999999999655,-0.613497624934645,-0.6997948876730751,1.1201766585681614,-0.6120446135298319,-0.6943684782682089,-0.0014530114048131315,-0.7143210307746859,2.7090996956898317,27.572084255549058,24.925997750060237,24.862984559859225,0.886443848804954
5.153999999999654,-0.614894965155131,-0.6975407357448815,1.1339678537580888,-0.6134289254787079,-0.6921559744379985,-0.0014660396764231143,-0.7126271791988072,2.752940548625558,27.679206054290383,24.989033381391955,24.926265505664823,0.9007892301121836
5.155999999999654,-0.6162877695191242,-0.6952590461028217,1.1477142818388137,-0.6148087577917306,-0.6899161565113449,-0.0014790117273936199,-0.7109049913663545,2.7966729038091356,27.78597264514843,25.051820161545074,24.989299741339295,0.9150991166149942
5.157999999999654,-0.6176759830410935,-0.692949908824096,1.1614154001248935,-0.6161840560178473,-0.6876491130583652,-0.0014919270232461868,-0.7091545237332872,2.8402950464388512,27.892380162719252,25.11435595628624,25.052085116280402,0.9293729471616499
5.159999999999654,-0.6190595509167459,-0.6906134150694903,1.1750706677196379,-0.6175547658852915,-0.6853549337220842,-0.0015047850314544586,-0.7073758339077014,2.883805266029223,27.998424762378793,25.17663864787805,25.11461949634957,0.9436101620121262
5.1619999999996535,-0.6204384185251907,-0.6882496570797771,1.188679545536464,-0.6189208333037213,-0.6830337092148855,-0.0015175852214693863,-0.7055689806487404,2.927201856477432,28.104102620381894,25.238666135108677,25.176900763904463,0.9578102028598283
5.163999999999653,-0.6218125314310957,-0.6858587281720746,1.2022414963201775,-0.6202822043663511,-0.6806855313149207,-0.001530327064744652,-0.7037340238656102,2.9704831161292615,28.209409933957783,25.300436333319595,25.23892681782852,0.9719725128531873
5.165999999999653,-0.6231818353868355,-0.6834407227361635,1.2157559846681762,-0.621638825352076,-0.6783104928624781,-0.0015430100347594289,-0.7018710246162891,3.0136473478452137,28.314342921404076,25.361947174430803,25.300695573558862,0.9860965366172894
5.167999999999653,-0.6245462763346361,-0.6809957362307554,1.2292224770516154,-0.6229906427275886,-0.6759086877563091,-0.0015556336070474686,-0.6999800451066251,3.0566928590660987,28.41889782217745,25.423196606963625,25.36220496311135,1.0001817202753351
5.169999999999653,-0.6259058004087044,-0.6785238651797324,1.2426404418364265,-0.6243376031494885,-0.6734802109499123,-0.0015681972592158644,-0.6980611486885309,3.0996179618790185,28.52307089698261,25.48418259606141,25.42345293510359,1.0142275114702473
5.171999999999652,-0.6272603539373577,-0.6760252071683309,1.2560093493043352,-0.6256796534663841,-0.6710251584477775,-0.001580700470973584,-0.6961143998590047,3.1424209730826034,28.626858427858085,25.544903123507893,25.48443745477548,1.028233359386009
5.173999999999652,-0.6286098834451423,-0.6734998608392911,1.2693286716737657,-0.6270167407209872,-0.6685436273015876,-0.0015931427241551166,-0.6941398642587542,3.1851002142522815,28.73025671826,25.605356187743162,25.54515650400772,1.0421987147690204
5.175999999999652,-0.6299543356549439,-0.6709479258889618,1.2825978831206775,-0.6283488121522,-0.666035715606379,-0.0016055235027438997,-0.6921376086705635,3.227654011805546,28.833262093143276,25.665539803877365,25.60560808133773,1.056123029949466
5.177999999999652,-0.6312936574900913,-0.6683695030633654,1.2958164597993231,-0.6296758151971933,-0.6635015224966625,-0.001617842292897964,-0.6901077010179946,3.270080697066685,28.935870899040065,25.72545200370235,25.66579020197338,1.0700057588624972
5.1799999999996515,-0.6326277960764517,-0.6657646941542198,1.308983879862929,-0.6309976974934783,-0.6609411481425009,-0.0016300985829733605,-0.6880502103636785,3.312378606331712,29.038079504136398,25.785090835700785,25.725700897804685,1.083846357069474
5.181999999999651,-0.6339566987445181,-0.6631336019949208,1.3220996234842974,-0.6323144068809694,-0.658354693745548,-0.001642291863548695,-0.6859652069078743,3.354546080932719,29.139884298345635,25.84445436505327,25.785338217412914,1.0976442817790353
5.183999999999651,-0.6352803130314888,-0.6604763304564816,1.3351631728763276,-0.6336258914040395,-0.6557422615350451,-0.0016544216274493317,-0.6838527619868584,3.396581467302247,29.241281693379975,25.903540673643022,25.844700226077727,1.1113989918681493
5.185999999999651,-0.6365985866833379,-0.6577929844434327,1.3481740123124584,-0.634932099313567,-0.6531039547637785,-0.0016664873697709304,-0.6817129480710791,3.4384831170375425,29.342268122819412,25.962347860058557,25.90378500578187,1.1251099479031565
5.187999999999651,-0.6379114676568791,-0.6550836698896799,1.3611316281470265,-0.6362329790689749,-0.6504398777039953,-0.0016784885879042033,-0.6795458387636373,3.480249386964301,29.442840042178204,26.020874039594037,25.9625906552139,1.1387766121606264
5.1899999999996504,-0.6392189041218187,-0.6523484937543242,1.374035508835539,-0.6375284793402615,-0.6477501356432793,-0.0016904247815572315,-0.677351508798322,3.5218786392006094,29.542993928969153,26.07911734424735,26.021115289768545,1.1523984486482728
5.19199999999965,-0.6405208444628052,-0.6495875640174332,1.3868851449548953,-0.6388185490100222,-0.6450348348803876,-0.001702295452782998,-0.6751300340382014,3.563369241220077,29.64272628276486,26.137075922716477,26.07935704154478,1.165974923125633
5.19399999999965,-0.6418172372814626,-0.6468009896757869,1.3996800292234566,-0.6401031371754643,-0.642294082721046,-0.001714100105998262,-0.6728814914733512,3.604719565915528,29.742033625257772,26.194747940392954,26.137314059342245,1.1795055031248856
5.19599999999965,-0.6431080313984221,-0.6439888807385689,1.4124196565211005,-0.6413821931504117,-0.6395279874737058,-0.001725838248010425,-0.6706059592192091,3.6459279916618126,29.84091250031652,26.252131579353986,26.194984508654706,1.1929896579714363
5.19799999999965,-0.6443931758553422,-0.6411513482230249,1.4251035239091547,-0.6426556664673022,-0.6367366584452591,-0.0017375093880399595,-0.6683035165146229,3.686992902378786,29.939359474040995,26.309225038351883,26.252366571662208,1.2064268588044968
5.199999999999649,-0.6456726199169203,-0.63828850415008,1.437731130650253,-0.6439235068791757,-0.6339202059367175,-0.0017491130377446096,-0.6659742437199268,3.7279126875937902,30.037371134814304,26.36602653280169,26.309458447220514,1.2198165785975628
5.201999999999649,-0.6469463130728954,-0.6354004615399161,1.4503019782281033,-0.6451856643616534,-0.6310787412388489,-0.001760648711242041,-0.6636182223148817,3.768685742504214,30.13494409335299,26.42253429476672,26.366258350848774,1.2331582921788609
5.203999999999649,-0.6482142050400429,-0.6324873344075106,1.4628155703671677,-0.646442089114909,-0.6282123766277761,-0.0017721159251339325,-0.6612355348967656,3.809310468039489,30.232074982754543,26.47874657294178,26.422764514715055,1.24645147625165
5.205999999999649,-0.6494762457641587,-0.6295492377581345,1.4752714130522557,-0.64769273156563,-0.6253212253605369,-0.001783514198528735,-0.6588262651781736,3.8497852709231535,30.328760458542764,26.53466163263473,26.47897518761961,1.2596956094145346
5.2079999999996485,-0.6507323854220362,-0.6265862875828127,1.4876690145480254,-0.6489375423689712,-0.6224054016706051,-0.0017948430530649873,-0.6563904979850173,3.890108563734469,30.424997198710958,26.590277755745724,26.53488863497649,1.2728901721816204
5.209999999999648,-0.6519825744234323,-0.6235986008537445,1.5000078854183982,-0.6501764724104979,-0.6194650207633721,-0.0018061020129344074,-0.6539283192543088,3.9302787649699384,30.52078190376262,26.645593240744496,26.590503138792684,1.2860346470026531
5.211999999999648,-0.653226763413026,-0.6205862955196867,1.5122875385458796,-0.6514094728081211,-0.6165001988115916,-0.0018172906049048754,-0.6514398160319868,3.9702942991044985,30.616111296750116,26.700606402645985,26.645816997645618,1.299128518283049
5.213999999999648,-0.6544649032723658,-0.6175494905012973,1.5245074891507835,-0.6526364949140226,-0.6135110529507849,-0.001828408358343192,-0.6489250764707517,4.010153596652499,30.710982123311105,26.755315572983406,26.700828526658604,1.3121712724038301
5.215999999999648,-0.6556969451218113,-0.6144883056864352,1.5366672548103975,-0.6538574903165718,-0.6104977012746089,-0.0018394548052395043,-0.6463841898278302,4.049855094228416,30.80539115170252,26.809719099779926,26.755536057474103,1.325162397741518
5.217999999999647,-0.6569228403224594,-0.6114028619254372,1.5487663554779874,-0.6550724108422322,-0.6074602628301855,-0.0018504294802271781,-0.6438172464625547,4.08939723460738,30.899335172832696,26.863815347518194,26.809937938225318,1.338101384687928
5.219999999999647,-0.6581425404780663,-0.6082932810263398,1.5608043135017757,-0.656281208557459,-0.604398857613394,-0.0018613319206073342,-0.6412243378340019,4.128778466785534,30.992811000291326,26.91760269710797,26.864032533505792,1.350987725669925
5.221999999999647,-0.6593559974369587,-0.6051596857500725,1.5727806536437923,-0.6574838357705872,-0.6013136065641257,-0.0018721616663714968,-0.6386055564989039,4.167997246039711,31.085815470376737,26.971079545851836,26.917818224337026,1.3638209151689518
5.223999999999647,-0.6605631632939334,-0.602002199805611,1.5846949030986346,-0.6586802450337103,-0.5982046315615016,-0.001882918260223132,-0.6359609961088273,4.2070520339875666,31.17834544212186,27.024244307409315,26.971293408134294,1.3766004497407154
5.2259999999996465,-0.6617639903921495,-0.5988209478450941,1.5965465915121348,-0.6598703891445483,-0.5950720554190524,-0.0018936012476011843,-0.6332907514080572,4.245941298646754,31.270397797317415,27.077095411758826,27.02445649867066,1.389325828034543
5.227999999999646,-0.6629584313250091,-0.595616055458902,1.6083352509999278,-0.661054221148308,-0.5919160018798625,-0.00190421017670106,-0.6305949182308694,4.284663514494386,31.361969440533493,27.1296313051581,27.077305926039106,1.4019965508128456
5.229999999999646,-0.6641464389380296,-0.5923876491706984,1.6200604161659224,-0.6622316943395313,-0.5887365956116759,-0.0019147445984982747,-0.627873593499138,4.32321716252584,31.453057299138674,27.181850450102658,27.129840136612835,1.4146121209703668
5.231999999999646,-0.6653279663307046,-0.5891358564324356,1.6317216241206747,-0.6634027622639352,-0.5855339622019681,-0.001925204066769326,-0.6251268752196681,4.361600730313605,31.543658323317487,27.233751325282668,27.182057593003883,1.4271720435534323
5.233999999999646,-0.6665029668583555,-0.5858608056193231,1.6433184144996618,-0.6645673787202412,-0.5823082281529788,-0.0019355881381143414,-0.6223548624815631,4.399812712065719,31.633769486085647,27.285332425537995,27.23395677401993,1.4396758257790834
5.235999999999645,-0.6676713941339731,-0.5825626260247609,1.6548503294814494,-0.6657254977619946,-0.5790595208767105,-0.001945896371978506,-0.6195576554536348,4.4378516086838875,31.723387783303316,27.33659226181151,27.285536174619427,1.4521229770540898
5.237999999999645,-0.6688332020300503,-0.5792414478552285,1.6663169138057934,-0.6668770736993744,-0.5757879686898909,-0.0019561283306758215,-0.6167353553816675,4.475715927821506,31.812510233686403,27.387529361100903,27.3367943058649,1.4645130089939467
5.239999999999645,-0.6699883446804001,-0.575897402225155,1.677717714791572,-0.6680220611009923,-0.5724937008088989,-0.001966283579407868,-0.6138880645856863,4.51340418394122,31.901133878816008,27.438142266408676,27.38772969487479,1.4768454354417022
5.241999999999645,-0.6711367764819687,-0.5725306211517358,1.6890522823546832,-0.6691604147956816,-0.5691768473446566,-0.0019763616862871203,-0.6110158864570465,4.550914898372496,31.989255783145985,27.488429536690596,27.43834088477349,1.4891197724868033
5.2439999999996445,-0.6722784520966347,-0.5691412375497231,1.7003201690258078,-0.6702920898742766,-0.5658375392974838,-0.001986362222358151,-0.6081189254557469,4.588246599368585,32.0768730340084,27.538389746802494,27.48862643463982,1.5013355384837401
5.245999999999644,-0.673413326453,-0.5657293852261779,1.7115209299680743,-0.6714170416913804,-0.5624759085519199,-0.0019962847616196155,-0.6051972871074858,4.625397822163432,32.16398274161731,27.58802148744568,27.53858491945388,1.5134922540706697
5.247999999999644,-0.674541354748168,-0.5622951988751878,1.7226541229946184,-0.6725352258671234,-0.5590920878715097,-0.0020061288810445665,-0.6022510780007755,4.662367109028248,32.250582039070636,27.63732336511052,27.58821493004239,1.5255894421879246
5.249999999999644,-0.6756624924495134,-0.5588388140725495,1.733719308586043,-0.6736465982889106,-0.555686210893555,-0.0020158941606027714,-0.5992804057839409,4.699153009327819,32.336668082350286,27.686294002018847,27.63751507302247,1.5376266280964492
5.251999999999644,-0.6767766952964391,-0.5553603672704172,1.7447160499077676,-0.6747511151131582,-0.5522584121238309,-0.0020255801832809173,-0.5962853791620786,4.735754079576582,32.422238050320495,27.7349320360646,27.68648397074391,1.5496033393961466
5.253999999999643,-0.6778839193021247,-0.5518599957919141,1.7556439128272743,-0.6758487327670207,-0.5488088269312693,-0.0020351865351039278,-0.5932661078940988,4.77216888349426,32.5072891447242,27.783236120753212,27.735120261229937,1.5615191060440896
5.255999999999643,-0.6789841207552624,-0.548337837825713,1.7665024659312467,-0.676939407950106,-0.5453375915426077,-0.00204471280515639,-0.5902227027896059,4.808395992061379,32.59181859017797,27.831204925139488,27.783422598116594,1.5733734603726826
5.257999999999643,-0.6800772562217825,-0.5447940324205792,1.7772912805426004,-0.67802309763618,-0.541844843037004,-0.002054158585602539,-0.5871552757056229,4.844433983574531,32.6758236341652,27.878837133764137,27.831389650590665,1.58516593710776
5.259999999999643,-0.681163282546568,-0.5412287194798843,1.7880099307374027,-0.6790997590748612,-0.5383307193406183,-0.0020635234717067963,-0.5840639395436069,4.880281443701098,32.75930154702735,27.92613144658887,27.879020103326248,1.5968960733864839
5.2619999999996425,-0.6822421568551604,-0.5376420397560743,1.7986579933617088,-0.6801693497933036,-0.5347953592211611,-0.002072807061856863,-0.5809488082461414,4.915936965533972,32.84224962195382,27.973086578930257,27.926312656419846,1.6085634087752618
5.263999999999642,-0.6833138365554488,-0.5340341348451253,1.8092350480482329,-0.6812318275978684,-0.5312389022824082,-0.0020820089575803724,-0.5778099967935812,4.951399149645865,32.92466517497012,28.019701261392274,27.973266025324257,1.6201674852875134
5.265999999999642,-0.6843782793393536,-0.5304051471809457,1.8197406772329665,-0.6822871505757857,-0.5276614889586841,-0.0020911287635678732,-0.5746476212009215,4.986666604143201,33.00654554492443,28.065974239797477,28.019878940781226,1.6317078474013145
5.267999999999642,-0.6854354431844961,-0.5267552200297544,1.8301744661716581,-0.6833352770968043,-0.52406326050931,-0.0021001660876918127,-0.5714617985141501,5.021737944720121,33.087888093472635,28.111904275117098,28.066150148752513,1.6431840420770678
5.269999999999642,-0.686485286355858,-0.5230844974844256,1.840536002956186,-0.6843761658148303,-0.5204443590130217,-0.0021091205410277425,-0.5682526468071325,5.056611794711619,33.16869020506179,28.157490143399826,28.112078410350172,1.654595618774896
5.271999999999641,-0.6875277674074287,-0.5193931244588004,1.8508248785308197,-0.685409775669555,-0.5168049273623546,-0.002117991737873748,-0.5650202851780683,5.091286785146782,33.24894928691205,28.20273063569944,28.157662501765266,1.6659421294720616
5.273999999999641,-0.688562845183841,-0.515681246681965,1.8610406867083684,-0.6864360658880709,-0.5131451092579967,-0.002126779295770098,-0.5617648337458849,5.125761554801705,33.328662768997226,28.247624558001288,28.202901214195524,1.6772231286802937
5.275999999999641,-0.6895904788219968,-0.5119490106924983,1.8711830241862182,-0.6874549959864772,-0.5094650492031091,-0.0021354828355195643,-0.5584864136468282,5.160034750251942,33.40782810402389,28.2921707311477,28.247793353771947,1.6884381734629401
5.277999999999641,-0.6906106277526796,-0.5081965638326866,1.8812514905622517,-0.6884665257714724,-0.5057648924976158,-0.0021441019812071804,-0.5551851470308824,5.194105025924664,33.486442767408796,28.336367990762266,28.292337741484133,1.6995868234520592
5.2799999999996405,-0.6916232517021563,-0.5044240542427066,1.891245688350656,-0.6894706153419373,-0.5020447852324624,-0.002152636360219007,-0.5518611570580907,5.227971044150704,33.564504257255365,28.380215187173178,28.33653321310466,1.7106686408654301
5.28199999999964,-0.6926283106937675,-0.5006316308547776,1.9011652229976161,-0.690467225090505,-0.4983048742838427,-0.002161085603262558,-0.548514567894899,5.261631475216103,33.64201009432857,28.423711185335332,28.380378619112467,1.7216831905234415
5.28399999999964,-0.6936257650495044,-0.4968194433872832,1.9110097028968827,-0.6914563157051198,-0.4945453073073944,-0.0021694493443845664,-0.5451455047104448,5.2950849974134275,33.71895782202837,28.466854864751703,28.423872824614946,1.7326300398658734
5.28599999999964,-0.6946155753915781,-0.49298764233885284,1.9207787394052571,-0.6924378481705845,-0.4907662327323655,-0.0021777272209936305,-0.5417540936728731,5.328330297092713,33.79534500636207,28.509645119393596,28.467014709269357,1.7435087589685867
5.28799999999964,-0.6955977026439706,-0.48913637898243295,1.9304719468579,-0.693411783770096,-0.48696779975574866,-0.002185918873874537,-0.5383404619454213,5.361366068712196,33.87116923591535,28.552080857620158,28.509803167203156,1.7543189205601126
5.289999999999639,-0.6965721080339796,-0.4852658053593065,1.9400889425835783,-0.6943780840867688,-0.48315015833638647,-0.002194023947210799,-0.5349047376827345,5.394191014888561,33.946428121822024,28.594161002096765,28.55223710693346,1.7650601000381039
5.291999999999639,-0.6975387530937489,-0.4813760742730926,1.9496293469197676,-0.6953367110051469,-0.4793134591890458,-0.0022020420886019743,-0.5314470500268689,5.426803846447072,34.02111929773265,28.63588448971281,28.59431545128558,1.775731875485744
5.293999999999639,-0.6984975996617865,-0.4774673392837143,1.959092783227641,-0.6962876267127038,-0.47545785377846295,-0.0022099729490826503,-0.5279675291033934,5.459203282471282,34.09524041978199,28.67725027149845,28.63603713731071,1.7863338276880132
5.295999999999639,-0.6994486098844718,-0.47353975470133614,1.9684788779069367,-0.6972307937013306,-0.47158349431335944,-0.002217816183141208,-0.5244663060175174,5.491388050352276,34.16878916655506,28.718257312540807,28.677401116202784,1.7968655401478175
5.2979999999996386,-0.7003917462175495,-0.4695934755802723,1.977787260410708,-0.6981661747688114,-0.46769053374042796,-0.0022255714487381395,-0.5209435128499775,5.523356885837918,34.24176323905265,28.75890459189923,28.718406353214732,1.8073265991020893
5.299999999999638,-0.7013269714276122,-0.46562865771286527,1.987017563259953,-0.699093733020288,-0.4637791257382892,-0.002233238407324256,-0.517399282653102,5.555108533081435,34.314160360655166,28.799191102519888,28.759051827573728,1.8177165935377004
5.301999999999638,-0.70225424859357,-0.4616454576233358,1.9961694220581192,-0.7000134318697109,-0.4598494247114207,-0.002240816723859118,-0.513833749446662,5.586641744689864,34.38597827708567,28.83911585114982,28.79933653239581,1.8280351152073253
5.303999999999638,-0.7031735411081079,-0.45764403256160296,2.0052424755054923,-0.700925235041279,-0.45590158578405565,-0.002248306066828909,-0.5102470482137829,5.617955281772139,34.45721475637213,28.878677858250104,28.83925947459999,1.8382817586451652
5.305999999999638,-0.7040848126791319,-0.4536245404970767,2.014236365413457,-0.7018291065708672,-0.45193576479405456,-0.0022557061082647545,-0.5066393148968977,5.649047913986691,34.52786758880818,28.917876157908612,28.87881967482149,1.8484561211825348
5.3079999999996375,-0.7049880273311999,-0.44958714011242357,2.0231507367186357,-0.7027250108074407,-0.4479521182867487,-0.0022630165237592648,-0.503010686393349,5.679918419588999,34.59793458691341,28.956709797752147,28.918016167324414,1.8585578029634355
5.309999999999637,-0.7058831494069451,-0.44553199079729294,2.031985237496923,-0.7036129124144581,-0.4439508035087541,-0.0022702369924869625,-0.4993613005512989,5.710565585478605,34.66741358539266,28.99517783885788,28.956847999914054,1.868586406959932
5.311999999999637,-0.7067701435684801,-0.44145925264203867,2.0407395189773494,-0.7044927763712616,-0.4399319784017601,-0.002277367197218494,-0.4956912961655213,5.740988207245644,34.736302441093905,29.033279355664604,28.99531423384826,1.8785415389873883
5.313999999999637,-0.7076489747987942,-0.43736908643138933,2.0494132355558725,-0.7053645679744542,-0.4358958015962886,-0.0022844068243399462,-0.4920008129729361,5.771185089217459,34.804599032966266,29.071013435883103,29.03341394374881,1.8884228077197212
5.315999999999637,-0.7085196084031353,-0.4332616536381036,2.0580060448090136,-0.706228252839265,-0.4318424324054269,-0.0022913555638702787,-0.4882899916484833,5.801155044504334,34.87230126201605,29.10837918040648,29.071146217511718,1.898229824704384
5.317999999999636,-0.7093820100103794,-0.42913711641659497,2.066517607507376,-0.7070837969009021,-0.4277720308185336,-0.0022982131094773095,-0.48455897380059465,5.830896895045387,34.93940705126304,29.145375703219784,29.108510156217655,1.9079622043773705
5.319999999999636,-0.7102361455743876,-0.42499563759653064,2.0749475876290395,-0.7079311664158919,-0.4236847574949176,-0.0023049791584957013,-0.4808079019668918,5.860409471653742,35.00591434569537,29.182002131309396,29.145504874041634,1.9176195640780103
5.321999999999636,-0.7110819813753506,-0.42083738067640314,2.0832956523728225,-0.7087703279634069,-0.41958077375749014,-0.002311653411943726,-0.4770369196097137,5.889691614061506,35.07182111222385,29.218257604572088,29.182129498162347,1.927201524063698
5.323999999999636,-0.7119194840211192,-0.41666250981707553,2.0915614721714233,-0.7096012484465797,-0.4154602415863916,-0.0023182355745394734,-0.47324617111171197,5.918742170964346,35.13712533963569,29.254141275723754,29.218383168671345,1.936707707524472
5.3259999999996355,-0.7127486204485227,-0.4124711898353008,2.0997447207044297,-0.7104238950938049,-0.411323323612591,-0.002324725354717838,-0.46943580177126076,5.947560000065806,35.20182503854751,29.28965231020782,29.254265038481705,1.9461377405975284
5.327999999999635,-0.7135693579246751,-0.40826358619721514,2.1078450749112014,-0.7112382354600278,-0.40717018311146075,-0.002331122464647284,-0.46560595779811553,5.976143968120975,35.26591824135753,29.324789886103524,29.28977427323656,1.955491252381519
5.329999999999635,-0.7143816640482654,-0.4040398650118081,2.11586221500362,-0.7120442374280205,-0.4030009839963255,-0.0023374266202449423,-0.46175678630866646,6.004492950980195,35.329403002197566,29.35955319403397,29.324910051217373,1.9647678749508577
5.331999999999635,-0.7151855067508397,-0.3998001930243551,2.1237958244787314,-0.7128418692096444,-0.398815890811985,-0.002343637541195265,-0.4578884353214496,6.03260583363219,35.39227739688419,29.393941437073842,29.359671563251997,1.9739672433698279
5.333999999999635,-0.7159808542980641,-0.39554473760984904,2.1316455901312135,-0.7136310993471009,-0.39461506872821295,-0.0023497549509632343,-0.45400105375263156,6.060481510246604,35.45453952286909,29.427953830657373,29.394058012622487,1.9830889957065279
5.335999999999634,-0.7167676752909793,-0.3912736667663832,2.1394112020657587,-0.7144118967141674,-0.39039868353323043,-0.0023557785768119066,-0.4500947914112281,6.088118884216656,35.51618749918967,29.46158960248574,29.428068614973014,1.9921327730468175
5.337999999999634,-0.7175459386672398,-0.3869871491085213,2.147092353709305,-0.7151842305174216,-0.3861669016271549,-0.002361708149818176,-0.4461697989946156,6.115516868200936,35.57721946641832,29.494847992434828,29.461702598217386,2.001098219508016
5.339999999999634,-0.7183156137023399,-0.3826853538606407,2.154688741823138,-0.7159480702974524,-0.38191989001542465,-0.002367543404887429,-0.4422262280836593,6.142674384165301,35.637633586612,29.527728252462627,29.494959202446694,2.0099849822525986
5.341999999999634,-0.7190766700108273,-0.378368450850252,2.1622000665148624,-0.7167033859300569,-0.37765781630219925,-0.0023732840807704214,-0.4382642311382279,6.1695903634238505,35.69742804326082,29.560229646516873,29.52783767983697,2.018792711501633
5.3439999999996335,-0.719829077547502,-0.3740366105012942,2.16962603125024,-0.7174501476274243,-0.37338084868373617,-0.0023789299200777103,-0.434283961492266,6.196263746680054,35.75660104123665,29.59235145044261,29.560337294556597,2.0275210605482314
5.345999999999633,-0.7205728066086028,-0.3696900038274072,2.176966342864898,-0.7181883259393078,-0.36908915594174374,-0.002384480669294975,-0.43028557334925743,6.222693484067031,35.81515080674112,29.62409295188987,29.592457322674093,2.0361696857707394
5.347999999999633,-0.7213078278329799,-0.3653288024251797,2.184220711575904,-0.7189178917541812,-0.3647829074367111,-0.002389936078798671,-0.4262692217773205,6.248878535187824,35.87307558725353,29.655453450221344,29.624197052065707,2.0447382466459176
5.349999999999633,-0.7220341122032538,-0.36095317846737557,2.1913888509932016,-0.7196388163003836,-0.3604622731012143,-0.0023952959028701315,-0.422235062704468,6.274817869155013,35.930373651478206,29.686432256420403,29.65555578232319,2.0532264057619263
5.351999999999633,-0.7227516310469612,-0.35656330469613634,2.1984704781309206,-0.72035107114725,-0.3561274234332003,-0.0024005598997111077,-0.41818325291380365,6.3005104646301024,35.987043289291904,29.717028692999115,29.686532824661803,2.0616338288312055
5.353999999999632,-0.7234603560376863,-0.3521593544161644,2.205465313418544,-0.7210546282062286,-0.35177852948924765,-0.00240572783145776,-0.41411395003877427,6.325955309862348,36.04308281169067,29.747242093906557,29.717127501828315,2.0699601847031968
5.355999999999632,-0.7241602591961809,-0.3477415014878711,2.2123730807119584,-0.7217494597319841,-0.34741576287780535,-0.0024107994641967556,-0.41002731255814595,6.35115140272755,36.09849055073701,29.777071804437227,29.74733914800946,2.0782051453770354
5.357999999999632,-0.7248513128914663,-0.3433099203205278,2.219193507304336,-0.722435538323489,-0.3430392957524091,-0.002415774567977369,-0.4059234997914629,6.3760977507657595,36.15326485950599,29.806517181139952,29.77716710874023,2.086368386013916
5.359999999999632,-0.7255334898419259,-0.338864785865371,2.225926323936913,-0.7231128369250986,-0.3386493008048769,-0.0024206529168272484,-0.4018026718939014,6.400793371219402,36.20740411203235,29.83557759172701,29.80661074081295,2.094449584949558
5.3619999999996315,-0.7262067631163815,-0.33440627360869773,2.232571264809618,-0.7237813288276156,-0.33424595125848056,-0.0024254342887659597,-0.39766498985153476,6.42523729107046,36.26090670325675,29.864252414983365,29.83566941218629,2.1024484237063783
5.363999999999631,-0.7268711061351576,-0.3299345595649376,2.239128067591562,-0.7244409876693377,-0.32982942086109873,-0.002430118465819864,-0.3935106154765089,6.449428547077269,36.313771048971866,29.892541040676647,29.864342501894598,2.1103645870055607
5.365999999999631,-0.7275264926711289,-0.3254498202697043,2.245596473431399,-0.7250917874370945,-0.32539988387834684,-0.00243470523403444,-0.38933971140197166,6.473366185811269,36.36599558576914,29.920442869467276,29.892629399957876,2.118197762779075
5.367999999999631,-0.7281728968507573,-0.32095223277282614,2.251976226967542,-0.7257337024672679,-0.32095751508668724,-0.0024391943834893848,-0.3851524410773006,6.497049263692963,36.417578770984896,29.947957312819028,29.92052950729193,2.1259476421814543
5.369999999999631,-0.7288102931551126,-0.3164419746313563,2.2582670763382455,-0.7263667074468009,-0.31650248976651796,-0.002443585708311713,-0.3809489687631986,6.520476847027575,36.46851908264653,29.975083792910247,29.948042235618953,2.1336139196014785
5.37199999999963,-0.7294386564208801,-0.31191922390256355,2.264468773191547,-0.7269907774141914,-0.3120349836952417,-0.002447879006688747,-0.37672945952672254,6.543648012040407,36.51881501941916,30.001821742545303,29.97516700737875,2.1411962926737456
5.37399999999963,-0.7300579618413541,-0.30738415913690237,2.2705810726950757,-0.727605887760472,-0.307555173140315,-0.002452074080882105,-0.37249407923634426,6.5665618449116945,36.568465100551876,30.028170605066798,30.00190325564018,2.1486944622900923
5.37599999999963,-0.7306681849674168,-0.30283695937096433,2.276603733545711,-0.7282120142301766,-0.3030632348522765,-0.0024561707372402486,-0.3682429945570691,6.589217441810987,36.617467865824416,30.05412983426807,30.02825042401343,2.1561081326108518
5.37799999999963,-0.7312693017085039,-0.29827780412041294,2.282536517979113,-0.7288091329222921,-0.2985593460577569,-0.0024601687862118027,-0.3639763729455465,6.611613908931092,36.66582187549359,30.079698894306674,30.0542079665625,2.1634370110759797
5.3799999999996295,-0.7318612883335565,-0.2937068733728857,2.288379191779117,-0.729397220291197,-0.29404368445246876,-0.0024640680423594352,-0.3596943826449186,6.633750362521976,36.713525710240674,30.104877259618,30.0797753477187,2.1706808084161375
5.381999999999629,-0.7324441214719556,-0.28912434758090444,2.2941315242869624,-0.7299762531475854,-0.289516428194178,-0.0024678683243701816,-0.35539719268015535,6.655625928923516,36.7605779711178,30.12966441482992,30.104952042194284,2.1778392386634433
5.383999999999629,-0.7330177781144471,-0.28453040765474086,2.299793288410411,-0.7305462086593767,-0.28497775589565577,-0.0024715694550704326,-0.35108497285296725,6.677239744598453,36.80697727949553,30.154059854677936,30.129737534897075,2.184912019162255
5.385999999999629,-0.7335822356140491,-0.2799252349552771,2.30536426063271,-0.731107064352612,-0.2804278466176126,-0.002475171261437148,-0.34675789373692023,6.698590956164653,36.852722277010294,30.178063083921074,30.154131320845643,2.1918988705797338
5.387999999999629,-0.7341374716869459,-0.27530901128684615,2.3108442210214157,-0.7316587981123353,-0.27586687986161423,-0.0024786735746106237,-0.3424161266724006,6.71967872042702,36.897811625512205,30.201673617258464,30.17813290508518,2.198799516916309
5.389999999999628,-0.734683464413368,-0.27068191889005405,2.316232953237074,-0.7322013881834613,-0.2712950355629792,-0.0024820762299067045,-0.33805984376178433,6.740502204408862,36.94224400701304,30.22489097924681,30.201741802604175,2.2056136855159436
5.391999999999628,-0.7352201922384575,-0.2660441404345859,2.321530244541765,-0.7327348131716286,-0.2667124940836584,-0.0024853790668288855,-0.3336892178644737,6.761060585382901,36.98601812363459,30.247714704218446,30.224957538251687,2.2123411070762997
5.393999999999628,-0.7357476339731189,-0.26139585901199397,2.326735885807498,-0.7332590520440387,-0.2621194362050987,-0.0024885819290801914,-0.3293044225919619,6.78135305090182,37.02913269755742,30.270144336200396,30.2477796466556,2.2189815156587462
5.395999999999628,-0.7362657687948557,-0.25673725812846965,2.3318496715244685,-0.7337740841302809,-0.2575160431210877,-0.0024916846645748336,-0.32490563230286096,6.801378798828439,37.071586470970026,30.29217942883424,30.270207672141588,2.2255346486982464
5.3979999999996275,-0.7367745762485923,-0.25206852169759897,2.336871399809174,-0.734279889123142,-0.25290249643058266,-0.0024946871254503122,-0.3204930220980282,6.821137037365364,37.113378206018325,30.31381954529677,30.292241168652957,2.232000247013062
5.399999999999627,-0.7372740362474816,-0.2473898340331021,2.34180087241238,-0.734776447079403,-0.24827897813052258,-0.002497589168078518,-0.3160667678156299,6.840626985084175,37.1545066847555,30.335064258221664,30.313879699671325,2.2383780548143384
5.401999999999627,-0.7377641290736978,-0.24270137984155954,2.3466378947269457,-0.7352637384206203,-0.24364567060862413,-0.0025003906530775,-0.3116270460263646,6.859847870954137,37.194970709092416,30.35591314962194,30.335122838138282,2.2446678197154886
5.403999999999627,-0.7382448353792158,-0.23800334421510952,2.351382275795518,-0.7357417439338927,-0.23900275663616086,-0.0025030914453231246,-0.30717403402811616,6.878798934370969,37.23476910074878,30.37636581081358,30.35597016637781,2.25086929274164
5.405999999999627,-0.7387161361865735,-0.23329591262415683,2.356033828318053,-0.7362104447726141,-0.23435041936072828,-0.002505691413959399,-0.30270790984169516,6.897479425184044,37.273900701203914,30.39642184233994,30.37642127601987,2.2569822283385452
5.407999999999626,-0.7391780128896221,-0.2285792709100404,2.3605923686592223,-0.7366698224572121,-0.22968884229899172,-0.002508190432410018,-0.2982288522055736,6.915888603724311,37.312364371649224,30.416080853897135,30.396475767924912,2.2630063843817134
5.409999999999626,-0.7396304472542603,-0.2238536052776988,2.3650577168556586,-0.737119858875871,-0.22501820932941993,-0.0025105883783893557,-0.2937370405709592,6.9340257408311725,37.35015899294024,30.435342464260806,30.416133252109063,2.2689415221852625
5.411999999999626,-0.7400734214191538,-0.2191191022883196,2.3694296966230604,-0.737560536285241,-0.22033870468500374,-0.00251288513391279,-0.2892326550970994,6.951890117879005,37.38728346555001,30.45420630121344,30.43539334767101,2.2747874065105647
5.413999999999626,-0.7405069178964413,-0.21437594885197406,2.3737081353631537,-0.7379918373129016,-0.2156505138303453,-0.002515080583539664,-0.28471587664637976,6.969481026803175,37.42373670952236,30.472672001473214,30.454255682719186,2.280543805574809
5.415999999999626,-0.740930919572424,-0.2096243322202383,2.3778928641705015,-0.738413744960498,-0.21095382379821448,-0.0025171746119259097,-0.28018684318969456,6.986797813715483,37.45951770801616,30.490739210643035,30.472719894300674,2.2862105053227846
5.417999999999625,-0.7413454097082418,-0.20486443997880083,2.3819837178391774,-0.7388262426037743,-0.20624882163812355,-0.0025191671044675346,-0.2756456325073877,7.003839896227931,37.49462552437992,30.508407583166317,30.49078562815199,2.2917873150941954
5.419999999999625,-0.7417503719405338,-0.20009646004005704,2.385980534869282,-0.7392293139926099,-0.20153569441782937,-0.0025210579479238993,-0.271092337809999,7.020606687858035,37.529059226452915,30.525676782248134,30.50845253859488,2.2972740428857343
5.421999999999625,-0.7421457902820846,-0.19532058063569094,2.389883157473323,-0.7396229432510932,-0.19681462924164822,-0.002522847030991371,-0.2665270674212721,7.037097598364221,37.56281788717465,30.542546479777847,30.525720288810433,2.302670495461159
5.423999999999625,-0.7425316491224551,-0.19053699030924373,2.3936914315824422,-0.740007114877628,-0.19208581326742064,-0.0025245342448270147,-0.26194994362826574,7.053312034913461,37.595900585669405,30.55901635625436,30.542588550755944,2.307976478733757
5.4259999999996245,-0.7429079332285986,-0.18574587790867342,2.397405206852497,-0.7403818137450723,-0.18734943372211044,-0.0025261194835263234,-0.2573611015874784,7.06924940319257,37.62830640827336,30.575086100713634,30.559057005080792,2.3131917981303367
5.427999999999624,-0.7432746277454636,-0.18094743257888846,2.4010243366700026,-0.7407470251009044,-0.18260567791606486,-0.0025276026445592015,-0.25276068828773646,7.084909108462429,37.660034449507705,30.590755410658417,30.57512534104528,2.31831625893651
5.429999999999624,-0.743631718196578,-0.17614184375429692,2.4045486781579086,-0.7411027345674164,-0.17785473325598436,-0.002528983629161652,-0.2481488615703089,7.100290556554454,37.691083812996546,30.606023991990256,30.590793256442094,2.3233496666230833
5.431999999999624,-0.7439791904846224,-0.1713293011513171,2.4079780921812475,-0.7414489281419296,-0.1730967872566441,-0.002530262342692713,-0.24352578920277157,7.115393154813058,37.721453612333775,30.620891558943473,30.60606045752072,2.3282918271547413
5.433999999999624,-0.7443170308919856,-0.16650999476089054,2.4113124433526263,-0.7417855921970324,-0.16833202755142115,-0.002531438694953203,-0.23889164800625107,7.1302163129842135,37.751142971898425,30.635357834021484,30.62092665891421,2.333142547281099
5.435999999999623,-0.7446452260813071,-0.16168411484098164,2.4145516000375697,-0.7421127134808357,-0.16356064190167133,-0.0025325126004713816,-0.2342466230333855,7.144759444053051,37.780151027622,30.649422547934908,30.635391583568946,2.3379016348110224
5.437999999999623,-0.7449637630960027,-0.15685185190906636,2.4176954343597186,-0.7424302791172458,-0.15878281820500648,-0.0025334839787568564,-0.22959090679543337,7.159021965031709,37.80847692770821,30.663085439541945,30.6494549626765,2.3425688988707156
5.439999999999623,-0.7452726293607762,-0.15201339673461112,2.420743822205876,-0.7427382766062508,-0.15399874450251735,-0.002534352754525404,-0.2249246985364719,7.173003297699892,37.83611983330822,30.676346255790644,30.663116535608328,2.3471441501462555
5.441999999999623,-0.7455718126821167,-0.14716894033154138,2.4236966432309104,-0.7430366938242208,-0.14920860898498992,-0.002535118857895924,-0.22024820355304264,7.186702869299489,37.8630789191522,30.68920475166302,30.676376049852713,2.351627201111109
5.4439999999996225,-0.7458613012487787,-0.14231867395070097,2.4265537808625033,-0.7433255190242171,-0.14441259999816003,-0.0025357822245616335,-0.2155616325568248,7.200120113185718,37.88935337413976,30.701660690121162,30.68923326095404,2.3560178662394193
5.445999999999622,-0.7461410836322495,-0.13746278907230158,2.4293151223057534,-0.7436047408363111,-0.1396109060470508,-0.0025363427959383955,-0.21086520107929463,7.213254469435925,37.91494240189026,30.71371384205526,30.701687932454334,2.3603159622054117
5.447999999999622,-0.7464111487871993,-0.13260147739836636,2.431980558547627,-0.74387434826791,-0.13480371579943776,-0.002536800519289284,-0.206159128915834,7.226105385418514,37.939845221255744,30.72536398623356,30.71373983583723,2.364521308069736
5.449999999999622,-0.7466714860519187,-0.1277349308451508,2.4345499843612686,-0.744134330704087,-0.1299912180884826,-0.002537155347831721,-0.2014436396076391,7.2386723163237034,37.96406106679776,30.73661090925384,30.72538875047406,2.368633725453303
5.451999999999622,-0.7469220851487379,-0.12286334153558272,2.4370232983101445,-0.7443846779079161,-0.1251736019145783,-0.002537407240821854,-0.19671895996053568,7.250954725656834,37.9875891892288,30.747454405497194,30.736634463571967,2.372653038698881
5.453999999999621,-0.7471629361844339,-0.11798690179166654,2.439400402752056,-0.7446253800208089,-0.12035105644644567,-0.0025375561636249433,-0.1919853195975687,7.262952085697664,38.0104288558221,30.757894277082954,30.747476770124436,2.376579075021506
5.455999999999621,-0.7473940296506199,-0.11310580412689358,2.441681203842989,-0.744856427562852,-0.11552377102152035,-0.002537602087767876,-0.18724295054462559,7.274663877925994,38.032579350789405,30.76793033382613,30.75791547286341,2.3804116646479225
5.457999999999621,-0.7476153564241218,-0.10822024123864182,2.443865611540822,-0.7450778114331433,-0.110691935145669,-0.0025375449909784686,-0.1824920868474713,7.28608959341568,38.05403997562984,30.77756239319603,30.767950382214163,2.3841506409456095
5.459999999999621,-0.7478269077673374,-0.10333040600056873,2.44595353960888,-0.7452895229101278,-0.10585573849227058,-0.002537384857209557,-0.17773296421806162,7.297228733198799,38.07481004945035,30.7867902802768,30.77758131625155,2.387795840542064
5.4619999999996205,-0.7480286753285821,-0.0984364914549967,2.4479449056193374,-0.7454915536519292,-0.10101537090069992,-0.002537121676652876,-0.17296581970925384,7.308080808600988,38.09488890925946,30.795613827729774,30.78680810065847,2.391347103434648
5.46399999999962,-0.7482206511424179,-0.09353869080529231,2.449839630956474,-0.7456838956966777,-0.09617102237424488,-0.0025367554457401686,-0.16819089141569954,7.318645341550264,38.11427591023663,30.80403287575748,30.795630568686363,2.3948042730917214
5.46599999999962,-0.7484028276299685,-0.08863719740823882,2.451637640819778,-0.7458665414628327,-0.09132288307749498,-0.0025362861671357484,-0.16340841820026952,7.328921864859793,38.13297042597736,30.812047272069265,30.80404856111757,2.3981671965452662
5.46799999999962,-0.7485751975992179,-0.08373220476640285,2.453338864226898,-0.7460394837494991,-0.08647114333322871,-0.002535713849718735,-0.15861863944382293,7.338909922486957,38.150971848716445,30.819656871848707,30.81206192622949,2.4014357244757223
5.46999999999962,-0.7487377542452951,-0.07882390652049519,2.4549432340164477,-0.7462027157367368,-0.08161599361883365,-0.002535038508558296,-0.15382179481769498,7.348609069769139,38.16827958952988,30.826861537722728,30.81967051976074,2.4046097112892424
5.471999999999619,-0.7488904911507418,-0.07391249644172902,2.4564506868506535,-0.7463562309858613,-0.07675762456228685,-0.002534260164880453,-0.14901812407691484,7.3580188736385175,38.18489307851766,30.83366113973225,30.826874204879143,2.4076890151880077
5.473999999999619,-0.7490334022857668,-0.06899816842415904,2.457861163217861,-0.7465000234397368,-0.07189622693772581,-0.002533378846029999,-0.14420786687310905,7.367138912816602,38.200811764968044,30.840055555304616,30.833672852151444,2.4106734982339595
5.475999999999619,-0.749166482008483,-0.06408111647704345,2.4591746074348766,-0.746634087423058,-0.06703199166063452,-0.0025323945854249796,-0.13939126258676016,7.375968777988966,38.21603511750392,30.84604466922773,30.840066339514955,2.4135630264060337
5.477999999999619,-0.7492897250651309,-0.059161534717173794,2.460390967649172,-0.7467584176426234,-0.0621651097826733,-0.0025313074225075116,-0.13456855017591174,7.384508071963259,38.23056262421429,30.851628373625758,30.846054552251033,2.4163574696518793
5.4799999999996185,-0.7494031265902856,-0.054239617361214285,2.461510195840929,-0.7468730091875958,-0.05729577248617502,-0.0025301174026898243,-0.12973996804174437,7.392756409809683,38.244393792769856,30.856806567936353,30.85163738296017,2.419056701933891
5.481999999999618,-0.7495066821070491,-0.04931555871803445,2.4625322478249347,-0.7469778575297524,-0.052424171078333894,-0.00252882457729664,-0.12490575390920533,7.400713418986091,38.257528150525005,30.86157915888996,30.85681473153891,2.4216606012701747
5.483999999999618,-0.7496003875272268,-0.04438955318103818,2.463457083252327,-0.7470729585237227,-0.04755049698510551,-0.0025274290035041114,-0.12006614472186428,7.408378739448442,38.2699652446072,30.86594606049018,30.86158650515876,2.4241690497706987
5.485999999999618,-0.7496842391514893,-0.039461795220489426,2.4642846656121864,-0.7471583084072124,-0.0426749417448448,-0.002525930744276872,-0.11522137654997344,7.41575202374747,38.28170464199375,30.869907193996312,30.86595261824628,2.426581933668981
5.487999999999618,-0.749758233669518,-0.034532479375834785,2.465014962232979,-0.7472339038012158,-0.03779769700169757,-0.0025243298683021997,-0.11037168451085844,7.4228329371127515,38.29274592957836,30.873462487907208,30.869912992465608,2.428899143349583
5.489999999999617,-0.749822368160136,-0.029601800248023453,2.465647944283844,-0.7472997417102133,-0.03291895449876839,-0.002522626449922738,-0.1055173027006795,7.4296211575248075,38.30308871422694,30.87661187794684,30.873467556702128,2.431120573371735
5.491999999999617,-0.7498766400914234,-0.02466995249182473,2.4661835867757347,-0.7473558195223554,-0.028038906071081792,-0.002520820569067994,-0.10065846413665991,7.436116375776334,38.312732622824484,30.879355307051544,30.876616247048148,2.433246122489386
5.493999999999617,-0.7499210473208174,-0.019737130808143356,2.4666218685624015,-0.7474021350096322,-0.02315774363835384,-0.002518912311185284,-0.09579540070925052,7.442318295523052,38.321677302313184,30.881692725358914,30.879359006790132,2.435275693667847
5.495999999999617,-0.7499555880951966,-0.01480352993633585,2.466962772341231,-0.7474386863280273,-0.018275659197592657,-0.002516901767169233,-0.0909283431431227,7.448226633325296,38.32992241972306,30.883624090198282,30.881695786397767,2.4372091940973957
5.4979999999996165,-0.7499802610509503,-0.009869344646511369,2.4672062846539253,-0.7474654720176584,-0.013392844815540752,-0.002514789033291831,-0.0860575209660217,7.453841118681241,38.33746766219585,30.885149366082803,30.88362654351461,2.439046535204158
5.499999999999616,-0.7499950652140324,-0.004934769731859268,2.467352395887035,-0.7474824910029004,-0.008509492620976722,-0.002512574211131935,-0.08118316248626378,7.459161494051048,38.34431273700145,30.886268524703244,30.885151242950403,2.4407876326580085
5.501999999999616,-0.75,-9.47834093499918e-13,2.4674011002723395,-0.7474897425924942,-0.003625794796888294,-0.002510257407505767,-0.07630549477600557,7.46418751487479,38.350457371549865,30.886981544923422,30.886269856675074,2.4424324063784293
5.503999999999616,-0.7499950652140361,0.004934769729963638,2.4673523958870724,-0.7474872264796393,0.001258056427469333,-0.002507838734396861,-0.07142474366122809,7.468918949583208,38.355901313397766,30.88728841277719,30.88698236381456,2.4439807805380216
5.505999999999616,-0.7499802610509578,0.00986934464461585,2.467206284654,-0.74747494274207,0.006141868784618149,-0.002505318308887783,-0.06654113371755432,7.473355579602183,38.360644330250224,30.887189121467028,30.88728875064804,2.445432683563957
5.507999999999615,-0.7499555880952079,0.014803529934440517,2.466962772341343,-0.747452891842116,0.011025449976992242,-0.0025026962530918517,-0.061654888270940233,7.477497199351807,38.364686209958684,30.886683671364477,30.88718901060688,2.446788048137678
5.509999999999615,-0.7499210473208326,0.01973713080625108,2.466621868562551,-0.7474210746267458,0.015908607685153342,-0.0024999726940868605,-0.05676622940332621,7.481343616240142,38.36802676051565,30.885772070011974,30.886683144275505,2.4480468111928304
5.511999999999615,-0.7498766400914424,0.024669952489932784,2.466183586775921,-0.7473794923275936,0.02079114957607581,-0.002497147763848795,-0.05187537796203845,7.484894650652728,38.37066581004625,30.884454332126317,30.88577115939352,2.4492089139118094
5.513999999999615,-0.7498223681601587,0.029601800246131918,2.4656479442840684,-0.7473281465609706,0.025672883311493012,-0.0024942215991881067,-0.046982553573344354,7.488150135937381,38.37260320679701,30.882730479604007,30.88445307085963,2.4502743017208006
5.5159999999996145,-0.7497582336695445,0.03453247937394373,2.4650149622332402,-0.747267039327858,0.030553616556293725,-0.0024911943416865423,-0.04208797465889447,7.491109918385828,38.37383881912324,30.880600541527905,30.882728900737416,2.4512429242837186
5.517999999999614,-0.7496842391515196,0.03946179521859894,2.4642846656124853,-0.7471961730138841,0.03543315698696342,-0.002488066137635525,-0.03719185845514961,7.49377385721175,38.374372535474095,30.878064554175744,30.880598678262345,2.452114735495025
5.519999999999614,-0.7496003875272609,0.04438955317914555,2.4634570832526634,-0.747115550389284,0.04031131230006022,-0.0024848371379768697,-0.03229442103563063,7.496141824525586,38.374204264376324,30.87512256103004,30.878062439850737,2.4528896934714624
5.521999999999614,-0.7495066821070869,0.04931555871614252,2.4625322478253087,-0.7470251746088425,0.04518789022071966,-0.002481507498244384,-0.027395877334396523,7.498213705307639,38.37333393441777,30.871774612789984,30.87512022911013,2.4535677605432387
5.523999999999614,-0.7494031265903273,0.054239617359323145,2.46151019584134,-0.7469250492115003,0.05006269867114904,-0.0024780773788269927,-0.022496441172849657,7.499989397377455,38.371761494228956,30.868020767384497,30.8717720968515,2.454148903243974
5.525999999999613,-0.7492897250651763,0.059161534715283515,2.4603909676496207,-0.7468151781215211,0.054935544989586436,-0.0024745469436552314,-0.01759633317108822,7.501468803478086,38.36948690458093,30.863861089985605,30.868018101102848,2.4546330897205046
5.527999999999613,-0.7491664820085322,0.0640811164751541,2.4591746074353624,-0.7466955656466193,0.05980623745087135,-0.0024709163619128782,-0.012695741922573944,7.502651870094888,38.366510177199636,30.859295653031666,30.86385830710475,2.4550203024357344
5.529999999999613,-0.7490334022858198,0.0689981684222707,2.457861163218384,-0.7465662164787881,0.06467458391559781,-0.0024671858070317576,-0.007794898301729525,7.503538513149566,38.362831300572545,30.85432453623549,30.85929278742298,2.4553105138519413
5.531999999999613,-0.7488904911507986,0.07391249643984177,2.456450686851214,-0.7464271356940799,0.0695403923540698,-0.002463355456718719,-0.0028940088373881068,7.504128684611415,38.35845030640018,30.848947826609773,30.854321621788767,2.4555037082304407
5.533999999999613,-0.7487377542453556,0.07882390651861187,2.4549432340170445,-0.746278328752415,0.07440347083245767,-0.002459425492940648,0.0020067190397723422,7.50442234724885,38.35336724452194,30.84316561848796,30.848944897273093,2.455599873368074
5.535999999999612,-0.7485751975992821,0.08373220476452076,2.453338864227532,-0.7461198014973914,0.07926362751174088,-0.0024553961018907167,0.00690707805470403,7.504419475679862,38.34758218393332,30.83697801354683,30.84316270825346,2.4555990009410404
5.537999999999612,-0.7484028276300365,0.08863719740635803,2.451637640820449,-0.7459515601560869,0.0841206706522989,-0.0024512674739496365,0.01180686152343391,7.50412005680013,38.34109521323895,30.830385120830982,30.836975156438818,2.455501086645038
5.539999999999612,-0.7482206511424897,0.0935386908034129,2.4498396309571824,-0.7457736113388451,0.08897440862086078,-0.0024470398036445795,0.016705863513382546,7.50352408993575,38.33390644083108,30.823387056778895,30.830382350895327,2.4553061302452255
5.541999999999612,-0.7480286753286576,0.09843649145311877,2.447944905620083,-0.7455859620390484,0.09382464989840082,-0.0024427132896092107,0.021603878888098116,7.502631586879931,38.32601599495304,30.815983945250416,30.82338440807311,2.455014135588214
5.5439999999996115,-0.7478269077674169,0.10333040599868952,2.4459535396096634,-0.7453886196328716,0.09867120308839472,-0.0024382881345452745,0.026500703305512907,7.501442571882693,38.317424023716995,30.808175917556134,30.815981451834304,2.454625110598697
5.545999999999611,-0.747615356424205,0.10822024123676424,2.443865611541643,-0.7451815918790212,0.10351387692519984,-0.0024337645451837364,0.03139613319875778,7.499957081622793,38.30813069510558,30.79996311248805,30.808173613482786,2.4541390672702215
5.547999999999611,-0.7473940296507068,0.11310580412501767,2.4416812038438467,-0.7449648869184563,0.10835248028246418,-0.0024291427322504777,0.03628996574855137,7.498175165170664,38.2981361969659,30.791345676352016,30.799961031795235,2.453556021653056
5.549999999999611,-0.7471629361845245,0.11798690178979239,2.4394004027529506,-0.7447385132740932,0.11318682218152819,-0.002424422910431212,0.04118199885539564,7.496096883950777,38.2874407370046,30.782323763001536,30.791343853053824,2.4528759938418405
5.551999999999611,-0.7469220851488323,0.12286334153371038,2.4370232983110762,-0.7445024798504937,0.11801671179980315,-0.002419605298338623,0.04607203111057068,7.493722311702283,38.276044542782714,30.772897533873188,30.78232223108043,2.452099007962692
5.55399999999961,-0.7466714860520167,0.12773493084328036,2.434549984362237,-0.7442567959335354,0.12284195847912005,-0.0024146901184812775,0.05095986176784262,7.4910515344399276,38.263947861712154,30.763067158023517,30.77289632727223,2.4512250921603975
5.55599999999961,-0.7464111487873012,0.1326014773964979,2.4319805585486325,-0.7440014711900673,0.12766237173404596,-0.0024096775972338724,0.05584529071583155,7.488084650415141,38.2511509610541,30.752832812167597,30.763066310638962,2.4502542785856702
5.55799999999961,-0.746141083632355,0.13746278907043794,2.429315122306794,-0.743736515667547,0.13247776126016705,-0.0024045679648080354,0.06072811845160153,7.48482177007798,38.23765412791967,30.742194680718924,30.75283235784169,2.449186603382655
5.55999999999961,-0.7458613012488879,0.14231867394883943,2.4265537808635806,-0.7434619397936623,0.13728793694233693,-0.0023993614552256792,0.06560814605495313,7.481263016039206,38.223457669272165,30.731152955830858,30.742194653232957,2.448022106676515
5.5619999999996095,-0.7455718126822296,0.14716894032968203,2.4236966432320246,-0.7431777543759365,0.1420927088628884,-0.002394058306293134,0.07048517516383779,7.477408523033089,38.208561911931575,30.719707837439472,30.731153388898488,2.446760832561236
5.563999999999609,-0.7452726293608929,0.15201339673275402,2.4207438222070268,-0.7428839706013168,0.14689188730981084,-0.0023886587595760567,0.07535900795095163,7.473258437880852,38.19296720258107,30.707859533308252,30.719708764700222,2.4454028290876657
5.565999999999609,-0.7449637630961231,0.15685185190720888,2.417695434360908,-0.7425806000357471,0.15168528278489027,-0.0023831630603760035,0.08022944710114821,7.468812919454675,38.17667390777591,30.695608259073637,30.70786098832123,2.4439481482516747
5.567999999999609,-0.7446452260814314,0.16168411483912656,2.414551600038796,-0.7422676546237235,0.15647270601181315,-0.0023775714577078944,0.08509629579076616,7.464072138642889,38.1596824139544,30.68295423829243,30.69561027531151,2.4423968459827847
5.569999999999609,-0.7443170308921137,0.16650999475903797,2.411312443353889,-0.741945146687835,0.1612539679442332,-0.002371884204278696,0.089959357666487,7.459036278314422,38.14199312744992,30.669897702490566,30.6829568491355,2.4407489821325137
5.571999999999608,-0.743979190484754,0.17132930114946707,2.407978092182547,-0.7416130889282874,0.1660288797738013,-0.00236610155646666,0.0948184368269871,7.453705533285556,38.123606474506616,30.656438891213302,30.66990094122106,2.4390046204634683
5.573999999999608,-0.7436317181967134,0.1761418437524495,2.404548678159244,-0.741271494422411,0.1707972529381585,-0.002360223774302339,0.09967333780477095,7.448080110286372,38.10452290129624,30.642578052076644,30.65644279100987,2.4371638286383517
5.575999999999608,-0.7432746277456026,0.1809474325770438,2.401024336671375,-0.7409203766241532,0.1755588991288919,-0.00235425112144938,0.10452386554937743,7.442160227928145,38.08474287393709,30.62831544082035,30.642582646008947,2.4352266782092786
5.577999999999608,-0.7429079332287414,0.18574587790683153,2.3974052068539056,-0.7405597493635543,0.180313630299454,-0.0023481838651870923,0.10936982541169815,7.43594611667133,38.06426687851516,30.61365132136229,30.62832076184383,2.4331932446072977
5.5799999999996075,-0.7425316491226013,0.19053699030740742,2.393691431583885,-0.7401896268462081,0.18506125867304488,-0.0023420222763931298,0.1142110231293989,7.429438018794351,38.04309542110744,30.598585965853978,30.613657402313088,2.4310636071321325
5.581999999999607,-0.7421457902822345,0.19532058063385754,2.389883157474802,-0.7398100236527072,0.18980159675045852,-0.0023357666295272805,0.119047264813398,7.422636188362792,38.021229027806704,30.583119654737757,30.598592839443914,2.428837848942119
5.583999999999607,-0.7417503719406873,0.20009646003822665,2.385980534870797,-0.7394209547380715,0.1945344573178916,-0.0023294172026158133,0.12387835693547355,7.415540891199472,37.99866824474897,30.567252676804802,30.5831273535495,2.426516057044363
5.585999999999607,-0.7413454097083989,0.20486443997697343,2.3819837178407286,-0.739022435431162,0.19925965345471802,-0.0023229742772369333,0.12870410631687612,7.408152404854831,37.97541363814197,30.55098532925511,30.56726123328714,2.424098322285081
5.587999999999607,-0.7409309195725848,0.2096243322184141,2.3778928641720887,-0.7386144814340795,0.20397699854122603,-0.00231643813850535,0.13352432011806226,7.400471018578294,37.951465794296574,30.534317917758102,30.55099477571828,2.4215847393401626
5.589999999999606,-0.7405069178966059,0.21437594885015038,2.373708135364779,-0.7381971088215469,0.2086863062663211,-0.002309809075059066,0.13833880582931712,7.392497033289766,37.926825319659024,30.51725075651489,30.53432828636926,2.4189754067058753
5.591999999999606,-0.7400734214193222,0.2191191022864992,2.369429696624722,-0.7377703340402765,0.21338739063519352,-0.0023030873790457207,0.14314737126302024,7.384230761552511,37.901492840846124,30.499784168321685,30.517262079293612,2.4162704266899513
5.593999999999606,-0.7396304472544323,0.22385360527588175,2.365057716857356,-0.7373341739083226,0.2180800659769517,-0.002296273346109712,0.14794982454544137,7.375672527545101,37.87546900468076,30.481918484634377,30.499796477135657,2.4134699054023963
5.595999999999606,-0.7391780128897978,0.2285792709082268,2.3605923686609556,-0.7368886456144181,0.222764146952221,-0.00228936727537965,0.15274597411101976,7.366822667035301,37.84875447823029,30.4636540456344,30.48193181119499,2.410573952746943
5.5979999999996055,-0.7387161361867528,0.23329591262234675,2.356033828319822,-0.7364337667169899,0.22743944871410832,-0.0022823694697629016,0.15753562869678372,7.35768152735376,37.82134994884638,30.444991200295696,30.46366842149262,2.4075826824124156
5.599999999999605,-0.7382448353793987,0.23800334421330296,2.351382275797323,-0.7359695551446727,0.2321057861586087,-0.002275280234726007,0.16231858977712577,7.348249459807536,37.793256116645345,30.42593030645136,30.44500665683781,2.404496209390276
5.601999999999605,-0.7377641290738842,0.24270137983975665,2.346637894728786,-0.735496029193909,0.2367629753818493,-0.0022680998799752272,0.16709468881723133,7.338526856910214,37.76447373172641,30.406471730869313,30.425946874816198,2.4013146621576134
5.603999999999605,-0.7372740362476714,0.2473898340313056,2.3418008724142534,-0.7350132075291403,0.241410832384341,-0.0022608287185310605,0.1718637160516847,7.328514081144811,37.7350035233962,30.38661584931322,30.406489442251388,2.39803815936476
5.605999999999605,-0.7367745762487856,0.25206852169580624,2.336871399811083,-0.7345211091819958,0.2460491735723067,-0.0022534670667898604,0.17662548438411463,7.318211528831937,37.70484626336374,30.366363046619504,30.386634734531803,2.394666830737229
5.607999999999604,-0.7362657687950527,0.25673725812668075,2.3318496715264128,-0.7340197535505083,0.2506778157437428,-0.002246015244544375,0.18137980522186048,7.307619605946336,37.67400274229005,30.345713716769346,30.366383136343714,2.3912008091607544
5.609999999999604,-0.7357476339733194,0.261395859010209,2.3267358858094767,-0.7335091603983351,0.2552965760865759,-0.002238473574984301,0.1861264895132395,7.296738729130199,37.642473770625465,30.324668262962206,30.345735041495267,2.387640231013023
5.611999999999604,-0.7352201922386616,0.266044140432805,2.321530244543779,-0.7329893498539707,0.2599052721822218,-0.0022308423846909564,0.19086534819583356,7.2855693261175345,37.61026017911922,30.303227097690232,30.32469085300169,2.383985236302548
5.613999999999604,-0.7346834644135759,0.27068191888827453,2.3162329532391266,-0.732460342409948,0.26450372201139233,-0.002223122003627953,0.19559619238150017,7.274111835894713,37.5773628190589,30.281390642813946,30.303250983164183,2.380235968721236
5.6159999999996035,-0.7341374716871574,0.27530901128507074,2.310844221023503,-0.7319221589220264,0.26909174396079816,-0.0022153127651309834,0.20031883343182066,7.262366708751155,37.5437825623986,30.259159329638848,30.281415853647445,2.3763925756609545
5.617999999999603,-0.7335822356142642,0.2799252349535059,2.305364260634833,-0.731374820608366,0.27366915683018805,-0.002207415005898161,0.2050330829875664,7.25033440628365,37.50952030184058,30.236533598992843,30.259185895556932,2.372455208214939
5.619999999999603,-0.7330177781146657,0.28453040765297394,2.2997932884125682,-0.730818349048687,0.27823577983950054,-0.0021994290659786975,0.20973875298268752,7.238015401384658,37.474576950901245,30.21351390130483,30.236561549516587,2.36842402117396
5.621999999999603,-0.7324441214721777,0.2891243475791419,2.2941315242891545,-0.730252766183415,0.28279143263603906,-0.0021913552887627974,0.214435655651104,7.225410178223062,37.43895344397064,30.190100696684013,30.213543265747575,2.3642991730200107
5.623999999999603,-0.7318612883337821,0.2937068733711276,2.288379191781344,-0.7296780943128117,0.28733593530163926,-0.002183194020970336,0.219123603531723,7.2125192322226965,37.4026507363703,30.166294455000113,30.1901315041476,2.360080825919266
5.625999999999602,-0.731269301708733,0.29827780411865934,2.2825365179813746,-0.7290943560960921,0.2918691083598128,-0.002174945612640977,0.22380240947293206,7.199343070039905,37.365669804411084,30.142095655964376,30.166326734371175,2.3557691457147305
5.627999999999602,-0.7306681849676491,0.30283695936921784,2.276603733548004,-0.7285015745505263,0.29639077278286535,-0.0021666104171227385,0.2284718866373625,7.18588220954094,37.32801164545162,30.117504789211534,30.14212943591068,2.3513643019188373
5.629999999999602,-0.7300579618415899,0.3073841591351605,2.2705810726974027,-0.7278997730505283,0.30090074999898747,-0.002158188791061555,0.23313184850713853,7.1721371797794315,37.28967727795772,30.092522354382346,30.11754009817829,2.3468664677060573
5.631999999999602,-0.7294386564211194,0.3119192239008263,2.2644687731939093,-0.7272889753267296,0.30539886189931736,-0.0021496810943897326,0.23778210888952422,7.158108520973783,37.250667741562346,30.067148861207155,30.092559220588562,2.342275819905504
5.6339999999996015,-0.7288102931553553,0.3164419746296239,2.2582670763406414,-0.7266692054650397,0.3098849308449762,-0.002141087690315624,0.24242248192290994,7.143796784484572,37.21098409712657,30.0413848295898,30.067187312641995,2.3375925389935057
5.635999999999601,-0.7281728968510035,0.3209522327710985,2.251976226969972,-0.7260404879056915,0.31435877967407727,-0.00213240894531197,0.24705278208341053,7.129202532792015,37.170627426800976,30.0152307896927,30.041424894008962,2.332816809086243
5.637999999999601,-0.7275264926713789,0.3254498202679791,2.2455964734338667,-0.7254028474422741,0.3188202317087081,-0.002123645229104798,0.25167282419163683,7.114326339473318,37.12959883408812,29.988687282022127,30.015272494614806,2.327948817932303
5.639999999999601,-0.7268711061354111,0.3299345595632173,2.2391280675940637,-0.7247563092207504,0.32326911076188664,-0.002114796914660655,0.25628242342060137,7.099168789180519,37.08789944390562,29.961754857514386,29.988730654725103,2.3229887569054473
5.641999999999601,-0.7262067631166386,0.33440627360698244,2.2325712648121536,-0.7241008987384614,0.3277052411444915,-0.002105864378177169,0.26088139530228727,7.083730477616845,37.045530402648765,29.93443407762264,29.96179992503192,2.3179368209968443
5.6439999999996004,-0.7255334898421861,0.33886478586366087,2.2259263239394826,-0.7234366418431171,0.3321284476721664,-0.0020968479990690625,0.2654695557363187,7.068012011514546,37.002492878255104,29.906725514404194,29.934480866740557,2.3127932088078094
5.6459999999996,-0.72485131289173,0.34330992031882285,2.2191935073069393,-0.7227635647317726,0.33653855567220026,-0.002087748159957381,0.2700467209979669,7.052014008611766,36.958788060268716,29.878629750608244,29.906774051656953,2.307558122542215
5.6479999999996,-0.7241602591964481,0.34774150148617133,2.2123730807145954,-0.7220816939497918,0.34093539099038117,-0.002078565246656283,0.2746127077466154,7.035737097629288,36.91441715990461,29.850147379764444,29.878680062275322,2.302231767998901
5.6499999999996,-0.7234603560379569,0.35215935441447,2.205465313421214,-0.7213910563897962,0.34531877999782595,-0.002069299648160716,0.27916733303457786,7.019181918247453,36.86938141011432,29.82127900627163,29.850199491866867,2.2968143545640713
5.6519999999996,-0.7227516310472347,0.3565633046944498,2.1984704781336206,-0.7206916792906006,0.3496885495977852,-0.002059951756634093,0.28371041431586264,7.002349121082395,36.82368206565082,29.792025245487128,29.82133294456843,2.291306095203535
5.653999999999599,-0.7220341122035306,0.3609531784656944,2.1913888509959345,-0.7199835902361358,0.35404452723242363,-0.0020505219673948583,0.28824176945541335,6.985239367662426,36.777320403134254,29.762386723816658,29.79208103547183,2.2857072064549606
5.655999999999599,-0.7213078278332601,0.3653288024235041,2.18422071157867,-0.7192668171543566,0.3583865408895754,-0.0020410106789034987,0.29276121673834066,6.9678533304040435,36.73029772111783,29.732364078804306,29.762444390713785,2.280017908420002
5.657999999999599,-0.7205728066088865,0.3696900038257371,2.176966342867697,-0.7185413883161377,0.36271441910947577,-0.0020314182927487767,0.29726857487943814,6.950191692587712,36.68261534015366,29.7019579592231,29.732423647565945,2.2742384247563727
5.659999999999599,-0.7198290775477889,0.3740366104996298,2.1696260312530717,-0.7178073323341547,0.367027990991469,-0.002021745213634185,0.3017636630328919,6.932255148333475,36.63427460285888,29.67116902516576,29.702019454525406,2.2683689826698568
5.6619999999995985,-0.719076670011118,0.3783684508485908,2.1622000665177312,-0.7170646781617533,0.37132708620069,-0.002011991849364625,0.3062463008015346,6.914044402575708,36.58527687398123,29.639997948135907,29.671232471405517,2.262409812906032
5.663999999999598,-0.718315613702634,0.3826853538589853,2.1546887418260403,-0.7163134550918039,0.3756115349747242,-0.002002158610830085,0.3107163082478035,6.895560171039152,36.53562354046629,29.608445411139375,29.64006336942714,2.2563611497424048
5.665999999999598,-0.7175459386675371,0.3869871491068717,2.1470923537122393,-0.715553692755254,0.37988116827490337,-0.001992245912283086,0.3151735059023393,6.8768031802122005,36.485316011522116,29.576512108775834,29.608512831309916,2.2502232309796715
5.667999999999598,-0.7167676752912799,0.3912736667647395,2.1394112020687257,-0.7147854211210961,0.3841358170789501,-0.001982254170183828,0.31961770764473396,6.857774160191889,36.434355711555824,29.544198747329233,29.576581551363937,2.243996295600447
5.669999999999598,-0.7159808542983681,0.3955447376082113,2.131645590134213,-0.714008670493587,0.38837531375456996,-0.001972183804781147,0.32404875584674286,6.838473879789593,36.382744115246,29.511506044865495,29.544270235456406,2.237680595256984
5.671999999999597,-0.7151855067511469,0.3998001930227234,2.123795824481763,-0.7132234715119123,0.3925994908373357,-0.0019620352392345497,0.32846645422852117,6.818903079356155,36.33048268107288,29.478434731316028,29.511579601716726,2.2312763722883826
5.673999999999597,-0.7143816640485758,0.4040398650101825,2.115862215006684,-0.7124298551489069,0.3968081815027094,-0.0019518088996689498,0.3328706281153284,6.799062530994059,36.277572910457764,29.44498554857494,29.478510379463703,2.2247838794257695
5.675999999999597,-0.7135693579249882,0.4082635861955981,2.1078450749142927,-0.7116278527098018,0.40100121955253887,-0.0019415052151864343,0.33726110167392687,6.778953015760608,36.22401632609823,29.411159250590742,29.445063310337623,2.218203372331307
5.677999999999597,-0.7127486204488391,0.4124711898336899,2.0997447207075526,-0.7108174958309761,0.4051784394128488,-0.0019311246178630448,0.3416376988958403,6.758575324613039,36.16981447261242,29.376956603458567,29.41123914799938,2.2115351099075786
5.6799999999995965,-0.7119194840214388,0.4166625098154709,2.091561472174578,-0.7099988164787027,0.40933967613673616,-0.0019206675427361208,0.34600024403077434,6.7379302588037335,36.11496891704531,29.342378385512234,29.377038658241574,2.204779354426919
5.681999999999596,-0.7110819813756735,0.4208373806748049,2.083295652376009,-0.7091718469478839,0.41348476540938983,-0.0019101344277895338,0.3503485617705433,6.717018630025484,36.059481249113276,29.307425387416593,29.342462619087794,2.1979363715789777
5.683999999999596,-0.7102361455747142,0.4249956375949365,2.074947587632262,-0.708336619860776,0.4176135435539603,-0.0018995257139381438,0.35468247732823777,6.695841260451779,36.00335308133961,29.272098412259563,29.307511820887832,2.191006430483875
5.685999999999596,-0.7093820100107091,0.4291371164150073,2.0665176075106304,-0.7074931681657005,0.421725847537749,-0.001888841845008593,0.3590018164759945,6.674398982735178,35.94658604914596,29.23639827564433,29.27218706641078,2.183989803691664
5.687999999999596,-0.7085196084034682,0.4332616536365224,2.058006044812299,-0.7066415251357435,0.42582151497850607,-0.0018780832677246506,0.36330640556393856,6.652692639986608,35.889181810924214,29.200325805781095,29.236489170937602,2.1768867671755436
5.689999999999595,-0.7076489747991302,0.4373690864298148,2.049413235559189,-0.705781724367442,0.4299003841507528,-0.0018672504316882277,0.3675960715344617,6.630723085749474,35.831142048102635,29.163881843578967,29.20041896235316,2.1696976003233783
5.691999999999595,-0.7067701435688193,0.44145925264047076,2.040739518980697,-0.7049137997794578,0.4339622939920975,-0.0018563437893615031,0.37187064193322605,6.608491183970216,35.77246846520834,29.12706724273747,29.163977281238125,2.162422585928039
5.693999999999595,-0.7058831494072874,0.44553199079573186,2.0319852375003014,-0.7040377856112388,0.4380070841095301,-0.0018453637960486047,0.3761299449194011,6.585997808967634,35.71316278992816,29.089882869837744,29.12716498096053,2.155062010177358
5.695999999999595,-0.7049880273315453,0.4495871401108692,2.023150736722045,-0.7031537164216674,0.4420345947856932,-0.0018343109098779564,0.38037380927554665,6.5632438454015185,35.65322677316857,29.052329604433673,29.089982927767053,2.147616162643851
5.6979999999995945,-0.7040848126794799,0.45362454049553147,2.0142363654168918,-0.7022616270876971,0.4460446669851275,-0.0018231855917827389,0.38460206441748745,6.540230188240872,35.59266218911501,29.014408339142555,29.052432000874138,2.1400853362743035
5.699999999999594,-0.7031735411084591,0.45764403256006464,2.005242475508957,-0.7013615528029574,0.4500371423698757,-0.0018119883055016661,0.3888145404040433,6.51695774273164,35.531470835290364,28.97611997973541,29.014513092558726,2.1324698273791856
5.701999999999594,-0.7022542485939242,0.4616454576218045,1.9961694220616146,-0.7004535290732469,0.45401186485530215,-0.0018007195206772852,0.39301106748425063,6.493427423901483,35.469654532150045,28.937465445226778,28.976227108248562,2.124769935470604
5.703999999999594,-0.7013269714279694,0.465628657711341,1.9870175632634786,-0.6995375917131175,0.45796868006470454,-0.0017893797148519353,0.39719139972505957,6.46964008014466,35.40721504675234,28.898445667930694,28.93757496660768,2.1169859382578577
5.705999999999594,-0.7003917462179098,0.46959347557875497,1.977787260414264,-0.6986137768449379,0.46190743408980917,-0.0017779693729719215,0.4013552415957413,6.4455965197569,35.34415411861853,28.85906159353123,28.898557598861633,2.1091181003323625
5.707999999999593,-0.6994486098848356,0.4735397546998238,1.9684788779105273,-0.6976821208979204,0.46582797350872124,-0.0017664889869152267,0.4055023089784964,6.421297571898273,35.28047352097301,28.81931418118198,28.85917594907474,2.1011666931173067
5.709999999999593,-0.6984975996621533,0.4774673392822092,1.9590927832312617,-0.6967426606071123,0.46973014540399943,-0.0017549390550409827,0.4096323286884056,6.3967440860701075,35.21617506087989,28.77920440360411,28.819430974809784,2.093131994696161
5.711999999999593,-0.6975387530941187,0.48137607427159473,1.9496293469234178,-0.6957954330123518,0.4736137973802576,-0.0017433200817669192,0.4137450379793748,6.3719369315775465,35.151260578804425,28.738733247183333,28.77932364722688,2.0850142896365327
5.713999999999593,-0.6965721080343525,0.48526580535781594,1.940088942587258,-0.6948404754571893,0.4774787775812602,-0.0017316325771632446,0.41784018406931533,6.346876997010883,35.08573194819233,28.697901712065523,28.73885495118145,2.0768138688201443
5.7159999999995925,-0.6955977026443464,0.4891363789809498,1.930471946861609,-0.6938778255877763,0.48132493470651067,-0.0017198770565700627,0.4219175236832742,6.321565189744453,35.01959107506502,28.656710812251163,28.69802588532057,2.068531029278588
5.717999999999592,-0.6946155753919568,0.49298764233737713,1.9207787394089952,-0.6929075213517216,0.4851521180273502,-0.0017080540402352185,0.42597682261596415,6.296002435454503,34.952839897632686,28.615161575688514,28.65683746217818,2.060166074035306
5.719999999999592,-0.693625765049886,0.49681944338581496,1.9110097029006499,-0.6919296009969165,0.4889601774025837,-0.0016961640529695732,0.4300178553129861,6.2701896776554324,34.88548038592436,28.573255044365553,28.61529070826893,2.051719311953563
5.721999999999592,-0.6926283106941515,0.5006316308533191,1.9011652230014064,-0.6909441030703292,0.4927489632936521,-0.0016842076238223758,0.43404040446985714,6.244127877253379,34.81751454143416,28.530992274400653,28.57338666418078,2.0431910575901284
5.723999999999592,-0.6916232517025434,0.5044240542412558,1.8912456883544755,-0.6899510664167704,0.49651832677936797,-0.0016721852857729536,0.4380442606481072,6.217818012116511,34.74894439678274,28.488374336131834,28.53112638466623,2.0345816310544267
5.725999999999591,-0.6906106277530695,0.5081965638312435,1.8812514905660995,-0.68895053017763,0.5002681195702324,-0.0016600975754395009,0.4420292219078741,6.19126107666139,34.6797720153935,28.445402314205115,28.488510938732112,2.0258913578729665
5.727999999999591,-0.6895904788223896,0.5119490106910628,1.8711830241900944,-0.6879425337895853,0.5039981940223508,-0.0016479450328042988,0.4459950934561343,6.1644580814546925,34.609999491183146,28.402077307661063,28.445541409728452,2.0171205688587674
5.729999999999591,-0.6885628451842366,0.5156812466805373,1.8610406867122729,-0.6869271169832833,0.5077084031509619,-0.001635728200953257,0.44994168730989603,6.137410052829361,34.53962894826478,28.35840043002054,28.402218895435418,2.00826959998557
5.731999999999591,-0.6875277674078277,0.5193931244573785,1.850824878534758,-0.6859043197819962,0.5113986006435991,-0.0016234476258315533,0.4538688219736082,6.110118032514773,34.46866254066424,28.31437280936867,28.35854450814947,1.9993387922665837
5.7339999999995905,-0.6864852863562599,0.5230844974830117,1.8405360029601523,-0.6848741825002503,0.5150686408728955,-0.0016111038560095992,0.45777632213118036,6.082583077280864,34.397102452048586,28.269995588437943,28.31451937476772,1.9903284916378725
5.73599999999959,-0.6854354431849008,0.5267552200283482,1.8301744661756523,-0.6838367457424323,0.5187183789090511,-0.001598697442468544,0.46166401834894444,6.054806258593198,34.324950895464475,28.225269924689528,28.27014463687128,1.981239048845266
5.73799999999959,-0.684378279339761,0.5304051471795476,1.8197406772369882,-0.6827920504013683,0.5223476705319724,-0.0015862289383927752,0.46553174679326403,6.026788662281985,34.25221011308884,28.180196990393593,28.22542145080686,1.972070819335889
5.73999999999959,-0.6833138365558591,0.5340341348437353,1.809235048052282,-0.6817401376566171,0.5259563723755427,-0.001573698899241971,0.46937934895873834,5.998531388221495,34.17888237598882,28.134777972707987,28.180350987767323,1.9628241631530752
5.74199999999959,-0.6822421568555735,0.5376420397546924,1.7986579933657856,-0.680681048974046,0.5295443412855254,-0.0015611078815275237,0.4732066648802782,5.970035543492913,34.10496997736342,28.08901407375462,28.1349344338705,1.953499442698969
5.743999999999589,-0.6811632825469839,0.5412287194785106,1.7880099307415067,-0.6796148261028816,0.5331114355821907,-0.0015484564441022863,0.4770135650478835,5.941302274248515,34.03047526432738,28.042906510700213,28.089172990078865,1.9440970331612464
5.745999999999589,-0.6800772562222004,0.5447940324192156,1.7772912805467256,-0.6785415110749883,0.5366575139466635,-0.0015357451472121086,0.4807998886929914,5.912332703952238,33.95540057700222,27.99645651582364,28.043067873049985,1.9346173023027229
5.747999999999589,-0.678984120755683,0.5483378378243577,1.7665024659353983,-0.6774611462032731,0.5401824358575493,-0.0015229745524099059,0.48456549870342336,5.883127988238516,33.879748301976726,27.949665336593313,27.996620313738212,1.9250606284140415
5.749999999999589,-0.6778839193025481,0.5518599957905673,1.755643912831453,-0.6763737740801068,0.5436860615831449,-0.0015101452224413059,0.4883102605648295,5.853689293806273,33.80352085259098,27.902534235738464,27.94983155878471,1.9154273934061432
5.7519999999995886,-0.6767766952968651,0.5553603672690787,1.7447160499119725,-0.6752794375757395,0.5471682521836708,-0.0014972577211256333,0.49203404303585874,5.8240177990427595,33.726720669132575,27.855064491319318,27.90270287008982,1.9057179830143791
5.753999999999588,-0.675662492449942,0.5588388140712195,1.7337193085902742,-0.6741781798367036,0.550628869517968,-0.0014843126132384477,0.4957367183330774,5.794114694157114,33.64935021906457,27.807257396795578,27.85523552490746,1.8959327868420905
5.755999999999588,-0.6745413547486001,0.5622951988738641,1.722654122998882,-0.6730700442841997,0.554067776251937,-0.0014713104644004105,0.4994181620951137,5.7639811810927135,33.5714119970154,27.759114261093664,27.807430815922686,1.8860721983318434
5.757999999999588,-0.6734133264534345,0.5657293852248629,1.7115209299723637,-0.6719550746124646,0.5574848358675604,-0.0014582518409699263,0.5030782532600817,5.7336184733524735,33.492908524674746,27.71063640867256,27.759290051322274,1.8761366147081477
5.759999999999588,-0.6722784520970719,0.5691412375484168,1.7003201690301235,-0.6708333147871206,0.5608799126720292,-0.0014451373099513276,0.5067168739088617,5.703027795789935,33.413842350651606,27.661825179587694,27.71081455486167,1.866126436908959
5.7619999999995875,-0.6711367764824085,0.5725306211504382,1.6890522823590246,-0.669704809043507,0.5642528718067905,-0.0014319674389015047,0.5103339091026546,5.672210384393887,33.334216050323036,27.61268192955373,27.66200566592915,1.85604206951514
5.763999999999587,-0.6699883446808426,0.575897402223866,1.6777177147959388,-0.6685696018849941,0.5676035792564426,-0.0014187427958484156,0.5139292467200134,5.641167486072458,33.25403222568093,27.563208030005462,27.61286473960847,1.845883920679673
5.765999999999587,-0.6688332020304953,0.5792414478539483,1.6663169138101857,-0.6674277380812792,0.5709319018574572,-0.0014054639492161458,0.5175027772982554,5.60990035844108,33.17329350518049,27.513404868157195,27.563393146739408,1.8356524020582003
5.767999999999587,-0.6676713941344207,0.5825626260234895,1.654850329485867,-0.6662792626666657,0.5742377073067245,-0.0013921314677549645,0.5210543938806005,5.578410269615881,33.09200254359278,27.46327384706059,27.513592273976897,1.8253479287413292
5.769999999999587,-0.6665029668588051,0.5858608056180624,1.6433184145040975,-0.6651242209383259,0.5775208641699179,-0.001378745920479152,0.5245839918686563,5.546698498012145,33.01016202186053,27.412816385660676,27.463463523848382,1.8149709191885854
5.771999999999586,-0.6653279663311565,0.5891358564311838,1.6317216241251356,-0.6639626584545465,0.5807812418896882,-0.0013653078766100446,0.5280914688809002,5.514766332148365,32.927774646957666,27.362033918850457,27.413008314809304,1.80452179516423
5.773999999999586,-0.6641464389384841,0.5923876491694555,1.620060416170408,-0.6627946210329592,0.5840187107936872,-0.0013518179055249657,0.5315767246163903,5.482615070455244,32.84484315175252,27.310927897523484,27.362228081297275,1.7940009816746771
5.775999999999586,-0.6629584313254661,0.5956160554576682,1.6083352510044377,-0.6616201547487544,0.5872331421024282,-0.0013382765767117055,0.5350396607241983,5.450246021090067,32.7613702948741,27.25949978862509,27.311124273784028,1.7834089069076924
5.777999999999586,-0.6617639903926089,0.5988209478438693,1.596546591516669,-0.6604393059328804,0.5904244079369853,-0.0013246844597285534,0.538480180677583,5.417660501755536,32.67735886058164,27.207751075201777,27.259698358826107,1.7727460021730352
5.7799999999995855,-0.6605631632943959,0.6020021998043935,1.5846949031031994,-0.6592521211702272,0.5935923813265366,-0.0013110421241686598,0.5418981896534358,5.384859839523542,32.59281165863713,27.15568325644863,27.20795181911359,1.7620127018447367
5.781999999999585,-0.6593559974374237,0.6051596857488641,1.5727806536483808,-0.6580586472977957,0.5967369362157565,-0.0012973501396279508,0.5452935944172426,5.351845370664019,32.50773152418086,27.10329784775539,27.155886153516843,1.75120944330505
5.783999999999585,-0.6581425404785337,0.6082932810251407,1.5608043135063883,-0.6568589314028516,0.5998579474720572,-0.001283609075682146,0.5486663032109034,5.318618440476606,32.42212131760853,27.05059638075033,27.103502877131923,1.740336666889304
5.785999999999585,-0.656922840322929,0.6114028619242474,1.5487663554826234,-0.6556530208210662,0.6029552908926841,-0.001269819501862779,0.5520162256470167,5.285180403128191,32.33598392445191,26.997580403342724,27.05080352132372,1.729394815832709
5.787999999999585,-0.6556969451222835,0.6144883056852547,1.536667254815057,-0.654440963134643,0.6060288432116689,-0.001255981987640542,0.5553432726067928,5.251532621493944,32.24932225526152,26.94425147976321,26.997789633767574,1.7183843362182833
5.789999999999584,-0.6544649032728402,0.617549490500126,1.5245074891554662,-0.6532228061704297,0.6090784821066432,-0.001242097102410522,0.5586473561424592,5.217676467002459,32.162139245491474,26.8906111906024,26.94446277848901,1.7073056769261523
5.791999999999584,-0.6532267634135022,0.6205862955185265,1.5122875385505785,-0.6519985979980187,0.6121040862055116,-0.0012281654154834287,0.5619283893837137,5.183613319484673,32.07443785538607,26.83666113284773,26.890824535901398,1.6961592895840751
5.793999999999584,-0.6519825744239107,0.6235986008525938,1.5000078854231198,-0.6507683869278328,0.6151055350929916,-0.0012141874960779342,0.5651862864486832,5.149344567026984,31.986221069868993,26.782402919918262,26.83687650284201,1.6849456285193476
5.795999999999584,-0.6507323854225169,0.6265862875816715,1.4876690145527698,-0.6495322215091988,0.618082709317018,-0.0012001639133181197,0.5684209623586982,5.114871605827877,31.897491898433827,26.727838181697784,26.78262029260595,1.6736651507118656
5.7979999999995835,-0.6494762457646417,0.6295492377570028,1.4752714130570221,-0.6482901505284088,0.6210354903950177,-0.0011860952362329202,0.5716323329571598,5.080195840058349,31.80825337503674,26.67296856456595,26.728057534978394,1.6623183157484305
5.799999999999583,-0.6482142050405281,0.6324873344063884,1.4628155703719565,-0.6470422230067686,0.6239637608200528,-0.0011719820337594555,0.5748203148323361,5.045318681726017,31.718508557990784,26.617795731427357,26.673189876264768,1.6509055857782522
5.801999999999583,-0.6469463130733836,0.6354004615388019,1.4503019782329212,-0.645788488198635,0.6268674040668375,-0.0011578248747485809,0.5779848252437878,5.0102415505425,31.628260529861404,26.56232136173886,26.618018979318904,1.63942742546955
5.803999999999583,-0.6456726199174105,0.6382885041489754,1.4377311306550928,-0.6445289955894398,0.6297463045976284,-0.0011436243279707714,0.5811257820537774,4.97496587379546,31.537512397364956,26.506547151534853,26.562546523569495,1.6278843019676645
5.805999999999583,-0.6443931758558348,0.64115134822193,1.4251035239140162,-0.6432637948937038,0.6326003478679891,-0.0011293809621309991,0.5842431036599471,4.939493086221817,31.446267291266103,26.45047481345057,26.506774205044287,1.6162766848535615
5.807999999999582,-0.6431080313989168,0.6439888807374838,1.4124196565259837,-0.6419929360530389,0.6354294203324335,-0.0011150953458779478,0.5873367089343793,4.903824629886866,31.35452836627942,26.394106076743405,26.450703736392555,1.6046050461042647
5.809999999999582,-0.6418172372819595,0.6468009896747116,1.3996800292283613,-0.6407164692341389,0.638233409449946,-0.001100768047820555,0.5904065171646486,4.867961954065183,31.262298800970502,26.33744268731227,26.39433684690532,1.592869860053889
5.811999999999582,-0.6405208444633043,0.6495875640163677,1.386885144959821,-0.6394344448267602,0.6410122036893825,-0.0010863996365441109,0.5934524479991818,4.83190651512557,31.16958179765935,26.280486407714854,26.33767528253378,1.5810716033559884
5.813999999999582,-0.6392189041223199,0.6523484937532686,1.3740355088404854,-0.6381469134416906,0.643765692534753,-0.0010719906806292423,0.5964744213957518,4.795659776418856,31.076380582324457,26.223239017182802,26.280720805905602,1.5692107549468428
5.8159999999995815,-0.6379114676573816,0.6550836698886356,1.3611316281519863,-0.6368539259087098,0.6464937664903861,-0.0010575417486717864,0.5994723575737266,4.7592232081691686,30.98269840450824,26.165702311635094,26.223475196339074,1.5572877960098848
5.817999999999581,-0.6365985866838426,0.6577929844423984,1.3481740123174386,-0.6355555332745378,0.6491963170859787,-0.0010430534093047727,0.6024461769696448,4.722598287368287,30.88853853722378,26.10787810368901,26.165940249855492,1.545303209941136
5.819999999999581,-0.6352803130319955,0.6604763304554573,1.3351631728813282,-0.6342517868007748,0.6518732368815306,-0.0010285262312207388,0.6053958001962867,4.685786497673198,30.793904276862335,26.04976822266933,26.108117779189136,1.5332574823156955
5.821999999999581,-0.6339566987450269,0.6631336019939066,1.3220996234893183,-0.6329427379618304,0.6545244194721669,-0.001013960783196488,0.6083211480049409,4.64878932930664,30.698798943102148,25.99137451461514,26.05000961379551,1.5211511008551957
5.823999999999581,-0.6326277960769624,0.6657646941532156,1.30898387986797,-0.6316284384428448,0.6571497594928477,-0.0009993576341176258,0.6112221412511207,4.611608278960728,30.60322587881783,25.93269884228481,25.991617599857104,1.508984555396303
5.82599999999958,-0.6312936574906047,0.6683695030623699,1.2958164598043913,-0.6303089401375989,0.6597491526229701,-0.0009847173530058706,0.6140987008632326,4.574244849703452,30.507188449990924,25.873743085158633,25.932943600287473,1.4967583378601086
5.82799999999958,-0.6299543356554593,0.6709479258879765,1.2825978831257654,-0.6289842951464172,0.6623224955908594,-0.0009700405090421471,0.6169507478155065,4.536700550888917,30.41069004562177,25.81450913943948,25.873989494732854,1.4844729422227978
5.82999999999958,-0.6286098834456597,0.6734998608383159,1.2693286716788728,-0.6276545557740608,0.6648696861781551,-0.0009553276715988934,0.6197782031019785,4.498976898068724,30.31373407764061,25.754998918051193,25.814757179571885,1.4721288644866548
5.83199999999958,-0.6272603539378772,0.676025207167366,1.2560093493094613,-0.6263197745276127,0.6673906232240906,-0.000940579410264486,0.6225809877155903,4.4610754129079515,30.21632398082103,25.695214350634814,25.75524856791308,1.4597266026525901
5.8339999999995795,-0.6259058004092256,0.6785238651787776,1.2426404418415713,-0.6249800041143533,0.6698852066296697,-0.0009257962948723275,0.6253590226294539,4.422997623103123,30.11846321269322,25.635157383542875,25.6954655895901,1.4472666566933354
5.835999999999579,-0.6245462763351592,0.680995736229811,1.229222477056779,-0.6236352974396298,0.672353337361741,-0.0009109788955294906,0.6281122287808945,4.384745062302806,30.02015525345795,25.5748299798311,25.635410191155145,1.4347495285274592
5.837999999999579,-0.6231818353873605,0.6834407227352294,1.2157559846733583,-0.6222857076047158,0.6747949174569726,-0.0008961277826446956,0.6308405270588455,4.346319270031193,29.921403605901006,25.514234119248314,25.57508433586981,1.4221757219944056
5.839999999999579,-0.6218125314316219,0.6858587281711522,1.2022414963253707,-0.6209312879046643,0.6772098500257273,-0.0008812435269575092,0.6335438382936966,4.307721791614006,29.82221179530807,25.453371798223827,25.514490003694064,1.4095457428302571
5.841999999999579,-0.6204384185257187,0.6882496570788652,1.188679545541675,-0.6195720918261527,0.6795980392558416,-0.0008663266995659891,0.636222083250138,4.2689541781070774,29.7225833693799,25.39224502985276,25.453629191272825,1.3968600986444035
5.843999999999578,-0.6190595509172757,0.6906134150685888,1.1750706677248668,-0.61820817304532,0.6819593904163104,-0.0008513778719556608,0.6388751826224781,4.2300179862272245,29.622521898147674,25.330855843879295,25.39250391192045,1.3841192988969477
5.845999999999578,-0.6176759830416252,0.6929499088232051,1.16141540013014,-0.6168395854255982,0.6842938098608772,-0.0008363976160269404,0.6415030570327014,4.190914778285673,29.522030973888903,25.26920628667724,25.33111619560323,1.3713238548769264
5.847999999999578,-0.6162877695196577,0.6952590461019413,1.147714281844078,-0.6154663830155351,0.6866012050315353,-0.0008213865041225565,0.6441056270310628,4.151646122123666,29.42111421104277,25.207298421228856,25.269468088919105,1.3584742796813
5.849999999999578,-0.6148949651556669,0.6975407357440103,1.133967853763378,-0.6140886200466112,0.6888814844619383,-0.0008063451090556395,0.6466828130987601,4.112213591050093,29.319775246125936,25.145134327101083,25.207561655075843,1.345571088194546
5.8519999999995775,-0.6134976249351827,0.6997948876722145,1.1201766585734678,-0.6127063509310497,0.6911345577807247,-0.0007912740041329247,0.6492345356541631,4.072618763782251,29.2180177376487,25.082716100419642,25.14539897386645,1.332614797069316
5.853999999999577,-0.6120958040228051,0.7020214128964941,1.1063412407271267,-0.6113196302596202,0.6933603357147569,-0.0007761737631848398,0.6517607150590576,4.032863224386668,29.11584536602936,25.0200458538409,25.082982141642695,1.3196059247070968
5.855999999999577,-0.6106895577600233,0.7042202235174458,1.0924621464229611,-0.6099285127994357,0.6955587300922765,-0.000761044960587598,0.6542612716293417,3.992948562223944,29.01326183351019,24.95712571652136,25.020313271286245,1.3065449912401865
5.857999999999577,-0.6092789416630322,0.7063912327297912,1.07853992358385,-0.6085330534917438,0.6977296538459812,-0.0007458881712884002,0.6567361256465478,3.952876371894281,28.910270864071805,24.8939578340849,24.957394492177524,1.2934325185139097
5.859999999999577,-0.6078640114205397,0.7085343548258041,1.0645751218353117,-0.6071333074497117,0.6998730210160201,-0.0007307039708279728,0.65918519737177,3.9126482531852442,28.80687620334765,24.8305443685878,24.894227950162406,1.2802690300695407
5.861999999999576,-0.6064448228915691,0.7106495051986934,1.050568292483808,-0.6057293299562059,0.7019887467529142,-0.0007154929353632156,0.6616084070612538,3.872265811020933,28.703081618537585,24.766887498481324,24.83081580751665,1.2670550511277092
5.863999999999576,-0.6050214321032535,0.7127366003459444,1.0365199884949778,-0.604321176461565,0.7040767473204023,-0.0007002556416885186,0.6640056749840522,3.8317306554130393,28.59889089832101,24.702989418572173,24.76716024290797,1.2537911085724105
5.865999999999576,-0.603593895248624,0.7147955578726142,1.0224307644718087,-0.6029089025813686,0.7061369400982135,-0.0006849926672553019,0.666376921441127,3.791044401413149,28.4943078527691,24.638852339980474,24.70326345135595,1.2404777309354282
5.867999999999576,-0.6021622686843912,0.7168262964945854,1.00830117663274,-0.6014925640941992,0.7081692435847711,-0.0006697045901919996,0.6687220667861706,3.750208669066559,28.389336313256177,24.574478490095544,24.639127644189617,1.22711544838125
5.869999999999576,-0.6007266089287204,0.718828736041774,0.994131782789706,-0.6000722169393995,0.7101735773998269,-0.0006543919893209349,0.6710410314478548,3.7092250833673455,28.283980132370072,24.50987011252936,24.574755049002725,1.2137047926923914
5.871999999999575,-0.5992869726590009,0.7208027974612958,0.9799231423261138,-0.5986479172148255,0.7121498622870315,-0.0006390554441754182,0.6733337359535283,3.668095274214674,28.178243183821568,24.445029467067613,24.510147909606893,1.200246297255128
5.873999999999575,-0.597843416709608,0.7227484028205847,0.9656758161747677,-0.5972197211745925,0.7140980201164389,-0.0006236955350155116,0.6756001009540111,3.626820876370042,28.07212936235223,24.3799588296185,24.44530848598219,1.186740497045534
5.875999999999575,-0.5963959980696575,0.724665475310475,0.9513903667956928,-0.5957876852268187,0.716017973886951,-0.0006083128428387985,0.6778400472505153,3.585403529416349,27.96564258364202,24.314660492159245,24.38023905422567,1.1731879286161147
5.877999999999575,-0.5949447738807595,0.7265539392482259,0.9370673581539782,-0.5943518659313612,0.7179096477287015,-0.0005929079493982581,0.6800534958206659,3.543844877716138,27.858786784213713,24.24913676268018,24.314941906497573,1.1595891300821641
5.8799999999995745,-0.5934898014347603,0.728413720080515,0.9227073556974799,-0.5929123199975505,0.719772966905383,-0.0005774814372098147,0.6822403678474984,3.5021465703723607,27.751565921337445,24.18338996512648,24.249419350965084,1.1459446411089584
5.881999999999574,-0.5920311381714805,0.7302447443863793,0.9083109263345067,-0.5914691042819175,0.7216078578165182,-0.0005620338895629962,0.6844005847484493,3.460310261189091,27.643983972932975,24.11742243933783,24.183673711743886,1.1322550028989284
5.883999999999574,-0.5905688416764483,0.7320469398801146,0.8938786384114392,-0.5900222757859181,0.7234142479996775,-0.0005465658905301485,0.6865340682050958,3.4183376086328296,27.53604493747042,24.051236540985435,24.117707328837593,1.1185207581790086
5.885999999999574,-0.5891029696786254,0.7338202354141286,0.8794110616902927,-0.5885718916536529,0.7251920661326461,-0.0005310780249725422,0.6886407401938475,3.3762302757945353,27.42775283386905,23.98483464150671,24.051522558074513,1.1047424511882453
5.887999999999574,-0.5876335800481283,0.7355645609817497,0.8649087673262236,-0.5871180091695818,0.7269412420355396,-0.0005155708785464785,0.690720523016966,3.3339899303518092,27.319111701394103,23.918219128038018,23.985121771042294,1.0909206276654562
5.889999999999573,-0.5861607307939436,0.7372798477199918,0.8503723278449814,-0.5856606857562361,0.7286617066728737,-0.0005000450377075083,0.6927733393342987,3.2916182445317115,27.21012559955219,23.85139240334467,23.918507355020477,1.0770558348370614
5.891999999999573,-0.584684480061638,0.7389660279122711,0.8358023171203066,-0.5841999789719249,0.7303533921555859,-0.00048450108971309636,0.6947991121952373,3.249116895073541,27.100798607983872,23.784356885748686,23.85168171291033,1.063148621404944
5.893999999999573,-0.5832048861310626,0.740623034991081,0.8211993103512747,-0.5827359465084389,0.7320162317430148,-0.0004689396226237319,0.6967977650710746,3.2064875631919,26.991134826354553,23.717115009054403,23.784647263162654,1.0491995375343823
5.895999999999573,-0.5817220074140523,0.7422508035406191,0.8065638840395885,-0.5812686461887492,0.733650159844835,-0.0004533612253031505,0.6987692218875639,3.1637319345398156,26.88113837424306,23.649669222471566,23.717406439703247,1.035209134841995
5.8979999999995725,-0.5802359024521208,0.7438492692993695,0.7918966159668274,-0.5797981359647033,0.7352551120229517,-0.00043776648741744584,0.7007134070573326,3.120851699171556,26.770813391027577,23.582021990536145,23.64996169185602,1.0211779663835987
5.899999999999572,-0.5787466299141454,0.7454183691626429,0.7771980851716037,-0.5783244739147166,0.7368310249933566,-0.0004221559994287416,0.702630245513514,3.0778485515063925,26.66016403577017,23.514175793028944,23.582315484263777,1.007106586642371
5.901999999999572,-0.5772542485940567,0.7469580411850625,0.7624688719267538,-0.5768477182414607,0.7383778366279438,-0.0004065303525959685,0.7045196627410499,3.0347241902901687,26.549194487097022,23.44613312489174,23.514470296806852,0.9929955515162827
5.903999999999572,-0.5757588174085141,0.748468224583013,0.7477095577163961,-0.5753679272695482,0.7398954859562897,-0.00039089013896587144,0.7063815848100949,2.991480318558525,26.437908943077836,23.377896496141133,23.44642862451931,0.97884541830609
5.905999999999572,-0.5742603953945801,0.7499488597370398,0.7329207252129835,-0.5738851594432134,0.7413839131673986,-0.0003752359513666814,0.7082159384082907,2.9481186435989977,26.32631162110179,23.309468431780232,23.378192977502792,0.9646567457029467
5.907999999999571,-0.57275904170739,0.7513998881942024,0.7181029582543008,-0.5723994733239905,0.742843059611412,-0.0003595683833994556,0.7100226508727197,2.9046408769126506,26.214406757751004,23.24085147170786,23.309765880838352,0.950430093775859
5.909999999999571,-0.5712548156178168,0.7528212526703819,0.7032568418204155,-0.570910927588388,0.7442728678012862,-0.00034388802942875163,0.7118016502217515,2.8610487341754207,26.102198608671113,23.172048170625605,23.241149874495694,0.9361660239590568
5.911999999999571,-0.5697477765101308,0.7542128970525424,0.6883829620105837,-0.5694195810255591,0.7456732814144382,-0.00032819548457163616,0.7135528651863514,2.8173439351988216,25.98969144843919,23.103061097942483,23.172347513240368,0.9218650990391468
5.913999999999571,-0.5682379838796554,0.7555747664009465,0.6734819060201122,-0.5679254925349704,0.7470442452943586,-0.0003124913446850286,0.7152762252409692,2.773528203890085,25.876889570428627,23.033892837677357,23.103361366538543,0.9075278831420813
5.9159999999995705,-0.5667254973304187,0.7569068069513243,0.6585542621171766,-0.566428721124066,0.7483857054521964,-0.0002967762063527113,0.7169716606339742,2.7296032682117133,25.763797286671263,22.964545988359145,23.03419401845955,0.8931549417199368
5.91799999999957,-0.5652103765727997,0.7582089661169958,0.6436006196195982,-0.5649293259059294,0.7496976090683131,-0.00028105066687034164,0.7186391024174148,2.685570860140243,25.650418927716515,22.895023162924645,22.964848067576273,0.8787468415374284
5.91999999999957,-0.5636926814211725,0.7594811924909459,0.6286215688715866,-0.5634273660969418,0.7509799044938086,-0.00026531532423068604,0.7202784824760515,2.6414327156241635,25.536758842487263,22.825326988614208,22.8953261268631,0.8643041506581546
5.92199999999957,-0.5621724717915413,0.7607234358478574,0.6136177012203999,-0.5619229010144378,0.75223254125202,-0.00024957077710352493,0.7218897335565602,2.597190574541777,25.422821398133557,22.75546010686515,22.82563082359178,0.8498274384308123
5.92399999999957,-0.56064980769918,0.7619356471460886,0.5985896089930508,-0.5604159900743578,0.7534554700399909,-0.00023381762482221902,0.723472789294233,2.5528461806566756,25.308610979881703,22.685425173202805,22.755764799225027,0.8353172754746426
5.925999999999569,-0.55912474925626,0.7631177785296135,0.5835378854728883,-0.558906692788898,0.7546486427299158,-0.00021805646736194895,0.7250275842407876,2.508401281573965,25.194131990881687,22.615224857129615,22.685730709307723,0.8207742336651112
5.927999999999569,-0.5575973566694771,0.7642697833299088,0.5684631248761842,-0.5573950687641569,0.755812012370557,-0.00020228790532017538,0.726554053890401,2.4638576286947336,25.07938885205098,22.54486184201167,22.615531223356246,0.8061988861190137
5.929999999999569,-0.5560676902376753,0.7653916160677978,0.5533659223286749,-0.5558811776977797,0.7569455331886351,-0.00018651253989565575,0.7280521347051614,2.419216977169768,24.96438600191498,22.47433882496344,22.545169024745213,0.7915918071793493
5.931999999999569,-0.5545358103494662,0.7664832324552449,0.538246873842066,-0.5543650793765993,0.758049160590195,-0.00017073097286690597,0.7295217641397107,2.374481085852417,24.84912789644477,22.403658516729873,22.474646810592354,0.7769535723998844
5.9339999999995685,-0.5530017774808448,0.767544589397104,0.5231065762905044,-0.5528468336742755,0.7591228511619438,-0.00015494380656932982,0.7309628806647999,2.3296517172501896,24.733619008891065,22.332823641566705,22.403967291640875,0.7622847585293372
5.935999999999568,-0.551465652192802,0.7685756449928207,0.5079456273870125,-0.5513265005489303,0.7601665626725659,-0.00013915164387168222,0.7323754237903182,2.2847306374757728,24.617863829615747,22.261836937118478,22.333133192139975,0.7475859434953464
5.937999999999568,-0.5499274951289339,0.7695763585380853,0.49276462565989376,-0.5498041400407823,0.7611802540740101,-0.0001233550881516443,0.7337593340869815,2.2397196161966004,24.501866865919652,22.19070115429424,22.262147249723053,0.7328577063879721
5.939999999999568,-0.5483873670130478,0.7705466905264405,0.47756417042910215,-0.5482798122697767,0.7621638855027527,-0.00010755474327106551,0.7351145532074985,2.1946204265837888,24.385632641867435,22.11941905714136,22.191012215283646,0.7181006274429943
5.941999999999568,-0.5468453286467644,0.7714866026508412,0.46234486178258277,-0.5467535774332146,0.7631174182810341,-9.175121354976223e-05,0.7364410239065466,2.1494348452597922,24.269165698109234,22.047993422717163,22.119730852849443,0.7033152880247895
5.943999999999567,-0.5453014409071189,0.7723960578051653,0.44710730055259007,-0.5452254958033785,0.7640408149180695,-7.594510374031582e-05,0.7377386900596326,2.1041646522449002,24.152470591699043,21.976427040958328,22.048305939454142,0.6885022706088189
5.945999999999567,-0.543755764744154,0.7732750200856817,0.4318520882919333,-0.5436956277251561,0.7649340391112353,-6.013701899787449e-05,0.7390074966821112,2.0588116309036395,24.035551895910697,21.904722714548395,21.976740265007056,0.6736621587640992
5.947999999999567,-0.542208361178519,0.7741234547924639,0.41657982725028,-0.5421640336136616,0.7657970557472265,-4.432756485739375e-05,0.7402473899451036,2.0133775678882797,23.91841420004912,21.832883258783028,21.90503663216084,0.6587955371347137
5.949999999999567,-0.5406592912990569,0.7749413284307627,0.4012911203503457,-0.5406307739518552,0.7666298309031899,-2.851734720166199e-05,0.7414583171926861,1.9678642530832395,23.801062109260187,21.760911501433366,21.833197856176948,0.6439029914216285
5.9519999999995665,-0.5391086162603941,0.7757286087123272,0.38598657116410046,-0.5390959092881595,0.7674323318478293,-1.270697223454409e-05,0.7426402269569043,1.9222734795474,23.683500244336614,21.688810282607264,21.761226764789214,0.6289851083638092
5.953999999999566,-0.5375563972805261,0.7764852645566798,0.37066678388894053,-0.5375595002340746,0.7682045270424837,3.102953548550502e-06,0.7437930689721202,1.876607043455612,23.565733241520878,21.61658245460855,21.689126198065267,0.6140424757190897
5.955999999999566,-0.5360026956384003,0.7772112660923434,0.35533236332383583,-0.5360216074617903,0.768946386142177,1.8911823389977656e-05,0.7449167941885491,1.8308667440393542,23.447765752305337,21.54423088179429,21.61689900826598,0.5990756822447472
5.957999999999566,-0.5344475726714971,0.7779065846580205,0.3399839148454536,-0.534482291701797,0.7696578799966418,3.4719030299834586e-05,0.7460113547847425,1.7850543835262354,23.329602443229234,21.47175844043005,21.544548059702997,0.5840853176777123
5.959999999999566,-0.5328910897734086,0.7785711928037248,0.32462204438425896,-0.5329416137404943,0.770338980651311,5.052396708571383e-05,0.7470767041791192,1.7391717670784956,23.211247995672586,21.399168018543264,21.47207622859409,0.5690719727144409
5.961999999999565,-0.5313333083914145,0.7792050642918645,0.3092473584005941,-0.5313996344177977,0.7709896613482831,6.632602638323437e-05,0.748112797040869,1.693220702730809,23.09270710564755,21.32646251577453,21.39948640291674,0.5540362389905611
5.963999999999565,-0.5297742900240562,0.779808174098279,0.2938604638607357,-0.5298564146247432,0.7716098965272563,8.212460068701688e-05,0.7491195892997106,1.6472030013268606,22.973984483586527,21.25364484322724,21.326781482259666,0.5389787090601269
5.965999999999565,-0.5282140962187095,0.7803804984132253,0.2784619682129339,-0.5283120153010903,0.7721996618264326,9.791908238077074e-05,0.7500970381548842,1.6011204764551368,22.85508485412769,21.180717923315036,21.253964377672553,0.5238999763745937
5.967999999999565,-0.5266527885691553,0.7809220146423195,0.26305247936343906,-0.5267664974329235,0.7727589340833904,0.00011370886376815825,0.7510451020831487,1.5549749443836465,22.736012955897344,21.107684689607645,21.1810380115137,0.5088006352614667
5.9699999999995645,-0.5250904287131444,0.7814327014074286,0.24763260565246814,-0.5252199220502516,0.7732876913359256,0.00012949333710721156,0.7519637408469675,1.5087682239946691,22.61677354129068,21.03454808667464,21.108005317296012,0.4936812809029424
5.971999999999564,-0.5235270783299695,0.7819125385475132,0.23220295583024106,-0.5236723502246059,0.773785912822861,0.00014527189463642287,0.7528529154998594,1.4625021367168722,22.49737137624781,20.961311069927632,21.034869239530938,0.47854250931369824
5.973999999999564,-0.521962799138027,0.7823615071194246,0.21676413903291292,-0.5221238430666363,0.7742535789848218,0.0001610439286092724,0.7537125883929963,1.4161785064583696,22.37781124002914,20.887976605460384,20.96163273357077,0.4633849173189797
5.975999999999564,-0.5203976528923809,0.7827795893986527,0.20131676475853544,-0.5205744617237064,0.7746906714649775,0.00017680883132542569,0.7545427231801086,1.3697991595381571,22.25809792498705,20.814547669887432,20.888298765448894,0.44820910253217106
5.977999999999564,-0.5188317013823249,0.7831667688800245,0.1858614428429948,-0.5190242673774869,0.77509717310975,0.00019256599516193074,0.7553432848218526,1.3233659246169613,22.138236236335555,20.741027250180693,20.814870311718593,0.4330156633321578
5.979999999999563,-0.5172650064289435,0.7835230302783571,0.17039878343593648,-0.5174733212415479,0.7754730679694859,0.00020831481260441542,0.756114239589396,1.2768806326272482,22.018230991916948,20.667418343504604,20.7413503592897,0.41780519884042755
5.981999999999563,-0.5156976298826706,0.7838483595290607,0.15492939697667754,-0.5159216845589497,0.7758183412990938,0.00022405467627906184,0.7568555550675906,1.230345116702794,21.89808702196675,20.593723957049285,20.667741905263956,0.4025783088980176
5.983999999999563,-0.5141296336208486,0.7841427437886935,0.13945389417010762,-0.5143694185998324,0.7761329795586446,0.00023978497898380358,0.7575672001572812,1.1837612121073489,21.777809168875535,20.519947107862304,20.594047956768186,0.38733559404217327
5.985999999999563,-0.5125610795452851,0.784406171435469,0.12397288596257916,-0.5128165846590046,0.7764169704139348,0.000255505113719523,0.7582491450770326,1.1371307561626935,21.657402286948923,20.446090822678634,20.52027153078623,0.3720776554828006
5.987999999999563,-0.5109920295798092,0.7846386320697146,0.10848698351778847,-0.5112632440535305,0.7766703027370124,0.00027121447372135954,0.7589013613644322,1.0904555881762383,21.536871242165212,20.372158137748972,20.446415653988975,0.35680509507877406
5.989999999999562,-0.5094225456678267,0.7848401165142828,0.09299679819264799,-0.5097094581203172,0.7768929666066632,0.00028691245249046204,0.7595238218767177,1.04373754936792,21.41622091193069,20.29815209866655,20.37248336256277,0.34151851531401495
5.991999999999562,-0.5078526897698762,0.7850106168149124,0.07750294151315963,-0.5081552882136995,0.7770849533088593,0.0003025984438232987,0.7601165007908057,0.9969784827965089,21.29545618483285,20.224075760192378,20.29847770203634,0.32621851927337153
5.993999999999562,-0.5062825238611787,0.7851501262405437,0.06200602515023788,-0.5066007957030252,0.7772462553371667,0.000318271841846518,0.7606793736035297,0.9501802332859662,21.174581960392036,20.149932186078846,20.22440172710607,0.3109057106185207
5.995999999999562,-0.5047121099291965,0.7852586392835833,0.046506660895614504,-0.505046041970239,0.7773768663931134,0.000333932041042484,0.7612124171299443,0.9033446473501191,21.05360314880982,20.075724448891993,20.1502585014597,0.29558069356331795
5.9979999999995615,-0.5031415099711827,0.7853361516601223,0.031005460637651135,-0.5034910884074659,0.7774767813865153,0.0003495784362832488,0.7617156095026743,0.8564735731181004,20.932524670716788,20.001455629832044,20.076051097598686,0.28024407284939384
5.999999999999561,-0.5015707859917344,0.7853826603101045,0.015503036337191644,-0.5019359964145944,0.7775459964357616,0.00036521042285997396,0.7621889301701553,0.8095688602587983,20.811351456917556,19.92712881855278,20.001782596658757,0.2648964537214339
