time_s,joint1_position_rad,joint1_velocity_rad_s,position_error_rad,command_torque_Nm
0.002,0.00038327942574479986,0.19163971287239992,0.4996167205742552,20.0
0.004,0.001008379570010342,0.31255007213277114,0.4989916204299897,14.23547743679821
0.006,0.0018069854689720948,0.3993029494808763,0.4981930145310279,10.583162653216453
0.008,0.0027339305410473053,0.46347253603760535,0.4972660694589527,7.948632096814826
0.01,0.003750426418397225,0.5082479386749598,0.49624957358160277,5.986466697229947
0.012,0.004832898967323456,0.5412362744631156,0.4951671010326765,4.6025447830153166
0.014,0.005966464226880137,0.5667826297783405,0.49403353577311987,3.5695958074135916
0.016,0.007140000960103187,0.5867683666115245,0.4928599990398968,2.7578625375745816
0.018000000000000002,0.008344252060757684,0.6021255503272481,0.4916557479392423,2.111348963250137
0.020000000000000004,0.009571498323622755,0.6136231314325354,0.49042850167637725,1.60246340775225
0.022000000000000006,0.01081548950444792,0.6219955904125825,0.48918451049555206,1.2084461240790247
0.024000000000000007,0.012071188846869979,0.6278496712110294,0.48792881115313,0.9075127074446101
0.02600000000000001,0.013334550743663114,0.6316809483965673,0.48666544925633687,0.6816623097943193
0.02800000000000001,0.014602338131296137,0.6338936938165115,0.48539766186870387,0.5161895183564553
0.030000000000000013,0.015871975010171596,0.6348184394377304,0.48412802498982843,0.3990956602528115
0.032000000000000015,0.01714142776073454,0.6347263752814714,0.4828585722392655,0.32056781646122445
0.034000000000000016,0.018409109396705498,0.6338408179854803,0.4815908906032945,0.2725516311264755
0.03600000000000002,0.0196739603207862,0.6324254620403517,0.4803260396792138,0.24841108456736904
0.03800000000000002,0.02093519613856641,0.6306179088901064,0.4790648038614336,0.240277725958002
0.04000000000000002,0.022192210208269593,0.62850703485159,0.4778077897917304,0.24405488775415307
0.04200000000000002,0.023444554193652076,0.626171992691242,0.4765554458063479,0.2571005461215172
0.044000000000000025,0.02469122053643838,0.623333171393151,0.47530877946356165,0.2770580515166543
0.04600000000000003,0.02593288498027442,0.6208322219180199,0.4740671150197256,0.31235603674793566
0.04800000000000003,0.02716943687648172,0.6182759481036484,0.4728305631235183,0.3377179432484283
0.05000000000000003,0.02840082731958154,0.6156952215499091,0.47159917268041845,0.364944081831279
0.05200000000000003,0.029627087634681096,0.6131301575497785,0.4703729123653189,0.3931102607194674
0.054000000000000034,0.0308483146476386,0.6106135064787523,0.4691516853523614,0.4210117681194028
0.056000000000000036,0.03206533741839985,0.6085113853806251,0.46793466258160016,0.4476622197318889
0.05800000000000004,0.03328288669347199,0.6087746375360726,0.466717113306528,0.462044941845253
0.06000000000000004,0.03450053117497848,0.6088222407532438,0.4654994688250215,0.4054454061789379
0.06200000000000004,0.03571771578706427,0.6085923060428983,0.4642822842129357,0.35531153040354724
0.06400000000000004,0.03693403414269006,0.6081591778128931,0.46306596585730997,0.313522187230479
0.06600000000000004,0.038140453977794586,0.6032099175522626,0.4618595460222054,0.2778632999056079
0.06800000000000005,0.03933768880453932,0.5986174133723673,0.4606623111954607,0.37808431432033984
0.07000000000000005,0.04052734400726613,0.5948276013634073,0.45947265599273385,0.4679700466474088
0.07200000000000005,0.04171160499583329,0.5921304942835807,0.45828839500416674,0.534078198807137
0.07400000000000005,0.04289151481078849,0.5899549074776007,0.4571084851892115,0.5676209716592489
0.07600000000000005,0.0440678163294215,0.588150759316506,0.45593218367057853,0.5856921832404396
0.07800000000000006,0.04524101501027847,0.586599340428485,0.45475898498972156,0.5927645673279613
0.08000000000000006,0.046411441820175627,0.5852134049485793,0.45358855817982435,0.5923791867343127
0.08200000000000006,0.04757930511228857,0.5839316460564727,0.4524206948877114,0.587140178735595
0.08400000000000006,0.0487447295768977,0.5827122323045621,0.4512552704231023,0.5788784138142731
0.08600000000000006,0.04990778424610975,0.5815273346060267,0.45009221575389025,0.5688438477872282
0.08800000000000006,0.05106850216075957,0.58035895732491,0.4489314978392404,0.5578685919748061
0.09000000000000007,0.05222296637954262,0.5772321093915287,0.4477770336204574,0.5464911938223125
0.09200000000000007,0.05337197464677388,0.5745041336156289,0.4466280253532261,0.5941180630724361
0.09400000000000007,0.05451638583759299,0.572205595409554,0.445483614162407,0.6299970056601794
0.09600000000000007,0.055656917802999625,0.5702659827033181,0.44434308219700036,0.6531767042096597
0.09800000000000007,0.056794160203858225,0.5686212004292996,0.44320583979614175,0.6657438067804726
0.10000000000000007,0.057928557334321264,0.5671985652315179,0.4420714426656787,0.6695975789666804
0.10200000000000008,0.05906041815506271,0.5659304103707241,0.4409395818449373,0.6669007496816128
0.10400000000000008,0.0601899396269326,0.5647607359349475,0.4398100603730674,0.6596709626757686
0.10600000000000008,0.06131723352954243,0.5636469513049157,0.43868276647045756,0.6495803368742727
0.10800000000000008,0.062442351318403075,0.5625588944303241,0.4375576486815969,0.6379021196708337
0.11000000000000008,0.06356530455320628,0.5614766174015994,0.4364346954467937,0.6255391143541544
0.11200000000000009,0.06468608031723772,0.5603878820157184,0.4353139196827623,0.6130892958237659
0.11400000000000009,0.06580465207360815,0.559285878185221,0.43419534792639186,0.6009203268389385
0.11600000000000009,0.06692098683399243,0.5581673801921384,0.43307901316600755,0.5892375714990443
0.11800000000000009,0.06803504959338155,0.5570313796945614,0.4319649504066184,0.5781391208761484
0.12000000000000009,0.06914652427358974,0.5557373401040903,0.43085347572641025,0.5676566254278939
0.1220000000000001,0.0702554856013772,0.5544806638937356,0.4297445143986228,0.562018825933702
0.1240000000000001,0.0713619932928136,0.5532538457182034,0.4286380067071864,0.5553606591328446
0.12600000000000008,0.07246618102168909,0.5520938644377399,0.4275338189783109,0.547904896741354
0.12800000000000009,0.07356802542461394,0.5509222014624222,0.42643197457538606,0.5385368260002394
0.1300000000000001,0.07466749399563945,0.549734285512758,0.42533250600436057,0.5296129391427762
0.1320000000000001,0.07576455589227737,0.5485309483189603,0.4242354441077226,0.5212716747916808
0.1340000000000001,0.07685918399951408,0.5473140536183543,0.4231408160004859,0.5134893147400952
0.1360000000000001,0.07795135399839846,0.5460849994421924,0.4220486460016015,0.5062110314688084
0.1380000000000001,0.07904104071669733,0.5448433591494387,0.4209589592833027,0.4993958567982908
0.1400000000000001,0.08012821579174528,0.5435875375239727,0.4198717842082547,0.4930575968489457
0.1420000000000001,0.08121284911210028,0.5423166601774995,0.41878715088789975,0.48724524261100655
0.1440000000000001,0.08229491353342018,0.5410322106599487,0.41770508646657983,0.48198623019100495
0.1460000000000001,0.08337439124035245,0.5397388534661369,0.41662560875964755,0.4772371388647336
0.1480000000000001,0.08445127649052771,0.5384426250876307,0.4155487235094723,0.47285874640179415
0.1500000000000001,0.08552557428812806,0.5371488988001749,0.41447442571187193,0.4686701877499715
0.1520000000000001,0.08659729737387076,0.5358615428713491,0.4134027026261292,0.46451006446963206
0.1540000000000001,0.08766646292817556,0.5345827771524027,0.4123335370718244,0.4602618189046943
0.1560000000000001,0.08873266668780663,0.5331018798155318,0.41126733331219334,0.45585816830089954
0.1580000000000001,0.08979584447264041,0.5315888924168873,0.41020415552735956,0.4576369380217802
0.16000000000000011,0.09085628302927176,0.5302192783156748,0.40914371697072827,0.4604994485877629
0.16200000000000012,0.0919142220867128,0.5289695287205177,0.4080857779132872,0.45917032935888713
0.16400000000000012,0.0929698114830221,0.52779469815465,0.4070301885169779,0.4543452549159568
0.16600000000000012,0.09402313044314811,0.5266594800630057,0.40597686955685186,0.4473665960396165
0.16800000000000012,0.09507421016506025,0.5255398609560679,0.40492578983493976,0.43929038038390367
0.17000000000000012,0.0961230509671353,0.5244204010375239,0.4038769490328647,0.4308357647155532
0.17200000000000013,0.09716963431268558,0.5232916727751385,0.40283036568731445,0.42246593018887424
0.17400000000000013,0.09821393105045076,0.5221483688825891,0.40178606894954927,0.4144644442384209
0.17600000000000013,0.09925590697089966,0.5209879602244498,0.40074409302910036,0.40699169150429704
0.17800000000000013,0.10029552647111997,0.5198097501101607,0.39970447352888006,0.4001249144305188
0.18000000000000013,0.10133275489267567,0.5186142107778441,0.3986672451073243,0.39388643785038013
0.18200000000000013,0.10236755993587822,0.5174025216012773,0.3976324400641218,0.38826348095765084
0.18400000000000014,0.10339991746761264,0.5161787658672061,0.3966000825323874,0.3832219545265527
0.18600000000000014,0.10442980678398453,0.5149446581859469,0.3955701932160155,0.3786403252793118
0.18800000000000014,0.10545720742383982,0.513700319927644,0.3945427925761602,0.3744679830622104
0.19000000000000014,0.10648210045775972,0.5124465169599451,0.39351789954224026,0.370702105217088
0.19200000000000014,0.1075044691318418,0.5111843370410466,0.3924955308681582,0.36732047289125624
0.19400000000000014,0.10852429913201517,0.5099150000866788,0.39147570086798483,0.36429112349492954
0.19600000000000015,0.10954157862582065,0.5086397469027413,0.39045842137417935,0.36157803211902895
0.19800000000000015,0.1105562981726681,0.5073597734237247,0.3894437018273319,0.35914444788493505
0.20000000000000015,0.11156845055905289,0.506076193192391,0.3884315494409471,0.3569548703815322
0.20200000000000015,0.11257803059530158,0.5047900181243444,0.3874219694046984,0.354976181866153
0.20400000000000015,0.11358504326576874,0.5035063352335744,0.38641495673423126,0.35317823245760493
0.20600000000000016,0.11458948288074118,0.5022198074862205,0.38541051711925883,0.3514082123620188
0.20800000000000016,0.11559134593931858,0.5009315292886969,0.3844086540606814,0.34982646018373664
0.21000000000000016,0.11659063126323564,0.4996426619585345,0.38340936873676434,0.3484002837663507
0.21200000000000016,0.11758733956498675,0.4983541508755522,0.38241266043501326,0.3470948907145388
0.21400000000000016,0.11858147300522442,0.49706672011883607,0.3814185269947756,0.34588189113396517
0.21600000000000016,0.1195730348365663,0.49578091567093807,0.3804269651634337,0.34473947622594103
0.21800000000000017,0.12056202913301395,0.49449714822382407,0.37943797086698605,0.34365113640920697
0.22000000000000017,0.12154846058736425,0.4932157271751528,0.37845153941263576,0.34260438796472137
0.22200000000000017,0.1225323343596892,0.4919368861624758,0.3774676656403108,0.34158976125084806
0.22400000000000017,0.1235136559635886,0.49066080194969675,0.3764863440364114,0.34060004073815975
0.22600000000000017,0.12449243118031429,0.48938760836284667,0.3755075688196857,0.3396297029655546
0.22800000000000017,0.12546866599350992,0.4881174065978081,0.3745313340064901,0.3386745019020303
0.23000000000000018,0.1264423665392699,0.48685027287998817,0.3735576334607301,0.33773116232536005
0.23200000000000018,0.12741353906765063,0.4855862641903652,0.3725864609323494,0.3367971520295594
0.23400000000000018,0.1283821899128027,0.48432542257603983,0.3716178100871973,0.3358705115830176
0.23600000000000018,0.12934832546964395,0.48306777842061954,0.3706516745303561,0.3349497262066983
0.23800000000000018,0.13031195219081487,0.4818133605854619,0.3696880478091851,0.3340336285956571
0.24000000000000019,0.1312731243917379,0.4805861004615135,0.3687268756082621,0.33312109480354657
0.2420000000000002,0.13223182424394772,0.47934992610490396,0.36776817575605225,0.3314920104850785
0.2440000000000002,0.13318803913844318,0.4781074472477242,0.3668119608615568,0.33022924709497126
0.2460000000000002,0.13414176365651076,0.47686225903378937,0.36585823634348924,0.3292550170305457
0.2480000000000002,0.13509299799331925,0.4756171684042518,0.36490700200668075,0.32846168272588905
0.25000000000000017,0.13604174616402656,0.4743740853536542,0.36395825383597347,0.3277650281396767
0.25200000000000017,0.13698801459464804,0.47313421531073696,0.36301198540535196,0.3271075928293108
0.25400000000000017,0.13793181111776814,0.4718982615600512,0.36206818888223186,0.32645295689196985
0.25600000000000017,0.13887314428787892,0.47066658505539,0.3611268557121211,0.3257797084877385
0.2580000000000002,0.1398120229302881,0.4694393212045914,0.3601879770697119,0.3250766768231461
0.2600000000000002,0.14074845585542056,0.4682164625662335,0.35925154414457944,0.32433944665073255
0.2620000000000002,0.1416824516879577,0.4669979162685736,0.3583175483120423,0.3235678887961715
0.2640000000000002,0.1426140187742452,0.4657835431437531,0.3573859812257548,0.32276444442448593
0.2660000000000002,0.14354316514186105,0.46457318380792034,0.35645683485813895,0.32193295471759953
0.2680000000000002,0.14446989849289696,0.46336667551796046,0.35553010150710307,0.32107788008794813
0.2700000000000002,0.1453942262180632,0.4621638625831113,0.3546057737819368,0.3202037947453089
0.2720000000000002,0.14631615542273016,0.46096460233348896,0.35368384457726987,0.31931507378413215
0.2740000000000002,0.14723569295888908,0.45976876807945866,0.35276430704111095,0.31841571308612515
0.2760000000000002,0.14815284545905286,0.45857625008189046,0.35184715454094717,0.3175092392606764
0.2780000000000002,0.1490676193695585,0.457386955252831,0.3509323806304415,0.31659867918117257
0.2800000000000002,0.149980020981736,0.456200806088739,0.350019979018264,0.3156865676327314
0.2820000000000002,0.15089005646009968,0.45501773918183736,0.3491099435399003,0.31477497806838883
0.2840000000000002,0.15179773186718554,0.45383770354292474,0.34820226813281446,0.3138655661408922
0.2860000000000002,0.15270305318496372,0.45266065888909385,0.3472969468150363,0.31295961902483604
0.2880000000000002,0.15360602633295053,0.4514865739934092,0.3463939736670495,0.3120581059286369
0.2900000000000002,0.15450665718325896,0.45031542515420775,0.34549334281674104,0.3111617268797051
0.2920000000000002,0.1554049515728881,0.44914719481457416,0.34459504842711186,0.3102709580434091
0.2940000000000002,0.15630091531357662,0.44798187034424913,0.3436990846864234,0.3093860926472498
0.2960000000000002,0.15719455419954506,0.4468194429842174,0.3428054458004549,0.308507277129463
0.2980000000000002,0.1580858740134384,0.44565990694666535,0.34191412598656157,0.30763454249167665
0.3000000000000002,0.1589748805307555,0.4445032586585515,0.3410251194692445,0.30676783106250305
0.3020000000000002,0.159861579523025,0.4433494961347349,0.340138420476975,0.3059070190132349
0.3040000000000002,0.16074597675995653,0.4421986184657629,0.3392540232400435,0.3050519350369534
0.3060000000000002,0.1616280780107676,0.44105062540553047,0.3383719219892324,0.3042023756288543
0.3080000000000002,0.16250788904485705,0.4399055170447343,0.337492110955143,0.30335811740338237
0.3100000000000002,0.1633854156319713,0.4387632935571121,0.3366145843680287,0.30251892686369075
0.3120000000000002,0.1642606635419847,0.437623955006704,0.3357393364580153,0.30168456800778465
0.3140000000000002,0.16513363854439608,0.43648750120568547,0.3348663614556039,0.3008548081194924
0.3160000000000002,0.16600434640762332,0.43535393161361957,0.3339956535923767,0.3000294220535924
0.3180000000000002,0.16687279289816376,0.4342232452702148,0.33312720710183624,0.29920819528648046
0.32000000000000023,0.1677389837796734,0.43309544075481976,0.3322610162203266,0.29839092596700745
0.32200000000000023,0.16860292481200725,0.43197051616692816,0.3313970751879928,0.2975774261684716
0.32400000000000023,0.16946462175025304,0.43084846912289304,0.330535378249747,0.2967675225118658
0.32600000000000023,0.17032408034378277,0.4297292967648705,0.32967591965621723,0.2959610563030868
0.32800000000000024,0.1711813063353402,0.4286129957787217,0.32881869366465977,0.29515788330257564
0.33000000000000024,0.17203630546017665,0.42749956241821646,0.3279636945398233,0.2943578732247403
0.33200000000000024,0.17288908344524345,0.42638899253340323,0.32711091655475655,0.2935609090464393
0.33400000000000024,0.17373964600844635,0.4252812816014535,0.3262603539915536,0.29276688618816493
0.33600000000000024,0.17458799885796367,0.4241764247586584,0.32541200114203633,0.2919757116185391
0.33800000000000024,0.1754341476916288,0.423074416832563,0.3245658523083712,0.2911873029217009
0.34000000000000025,0.17627809819637574,0.4219752523734771,0.32372190180362426,0.29040158735795707
0.34200000000000025,0.17711985604774536,0.4208789256848089,0.3228801439522546,0.2896185009406569
0.34400000000000025,0.17795942690944902,0.4197854308518339,0.322040573090551,0.28883798754591794
0.34600000000000025,0.1787968164329863,0.4186947617686456,0.3212031835670137,0.2880599980670233
0.34800000000000025,0.17963203025731259,0.41760691216313933,0.32036796974268744,0.2872844896211806
0.35000000000000026,0.18046507400855252,0.4165218756199626,0.3195349259914475,0.2865114248133178
0.35200000000000026,0.18129595329975537,0.41543964560142815,0.31870404670024466,0.2857407710590216
0.35400000000000026,0.18212467373068822,0.41436021546643126,0.3178753262693118,0.2849724999669423
0.35600000000000026,0.18295124088766312,0.4132835784874484,0.3170487591123369,0.28420658677953625
0.35800000000000026,0.18377566034339457,0.4122097278657163,0.31622433965660546,0.28344300987002136
0.36000000000000026,0.18459793765688398,0.41113865674470684,0.315402062343116,0.28268175029272946
0.36200000000000027,0.18541807837332802,0.4100703582220199,0.314581921626672,0.281922791383435
0.36400000000000027,0.18623608802404767,0.4090048253598245,0.3137639119759523,0.28116611840628103
0.36600000000000027,0.18705197212643562,0.4079420511939718,0.31294802787356435,0.2804117182433572
0.36800000000000027,0.18786573618391944,0.40688202874190793,0.31213426381608056,0.27965957912342
0.3700000000000003,0.18867738568593845,0.40582475100950444,0.31132261431406155,0.27890969038598357
0.3720000000000003,0.1894869261079323,0.40477021099692045,0.3105130738920677,0.2781620422773283
0.3740000000000003,0.1902943629113395,0.4037184017036023,0.3097056370886605,0.2774166257750963
0.3760000000000003,0.19109970154360453,0.4026693161325203,0.30890029845639544,0.2766734324383524
0.3780000000000003,0.191902947438192,0.40162294729373227,0.30809705256180797,0.27593245428020907
0.3800000000000003,0.19270410601460672,0.40057928820735694,0.30729589398539325,0.27519368366034946
0.3820000000000003,0.1935031826784188,0.39953833190603333,0.3064968173215812,0.2744571131950213
0.3840000000000003,0.19430018282129266,0.3985000714369321,0.3056998171787073,0.2737227356822469
0.3860000000000003,0.19509511182101943,0.3974644998633816,0.30490488817898054,0.2729905440403293
0.3880000000000003,0.19588797504155175,0.3964316102661616,0.30411202495844825,0.27226053125777483
0.3900000000000003,0.19667877783304077,0.39540139574451283,0.3033212221669592,0.2715326903530819
0.3920000000000003,0.19746752553187458,0.3943738494169063,0.3025324744681254,0.27080701434298327
0.3940000000000003,0.1982542234607178,0.3933489644216077,0.3017457765392822,0.2700834962178291
0.3960000000000003,0.19903887692855196,0.39232673391707157,0.30096112307144807,0.26936212892305633
0.3980000000000003,0.19982149123071635,0.3913071510821928,0.30017850876928365,0.26864290534577684
0.4000000000000003,0.20060207164894922,0.3902902091164404,0.2993979283510508,0.26792581830556195
0.4020000000000003,0.20138062345142901,0.3892759012398962,0.29861937654857096,0.2672108605488184
0.4040000000000003,0.20215715189281544,0.388264220693214,0.29784284810718453,0.2664980247459532
0.4060000000000003,0.2029316622142905,0.3872551607375187,0.2970683377857095,0.26578730349096347
0.4080000000000003,0.203704159643599,0.3862487146542563,0.296295840356401,0.2650786893028201
0.4100000000000003,0.20447464939508903,0.38524487574500654,0.295525350604911,0.2643721746283507
0.4120000000000003,0.20524313666975155,0.38424363733126904,0.2947568633302484,0.263667751846242
0.4140000000000003,0.20600962665526001,0.383244992754229,0.29399037334474,0.26296541327186596
0.4160000000000003,0.20677412452600905,0.3822489353745112,0.2932258754739909,0.26226515116272964
0.4180000000000003,0.2075366354431529,0.38125545857192567,0.29246336455684707,0.26156695772430005
0.4200000000000003,0.2082971645546433,0.3802645557452114,0.2917028354453567,0.2608708251161129
0.4220000000000003,0.20905571699526687,0.3792762203117805,0.29094428300473313,0.260176745457926
0.4240000000000003,0.2098122978866818,0.3782904457074657,0.29018770211331824,0.25948471083590974
0.4260000000000003,0.21056691233745434,0.37730722538627387,0.28943308766254566,0.2587947133087578
0.4280000000000003,0.21131956544309463,0.3763265528201476,0.2886804345569054,0.2581067449136114
0.4300000000000003,0.2120702622860921,0.3753484214987342,0.2879297377139079,0.25742079767178794
0.43200000000000033,0.21281900793595043,0.37437282492916585,0.28718099206404957,0.2567368635942895
0.43400000000000033,0.21356580744922213,0.37339975663584873,0.28643419255077784,0.2560549346870076
0.43600000000000033,0.21431066586954264,0.3724292101602632,0.2856893341304574,0.2553750029556525
0.43800000000000033,0.21505358822766418,0.37146117906077447,0.2849464117723358,0.25469706041039863
0.44000000000000034,0.2157945795414891,0.3704956569124538,0.28420542045851094,0.254021099070199
0.44200000000000034,0.2165336448161029,0.36953263730690994,0.28346635518389707,0.25334711096682305
0.44400000000000034,0.21727078904380717,0.3685721138521309,0.28272921095619286,0.2526750881485853
0.44600000000000034,0.21800601720415183,0.3676140801723352,0.2819939827958482,0.252005022683786
0.44800000000000034,0.2187393342639675,0.36665852990783243,0.2812606657360325,0.2513369066638713
0.45000000000000034,0.2194707451773973,0.36570545671489296,0.2805292548226027,0.2506707322063271
0.45200000000000035,0.22020025488592854,0.3647548542656256,0.27979974511407146,0.25000649145731835
0.45400000000000035,0.22092786831842426,0.3638067162478635,0.27907213168157574,0.24934417659409114
0.45600000000000035,0.22165359039115437,0.36286103636505734,0.2783464096088456,0.24868377982712353
0.45800000000000035,0.22237742600782673,0.3619178083361755,0.27762257399217327,0.24802529340210278
0.46000000000000035,0.22309938005961796,0.3609770258956106,0.27690061994038206,0.2473687096016679
0.46200000000000035,0.22381945742520415,0.3600386827930921,0.27618054257479585,0.24671402074696402
0.46400000000000036,0.22453766297079136,0.35910277279360464,0.27546233702920864,0.24606121919907054
0.46600000000000036,0.225254001550146,0.35816928967731115,0.27474599844985403,0.24541029736020548
0.46800000000000036,0.22596847800462497,0.35723822723948107,0.27403152199537506,0.24476124767482688
0.47000000000000036,0.2266810971632058,0.3563095792904226,0.27331890283679416,0.24411406263057067
0.47200000000000036,0.22739186384327814,0.3553833400361719,0.27260813615672186,0.24346873475908737
0.47400000000000037,0.2281007828483305,0.35445950252617836,0.27189921715166954,0.24282524518371673
0.47600000000000037,0.22880785897014025,0.3535380609048856,0.2711921410298598,0.24218361028142965
0.47800000000000037,0.22951309698847258,0.352619009166161,0.27048690301152745,0.24154381404782477
0.48000000000000037,0.2302165016703826,0.3517023409550036,0.2697834983296174,0.24090584547626648
0.4820000000000004,0.23091807777188567,0.3507880507515324,0.26908192222811433,0.2402697045345885
0.4840000000000004,0.23161783003636582,0.34987613224008046,0.2683821699636342,0.23963536657860018
0.4860000000000004,0.2323157631948686,0.3489665792513949,0.2676842368051314,0.23900283134295286
0.4880000000000004,0.2330118819662621,0.34805938569674627,0.2669881180337379,0.23837209466341136
0.4900000000000004,0.23370619105731777,0.34715454552783503,0.26629380894268223,0.23774315044712857
0.4920000000000004,0.23439869516275635,0.34625205271929466,0.26560130483724365,0.23711599187223875
0.4940000000000004,0.23508939896528053,0.34535190126208193,0.2649106010347195,0.2364906119109058
0.4960000000000004,0.2357783071356031,0.3444540851612869,0.2642216928643969,0.23586700352632128
0.4980000000000004,0.23646542433247425,0.34355859843556896,0.26353457566752575,0.23524515973726956
0.5000000000000003,0.2371507552027085,0.34266543511713016,0.2628492447972915,0.23462507363396234
0.5020000000000003,0.23783430438121217,0.34177458925183324,0.26216569561878783,0.23400673837775443
0.5040000000000003,0.23851607649156953,0.3408860551786758,0.26148392350843047,0.2333901471965163
0.5060000000000003,0.23919607614435537,0.3399998263929253,0.26080392385564466,0.23277528497694533
0.5080000000000003,0.2398743079387401,0.3391158971923569,0.2601256920612599,0.23216216243802634
0.5100000000000003,0.24055077646182554,0.33823426154272707,0.25944922353817446,0.231550766679689
0.5120000000000003,0.24122548628994403,0.3373549140592393,0.258774513710056,0.23094109524516604
0.5140000000000003,0.2418984419873319,0.33647784869393804,0.2581015580126681,0.23033312662506233
0.5160000000000003,0.24256964810635734,0.3356030595127118,0.25743035189364266,0.2297268596885811
0.5180000000000003,0.24323910918765082,0.3347305406467359,0.2567608908123492,0.22912229036435328
0.5200000000000004,0.24390682976017433,0.3338602862617537,0.2560931702398257,0.22851941309188994
0.5220000000000004,0.24457281434126327,0.3329922905444724,0.25542718565873673,0.22791822174041698
0.5240000000000004,0.24523706743665796,0.33212654769735006,0.25476293256334204,0.2273187100152967
0.5260000000000004,0.2458995935409993,0.33126305217066226,0.25410040645900067,0.2267208716131801
0.5280000000000004,0.24656039713642192,0.3304017977113121,0.2534396028635781,0.22612469324015905
0.5300000000000004,0.24721948269348293,0.3295427785305109,0.25278051730651707,0.22553018320376061
0.5320000000000004,0.24787685467226686,0.32868598939196697,0.25212314532773317,0.2249373363453575
0.5340000000000004,0.2485325175211191,0.32783142442612445,0.2514674824788809,0.2243461313503161
0.5360000000000004,0.24918647567682492,0.32697907785291297,0.25081352432317505,0.22375656637150243
0.5380000000000004,0.24983873356471883,0.32612894394695086,0.25016126643528114,0.22316863733961334
0.5400000000000004,0.2504892955991688,0.3252810172249851,0.24951070440083117,0.22258233900272018
0.5420000000000004,0.25113816618232,0.3244352915755847,0.24886183381768,0.2219976592836943
0.5440000000000004,0.2517853497049363,0.3235917613081622,0.24821465029506368,0.22141460543965863
0.5460000000000004,0.2524308505474103,0.32275042123699205,0.24756914945258968,0.22083317255768087
0.5480000000000004,0.25307467307861603,0.3219112656028477,0.24692532692138397,0.22025334099382654
0.5500000000000004,0.25371682165607323,0.3210742887286043,0.24628317834392677,0.2196751087699269
0.5520000000000004,0.25435730062643397,0.3202394851803754,0.24564269937356603,0.21909847189894194
0.5540000000000004,0.25499611432436087,0.3194068489634495,0.24500388567563913,0.21852341953137966
0.5560000000000004,0.25563326707329914,0.31857637446912634,0.24436673292670086,0.2179499581220803
0.5580000000000004,0.25626876318640723,0.317748056554055,0.24373123681359277,0.21737808299424444
0.5600000000000004,0.2569026069655116,0.31692188955218903,0.2430973930344884,0.21680777592205835
0.5620000000000004,0.25753480270125856,0.3160978678734828,0.24246519729874144,0.21623903481386542
0.5640000000000004,0.2581653546732086,0.3152759859750272,0.2418346453267914,0.2156718557451729
0.5660000000000004,0.25879426715025383,0.3144562385226107,0.24120573284974617,0.2151062338208405
0.5680000000000004,0.25942154438954435,0.3136386196452592,0.24057845561045565,0.21454215831152545
0.5700000000000004,0.260047190637533,0.3128231239943371,0.239952809362467,0.2139796350604506
0.5720000000000004,0.26067121012954414,0.3120097460055601,0.23932878987045586,0.21341865466856724
0.5740000000000004,0.26129360709065985,0.3111984805578578,0.23870639290934015,0.21285921465143254
0.5760000000000004,0.2619143857348409,0.31038932209051207,0.23808561426515912,0.21230129963787192
0.5780000000000004,0.2625335502650846,0.30958226512188,0.23746644973491537,0.21174490789100275
0.5800000000000004,0.2631511048735194,0.30877730421739374,0.2368488951264806,0.21119003574021633
0.5820000000000004,0.2637670537414579,0.3079744339692644,0.23623294625854208,0.21063667853741208
0.5840000000000004,0.2643814010397667,0.30717364915439005,0.2356185989602333,0.21008483126375133
0.5860000000000004,0.26499415092787504,0.3063749440541551,0.23500584907212496,0.20953448377763095
0.5880000000000004,0.265605307554733,0.3055783134289874,0.234394692445267,0.20898564126034458
0.5900000000000004,0.26621487505869806,0.30478375198254226,0.23378512494130194,0.20843829494105748
0.5920000000000004,0.26682285756721946,0.30399125426068613,0.23317714243278054,0.2078924381758096
0.5940000000000004,0.2674292591976541,0.30320081521732184,0.2325707408023459,0.20734806949063866
0.5960000000000004,0.2680340840565243,0.3024124294351057,0.2319659159434757,0.2068051755741802
0.5980000000000004,0.2686373362396654,0.3016260915705468,0.2313626637603346,0.20626375468585678
0.6000000000000004,0.2692390198323129,0.30084179632374913,0.2307609801676871,0.20572380329697815
0.6020000000000004,0.2698391389091526,0.30005953841986904,0.23016086109084738,0.20518531699500997
0.6040000000000004,0.27043769753465485,0.2992793127511157,0.22956230246534515,0.20464829103782378
0.6060000000000004,0.2710346997621861,0.2985011137656033,0.22896530023781392,0.20411271608033665
0.6080000000000004,0.2716301496348701,0.297724936342012,0.2283698503651299,0.20357859654445676
0.6100000000000004,0.27222405118548904,0.29695077530946123,0.22777594881451096,0.2030459243448366
0.6120000000000004,0.2728164084361976,0.29617862535426615,0.2271835915638024,0.20251469329660132
0.6140000000000004,0.2734072253992713,0.29540848153684973,0.22659277460072869,0.20198490192411356
0.6160000000000004,0.273996506076431,0.2946403385798501,0.226003493923569,0.20145653792365437
0.6180000000000004,0.2745842544589788,0.29387419127392045,0.22541574554102117,0.20092959954725664
0.6200000000000004,0.2751704745278794,0.29311003445027545,0.2248295254721206,0.20040408342323346
0.6220000000000004,0.2757551702540805,0.29234786310052285,0.22424482974591953,0.19987998537656004
0.6240000000000004,0.2763383455977128,0.2915876718161575,0.2236616544022872,0.1993572968210966
0.6260000000000004,0.27692000450887566,0.29082945558142365,0.22307999549112434,0.19883602160676084
0.6280000000000004,0.2775001509275497,0.29007320933701675,0.2224998490724503,0.19831615220226517
0.6300000000000004,0.2780787887833353,0.2893189278928074,0.2219212112166647,0.19779768278750964
0.6320000000000005,0.2786559219961466,0.28856660640563514,0.22134407800385342,0.19728061188236623
0.6340000000000005,0.279231554475589,0.28781623972120285,0.220768445524411,0.1967649279850825
0.6360000000000005,0.27980569012108597,0.2870678227484926,0.22019430987891403,0.19625062934035498
0.6380000000000005,0.280378332822205,0.28632135055950236,0.21962166717779502,0.19573771270178497
0.6400000000000005,0.28094948645794227,0.28557681786864914,0.21905051354205773,0.1952261703267304
0.6420000000000005,0.2815191548974457,0.2848342197517201,0.21848084510255428,0.1947160056228352
0.6440000000000005,0.2820873419999393,0.2840935512467822,0.2179126580000607,0.19420721155056775
0.6460000000000005,0.2826540516144827,0.28335480727171786,0.2173459483855173,0.19369978259896214
0.6480000000000005,0.2832192875806182,0.2826179830677535,0.2167807124193818,0.1931937172691569
0.6500000000000005,0.28378305372779467,0.28188307358823145,0.21621694627220533,0.19268900474266637
0.6520000000000005,0.2843453538754859,0.2811500738456164,0.21565464612451413,0.19218564324126852
0.6540000000000005,0.28490619183349825,0.28041897900617413,0.21509380816650175,0.19168362961207208
0.6560000000000005,0.28546557140129686,0.27968978389929444,0.21453442859870314,0.1911829564748455
0.6580000000000005,0.2860234963686871,0.27896248369514004,0.21397650363131288,0.19068362696929242
0.6600000000000005,0.28657997051574513,0.2782370735290053,0.21342002948425487,0.19018563439831304
0.6620000000000005,0.28713499761279065,0.27751354852276267,0.21286500238720935,0.18968897350003466
0.6640000000000005,0.2876885814201979,0.27679190370360124,0.21231141857980212,0.18919363980549342
0.6660000000000005,0.288240725689001,0.2760721344015626,0.211759274310999,0.18869963208404705
0.6680000000000005,0.288791434160377,0.27535423568800793,0.211208565839623,0.1882069403930835
0.6700000000000005,0.2893407105657565,0.2746382026897394,0.2106592894342435,0.18771556294468184
0.6720000000000005,0.2898885586271108,0.27392403067717513,0.21011144137288917,0.1872254966775575
0.6740000000000005,0.29043498205632595,0.273211714607555,0.20956501794367405,0.1867367346003146
0.6760000000000005,0.2909799845558366,0.27250124975534834,0.20902001544416338,0.18624927952031278
0.6780000000000005,0.29152356981856337,0.27179263136338283,0.20847643018143663,0.18576312510608517
0.6800000000000005,0.2920657415278887,0.27108585466267177,0.20793425847211128,0.18527826635597933
0.6820000000000005,0.2926065033574785,0.27038091479489545,0.2073934966425215,0.18479469900429812
0.6840000000000005,0.2931458589718574,0.2696778071894602,0.2068541410281426,0.18431242185399555
0.6860000000000005,0.2936838120259197,0.26897652703113806,0.2063161879740803,0.18383142544189646
0.6880000000000005,0.29422036616523733,0.26827706965880516,0.20577963383476267,0.18335170802907008
0.6900000000000005,0.29475552502550995,0.2675794301363192,0.20524447497449005,0.1828732636263517
0.6920000000000005,0.29528929223316075,0.26688360382539644,0.20471070776683925,0.1823960948900254
0.6940000000000005,0.2958216714052839,0.2661895860615962,0.20417832859471607,0.18192019591167785
0.6960000000000005,0.29635266614962613,0.2654973721711086,0.20364733385037387,0.18144556194075712
0.6980000000000005,0.2968822800644195,0.2648069573967021,0.20311771993558048,0.18097218888169753
0.7000000000000005,0.2974105167389252,0.2641183372528443,0.2025894832610748,0.18050007552215508
0.7020000000000005,0.29793737975297385,0.26343150702432183,0.20206262024702615,0.18002921285766327
0.7040000000000005,0.2984628726772588,0.2627464621424638,0.2015371273227412,0.17955959915139097
0.7060000000000005,0.29898699907281184,0.26206319777651205,0.20101300092718816,0.1790912286357358
0.7080000000000005,0.2995097624915707,0.2613817093794095,0.20049023750842931,0.1786241037921652
0.7100000000000005,0.30003116647633,0.26070199237964714,0.19996883352367,0.17815821895488604
0.7120000000000005,0.30055121456072437,0.2600240421971896,0.19944878543927563,0.1776935695573858
0.7140000000000005,0.3010699102690677,0.25934785417166634,0.1989300897309323,0.17723015165533784
0.7160000000000005,0.30158725711687856,0.25867342390542675,0.19841274288312144,0.17676796408730144
0.7180000000000005,0.3021032586106169,0.25800074686914964,0.19789674138938312,0.17630699816205553
0.7200000000000005,0.30261791824723694,0.2573298183100346,0.19738208175276306,0.1758472495008352
0.7220000000000005,0.30313123951473775,0.25666063375041676,0.19686876048526225,0.17538872080948487
0.7240000000000005,0.30364322589212883,0.2559931886955278,0.19635677410787117,0.17493140689798725
0.7260000000000005,0.30415388084925643,0.2553274785638022,0.19584611915074357,0.17447530344901274
0.7280000000000005,0.3046632078473077,0.25466349902564245,0.19533679215269228,0.17402040911567607
0.7300000000000005,0.3051712103385514,0.25400124562184295,0.19482878966144862,0.17356671533841794
0.7320000000000005,0.3056778917658984,0.2533407136734901,0.19432210823410162,0.1731142178026568
0.7340000000000005,0.3061832555634395,0.25268189877056024,0.1938167444365605,0.17266291915936183
0.7360000000000005,0.3066873051564122,0.2520247964863373,0.19331269484358782,0.1722128143456123
0.7380000000000005,0.30719004396119015,0.25136940238898264,0.19280995603880985,0.17176389915339385
0.7400000000000005,0.30769147538513575,0.2507157119728058,0.19230852461486425,0.17131616988291487
0.7420000000000005,0.3081916028270919,0.2500637209780808,0.1918083971729081,0.17086962541039608
0.7440000000000005,0.3086904296771399,0.2494134250239929,0.1913095703228601,0.17042425757390056
0.7460000000000006,0.30918795931617726,0.24876481951869,0.19081204068382274,0.16998006219461725
0.7480000000000006,0.30968419511643586,0.2481179001293016,0.19031580488356414,0.16953704179220885
0.7500000000000006,0.31017914044145034,0.2474726625072322,0.18982085955854966,0.16909519146351748
0.7520000000000006,0.31067279864604874,0.24682910229921012,0.18932720135395126,0.16865450712502028
0.7540000000000006,0.31116517307636127,0.2461872151562515,0.18883482692363873,0.1682149851817467
0.7560000000000006,0.3116562670696884,0.24554699666356286,0.1883437329303116,0.16777662225800416
0.7580000000000006,0.31214608395497384,0.24490844264271264,0.18785391604502616,0.16733941730557778
0.7600000000000006,0.31263462705257766,0.24427154880190652,0.18736537294742234,0.1669033625196672
0.7620000000000006,0.3131218996738714,0.2436363106468491,0.18687810032612862,0.16646845383969744
0.7640000000000006,0.3136079051217344,0.24300272393150843,0.18639209487826558,0.16603469363967172
0.7660000000000006,0.31409264669052456,0.24237078439507073,0.18590735330947544,0.1656020771853699
0.7680000000000006,0.3145761276660695,0.24174048777248996,0.18542387233393048,0.16517060052689647
0.7700000000000006,0.31505835132567567,0.241111829803063,0.18494164867432433,0.16474026018252097
0.7720000000000006,0.31553932093799963,0.24048480616197498,0.18446067906200037,0.16431105288108228
0.7740000000000006,0.3160190397635094,0.2398594127548911,0.18398096023649058,0.16388297762076487
0.7760000000000006,0.3164975110542645,0.239235645377531,0.1835024889457355,0.16345602681289062
0.7780000000000006,0.31697473805351906,0.23861349962728165,0.18302526194648094,0.16303019650348993
0.7800000000000006,0.3174507239962075,0.2379929713442275,0.1825492760037925,0.16260548904078842
0.7820000000000006,0.31792547210891564,0.23737405635406172,0.18207452789108436,0.1621818998248754
0.7840000000000006,0.3183989856098724,0.2367567504783883,0.1816010143901276,0.16175942502152285
0.7860000000000006,0.3188712677089586,0.23614104954309897,0.18112873229104143,0.1613380612534563
0.7880000000000006,0.31934232160772347,0.23552694938245908,0.18065767839227653,0.16091780534868771
0.7900000000000006,0.31981215049940503,0.23491444584077767,0.18018784950059497,0.16049865421728882
0.7920000000000006,0.3202807575688124,0.23430353470368398,0.1797192424311876,0.16008060480046815
0.7940000000000006,0.32074814599291224,0.23369421204990118,0.17925185400708776,0.15966365613698397
0.7960000000000006,0.321214318940032,0.2330864735598816,0.178785681059968,0.15924779878647488
0.7980000000000006,0.3216792795701906,0.23248031507930372,0.1783207204298094,0.1588330356022718
0.8000000000000006,0.32214303103567377,0.23187573274157908,0.17785696896432623,0.15841936481326435
0.8020000000000006,0.3226055764801925,0.23127272225936416,0.1773944235198075,0.15800677632567695
0.8040000000000006,0.3230669190393616,0.23067127958454842,0.17693308096063842,0.157595273011375
0.8060000000000006,0.32352706184068825,0.23007140066334497,0.17647293815931175,0.15718485088908452
0.8080000000000006,0.32398600800357247,0.229473081442097,0.17601399199642753,0.1567755064721208
0.8100000000000006,0.32444376063931846,0.22887631787299434,0.17555623936068154,0.15636723659419172
0.8120000000000006,0.3249003228511524,0.22828110591695638,0.1750996771488476,0.15596003823743132
0.8140000000000006,0.32535569773410666,0.22768744147714354,0.17464430226589334,0.15555390844521266
0.8160000000000006,0.32580988837559205,0.22709532074270175,0.17419011162440795,0.15514884632142767
0.8180000000000006,0.32626289785461965,0.22650473951381203,0.17373710214538035,0.15474484269526556
0.8200000000000006,0.32671472924226314,0.22591569382173174,0.17328527075773686,0.15434190040085394
0.8220000000000006,0.32716538560165187,0.2253281796943683,0.17283461439834813,0.1539400156575219
0.8240000000000006,0.32761486998797323,0.22474219316067304,0.17238513001202677,0.15353918510287645
0.8260000000000006,0.3280631854483497,0.22415773018824656,0.17193681455165027,0.15313940566087947
0.8280000000000006,0.3285103350224052,0.22357478702771658,0.17148966497759482,0.1527406764186141
0.8300000000000006,0.3289563217414887,0.22299335954177332,0.1710436782585113,0.1523429882722951
0.8320000000000006,0.3294011486291344,0.2224134438228488,0.1705988513708656,0.1519463440872526
0.8340000000000006,0.32984481870105414,0.22183503595988768,0.17015518129894586,0.15155074014916003
0.8360000000000006,0.3302873349651397,0.22125813204277373,0.16971266503486032,0.1511561731612039
0.8380000000000006,0.3307287004214743,0.22068272816730536,0.1692712995785257,0.15076264011120166
0.8400000000000006,0.3311689180623498,0.2201088204377656,0.16883108193765017,0.1503701381218674
0.8420000000000006,0.3316079908722858,0.2195364049680007,0.16839200912771418,0.1499786643730383
0.8440000000000006,0.3320459218279193,0.21896547781675943,0.1679540781720807,0.14958821606854666
0.8460000000000006,0.3324827138985549,0.21839603531778087,0.16751728610144512,0.14919879238044498
0.8480000000000006,0.33291837004541686,0.2178280734309773,0.16708162995458314,0.14881038452437867
0.8500000000000006,0.33335289322209355,0.21726158833834391,0.16664710677790645,0.14842299525400726
0.8520000000000006,0.33378628637453084,0.2166965762186467,0.16621371362546916,0.14803662096594117
0.8540000000000006,0.33421855244103416,0.21613303325165223,0.16578144755896584,0.14765125845936478
0.8560000000000006,0.33464969435228,0.21557095562292428,0.16535030564772002,0.1472669048090669
0.8580000000000007,0.3350797150313326,0.21501033952631066,0.1649202849686674,0.1468835572210727
0.8600000000000007,0.3355086173936626,0.21445118116499168,0.1644913826063374,0.14650121295737595
0.8620000000000007,0.3359364043470382,0.21389347668778386,0.1640635956529618,0.146119869303746
0.8640000000000007,0.3363630787920668,0.21333722251430337,0.16363692120793322,0.14573952548495672
0.8660000000000007,0.33678864362145844,0.21278241469584022,0.16321135637854156,0.14536017288822745
0.8680000000000007,0.3372131017204632,0.2122290495023721,0.1627868982795368,0.14498181426645562
0.8700000000000007,0.3376364559668644,0.21167712320062024,0.16236354403313558,0.14460444611030976
0.8720000000000007,0.33805870923098086,0.211126632058218,0.16194129076901914,0.14422806530681598
0.8740000000000007,0.33847986437567773,0.2105775723484375,0.16152013562432227,0.1438526690142261
0.8760000000000007,0.338899924256383,0.21002994035263964,0.161100075743617,0.14347825451976615
0.8780000000000007,0.33931889172110563,0.2094837323613081,0.16068110827889437,0.14310481916549112
0.8800000000000007,0.33973676961045446,0.20893894467442545,0.16026323038954554,0.1427323603165318
0.8820000000000007,0.3401535607576576,0.2083955736015791,0.15984643924234238,0.14236087534905817
0.8840000000000007,0.34056926798858156,0.2078536154619654,0.15943073201141844,0.1419903616463225
0.8860000000000007,0.34098389412162533,0.20731306652187254,0.15901610587837467,0.1416208165977757
0.8880000000000007,0.34139744196824856,0.20677392331162875,0.15860255803175144,0.14125223947881071
0.8900000000000007,0.34180991433225316,0.20623618200230326,0.15819008566774684,0.14088462192119433
0.8920000000000007,0.34222131401020944,0.2056998389781373,0.15777868598979056,0.14051796664077543
0.8940000000000007,0.34263164379144967,0.2051648906201179,0.15736835620855033,0.1401522702475031
0.8960000000000007,0.3430409064580698,0.20463133331005057,0.15695909354193022,0.1397875297384772
0.8980000000000007,0.3434491047849401,0.20409916343517534,0.15655089521505988,0.13942374237569233
0.9000000000000007,0.3438562415397212,0.2035683773905619,0.15614375846027878,0.1390609055471348
0.9020000000000007,0.34426231948288144,0.20303897158012185,0.15573768051711856,0.13869901669429385
0.9040000000000007,0.3446673413677154,0.20251094241697828,0.15533265863228463,0.13833807328108705
0.9060000000000007,0.3450713099403625,0.20198428632357152,0.1549286900596375,0.13797807278203678
0.9080000000000007,0.34547422793982585,0.2014589997316645,0.15452577206017415,0.1376190126783543
0.9100000000000007,0.34587609809799047,0.200935079082315,0.15412390190200953,0.13726089045703116
0.9120000000000007,0.34627692313964215,0.20041252082583855,0.15372307686035785,0.13690370361093152
0.9140000000000007,0.3466767057824857,0.19989132142177182,0.15332329421751428,0.1365474496391581
0.9160000000000007,0.3470754487371634,0.19937147733883864,0.1529245512628366,0.13619212604741637
0.9180000000000007,0.34747315470715107,0.19885298499383075,0.15252684529284893,0.13583773034830493
0.9200000000000007,0.347869826389274,0.19833584106146163,0.152130173610726,0.13548426189903573
0.9220000000000007,0.3482654664730041,0.197820041865049,0.1517345335269959,0.1351317125851912
0.9240000000000007,0.34866007764087636,0.19730558393611983,0.15133992235912364,0.1347800851283658
0.9260000000000007,0.3490536625684821,0.19679246380284496,0.15094633743151792,0.13442937628135088
0.9280000000000007,0.3494462239244701,0.19628067799402535,0.1505537760755299,0.1340795831753674
0.9300000000000007,0.3498377643705573,0.19577022304360844,0.1501622356294427,0.13373070320043468
0.9320000000000007,0.35022828656154337,0.19526109549303208,0.14977171343845663,0.1333827338694551
0.9340000000000007,0.3506177931453278,0.19475329189221602,0.14938220685467218,0.13303567274730277
0.9360000000000007,0.35100628676292767,0.19424680879992487,0.14899371323707233,0.13268951742040702
0.9380000000000007,0.3513937700484954,0.19374164278387254,0.14860622995150458,0.13234426548514744
0.9400000000000007,0.3517802456293369,0.1932377904207281,0.1482197543706631,0.13199991454400628
0.9420000000000007,0.35216571612592906,0.19273524829608923,0.14783428387407094,0.1316564622046812
0.9440000000000007,0.35255018415193795,0.1922340130044464,0.14744981584806205,0.1313139060801607
0.9460000000000007,0.35293365231423623,0.19173408114914764,0.14706634768576377,0.13097224378909011
0.9480000000000007,0.35331612321292094,0.19123544934236533,0.14668387678707906,0.13063147295612154
0.9500000000000007,0.35369759944133106,0.19073811420506553,0.14630240055866894,0.13029159121220246
0.9520000000000007,0.354078083586065,0.19024207236697976,0.14592191641393498,0.1299525961947916
0.9540000000000007,0.3544575782269982,0.18974732046657847,0.1455424217730018,0.12961448554800548
0.9560000000000007,0.35483608593730026,0.18925385515104579,0.14516391406269974,0.12927725692271785
0.9580000000000007,0.35521360928345275,0.18876167307625544,0.14478639071654725,0.12894090797661573
0.9600000000000007,0.35559015082526624,0.18827077090674724,0.14440984917473376,0.12860543637422683
0.9620000000000007,0.35596571311589764,0.1877811453157042,0.14403428688410236,0.128270839786933
0.9640000000000007,0.3563402987018675,0.18729279298492993,0.1436597012981325,0.1279371158929683
0.9660000000000007,0.3567139101230772,0.1868057106048265,0.14328608987692282,0.1276042623774014
0.9680000000000007,0.3570865499128259,0.18631989487437214,0.1429134500871741,0.12727227693211773
0.9700000000000008,0.3574582205978281,0.18583534250109965,0.1425417794021719,0.12694115725579902
0.9720000000000008,0.35782892469823024,0.1853520502010743,0.14217107530176976,0.12661090105388606
0.9740000000000008,0.358198664727628,0.18487001469887246,0.141801335272372,0.1262815060385618
0.9760000000000008,0.35856744319308315,0.18438923272755972,0.14143255680691685,0.1259529699287052
0.9780000000000008,0.35893526259514047,0.18390970102866952,0.14106473740485953,0.12562529044988224
0.9800000000000008,0.35930212542784484,0.18343141635218152,0.14069787457215516,0.12529846533429545
0.9820000000000008,0.35966803417875787,0.1829543754565003,0.14033196582124213,0.12497249232076157
0.9840000000000008,0.36003299132897476,0.18247857510843377,0.13996700867102524,0.12464736915467522
0.9860000000000008,0.3603969993531411,0.18200401208317193,0.13960300064685888,0.12432309358799642
0.9880000000000008,0.36076006071946964,0.18153068316426568,0.13923993928053036,0.12399966337919732
0.9900000000000008,0.36112217788975687,0.1810585851436053,0.13887782211024313,0.12367707629324354
0.9920000000000008,0.3614833533193997,0.18058771482139932,0.13851664668060032,0.12335533010156663
0.9940000000000008,0.36184358945741196,0.18011806900615351,0.13815641054258804,0.12303442258203301
0.9960000000000008,0.36220288874644124,0.17964964451464963,0.13779711125355876,0.12271435151891641
0.9980000000000008,0.3625612536227851,0.17918243817192422,0.13743874637721493,0.12239511470286146
1.0000000000000007,0.3629186865164076,0.17871644681124768,0.13708131348359243,0.1220767099308695
1.0020000000000007,0.3632751898509558,0.17825166727410324,0.1367248101490442,0.12175913500626656
1.0040000000000007,0.36363076604377614,0.17778809641016613,0.13636923395622386,0.12144238773866967
1.0060000000000007,0.3639854175059307,0.17732573107728244,0.13601458249406928,0.1211264659439708
1.0080000000000007,0.3643391466422136,0.1768645681414485,0.13566085335778638,0.12081136744429788
1.0100000000000007,0.3646919558511672,0.17640460447678988,0.1353080441488328,0.12049709006800047
1.0120000000000007,0.3650438475250983,0.1759458369655408,0.13495615247490172,0.12018363164961521
1.0140000000000007,0.3653948240500943,0.17548826249802318,0.13460517594990568,0.11987099002984447
1.0160000000000007,0.3657448878060396,0.17503187797262618,0.1342551121939604,0.1195591630555306
1.0180000000000007,0.36609404116663113,0.17457668029578544,0.13390595883336887,0.11924814857963106
1.0200000000000007,0.3664422864993951,0.17412266638196264,0.1335577135006049,0.11893794446119177
1.0220000000000007,0.3667896261657023,0.17366983315362478,0.13321037383429768,0.11862854856531779
1.0240000000000007,0.3671360625207848,0.1732181775412239,0.1328639374792152,0.11831995876316359
1.0260000000000007,0.3674815979137511,0.17276769648317644,0.13251840208624888,0.11801217293189126
1.0280000000000007,0.3678262346876028,0.17231838692584303,0.13217376531239722,0.11770518895466164
1.0300000000000007,0.3681699751792498,0.171870245823508,0.13183002482075018,0.11739900472059794
1.0320000000000007,0.36851282171952654,0.17142327013835917,0.13148717828047346,0.11709361812476793
1.0340000000000007,0.3688547766332075,0.1709774568404677,0.13114522336679252,0.11678902706816263
1.0360000000000007,0.369195842239023,0.17053280290776768,0.13080415776097698,0.1164852294576697
1.0380000000000007,0.3695360208496751,0.17008930532603606,0.13046397915032493,0.11618222320604854
1.0400000000000007,0.3698753147718528,0.16964696108887262,0.13012468522814719,0.11588000623191519
1.0420000000000007,0.37021372630624816,0.16920576719767977,0.12978627369375184,0.11557857645970948
1.0440000000000007,0.37055125774757147,0.16876572066164275,0.12944874225242853,0.11527793181968082
1.0460000000000007,0.3708879113845669,0.16832681849770945,0.1291120886154331,0.11497807024785889
1.0480000000000007,0.37122368950002804,0.1678890577305705,0.12877631049997196,0.11467898968604118
1.0500000000000007,0.37155859437081334,0.1674524353926396,0.12844140562918666,0.11438068808176283
1.0520000000000007,0.3718926282678614,0.16701694852403356,0.1281073717321386,0.11408316338827884
1.0540000000000007,0.3722257934562065,0.16658259417255256,0.1277742065437935,0.11378641356453656
1.0560000000000007,0.3725580921949938,0.16614936939366035,0.1274419078050062,0.11349043657516322
1.0580000000000007,0.37288952673749476,0.16571727125046462,0.12711047326250524,0.11319523039043755
1.0600000000000007,0.37322009933112216,0.16528629681369733,0.12677990066887784,0.11290079298627109
1.0620000000000007,0.37354981221744554,0.1648564431616953,0.12645018778255446,0.11260712234419401
1.0640000000000007,0.3738786676322063,0.16442770738038043,0.12612133236779371,0.11231421645131956
1.0660000000000007,0.3742066678053328,0.16400008656324028,0.1257933321946672,0.1120220733003352
1.0680000000000007,0.3745338149609554,0.16357357781130863,0.1254661850390446,0.11173069088947951
1.0700000000000007,0.3748601113174217,0.16314817823314615,0.1251398886825783,0.11144006722252531
1.0720000000000007,0.3751855590873113,0.162723884944821,0.12481444091268867,0.11115020030874767
1.0740000000000007,0.3755101604774511,0.16230069506988945,0.12448983952254888,0.11086108816291684
1.0760000000000007,0.3758339176889299,0.16187860573937665,0.12416608231107013,0.11057272880527158
1.0780000000000007,0.3761568329171134,0.16145761409175757,0.12384316708288662,0.11028512026150583
1.0800000000000007,0.37647890835165926,0.16103771727293756,0.12352109164834074,0.10999826056273676
1.0820000000000007,0.37680014617653174,0.16061891243623347,0.12319985382346826,0.10971214774550209
1.0840000000000007,0.3771205485700164,0.16020119674235445,0.12287945142998358,0.10942677985172633
1.0860000000000007,0.3774401177047352,0.15978456735938285,0.12255988229526482,0.10914215492871016
1.0880000000000007,0.3777588557476607,0.1593690214627554,0.12224114425233928,0.10885827102910728
1.0900000000000007,0.3780767648601312,0.15895455623524424,0.1219232351398688,0.10857512621090937
1.0920000000000007,0.37839384719786506,0.15854116886693786,0.12160615280213494,0.10829271853742473
1.0940000000000007,0.3787101049109755,0.15812885655522255,0.12128989508902449,0.10801104607726142
1.0960000000000008,0.37902554014398504,0.15771761650476326,0.12097445985601496,0.1077301069043024
1.0980000000000008,0.37934015503584,0.15730744592748516,0.12065984496415999,0.1074498990977002
1.1000000000000008,0.3796539517199251,0.15689834204255462,0.12034604828007489,0.10717042074184491
1.1020000000000008,0.37996693232407786,0.15649030207636083,0.12003306767592214,0.10689166992635712
1.1040000000000008,0.38027909897060286,0.15608332326249705,0.11972090102939714,0.10661364474606128
1.1060000000000008,0.38059045377628636,0.155677402841742,0.11940954622371364,0.10633634330097408
1.1080000000000008,0.38090099885241047,0.15527253806204147,0.11909900114758953,0.10605976369628589
1.1100000000000008,0.38121073630476743,0.15486872617848965,0.11878926369523257,0.10578390404233762
1.1120000000000008,0.38151966823367406,0.15446596445331084,0.11848033176632594,0.1055087624546136
1.1140000000000008,0.38182779673398576,0.15406425015584102,0.11817220326601424,0.10523433705371232
1.1160000000000008,0.3821351238951108,0.1536635805625095,0.11786487610488922,0.1049606259653384
1.1180000000000008,0.3824416518010244,0.15326395295682063,0.11755834819897559,0.10468762732028392
1.1200000000000008,0.38274738253028306,0.15286536462933542,0.11725261746971694,0.1044153392544045
1.1220000000000008,0.38305231815603835,0.15246781287765362,0.11694768184396165,0.1041437599086148
1.1240000000000008,0.3833564607460511,0.15207129500639527,0.11664353925394888,0.10387288742885747
1.1260000000000008,0.38365981236270547,0.15167580832718267,0.11634018763729453,0.10360271996609693
1.1280000000000008,0.3839623750630227,0.15128135015862235,0.11603762493697728,0.1033332556763007
1.1300000000000008,0.38426415089867527,0.150887917826287,0.11573584910132473,0.10306449272042073
1.1320000000000008,0.38456514191600066,0.15049550866269742,0.11543485808399934,0.10279642926437926
1.1340000000000008,0.38486535015601525,0.15010412000730472,0.11513464984398475,0.102529063479051
1.1360000000000008,0.3851647776544282,0.14971374920647237,0.11483522234557181,0.10226239354024802
1.1380000000000008,0.3854634264416551,0.14932439361345823,0.1145365735583449,0.10199641762870026
1.1400000000000008,0.3857612985428319,0.14893605058839698,0.11423870145716808,0.10173113393004929
1.1420000000000008,0.3860583959778285,0.14854871749828205,0.11394160402217152,0.10146654063481364
1.1440000000000008,0.38635472076126237,0.14816239171694812,0.11364527923873763,0.10120263593839862
1.1460000000000008,0.38665027490251247,0.1477770706250534,0.11334972509748753,0.10093941804106166
1.1480000000000008,0.38694506040573257,0.14739275161006196,0.11305493959426743,0.10067688514789896
1.1500000000000008,0.387239079269865,0.14700943206622613,0.112760920730135,0.10041503546883934
1.1520000000000008,0.3875323334886541,0.14662710939456902,0.11246766651134588,0.10015386721861574
1.1540000000000008,0.38782482505065985,0.1462457810028669,0.11217517494934015,0.0998933786167644
1.1560000000000008,0.38811655593927114,0.14586544430563184,0.11188344406072886,0.09963356788759903
1.1580000000000008,0.38840752813271934,0.14548609672409443,0.11159247186728066,0.09937443326019935
1.1600000000000008,0.3886977436040917,0.14510773568618604,0.1113022563959083,0.09911597296839414
1.1620000000000008,0.38898720432134476,0.1447303586265218,0.11101279567865524,0.09885818525075063
1.1640000000000008,0.3892759122473175,0.1443539629863833,0.1107240877526825,0.09860106835055582
1.1660000000000008,0.3895638693397449,0.14397854621370113,0.1104361306602551,0.09834462051580051
1.1680000000000008,0.38985107755127096,0.14360410576303784,0.11014892244872904,0.09808883999916951
1.1700000000000008,0.3901375388294621,0.14323063909557093,0.10986246117053788,0.09783372505802657
1.1720000000000008,0.39042325511682024,0.14285814367907537,0.10957674488317976,0.0975792739543877
1.1740000000000008,0.39070822835079605,0.14248661698790682,0.10929177164920395,0.09732548495492832
1.1760000000000008,0.39099246046380204,0.1421160565029845,0.10900753953619796,0.09707235633095301
1.1780000000000008,0.39127595338322557,0.1417464597117743,0.10872404661677443,0.09681988635838401
1.1800000000000008,0.39155870903144213,0.14137782410827165,0.10844129096855787,0.09656807331774875
1.1820000000000008,0.3918407293258281,0.14101014719298474,0.10815927067417191,0.09631691549416566
1.1840000000000008,0.3921220161787739,0.14064342647291775,0.1078779838212261,0.0960664111773335
1.1860000000000008,0.39240257149769703,0.1402776594615539,0.10759742850230297,0.09581655866151095
1.1880000000000008,0.3926823971850547,0.13991284367883872,0.10731760281494529,0.0955673562455015
1.1900000000000008,0.39296149513835704,0.13954897665116336,0.10703850486164296,0.09531880223264988
1.1920000000000008,0.39323986725017973,0.1391860559113478,0.10676013274982027,0.09507089493081722
1.1940000000000008,0.393517515408177,0.13882407899862434,0.10648248459182302,0.09482363265237659
1.1960000000000008,0.39379444149509424,0.13846304345862087,0.10620555850490576,0.0945770137141908
1.1980000000000008,0.39407064738878095,0.13810294684334445,0.10592935261121905,0.09433103643760443
1.2000000000000008,0.3943461349622033,0.1377437867111646,0.10565386503779672,0.09408569914842868
1.2020000000000008,0.39462090608345685,0.13738556062679708,0.10537909391654315,0.09384100017693076
1.2040000000000008,0.39489496261577944,0.13702826616128713,0.10510503738422056,0.09359693785781342
1.2060000000000008,0.39516830641756345,0.13667190089199338,0.10483169358243655,0.0933535105302088
1.2080000000000009,0.39544093934236857,0.13631646240257134,0.10455906065763143,0.09311071653765968
1.2100000000000009,0.3957128632389345,0.13596194828295716,0.10428713676106549,0.0928685542281169
1.2120000000000009,0.3959840799511932,0.13560835612935113,0.10401592004880678,0.09262702195390471
1.2140000000000009,0.3962545913182816,0.13525568354420192,0.10374540868171839,0.09238611807173758
1.2160000000000009,0.396524399174554,0.13490392813618987,0.10347560082544599,0.09214584094267853
1.2180000000000009,0.39679350534959446,0.13455308752021125,0.10320649465040554,0.09190618893214353
1.2200000000000009,0.3970619116682292,0.13420315931736182,0.10293808833177082,0.09166716040988465
1.2220000000000009,0.397329619950539,0.1338541411549211,0.102670380049461,0.09142875374997761
1.2240000000000009,0.3975966320118717,0.1335060306663361,0.10240336798812832,0.09119096733080667
1.2260000000000009,0.39786294966285407,0.13315882549120542,0.10213705033714593,0.09095379953505045
1.2280000000000009,0.3981285747094046,0.13281252327526324,0.1018714252905954,0.0907172487496748
1.2300000000000009,0.39839350895274533,0.13246712167036362,0.10160649104725467,0.09048131336591902
1.2320000000000009,0.39865775418941424,0.1321226183344644,0.10134224581058576,0.09024599177927861
1.2340000000000009,0.39892131221127747,0.13177901093161148,0.10107868778872253,0.09001128238949807
1.2360000000000009,0.3991841848055413,0.13143629713192298,0.1008158151944587,0.08977718360055675
1.2380000000000009,0.39944637375476444,0.13109447461157367,0.10055362624523556,0.08954369382065863
1.2400000000000009,0.39970788083687,0.13075354105277903,0.10029211916313002,0.08931081146221231
1.2420000000000009,0.39996870782515753,0.13041349414377978,0.10003129217484247,0.08907853494183016
1.2440000000000009,0.4002288564883152,0.13007433157882625,0.09977114351168481,0.08884686268030562
1.2460000000000009,0.4004883285904315,0.12973605105816255,0.09951167140956851,0.08861579310260481
1.2480000000000009,0.4007471258910075,0.12939865028801129,0.09925287410899247,0.08838532463786386
1.2500000000000009,0.40100525014496863,0.12906212698055808,0.09899474985503137,0.08815545571936045
1.252000000000001,0.4012627031026765,0.1287264788539359,0.09873729689732352,0.08792618478451253
1.254000000000001,0.4015194865099409,0.1283917036322098,0.0984805134900591,0.08769751027486405
1.256000000000001,0.40177560210803165,0.12805779904536138,0.09822439789196835,0.08746943063606949
1.258000000000001,0.4020310516336902,0.1277247628292737,0.09796894836630982,0.08724194431789245
1.260000000000001,0.4022858368191416,0.12739259272571565,0.0977141631808584,0.08701504977418173
1.262000000000001,0.40253995939210624,0.127061286482327,0.09746004060789376,0.08678874546286641
1.264000000000001,0.40279342107581145,0.12673084185260294,0.09720657892418855,0.08656302984594033
1.266000000000001,0.4030462235890032,0.12640125659587895,0.09695377641099678,0.08633790138945363
1.268000000000001,0.40329836864595786,0.12607252847731568,0.09670163135404214,0.086113358563503
1.270000000000001,0.4035498579564936,0.12574465526788384,0.09645014204350638,0.08588939984221522
1.272000000000001,0.40380069322598233,0.12541763474434917,0.09619930677401767,0.0856660237037401
1.274000000000001,0.40405087615536084,0.12509146468925728,0.09594912384463916,0.0854432286302318
1.276000000000001,0.4043004084411427,0.12476614289091871,0.09569959155885732,0.08522101310784835
1.278000000000001,0.4045492917754295,0.12444166714339404,0.09545070822457052,0.08499937562673177
1.280000000000001,0.40479752784592243,0.12411803524647894,0.09520247215407757,0.08477831468099994
1.282000000000001,0.4050451183359338,0.12379524500568913,0.09495488166406618,0.08455782876873474
1.284000000000001,0.4052920649243983,0.12347329423224587,0.09470793507560171,0.08433791639197352
1.286000000000001,0.40553836928588444,0.1231521807430608,0.09446163071411556,0.08411857605669226
1.288000000000001,0.4057840330906059,0.1228319023607214,0.0942159669093941,0.08389980627279892
1.290000000000001,0.40602905800443284,0.12251245691347615,0.09397094199556716,0.08368160555412185
1.292000000000001,0.4062734456889033,0.12219384223521992,0.09372655431109672,0.08346397241840187
1.294000000000001,0.40651719780123424,0.12187605616547921,0.09348280219876576,0.08324690538727131
1.296000000000001,0.40676031599433304,0.12155909654939792,0.09323968400566696,0.08303040298625408
1.298000000000001,0.4070028019168085,0.12124296123772198,0.09299719808319151,0.08281446374474077
1.300000000000001,0.40724465721298203,0.12092764808678545,0.09275534278701797,0.08259908619600109
1.302000000000001,0.407485883522899,0.12061315495849599,0.092514116477101,0.082384268877155
1.304000000000001,0.4077264824823396,0.12029947972032005,0.09227351751766039,0.08217001032916027
1.306000000000001,0.40796645572283013,0.11998662024526878,0.09203354427716987,0.08195630909681384
1.308000000000001,0.4082058048716539,0.11967457441188338,0.09179419512834608,0.08174316372873136
1.310000000000001,0.4084445315518624,0.11936334010422094,0.09155546844813761,0.08153057277734188
1.312000000000001,0.40868263738228605,0.11905291521184,0.09131736261771395,0.0813185347988763
1.314000000000001,0.4089201239775456,0.11874329762978637,0.09107987602245438,0.08110704835335802
1.316000000000001,0.4091569929480628,0.1184344852585788,0.09084300705193721,0.08089611200458391
1.318000000000001,0.4093932459000712,0.11812647600419479,0.0906067540999288,0.08068572432012422
1.320000000000001,0.40962888443562734,0.11781926777805636,0.09037111556437266,0.08047588387130844
1.322000000000001,0.40986391015262136,0.11751285849701602,0.09013608984737864,0.0802665892332155
1.324000000000001,0.41009832464478807,0.1172072460833427,0.08990167535521193,0.0800578389846649
1.326000000000001,0.4103321295017175,0.11690242846470746,0.08966787049828251,0.07984963170819626
1.328000000000001,0.41056532630886583,0.11659840357416976,0.08943467369113417,0.07964196599007689
1.330000000000001,0.41079791664756615,0.11629516935016317,0.08920208335243385,0.07943484042027427
1.332000000000001,0.4110299020950391,0.11599272373648174,0.08897009790496091,0.07922825359245911
1.334000000000001,0.4112612842244036,0.11569106468226585,0.08873871577559639,0.07902220410398408
1.336000000000001,0.41149206460468757,0.11539019014198831,0.08850793539531243,0.07881669055587981
1.338000000000001,0.41172224480083847,0.11509009807544066,0.08827775519916153,0.07861171155284774
1.340000000000001,0.4119518263737339,0.11479078644771921,0.0880481736262661,0.07840726570324152
1.342000000000001,0.4121808108801923,0.11449225322921147,0.08781918911980768,0.07820335161906744
1.344000000000001,0.41240919987298347,0.11419449639558224,0.08759080012701653,0.07799996791596309
1.346000000000001,0.412636994900839,0.11389751392775983,0.087363005099161,0.07779711321319427
1.348000000000001,0.4128641975084628,0.11360130381192259,0.08713580249153718,0.07759478613364523
1.350000000000001,0.4130908092365418,0.11330586403948519,0.08690919076345821,0.07739298530380978
1.352000000000001,0.413316831621756,0.11301119260708503,0.08668316837824402,0.07719170935377306
1.354000000000001,0.41354226619678913,0.11271728751656859,0.08645773380321087,0.07699095691721025
1.356000000000001,0.4137671144903391,0.11242414677497806,0.0862328855096609,0.07679072663137676
1.358000000000001,0.41399137802712815,0.11213176839453769,0.08600862197287185,0.07659101713709449
1.360000000000001,0.41421505832791344,0.11184015039264047,0.08578494167208656,0.07639182707874337
1.362000000000001,0.4144381569094971,0.11154929079183457,0.08556184309050291,0.07619315510424807
1.364000000000001,0.4146606752847367,0.11125918761981005,0.08533932471526329,0.0759949998650793
1.366000000000001,0.41488261496255546,0.1109698389093854,0.08511738503744454,0.07579736001623028
1.368000000000001,0.41510397744795247,0.11068124269849432,0.08489602255204753,0.07560023421621942
1.370000000000001,0.4153247642420128,0.1103933970301724,0.08467523575798719,0.07540362112707166
1.372000000000001,0.4155449768419179,0.11010629995254388,0.08445502315808212,0.0752075194143158
1.374000000000001,0.4157646167409555,0.10981994951880847,0.0842353832590445,0.07501192774696852
1.376000000000001,0.4159836854285299,0.10953434378722789,0.08401631457147007,0.07481684479752593
1.378000000000001,0.41620218439017215,0.10924948082111316,0.08379781560982785,0.07462226924196624
1.380000000000001,0.4164201151075498,0.10896535868881113,0.08357988489245022,0.07442819975971915
1.382000000000001,0.41663747905847714,0.10868197546369153,0.08336252094152286,0.07423463503367467
1.384000000000001,0.4168542777169254,0.10839932922413399,0.0831457222830746,0.07404157375016851
1.386000000000001,0.41707051255303246,0.10811741805351494,0.08292948744696754,0.07384901459896431
1.388000000000001,0.4172861850331128,0.10783624004019453,0.08271381496688718,0.07365695627325364
1.390000000000001,0.41750129661966784,0.10755579327750392,0.08249870338033216,0.07346539746965108
1.392000000000001,0.4177158487713953,0.10727607586373221,0.08228415122860472,0.07327433688816898
1.394000000000001,0.4179298429431995,0.10699708590211354,0.08207015705680049,0.07308377323222226
1.396000000000001,0.41814328058620115,0.10671882150081428,0.08185671941379885,0.07289370520861338
1.398000000000001,0.418356163147747,0.10644128077292025,0.08164383685225302,0.07270413152752564
1.400000000000001,0.41856849207141983,0.10616446183642392,0.08143150792858017,0.07251505090251298
1.402000000000001,0.41878026879704827,0.10588836281421159,0.08121973120295173,0.07232646205048932
1.404000000000001,0.4189914947607164,0.10561298183405075,0.0810085052392836,0.07213836369172144
1.406000000000001,0.41920217139477356,0.10533831702857739,0.08079782860522644,0.07195075454982147
1.408000000000001,0.41941230012784414,0.10506436653528334,0.08058769987215586,0.07176363335173574
1.410000000000001,0.41962188238483716,0.10479112849650361,0.08037811761516284,0.07157699882773416
1.412000000000001,0.41983091958695595,0.10451860105940397,0.08016908041304405,0.07139084971140486
1.414000000000001,0.4200394131517079,0.10424678237596811,0.0799605868482921,0.07120518473964266
1.416000000000001,0.4202473644929139,0.10397567060298539,0.07975263550708611,0.07102000265264063
1.418000000000001,0.420454775020718,0.10370526390203813,0.07954522497928201,0.07083530219388257
1.420000000000001,0.42066164614159696,0.10343556043948944,0.07933835385840304,0.07065108211013671
1.422000000000001,0.4208679792583699,0.10316655838647044,0.07913202074163012,0.07046734115143849
1.424000000000001,0.4210737757702076,0.10289825591886818,0.0789262242297924,0.07028407807109138
1.426000000000001,0.42127903707264225,0.10263065121731316,0.07872096292735775,0.07010129162565049
1.428000000000001,0.4214837645575766,0.1023637424671668,0.07851623544242342,0.06991898057491541
1.430000000000001,0.4216879596132936,0.10209752785850963,0.07831204038670642,0.06973714368193296
1.432000000000001,0.42189162362446586,0.10183200558612852,0.07810837637553414,0.06955577971296778
1.434000000000001,0.4220947579721649,0.10156717384950478,0.07790524202783511,0.06937488743750997
1.436000000000001,0.42229736403387047,0.10130303085280179,0.07770263596612953,0.06919446562826082
1.438000000000001,0.42249944318348015,0.10103957480485293,0.07750055681651985,0.06901451306112749
1.440000000000001,0.42270099679131845,0.10077680391914935,0.07729900320868155,0.06883502851520618
1.442000000000001,0.42290202622414613,0.1005147164138279,0.07709797377585387,0.0686560107727816
1.444000000000001,0.42310253284516947,0.10025331051165914,0.07689746715483053,0.06847745861931731
1.446000000000001,0.42330251801404956,0.09999258444003521,0.07669748198595044,0.06829937084344717
1.448000000000001,0.42350198308691145,0.09973253643095784,0.07649801691308855,0.06812174623696121
1.450000000000001,0.4237009294163535,0.0994731647210263,0.07629907058364649,0.06794458359480693
1.452000000000001,0.42389935835145637,0.09921446755142556,0.07610064164854363,0.06776788171507064
1.454000000000001,0.4240972712377922,0.09895644316791438,0.07590272876220783,0.06759163939897839
1.456000000000001,0.4242946694174338,0.0986990898208133,0.07570533058256618,0.06741585545088169
1.458000000000001,0.4244915542289638,0.09844240576499284,0.07550844577103621,0.06724052867824826
1.460000000000001,0.42468792700748353,0.09818638925986174,0.07531207299251647,0.0670656578916633
1.462000000000001,0.42488378908462227,0.09793103856935512,0.07511621091537773,0.06689124190480644
1.464000000000001,0.4250791417885461,0.09767635196192256,0.07492085821145389,0.06671727953445572
1.466000000000001,0.42527398644396713,0.09742232771051675,0.07472601355603287,0.0665437696004787
1.468000000000001,0.4254683243721523,0.09716896409258137,0.07453167562784768,0.06637071092581248
1.470000000000001,0.4256621568909324,0.09691625939003956,0.0743378431090676,0.06619810233646639
1.472000000000001,0.42585548531471096,0.09666421188928241,0.07414451468528904,0.06602594266151707
1.474000000000001,0.42604831095447326,0.09641281988115728,0.07395168904552674,0.06585423073308938
1.476000000000001,0.4262406351177952,0.09616208166095608,0.0737593648822048,0.0656829653863511
1.478000000000001,0.426432459108852,0.09591199552840374,0.07356754089114798,0.06551214545950979
1.480000000000001,0.42662378422842734,0.09566255978764708,0.07337621577157266,0.06534176979380701
1.482000000000001,0.4268146117739218,0.09541377274724275,0.07318538822607817,0.06517183723349396
1.484000000000001,0.4270049430393621,0.09516563272014598,0.0729950569606379,0.0650023466258447
1.486000000000001,0.4271947793154095,0.09491813802369932,0.0728052206845905,0.0648332968211367
1.488000000000001,0.42738412188936875,0.094671286979621,0.07261587811063125,0.06466468667264058
1.490000000000001,0.42757297204519673,0.09442507791399368,0.07242702795480327,0.06449651503661968
1.492000000000001,0.4277613310635112,0.09417950915725319,0.07223866893648878,0.0643287807723203
1.494000000000001,0.42794920022159955,0.09393457904417693,0.07205079977840045,0.06416148274195566
1.496000000000001,0.4281365807934273,0.09369028591387288,0.07186341920657269,0.06399461981071042
1.498000000000001,0.4283234740496468,0.09344662810976807,0.07167652595035318,0.06382819084672109
1.500000000000001,0.42850988125760603,0.09320360397959766,0.07149011874239397,0.06366219472108492
1.5020000000000011,0.4286958036813568,0.09296121187539355,0.07130419631864321,0.06349663030782882
1.5040000000000011,0.4288812425816637,0.09271945015347316,0.07111875741833629,0.06333149648392178
1.5060000000000011,0.4290661992160126,0.0924783171744284,0.07093380078398742,0.06316679212925669
1.5080000000000011,0.4292506748386188,0.09223781130311456,0.07074932516138122,0.06300251612664454
1.5100000000000011,0.42943467070043606,0.09199793090863921,0.07056532929956394,0.06283866736181176
1.5120000000000011,0.42961818804916474,0.09175867436435096,0.07038181195083526,0.06267524472338115
1.5140000000000011,0.4298012281292604,0.09152004004782884,0.07019877187073958,0.06251224710288161
1.5160000000000011,0.42998379218194216,0.09128202634087093,0.07001620781805784,0.06234967339471842
1.5180000000000011,0.4301658814452011,0.09104463162948358,0.06983411855479887,0.06218752249618564
1.5200000000000011,0.4303474971538089,0.09080785430387038,0.06965250284619112,0.06202579330744751
1.5220000000000011,0.4305286405393257,0.0905716927584213,0.06947135946067429,0.0618644847315335
1.5240000000000011,0.4307093128301091,0.09033614539170176,0.0692906871698909,0.06170359567433259
1.5260000000000011,0.43088951525132196,0.09010121060644188,0.06911048474867804,0.061543125044583036
1.5280000000000011,0.43106924902494104,0.08986688680952554,0.06893075097505896,0.061383071753864815
1.5300000000000011,0.431248515369765,0.0896331724119795,0.068751484630235,0.06122343471659253
1.5320000000000011,0.43142731550142294,0.08940006582896295,0.06857268449857706,0.061064212850014954
1.5340000000000011,0.43160565063238243,0.0891675654797564,0.06839434936761757,0.06090540507419373
1.5360000000000011,0.4317835219719579,0.08893566978775129,0.0682164780280421,0.06074701031201046
1.5380000000000011,0.4319609307263188,0.08870437718043893,0.0680390692736812,0.060589027489144964
1.5400000000000011,0.43213787809849763,0.08847368608940025,0.06786212190150237,0.060431455534080136
1.5420000000000011,0.43231436528839823,0.08824359495029482,0.06768563471160177,0.06027429337808732
1.5440000000000011,0.43249039349280394,0.08801410220285061,0.06750960650719606,0.060117539955226285
1.5460000000000012,0.43266596390538564,0.08778520629085286,0.06733403609461436,0.059961194202324375
1.5480000000000012,0.43284107771670993,0.08755690566213417,0.06715892228329007,0.05980525505898848
1.5500000000000012,0.43301573611424704,0.0873291987685635,0.06698426388575296,0.05964972146757752
1.5520000000000012,0.4331899402823791,0.08710208406603602,0.06681005971762088,0.05949459237321353
1.5540000000000012,0.43336369140240805,0.08687556001446228,0.06663630859759195,0.059339866723754575
1.5560000000000012,0.43353699065256357,0.08664962507775811,0.06646300934743643,0.059185543469809865
1.5580000000000012,0.43370983920801126,0.08642427772383396,0.06629016079198874,0.059031621564713976
1.5600000000000012,0.4338822382408604,0.08619951642458465,0.06611776175913958,0.05887809996453086
1.5620000000000012,0.43405418892017217,0.085975339655879,0.06594581107982783,0.05872497762804363
1.5640000000000012,0.4342256924119673,0.08575174589754946,0.06577430758803271,0.058572253516743
1.5660000000000012,0.43439674987923405,0.08552873363338176,0.06560325012076595,0.058419926594824645
1.5680000000000012,0.4345673624819363,0.0853063013511048,0.06543263751806372,0.05826799582918518
1.5700000000000012,0.43473753137702104,0.08508444754238015,0.06526246862297896,0.05811646018940486
1.5720000000000012,0.43490725771842664,0.08486317070279213,0.06509274228157336,0.05796531864775423
1.5740000000000012,0.43507654265709034,0.08464246933183725,0.06492345734290966,0.05781457017917013
1.5760000000000012,0.4352453873409562,0.08442234193291426,0.06475461265904381,0.05766421376126907
1.5780000000000012,0.43541379291498283,0.08420278701331414,0.06458620708501717,0.057514248374324506
1.5800000000000012,0.4355817605211513,0.08398380308420965,0.06441823947884873,0.05736467300126247
1.5820000000000012,0.43574929129847256,0.08376538866064544,0.06425070870152744,0.05721548662765974
1.5840000000000012,0.4359163863829956,0.08354754226152797,0.06408361361700438,0.05706668824173455
1.5860000000000012,0.43608304690781485,0.08333026240961539,0.06391695309218515,0.056918276834335924
1.5880000000000012,0.4362492740030779,0.08311354763150759,0.06375072599692211,0.05677025139894454
1.5900000000000012,0.4364150687959932,0.08289739645763623,0.06358493120400682,0.05662261093165677
1.5920000000000012,0.43658043241083766,0.08268180742225471,0.06341956758916234,0.05647535443118601
1.5940000000000012,0.4367453659689645,0.0824667790634283,0.06325463403103548,0.05632848089885201
1.5960000000000012,0.4369098705888106,0.08225230992302408,0.06309012941118941,0.05618198933857066
1.5980000000000012,0.437073947385904,0.08203839854670131,0.062926052614096,0.05603587875685401
1.6000000000000012,0.4372375974728718,0.08182504348390138,0.06276240252712822,0.05589014816280091
1.6020000000000012,0.43740082195944746,0.08161224328783802,0.06259917804055254,0.05574479656808773
1.6040000000000012,0.43756362195247844,0.08139999651548749,0.06243637804752156,0.0555998229869612
1.6060000000000012,0.4377259985559336,0.08118830172757877,0.06227400144406642,0.05545522643623757
1.6080000000000012,0.43788795287091076,0.08097715748858385,0.06211204712908924,0.0553110059352937
1.6100000000000012,0.4380494859956442,0.08076656236670801,0.061950514004355806,0.05516716050605419
1.6120000000000012,0.43821059902551196,0.08055651493388008,0.06178940097448804,0.05502368917299183
1.6140000000000012,0.43837129305304345,0.08034701376574271,0.061628706946956546,0.05488059096311915
1.6160000000000012,0.43853156916792674,0.08013805744164285,0.06146843083207326,0.05473786490598043
1.6180000000000012,0.438691428457016,0.07992964454462194,0.061308571542984025,0.054595510033645045
1.6200000000000012,0.4388508720043388,0.07972177366140647,0.06114912799566119,0.05445352538070303
1.6220000000000012,0.4390099008911036,0.07951444338239826,0.06099009910889641,0.054311909984253504
1.6240000000000012,0.4391685161957069,0.07930765230166502,0.060831483804293096,0.054170662883908705
1.6260000000000012,0.43932671899374076,0.07910139901693068,0.06067328100625924,0.05402978312177309
1.6280000000000012,0.4394845103579999,0.07889568212956609,0.0605154896420001,0.05388926974244912
1.6300000000000012,0.4396418913584891,0.07869050024457934,0.06035810864151092,0.05374912179302127
1.6320000000000012,0.43979886306243027,0.0784858519706063,0.06020113693756973,0.05360933832305648
1.6340000000000012,0.43995542653427006,0.07828173591990142,0.060044573465729945,0.053469918384600135
1.6360000000000012,0.4401115828356867,0.0780781507083281,0.05988841716431331,0.05333086103215523
1.6380000000000012,0.4402673330255974,0.0778750949553493,0.059732666974402604,0.053192165322689444
1.6400000000000012,0.44042267816016545,0.07767256728401838,0.05957732183983455,0.05305383031562494
1.6420000000000012,0.44057761929280737,0.07747056632096948,0.059422380707192635,0.05291585507283081
1.6440000000000012,0.4407321574742002,0.07726909069640844,0.05926784252579981,0.05277823865862086
1.6460000000000012,0.4408862937522884,0.07706813904410349,0.05911370624771162,0.052640980139738947
1.6480000000000012,0.4410400291722911,0.07686771000137578,0.058959970827708874,0.05250407858535988
1.6500000000000012,0.4411933647767093,0.07666780220909039,0.058806635223290715,0.05236753306708142
1.6520000000000012,0.44134630160533256,0.0764684143116471,0.05865369839466744,0.05223134265891671
1.6540000000000012,0.4414988406952465,0.07626954495697093,0.058501159304753525,0.052095506437285
1.6560000000000012,0.4416509830808395,0.07607119279650325,0.0583490169191605,0.05196002348101336
1.6580000000000013,0.44180272979380986,0.07587335648519251,0.058197270206190144,0.051824892871322525
1.6600000000000013,0.4419540818631728,0.07567603468148523,0.05804591813682719,0.05169011369183041
1.6620000000000013,0.44210504031526743,0.07547922604731673,0.05789495968473257,0.05155568502853081
1.6640000000000013,0.44225560617376364,0.07528292924810225,0.05774439382623636,0.05142160596980094
1.6660000000000013,0.4424057804596691,0.07508714295272767,0.05759421954033089,0.051287875606387257
1.6680000000000013,0.4425555641913362,0.07489186583354075,0.05744443580866382,0.051154493031405845
1.6700000000000013,0.4427049583844689,0.07469709656634196,0.05729504161553112,0.051021457340330034
1.6720000000000013,0.4428539640521296,0.07450283383037552,0.05714603594787038,0.05088876763098593
1.6740000000000013,0.44300258220474625,0.07430907630832044,0.056997417795253746,0.05075642300354932
1.6760000000000013,0.44315081385011884,0.07411582268628174,0.05684918614988116,0.050624422560536786
1.6780000000000013,0.4432986599934264,0.07392307165378116,0.05670134000657362,0.05049276540679415
1.6800000000000013,0.4434461216372339,0.07373082190374881,0.0565538783627661,0.05036145064950981
1.6820000000000013,0.4435931997814989,0.0735390721325139,0.056406800218501085,0.05023047739817965
1.6840000000000013,0.4437398954235785,0.07334782103979595,0.0562601045764215,0.05009984476462659
1.6860000000000013,0.4438862095582359,0.07315706732869616,0.05611379044176412,0.049969551862981465
1.6880000000000013,0.4440321431776473,0.07296680970568854,0.055967856822352724,0.04983959780967995
1.6900000000000013,0.4441776972714085,0.07277704688061094,0.05582230272859151,0.049709981723452756
1.6920000000000013,0.4443228728265418,0.0725877775666566,0.055677127173458185,0.049580702725332326
1.6940000000000013,0.44446767082750255,0.07239900048036527,0.05553232917249745,0.04945175993862927
1.6960000000000013,0.44461209225618575,0.07221071434161445,0.055387907743814246,0.049323152488939925
1.6980000000000013,0.444756138091933,0.07202291787361094,0.055243861908067016,0.049194879504136146
1.7000000000000013,0.4448998093115388,0.0718356098028819,0.055100190688461226,0.04906694011435242
1.7020000000000013,0.4450431068892573,0.07164878885926639,0.0549568931107427,0.048939333451992084
1.7040000000000013,0.4451860317968091,0.07146245377590672,0.0548139682031909,0.04881205865171623
1.7060000000000013,0.44532858500338757,0.07127660328923985,0.05467141499661243,0.04868511485043436
1.7080000000000013,0.44547076747566555,0.07109123613898884,0.05452923252433445,0.04855850118730176
1.7100000000000013,0.44561258017780186,0.07090635106815427,0.054387419822198135,0.04843221680371279
1.7120000000000013,0.4457540240714479,0.07072194682300575,0.054245975928552126,0.048306260843297366
1.7140000000000013,0.445895100115754,0.07053802215307341,0.054104899884245994,0.04818063245191251
1.7160000000000013,0.4460358092673763,0.07035457581113948,0.05396419073262371,0.04805533077763746
1.7180000000000013,0.44617615248048276,0.07017160655322958,0.05382384751951724,0.04793035497076392
1.7200000000000013,0.44631613070675996,0.06998911313860467,0.05368386929324004,0.047805704183802256
1.7220000000000013,0.44645574489541945,0.06980709432975235,0.05354425510458055,0.047681377571461514
1.7240000000000013,0.4465949959932042,0.06962554889237857,0.05340500400679582,0.047557374290651655
1.7260000000000013,0.446733884944395,0.06944447559539935,0.05326611505560502,0.04743369350047555
1.7280000000000013,0.44687241269081684,0.06926387321093226,0.053127587309183155,0.04731033436222054
1.7300000000000013,0.4470105801718454,0.0690837405142881,0.05298941982815458,0.04718729603935845
1.7320000000000013,0.44714838832441334,0.06890407628396274,0.05285161167558666,0.047064577697540244
1.7340000000000013,0.4472858380830166,0.06872487930162874,0.052714161916983415,0.046942178504584486
1.7360000000000013,0.44742293037972086,0.06854614835212719,0.05257706962027914,0.04682009763047468
1.7380000000000013,0.44755966614416776,0.06836788222345926,0.052440333855832244,0.046698334247349926
1.7400000000000013,0.4476960463035813,0.06819007970677819,0.052303953696418715,0.04657688752951206
1.7420000000000013,0.44783207178277407,0.06801273959638106,0.052167928217225934,0.04645575665340296
1.7440000000000013,0.44796774350415347,0.06783586068970049,0.05203225649584653,0.04633494079760547
1.7460000000000013,0.44810306238772807,0.0676594417872966,0.05189693761227193,0.04621443914284651
1.7480000000000013,0.4482380293511138,0.06748348169284882,0.05176197064888621,0.04609425087197927
1.7500000000000013,0.4483726453095401,0.06730797921314786,0.051627354690459926,0.04597437516998415
1.7520000000000013,0.4485069111758562,0.06713293315808751,0.05149308882414377,0.04585481122396118
1.7540000000000013,0.44864082786053755,0.06695834234065659,0.05135917213946245,0.04573555822312558
1.7560000000000013,0.4487743962716914,0.06678420557693104,0.05122560372830859,0.04561661535880024
1.7580000000000013,0.44890761731506357,0.06661052168606571,0.05109238268493643,0.045497981824412115
1.7600000000000013,0.44904049189404416,0.06643728949028645,0.05095950810595584,0.04537965681548606
1.7620000000000013,0.4491730209096739,0.06626450781488202,0.050826979090326074,0.04526163952964035
1.7640000000000013,0.4493052052606503,0.0660921754881964,0.05069479473934968,0.045143929166582275
1.7660000000000013,0.44943704584333355,0.06592029134162045,0.05056295415666645,0.045026524928095224
1.7680000000000013,0.44956854355175274,0.06574885420958422,0.05043145644824726,0.04490942601804471
1.7700000000000014,0.44969969927761183,0.06557786292954915,0.05030030072238817,0.04479263164236369
1.7720000000000014,0.4498305139102958,0.06540731634199994,0.050169486089704174,0.04467614100905237
1.7740000000000014,0.4499609883368767,0.0652372132904368,0.0500390116631233,0.044559953328168866
1.7760000000000014,0.45009112344211943,0.06506755262136761,0.049908876557880566,0.04444406781182808
1.7780000000000014,0.450220920108488,0.06489833318430016,0.04977907989151198,0.0443284836741944
1.7800000000000014,0.4503503792161515,0.06472955383173419,0.04964962078384849,0.04421320013147434
1.7820000000000014,0.45047950164298983,0.06456121341915369,0.04952049835701017,0.044098216401913914
1.7840000000000014,0.45060828826459987,0.06439331080501927,0.049391711735400134,0.04398353170579594
1.7860000000000014,0.4507367399543014,0.06422584485076024,0.04926326004569859,0.0438691452654274
1.7880000000000014,0.45086485758314293,0.06405881442076691,0.04913514241685707,0.0437550563051361
1.7900000000000014,0.4509926420199077,0.06389221838238295,0.049007357980092314,0.04364126405127533
1.7920000000000014,0.4511200941311195,0.06372605560589774,0.048879905868880524,0.043527767732204126
1.7940000000000014,0.45124721478104857,0.06356032496453863,0.04875278521895143,0.043414566578288794
1.7960000000000014,0.45137400483171747,0.06339502533446338,0.04862599516828253,0.043301659821898486
1.7980000000000014,0.451500465142907,0.06323015559475229,0.04849953485709302,0.04318904669739987
1.8000000000000014,0.4516265965721618,0.063065714627401,0.04837340342783819,0.043076726441152235
1.8020000000000014,0.45175239997479644,0.06290170131731258,0.04824760002520356,0.042964698291497516
1.8040000000000014,0.451877876203901,0.06273811455229027,0.04812212379609898,0.04285296148876494
1.8060000000000014,0.4520030261103471,0.06257495322302954,0.047996973889652905,0.042741515275251274
1.8080000000000014,0.4521278505427933,0.062412216223110925,0.04787214945720669,0.042630358895229925
1.8100000000000014,0.4522523503476913,0.062249902448992415,0.04774764965230871,0.04251949159493984
1.8120000000000014,0.4523765263692913,0.06208801080000183,0.04762347363070868,0.042408912622575956
1.8140000000000014,0.452500379449648,0.06192654017832955,0.047499620550352006,0.04229862122829231
1.8160000000000014,0.45262391042862604,0.06176548948902099,0.04737608957137396,0.04218861666419382
1.8180000000000014,0.452747120143906,0.06160485763996912,0.047252879856094,0.04207889818432853
1.8200000000000014,0.4528700094309898,0.0614446435419072,0.04712999056901018,0.04196946504468646
1.8220000000000014,0.4529925791232066,0.06128484610840124,0.04700742087679338,0.04186031650319122
1.8240000000000014,0.4531148300517183,0.061125464255842796,0.04688516994828168,0.04175145181969797
1.8260000000000014,0.4532367630455252,0.06096649690344139,0.04676323695447482,0.04164287025598323
1.8280000000000014,0.45335837893147163,0.06080794297321741,0.04664162106852837,0.04153457107575087
1.8300000000000014,0.45347967853425164,0.06064980138999473,0.04652032146574836,0.041426553544612554
1.8320000000000014,0.4536006626764144,0.06049207108139335,0.04639933732358559,0.04131881693009265
1.8340000000000014,0.4537213321783701,0.06033475097782216,0.046278667821629926,0.041211360501622885
1.8360000000000014,0.453841687858395,0.060177840012471784,0.046158312141604985,0.041104183530532135
1.8380000000000014,0.4539617305326376,0.06002133712130718,0.04603826946736239,0.04099728529004576
1.8400000000000014,0.45408146101512376,0.0598652412430606,0.045918538984876245,0.04089066505528027
1.8420000000000014,0.4542008801177622,0.05970955131922418,0.04579911988223778,0.040784322103231796
1.8440000000000014,0.4543199886503503,0.059554266294042986,0.04568001134964972,0.04067825571278583
1.8460000000000014,0.4544387874205793,0.05939938511450772,0.045561212579420696,0.040572465164699256
1.8480000000000014,0.45455727723404,0.059244906730347595,0.04544272276596001,0.04046694974159615
1.8500000000000014,0.45467545889422806,0.05909083009402324,0.04532454110577194,0.0403617087279724
1.8520000000000014,0.4547933332025495,0.05893715416071962,0.0452066667974505,0.04025674141018065
1.8540000000000014,0.4549109009583262,0.05878387788833886,0.0450890990416738,0.04015204707643161
1.8560000000000014,0.45502816295880116,0.05863100023749329,0.04497183704119884,0.04004762501678605
1.8580000000000014,0.45514511999914414,0.05847852017149833,0.04485488000085586,0.03994347452315461
1.8600000000000014,0.4552617728724569,0.058326436656365464,0.044738227127543106,0.03983959488928446
1.8620000000000014,0.4553781223697785,0.05817474866079526,0.04462187763022152,0.0397359854107604
1.8640000000000014,0.45549416928009084,0.05802345515617033,0.044505830719909156,0.03963264538500311
1.8660000000000014,0.45560991439032394,0.057872555116548374,0.044390085609676055,0.03952957411125646
1.8680000000000014,0.4557253584853613,0.057722047518655235,0.044274641514638724,0.0394267708905911
1.8700000000000014,0.455840502348045,0.057571931341878005,0.04415949765195498,0.039324235025891996
1.8720000000000014,0.45595534675918153,0.05742220556825802,0.044044653240818465,0.039221965821859106
1.8740000000000014,0.4560698924975465,0.05727286918248393,0.04393010750245352,0.03911996258499806
1.8760000000000014,0.45618414033989024,0.057123921171885,0.04381585966010976,0.03901822462362303
1.8780000000000014,0.4562980910609431,0.05697536052642406,0.0437019089390569,0.03891675124784033
1.8800000000000014,0.4564117454334205,0.05682718623869067,0.0435882545665795,0.03881554176955415
1.8820000000000014,0.4565251042280283,0.05667939730389431,0.04347489577197172,0.0387145955024597
1.8840000000000015,0.456638168213468,0.05653199271985775,0.043361831786532024,0.03861391176203943
1.8860000000000015,0.456750938156442,0.05638497148700993,0.04324906184355798,0.03851348986554837
1.8880000000000015,0.45686341482165876,0.056238332608379474,0.043136585178341236,0.03841332913202122
1.8900000000000015,0.4569755989718379,0.0560920750895877,0.043024401028162074,0.0383134288822653
1.8920000000000015,0.4570874913677156,0.05594619793884198,0.04291250863228441,0.03821378843885204
1.8940000000000015,0.45719909276804943,0.055800700166929056,0.04280090723195057,0.03811440712611702
1.8960000000000015,0.45731040392962385,0.05565558078720833,0.042689596070376146,0.038015284270151106
1.8980000000000015,0.45742142560725507,0.055510838815605035,0.04257857439274493,0.03791641919879596
1.9000000000000015,0.45753215855379625,0.055366473270603726,0.04246784144620375,0.03781781124164607
1.9020000000000015,0.45764260352014274,0.05522248317324155,0.04235739647985726,0.037719459730038096
1.9040000000000015,0.45775276125523695,0.055078867547101604,0.04224723874476305,0.037621363997043744
1.9060000000000015,0.45786263250607356,0.054935625418306246,0.042137367493926436,0.03752352337747378
1.9080000000000015,0.4579722180177046,0.05479275581551078,0.0420277819822954,0.03742593720787002
1.9100000000000015,0.4580815185332444,0.05465025776989646,0.041918481466755586,0.03732860482649247
1.9120000000000015,0.4581905347938747,0.05450813031516419,0.041809465206125274,0.03723152557332954
1.9140000000000015,0.4582992675388498,0.05436637248752792,0.04170073246115019,0.03713469879008535
1.9160000000000015,0.45840771750550124,0.05422498332570807,0.041592282494498756,0.03703812382017024
1.9180000000000015,0.4585158854292431,0.054083961870925026,0.0414841145707569,0.03694180000870806
1.9200000000000015,0.4586237720435769,0.05394330716689265,0.041376227956423095,0.03684572670252528
1.9220000000000015,0.4587313780800965,0.053803018259811784,0.04126862191990349,0.03674990325014438
1.9240000000000015,0.4588387042684932,0.05366309419836391,0.041161295731506786,0.03665432900178622
1.9260000000000015,0.4589457513365606,0.053523534033704336,0.041054248663439374,0.03655900330935413
1.9280000000000015,0.4590525200101995,0.053384336819456236,0.04094747998980047,0.03646392552644495
1.9300000000000015,0.45915901101342294,0.053245501611703876,0.040840988986577065,0.03636909500833174
1.9320000000000015,0.4592652250683609,0.053107027468986344,0.04073477493163907,0.03627451111196622
1.9340000000000015,0.45937116289526553,0.05296891345229123,0.04062883710473447,0.036180173195972554
1.9360000000000015,0.45947682521251565,0.0528311586250481,0.04052317478748435,0.036086080620642
1.9380000000000015,0.4595822127366219,0.05269376205312226,0.04041778726337808,0.03599223274793095
1.9400000000000015,0.4596873261822315,0.052556722804808456,0.040312673817768485,0.035898628941455346
1.9420000000000015,0.45979216626213315,0.05242003995082438,0.04020783373786685,0.035805268566485804
1.9440000000000015,0.45989673368726175,0.05228371256430467,0.04010326631273825,0.035712150989942515
1.9460000000000015,0.4600010291667033,0.05214773972079425,0.039998970833296676,0.03561927558038991
1.9480000000000015,0.4601050534076998,0.05201212049824235,0.039894946592300196,0.03552664170803954
1.9500000000000015,0.4602088071156538,0.05187685397699606,0.03979119288434618,0.03543424874473722
1.9520000000000015,0.4603122909941334,0.05174193923979432,0.0396877090058666,0.035342096063965434
1.9540000000000015,0.46041550574487694,0.0516073753717615,0.03958449425512306,0.03525018304083449
1.9560000000000015,0.46051845206779773,0.051473161460401186,0.039481547932202266,0.0351585090520774
1.9580000000000015,0.4606211306609889,0.05133929659559022,0.03937886933901108,0.03506707347605498
1.9600000000000015,0.4607235422207281,0.05120577986957225,0.03927645777927191,0.034975875692736524
1.9620000000000015,0.460825687441482,0.05107261037695176,0.039174312558518,0.034884915083708945
1.9640000000000015,0.46092756701591137,0.05093978721468794,0.039072432984088634,0.03479419103216719
1.9660000000000015,0.46102918163487555,0.05080730948208836,0.03897081836512445,0.03470370292290714
1.9680000000000015,0.46113053198743714,0.050675176280803015,0.03886946801256286,0.034613450142327196
1.9700000000000015,0.46123161876086677,0.05054338671481838,0.03876838123913323,0.03452343207842379
1.9720000000000015,0.46133244264064766,0.050411939890450966,0.038667557359352345,0.03443364812077787
1.9740000000000015,0.46143300431048034,0.05028083491634157,0.038566995689519656,0.0343440976605649
1.9760000000000015,0.46153330445228724,0.05015007090344901,0.03846669554771276,0.03425478009053928
1.9780000000000015,0.46163334374621734,0.05001964696504442,0.03836665625378266,0.03416569480504017
1.9800000000000015,0.46173312287065077,0.04988956221670484,0.03826687712934923,0.034076841199973895
1.9820000000000015,0.4618326425022034,0.04975981577630751,0.038167357497796595,0.03398821867282398
1.9840000000000015,0.4619319033157315,0.04963040676402371,0.038068096684268526,0.03389982662263846
1.9860000000000015,0.4620309059843361,0.04950133430231292,0.037969094015663896,0.03381166445002992
1.9880000000000015,0.46212965117936794,0.04937259751591682,0.03787034882063206,0.033723731557168346
1.9900000000000015,0.46222813957043163,0.04924419553185331,0.03777186042956837,0.03363602734777782
1.9920000000000015,0.46232637182539044,0.04911612747941069,0.037673628174609564,0.033548551227135626
1.9940000000000015,0.46242434861037074,0.048988392490141607,0.03757565138962926,0.03346130260206204
1.9960000000000016,0.46252207058976647,0.04886098969785734,0.037477929410233535,0.033374280880922313
1.9980000000000016,0.4626195384262437,0.04873391823862182,0.037380461573756296,0.03328748547362115
2.0000000000000013,0.4627167527807452,0.048607177250745766,0.0372832472192548,0.03320091579159734
2.002000000000001,0.46281371431249474,0.04848076587478094,0.03718628568750526,0.033114571247819136
2.004000000000001,0.46291042367900176,0.04835468325351413,0.03708957632099824,0.03302845125678222
2.0060000000000007,0.4630068815360657,0.048228928531961576,0.03699311846393433,0.03294255523450573
2.0080000000000005,0.46310308853778037,0.04810350085736304,0.03689691146221963,0.032856882598525816
2.0100000000000002,0.4631990453365387,0.047978399379175994,0.03680095466346128,0.03277143276789385
2.012,0.4632947525830369,0.04785362324906981,0.03670524741696313,0.032686205163171556
2.014,0.4633902109262787,0.04772917162092022,0.03660978907372131,0.032601199206430787
2.0159999999999996,0.4634854210135803,0.04760504365080347,0.03651457898641969,0.03251641432124597
2.0179999999999993,0.4635803834905743,0.047481238496990465,0.03641961650942571,0.03243184993268322
2.019999999999999,0.4636750990012142,0.04735775531994129,0.036324900998785825,0.032347505467314575
2.021999999999999,0.46376956818777876,0.04723459328229929,0.03623043181222124,0.032263380353194204
2.0239999999999987,0.46386379169087655,0.04711175154888555,0.03613620830912345,0.03217947401987087
2.0259999999999985,0.46395777014944994,0.046989229286693246,0.036042229850550056,0.0320957858983717
2.0279999999999982,0.46405150420077973,0.0468670256648818,0.03594849579922027,0.03201231542120486
2.029999999999998,0.4641449944804893,0.04674513985477143,0.03585500551951071,0.03192906202235668
2.031999999999998,0.46423824162254895,0.046623571029837566,0.03576175837745105,0.031846025137285405
2.0339999999999976,0.46433124625928035,0.046502318365705064,0.03566875374071965,0.03176320420291501
2.0359999999999974,0.46442400902136066,0.0463813810401428,0.03557599097863934,0.03168059865763406
2.037999999999997,0.46451653053782677,0.04626075823305788,0.035483469462173234,0.031598207941289536
2.039999999999997,0.46460881143607974,0.046140449126490346,0.03539118856392026,0.031516031495193
2.0419999999999967,0.46470085234188896,0.046020452904607385,0.03529914765811104,0.031434068762099976
2.0439999999999965,0.46479265387939633,0.045900768753697925,0.035207346120603666,0.03135231918622017
2.0459999999999963,0.4648842166711207,0.04578139586216711,0.035115783328879324,0.031270782213209
2.047999999999996,0.46497554133796176,0.045662333420530714,0.03502445866203824,0.03118945729015965
2.049999999999996,0.4650666284992046,0.04554358062140985,0.034933371500795396,0.031108343865608123
2.0519999999999956,0.46515747877252367,0.045425136659525266,0.03484252122747633,0.031027441389520405
2.0539999999999954,0.46524809277398704,0.045307000731691915,0.03475190722601296,0.03094674931329533
2.055999999999995,0.46533847111806065,0.04518917203681376,0.03466152888193935,0.030866267089760813
2.057999999999995,0.4654286144176124,0.045071649775877964,0.03457138558238759,0.03078599417316119
2.0599999999999947,0.4655185232839163,0.04495443315194983,0.0344814767160837,0.030705930019164773
2.0619999999999945,0.4656081983266566,0.04483752137016706,0.03439180167334338,0.030626074084853183
2.0639999999999943,0.4656976401539321,0.04472091363773468,0.03430235984606789,0.030546425828723356
2.065999999999994,0.46578684937225995,0.044604609163919395,0.03421315062774005,0.030466984710675105
2.067999999999994,0.46587582658658006,0.04448860716004448,0.034124173413419945,0.030387750192020224
2.0699999999999936,0.465964572400259,0.044372906839484166,0.034035427599740986,0.030308721735463395
2.0719999999999934,0.4660530874150943,0.04425750741765856,0.033946912584905675,0.030229898805114397
2.073999999999993,0.4661413722313184,0.044142408112028145,0.03385862776868159,0.03015128086647012
2.075999999999993,0.4662294274476026,0.044027608142088545,0.033770572552397404,0.030072867386419455
2.0779999999999927,0.4663172536610613,0.043913106729365235,0.033682746338938696,0.029994657833239735
2.0799999999999925,0.46640485146725613,0.04379890309740822,0.03359514853274387,0.029916651676590744
2.0819999999999923,0.4664922214601997,0.04368499647178687,0.033507778539800304,0.029838848387508055
2.083999999999992,0.46657936423235985,0.0435713860800845,0.03342063576764015,0.029761247438406135
2.085999999999992,0.4666662803746636,0.04345807115189323,0.03333371962533638,0.029683848303071025
2.0879999999999916,0.4667529704765012,0.043345050918808886,0.03324702952349878,0.029606650456658334
2.0899999999999914,0.46683943512573006,0.04323232461442556,0.03316056487426994,0.029529653375684806
2.091999999999991,0.4669256749086787,0.04311989147433051,0.0330743250913213,0.02945285653803076
2.093999999999991,0.4670116904101509,0.04300775073609904,0.03298830958984911,0.029376259422936535
2.0959999999999908,0.46709748221342945,0.04289590163928924,0.03290251778657055,0.029299861510993175
2.0979999999999905,0.46718305090028034,0.04278434342543683,0.03281694909971966,0.029223662284144858
2.0999999999999903,0.46726839705095646,0.042673075338050113,0.03273160294904354,0.029147661225681576
2.10199999999999,0.46735352124420165,0.04256209662260472,0.03264647875579835,0.029071857820238023
2.10399999999999,0.4674384240572547,0.0424514065265387,0.03256157594274528,0.028996251553792263
2.1059999999999897,0.46752310606585323,0.042341004299247045,0.03247689393414677,0.028920841913650186
2.1079999999999894,0.4676075678442374,0.04223088919207698,0.032392432155762596,0.028845628388459277
2.109999999999989,0.467691809965154,0.04212106045832276,0.032308190034845974,0.028770610468194402
2.111999999999989,0.4677758329998605,0.04201151735322041,0.032224167000139525,0.028695787644156256
2.1139999999999888,0.46785963751812837,0.04190225913394297,0.03214036248187163,0.0286211594089687
2.1159999999999886,0.46794322408824757,0.04179328505959536,0.03205677591175243,0.02854672525657609
2.1179999999999883,0.46802659327703,0.04168459439120928,0.03197340672297,0.0284724846822364
2.119999999999988,0.4681097456498135,0.04157618639173818,0.0318902543501865,0.028398437182521663
2.121999999999988,0.4681926817704656,0.04146806032605245,0.03180731822953442,0.028324582255314645
2.1239999999999877,0.46827540220138747,0.041360215460934234,0.03172459779861253,0.028250919399803287
2.1259999999999875,0.46835790750351763,0.04125265106507255,0.031642092496482366,0.02817744811647427
2.1279999999999872,0.46844019823633576,0.04114536640905836,0.03155980176366424,0.028104167907118116
2.129999999999987,0.4685222749578665,0.041038360765379485,0.031477725042133475,0.028031078274818988
2.131999999999987,0.46860413822468333,0.040931633408415866,0.03139586177531667,0.027958178723954452
2.1339999999999866,0.4686857885919122,0.04082518361443453,0.03131421140808782,0.027885468760190824
2.1359999999999864,0.46876722661323533,0.040719010661584724,0.031232773386764667,0.027812947890476947
2.137999999999986,0.4688484528408951,0.04061311382989288,0.031151547159104898,0.027740615623044862
2.139999999999986,0.4689294678256976,0.04050749240125792,0.03107053217430239,0.02766847146740936
2.1419999999999857,0.4690102721170165,0.04040214565944637,0.030989727882983487,0.027596514934357996
2.1439999999999855,0.46909086626279667,0.040297072890087327,0.03090913373720333,0.027524745535948192
2.1459999999999853,0.469171250809558,0.04019227338066782,0.030828749190441984,0.027453162785513463
2.147999999999985,0.4692514263023991,0.040087746420527905,0.030748573697600923,0.027381766197644763
2.149999999999985,0.4693313932850008,0.03998349130085577,0.030668606714999214,0.02731055528819981
2.1519999999999846,0.46941115229963015,0.03987950731468297,0.030588847700369848,0.02723952957429554
2.1539999999999844,0.4694907038871439,0.03977579375687975,0.030509296112856077,0.027168688574304767
2.155999999999984,0.46957004858699225,0.03967234992415015,0.03042995141300775,0.027098031807850642
2.157999999999984,0.4696491869372223,0.03956917511502718,0.030350813062777704,0.02702755879580554
2.1599999999999837,0.469728119474482,0.03946626862986825,0.03027188052551799,0.026957269060292832
2.1619999999999835,0.46980684673402373,0.03936362977085021,0.03019315326597627,0.026887162124672237
2.1639999999999833,0.46988536924970764,0.039261257841964735,0.03011463075029236,0.02681723751354448
2.165999999999983,0.4699636875540057,0.039159152149013686,0.030036312445994306,0.0267474947527524
2.167999999999983,0.4700418021780049,0.03905731199960413,0.029958197821995103,0.02667793336936164
2.1699999999999826,0.4701197136514112,0.03895573670314406,0.029880286348588803,0.02660855289168018
2.1719999999999824,0.47019742250255286,0.03885442557083725,0.029802577497447136,0.02653935284923037
2.173999999999982,0.4702749292583842,0.038753377915678955,0.02972507074161579,0.026470332772768
2.175999999999982,0.4703522344444891,0.03865259305245105,0.029647765555510908,0.02640149219426302
2.1779999999999817,0.4704293385850845,0.03855207029771742,0.02957066141491549,0.026332830646904837
2.1799999999999815,0.47050624220302417,0.03845180896981944,0.029493757796975828,0.026264347665097
2.1819999999999813,0.4705829458198019,0.03835180838887107,0.029417054180198077,0.02619604278445009
2.183999999999981,0.4706594499555554,0.03825206787675466,0.02934055004444458,0.026127915541791058
2.185999999999981,0.4707357551290697,0.03815258675711599,0.029264244870930323,0.02605996547514322
2.1879999999999806,0.4708118618577804,0.038053364355359796,0.0291881381422196,0.02599219212373316
2.1899999999999804,0.4708877706577777,0.03795439999864535,0.029112229342222296,0.02592459502799005
2.19199999999998,0.47096348204380944,0.03785569301588162,0.029036517956190555,0.025857173729531446
2.19399999999998,0.4710389965292849,0.03775724273772292,0.02896100347071512,0.025789927771173726
2.1959999999999797,0.471114314626278,0.03765904849656434,0.028885685373721992,0.025722856696917207
2.1979999999999795,0.4711894368455311,0.037561109626537165,0.028810563154468893,0.025655960051949478
2.1999999999999793,0.47126436369645813,0.03746342546350438,0.028735636303541867,0.02558923738264074
2.201999999999979,0.47133909568714827,0.03736599534505618,0.02866090431285173,0.025522688236543134
2.203999999999979,0.47141363332436925,0.0372688186105055,0.028586366675630748,0.025456312162383865
2.2059999999999786,0.47148797711357104,0.03717189460088351,0.028512022886428956,0.02539010871006475
2.2079999999999784,0.47156212755888893,0.037075222658935085,0.028437872441111067,0.025324077430653125
2.209999999999978,0.47163608516314715,0.03697880212911446,0.028363914836852855,0.025258217876390043
2.211999999999978,0.4717098504278623,0.03688263235758071,0.028290149572137713,0.025192529600680302
2.2139999999999778,0.4717834238532467,0.03678671269219334,0.028216576146753325,0.025127012158087325
2.2159999999999775,0.47185680593821167,0.036691042482507895,0.028143194061788335,0.025061665104332942
2.2179999999999773,0.4719299971803712,0.03659562107977145,0.028070002819628792,0.0249964879962965
2.219999999999977,0.47200299807604507,0.03650044783691835,0.027997001923954934,0.02493148039200821
2.221999999999977,0.4720758091202622,0.03640552210856569,0.027924190879737798,0.024866641850646687
2.2239999999999767,0.4721484308067642,0.036310843251008966,0.02785156919323578,0.02480197193254141
2.2259999999999764,0.47222086362800864,0.03621641062221777,0.027779136371991364,0.02473747019916228
2.227999999999976,0.4722931080751723,0.03612222358183149,0.027706891924827726,0.024673136213121616
2.229999999999976,0.4723651646381546,0.03602828149115482,0.02763483536184541,0.024608969538164382
2.231999999999976,0.4724370338055809,0.03593458371315352,0.027562966194419114,0.02454496973917175
2.2339999999999756,0.47250871606480577,0.03584112961244993,0.027491283935194233,0.024481136382158875
2.2359999999999753,0.4725802119019164,0.03574791855531899,0.027419788098083597,0.024417469034271333
2.237999999999975,0.47265152180173575,0.03565494990968367,0.027348478198264248,0.024353967263774257
2.239999999999975,0.47272264624782595,0.03556222304511071,0.02727735375217405,0.024290630640059874
2.2419999999999747,0.4727935857224916,0.0354697373328065,0.027206414277508417,0.024227458733640628
2.2439999999999745,0.4728643407067828,0.03537749214561265,0.027135659293217207,0.024164451116141628
2.2459999999999742,0.4729349116804988,0.03528548685800192,0.027065088319501218,0.024101607360308863
2.247999999999974,0.4730052991221909,0.03519372084607374,0.026994700877809086,0.02403892703999122
2.249999999999974,0.473075503509166,0.03510219348755014,0.026924496490834005,0.02397640973015136
2.2519999999999736,0.47314552531748955,0.03501090416177143,0.026854474682510454,0.02391405500685595
2.2539999999999734,0.4732153650219889,0.03491985224969216,0.02678463497801109,0.02385186244727522
2.255999999999973,0.47328502309625664,0.03482903713387678,0.02671497690374336,0.02378983162967896
2.257999999999973,0.4733545000126536,0.034738458198495505,0.026645499987346388,0.02372796213343098
2.2599999999999727,0.47342379624231223,0.03464811482932006,0.026576203757687766,0.023666253538990434
2.2619999999999725,0.4734929122551397,0.03455800641371961,0.026507087744860325,0.023604705427908934
2.2639999999999723,0.47356184851982097,0.03446813234065662,0.02643815148017903,0.02354331738282478
2.265999999999972,0.47363060550382236,0.03437849200068259,0.026369394496177645,0.023482088987462513
2.267999999999972,0.4736991836733942,0.03428908478593405,0.026300816326605803,0.02342101982662803
2.2699999999999716,0.47376758349357445,0.034199910090128426,0.02623241650642555,0.02336010948621059
2.2719999999999714,0.4738358054281916,0.03411096730855974,0.026164194571808408,0.023299357553169253
2.273999999999971,0.4739038499398678,0.03402225583809478,0.026096150060132217,0.023238763615544222
2.275999999999971,0.4739717174900221,0.03393377507716888,0.026028282509977907,0.023178327262445286
2.2779999999999707,0.47403940853887366,0.03384552442578184,0.025960591461126337,0.023118048084049825
2.2799999999999705,0.47410692354544465,0.033757503285493796,0.025893076454555353,0.023057925671598145
2.2819999999999703,0.4741742629675635,0.033669711059421306,0.025825737032436513,0.022997959617400143
2.28399999999997,0.47424142726186796,0.03358214715223316,0.025758572738132035,0.022938149514821315
2.28599999999997,0.47430841688380826,0.033494810970146616,0.02569158311619174,0.022878494958286533
2.2879999999999696,0.4743752322876501,0.03340770192092282,0.025624767712349894,0.02281899554327116
2.2899999999999694,0.47444187392647785,0.03332081941386345,0.025558126073522147,0.022759650866311043
2.291999999999969,0.47450834225219746,0.03323416285980623,0.025491657747802543,0.022700460524982313
2.293999999999969,0.4745746377155397,0.033147731671121144,0.025425362284460296,0.02264142411791481
2.2959999999999687,0.4746407607660631,0.0330615252617064,0.025359239233936903,0.022582541244777543
2.2979999999999685,0.47470671185215707,0.03297554304698456,0.02529328814784293,0.02252381150628413
2.2999999999999683,0.4747724914210449,0.03288978444389833,0.025227508578955116,0.022465234504180476
2.301999999999968,0.47483809991878667,0.03280424887090691,0.02516190008121333,0.02240680984125465
2.303999999999968,0.47490353779028266,0.032718935747981764,0.02509646220971734,0.022348537121325895
2.3059999999999676,0.4749688054792759,0.03263384449660289,0.02503119452072411,0.02229041594924075
2.3079999999999674,0.4750339034283554,0.0325489745397548,0.024966096571644614,0.022232445930877587
2.309999999999967,0.47509883207895925,0.03246432530192265,0.024901167921040746,0.02217462667314063
2.311999999999967,0.4751635918713774,0.03237989620908836,0.02483640812862259,0.022116957783950397
2.3139999999999668,0.47522818324475485,0.03229568668872668,0.024771816755245146,0.0220594388722527
2.3159999999999665,0.47529260663709444,0.03221169616980122,0.02470739336290556,0.022002069548005543
2.3179999999999663,0.47535686248525993,0.032127924082760745,0.024643137514740066,0.021944849422185886
2.319999999999966,0.475420951224979,0.03204436985953528,0.024579048775020984,0.02188777810678033
2.321999999999966,0.4754848732908461,0.03196103293353206,0.0245151267091539,0.02183085521478101
2.3239999999999656,0.47554862911632534,0.03187791273963202,0.02445137088367466,0.021774080360194237
2.3259999999999654,0.47561221913375373,0.03179500871418568,0.024387780866246267,0.02171745315802598
2.327999999999965,0.47567564377434374,0.031712320295009505,0.024324356225656263,0.021660973224280178
2.329999999999965,0.4757389034681865,0.031629846921381884,0.02426109653181352,0.021604640175965306
2.3319999999999648,0.47580199864425454,0.03154758803403961,0.024198001355745458,0.021548453631084263
2.3339999999999645,0.4758649297304049,0.03146554307517386,0.024135070269595105,0.021492413208629935
2.3359999999999643,0.47592769715338173,0.0313837114884265,0.024072302846618265,0.02143651852858841
2.337999999999964,0.47599030133881953,0.03130209271888629,0.024009698661180467,0.021380769211935546
2.339999999999964,0.4760527427112457,0.031220686213085182,0.023947257288754298,0.021325164880630076
2.3419999999999637,0.4761150216940837,0.03113949141899445,0.023884978305916293,0.021269705157616392
2.3439999999999634,0.4761771387096557,0.031058507786021084,0.023822861290344277,0.021214389666818323
2.3459999999999632,0.47623909417918575,0.03097773476500397,0.02376090582081425,0.021159218033138583
2.347999999999963,0.47630088852280217,0.030897171808210177,0.02369911147719783,0.021104189882450886
2.349999999999963,0.47636252215954084,0.030816818369331176,0.023637477840459165,0.02104930484160794
2.3519999999999626,0.4764239955073478,0.030736673903479304,0.02357600449265218,0.02099456253843135
2.3539999999999623,0.47648530898308217,0.03065673786718395,0.023514691016917832,0.02093996260170805
2.355999999999962,0.47654646300251896,0.03057700971838787,0.02345353699748104,0.020885504661194765
2.357999999999962,0.47660745798035187,0.030497488916443567,0.023392542019648133,0.020831188347605556
2.3599999999999617,0.4766682943301961,0.03041817492210959,0.023331705669803915,0.020777013292618274
2.3619999999999615,0.47672897246459117,0.03033906719754682,0.023271027535408828,0.02072297912886889
2.3639999999999612,0.4767894927950038,0.030260165206315,0.023210507204996178,0.020669085489948502
2.365999999999961,0.4768498557318306,0.03018146841336885,0.023150144268169415,0.020615332010397225
2.367999999999961,0.4769100616844007,0.03010297628505463,0.0230899383155993,0.020561718325711076
2.3699999999999606,0.4769701110609789,0.030024688289106448,0.02302988893902108,0.020508244072333204
2.3719999999999604,0.4770300042687682,0.02994660389464272,0.022969995731231818,0.02045490888764978
2.37399999999996,0.4770897417139125,0.029868722572162408,0.022910258286087504,0.020401712409991113
2.37599999999996,0.4771493238014996,0.029791043793541618,0.022850676198500397,0.020348654278627865
2.3779999999999597,0.47720875093556364,0.029713567032029937,0.02279124906443636,0.020295734133767396
2.3799999999999595,0.47726802351908815,0.02963629176224679,0.022731976480911853,0.020242951616556204
2.3819999999999593,0.4773271419540085,0.02955921746017795,0.022672858045991506,0.020190306369070488
2.383999999999959,0.47738610664121484,0.029482343603172034,0.022613893358785164,0.020137798034321808
2.385999999999959,0.4774449179805547,0.02940566966993692,0.022555082019445283,0.020085426256245542
2.3879999999999586,0.4775035763708358,0.029329195140536155,0.02249642362916421,0.02003319067970366
2.3899999999999584,0.47756208220982854,0.02925291949638542,0.022437917790171458,0.019981090950483726
2.391999999999958,0.47762043589426906,0.029176842220249192,0.022379564105730942,0.019929126715295675
2.393999999999958,0.47767863781986153,0.029100962796236998,0.02232136218013847,0.019877297621761936
2.3959999999999577,0.47773668838128114,0.029025280709800046,0.022263311618718862,0.019825603318428864
2.3979999999999575,0.4777945879721766,0.028949795447727772,0.02220541202782339,0.019774043454753087
2.3999999999999573,0.4778523369851729,0.028874506498144305,0.022147663014827124,0.019722617681102506
2.401999999999957,0.4779099358118739,0.028799413350504913,0.02209006418812609,0.019671325648755844
2.403999999999957,0.4779673848428651,0.028724515495592698,0.022032615157134894,0.019620167009896217
2.4059999999999566,0.4780246844677161,0.028649812425515057,0.02197531553228388,0.019569141417614788
2.4079999999999564,0.47808183507498353,0.028575303633700266,0.02191816492501647,0.019518248525903448
2.409999999999956,0.47813883705221333,0.028500988614893984,0.021861162947786672,0.01946748798965081
2.411999999999956,0.47819569078594365,0.02842686686515588,0.02180430921405635,0.01941685946464733
2.4139999999999557,0.4782523966617074,0.028352937881856256,0.02174760333829262,0.019366362607577625
2.4159999999999555,0.4783089550640347,0.02827920116367251,0.021691044935965298,0.019315997076017166
2.4179999999999553,0.4783653663764559,0.028205656210585902,0.02163463362354412,0.019265762528436592
2.419999999999955,0.47842163098150364,0.02813230252387802,0.021578369018496357,0.019215658624187726
2.421999999999955,0.4784777492607159,0.028059139606127482,0.0215222507392841,0.01916568502351368
2.4239999999999546,0.4785337215946383,0.02798616696120654,0.021466278405361694,0.019115841387539523
2.4259999999999544,0.47858954836282686,0.027913384094277693,0.021410451637173145,0.019066127378271513
2.427999999999954,0.47864522994385045,0.027840790511790375,0.021354770056149552,0.01901654265859498
2.429999999999954,0.4787007667152934,0.027768385721477516,0.02129923328470662,0.01896708689227089
2.4319999999999538,0.47875615905375807,0.0276961692323524,0.021243840946241932,0.018917759743939278
2.4339999999999535,0.4788114073348675,0.027624140554705048,0.02118859266513251,0.018868560879105267
2.4359999999999533,0.4788665119332677,0.02755229920009926,0.02113348806673232,0.01881948996414895
2.437999999999953,0.4789214732226304,0.027480644681368877,0.0210785267773696,0.018770546666315058
2.439999999999953,0.47897629157565563,0.027409176512614847,0.021023708424344367,0.01872173065371774
2.4419999999999527,0.479030967364074,0.027337894209201765,0.020969032635925977,0.018673041595329343
2.4439999999999524,0.47908550095864955,0.027266797287754566,0.020914499041350454,0.018624479160986085
2.445999999999952,0.47913989272918184,0.02719588526615528,0.020860107270818162,0.01857604302138116
2.447999999999952,0.4791941430445089,0.02712515766353983,0.020805856955491087,0.01852773284806808
2.4499999999999518,0.4792482522725095,0.027054614000294665,0.0207517477274905,0.018479548313448557
2.4519999999999516,0.4793022207801056,0.026984253798053533,0.020697779219894408,0.018431489090780073
2.4539999999999513,0.479356048933265,0.026914076579694336,0.020643951066735,0.018383554854170314
2.455999999999951,0.4794097370970037,0.026844081869335658,0.020590262902996315,0.01833574527856996
2.457999999999951,0.47946328563538837,0.026774269192333864,0.02053671436461163,0.018288060039782894
2.4599999999999507,0.4795166949115389,0.026704638075279657,0.02048330508846108,0.018240498814449335
2.4619999999999505,0.4795699652876309,0.026635188045994924,0.020430034712369094,0.01819306128005349
2.4639999999999502,0.479623097124898,0.026565918633529514,0.02037690287510202,0.01814574711491601
2.46599999999995,0.47967609078363427,0.02649682936815805,0.020323909216365732,0.01809855599819543
2.46799999999995,0.47972894662319704,0.026427919781376808,0.02027105337680296,0.01805148760988784
2.4699999999999496,0.47978166500200886,0.026359189405900457,0.02021833499799114,0.01800454163081422
2.4719999999999493,0.47983424627756016,0.026290637775658862,0.02016575372243984,0.017957717742631774
2.473999999999949,0.4798866908064118,0.02622226442579416,0.020113309193588225,0.01791101562782771
2.475999999999949,0.4799389989441971,0.026154068892657242,0.020061001055802885,0.017864434969704246
2.4779999999999487,0.4799911710456247,0.026086050713805,0.02000882895437528,0.01781797545239816
2.4799999999999485,0.4800432074644807,0.026018209427996767,0.019956792535519297,0.01777163676086113
2.4819999999999482,0.4800951085536311,0.02595054457519155,0.019904891446368922,0.017725418580868846
2.483999999999948,0.48014687466502415,0.025883055696544727,0.019853125334975852,0.01767932059901034
2.485999999999948,0.48019850614969295,0.025815742334404968,0.01980149385030705,0.017633342502692217
2.4879999999999476,0.4802500033577576,0.02574860403231117,0.019749996642242418,0.01758748398013299
2.4899999999999474,0.48030136663842754,0.0256816403349894,0.01969863336157246,0.01754174472036163
2.491999999999947,0.4803525963400042,0.02561485078834964,0.019647403659995788,0.017496124413216352
2.493999999999947,0.48040369280988315,0.025548234939482873,0.019596307190116846,0.01745062274934228
2.4959999999999467,0.4804546563945565,0.02548179233665791,0.01954534360544352,0.01740523942018768
2.4979999999999465,0.48050548743961513,0.02541552252931842,0.01949451256038487,0.017359974118003607
2.4999999999999463,0.4805561862897513,0.025349425068079724,0.019443813710248725,0.017314826535842265
2.501999999999946,0.48060675328876074,0.025283499504725988,0.019393246711239265,0.017269796367557322
2.503999999999946,0.48065718877954516,0.025217745392206916,0.019342811220454836,0.017224883307790928
2.5059999999999456,0.4807074931041144,0.025152162284634894,0.019292506895885575,0.017180087051985926
2.5079999999999454,0.480757666603589,0.02508674973728196,0.019242333396411015,0.017135407296376193
2.509999999999945,0.48080770961820213,0.02502150730657669,0.019192290381797872,0.017090843737981865
2.511999999999945,0.48085762248730235,0.024956434550101294,0.01914237751269765,0.017046396074614223
2.5139999999999447,0.4809074055493555,0.024891531026588427,0.019092594450644484,0.017002064004867146
2.5159999999999445,0.48095705914194736,0.02482679629591849,0.019042940858052637,0.016957847228126544
2.5179999999999443,0.4810065836017856,0.02476222991911643,0.01899341639821439,0.01691374544455082
2.519999999999944,0.4810559792647023,0.02469783145834887,0.018944020735297717,0.016869758355082753
2.521999999999944,0.4811052464656561,0.024633600476921043,0.01889475353434389,0.016825885661442608
2.5239999999999436,0.4811543855387347,0.024569536539273885,0.018845614461265314,0.016782127066124253
2.5259999999999434,0.4812033968171566,0.02450563921098114,0.018796603182843374,0.01673848227239605
2.527999999999943,0.48125228063327413,0.024441908058746274,0.018747719366725868,0.016694950984300738
2.529999999999943,0.48130103731857493,0.024378342650399596,0.01869896268142507,0.01665153290664656
2.5319999999999427,0.4813496672036847,0.024314942554895476,0.018650332796315283,0.016608227745014914
2.5339999999999425,0.4813981706183693,0.024251707342309182,0.018601829381630686,0.016565035205747036
2.5359999999999423,0.48144654789153696,0.024188636583834175,0.018553452108463042,0.016521954995951993
2.537999999999942,0.4814947993512405,0.024125729851778948,0.01850520064875949,0.016478986823496466
2.539999999999942,0.4815429253246796,0.024062986719564403,0.018457074675320373,0.016436130397011195
2.5419999999999416,0.4815909261382031,0.024000406761720845,0.01840907386179691,0.016393385425882867
2.5439999999999414,0.48163880211731086,0.02393798955388503,0.01836119788268914,0.016350751620251014
2.545999999999941,0.48168655358665646,0.023875734672797334,0.018313446413343537,0.01630822869101467
2.547999999999941,0.48173418087004904,0.023813641696298904,0.018265819129950955,0.016265816349821494
2.5499999999999408,0.4817816842904557,0.023751710203328856,0.018218315709544297,0.016223514309071096
2.5519999999999405,0.48182906417000354,0.023689939773921222,0.01817093582999646,0.016181322281906163
2.5539999999999403,0.48187632082998194,0.023628329989202338,0.01812367917001806,0.016139239982221665
2.55599999999994,0.48192345459084474,0.0235668804313879,0.018076545409155265,0.016097267124652204
2.55799999999994,0.4819704657722123,0.02350559068378001,0.01802953422778769,0.016055403424573567
2.5599999999999397,0.4820173546928738,0.023444460330764496,0.017982645307126177,0.016013648598107277
2.5619999999999394,0.48206412167078944,0.02338348895780823,0.017935878329210564,0.01597200236211216
2.563999999999939,0.48211076702309236,0.02332267615145589,0.017889232976907643,0.015930464434175673
2.565999999999939,0.482157291066091,0.023262021499327663,0.01784270893390899,0.01588903453262902
2.5679999999999388,0.48220369411527125,0.023201524590116034,0.017796305884728747,0.01584771237652971
2.5699999999999386,0.48224997648529844,0.023141185013583202,0.017750023514701563,0.015806497685668885
2.5719999999999383,0.48229613849001957,0.023081002360558312,0.017703861509980434,0.01576539018056644
2.573999999999938,0.48234218044246546,0.02302097622293455,0.017657819557534538,0.015724389582468024
2.575999999999938,0.48238810265485277,0.022961106193666522,0.01761189734514723,0.015683495613344922
2.5779999999999377,0.48243390543858633,0.02290139186676741,0.01756609456141367,0.015642707995893623
2.5799999999999375,0.4824795891042609,0.022841832837306248,0.01752041089573908,0.015602026453524487
2.5819999999999372,0.48252515396166373,0.022782428701405105,0.017474846038336267,0.015561450710375735
2.583999999999937,0.4825706003197762,0.022723179056236407,0.01742939968022378,0.015520980491297576
2.585999999999937,0.48261592848677626,0.022664083500020332,0.017384071513223742,0.015480615521858865
2.5879999999999366,0.4826611387700403,0.022605141632021798,0.0173388612299597,0.015440355528339778
2.5899999999999364,0.4827062314761454,0.022546353052547933,0.017293768523854613,0.01540020023773414
2.591999999999936,0.48275120691087126,0.022487717362945425,0.017248793089128744,0.015360149377746546
2.593999999999936,0.48279606537920244,0.022429234165597677,0.017203934620797556,0.01532020267678702
2.5959999999999357,0.4828408071853303,0.022370903063922212,0.01715919281466971,0.015280359863971915
2.5979999999999355,0.48288543263265504,0.02231272366236781,0.017114567367344957,0.015240620669122018
2.5999999999999353,0.48292994202378786,0.022254695566412047,0.01707005797621214,0.015200984822763997
2.601999999999935,0.482974335660553,0.02219681838255851,0.017025664339447022,0.01516145205612407
2.603999999999935,0.48301861384398964,0.02213909171833412,0.01698138615601036,0.015122022101125565
2.6059999999999346,0.4830627768743542,0.02208151518228652,0.016937223125645773,0.015082694690390697
2.6079999999999344,0.4831068250511222,0.02202408838398132,0.01689317494887782,0.015043469557235345
2.609999999999934,0.4831507586729902,0.021966810933999627,0.016849241327009823,0.015004346435673277
2.611999999999934,0.4831945780378781,0.02190968244393532,0.016805421962121925,0.014965325060404044
2.6139999999999337,0.48323828344293085,0.021852702526392213,0.01676171655706915,0.014926405166817425
2.6159999999999335,0.4832818751845208,0.021795870794981846,0.016718124815479185,0.014887586490999638
2.6179999999999333,0.48332535355824946,0.02173918686432047,0.01667464644175054,0.014848868769712031
2.619999999999933,0.4833687188589495,0.02168265035002658,0.016631281141050502,0.01481025174040751
2.621999999999933,0.4834119713806869,0.02162626086871838,0.016588028619313078,0.014771735141222764
2.6239999999999326,0.48345511141676295,0.021570018038011146,0.01654488858323705,0.014733318710971721
2.6259999999999324,0.48349813925971596,0.02151392147651462,0.016501860740284036,0.014695002189147655
2.627999999999932,0.4835410552013236,0.021457970803830412,0.016458944798676378,0.014656785315922738
2.629999999999932,0.48358385953260474,0.0214021656405493,0.016416140467395257,0.014618667832142718
2.6319999999999317,0.48362655254382125,0.021346505608248856,0.016373447456178747,0.014580649479331353
2.6339999999999315,0.48366913452448024,0.021290990329490948,0.016330865475519762,0.0145427299996842
2.6359999999999313,0.4837116057633359,0.021235619427818837,0.016288394236664117,0.01450490913606206
2.637999999999931,0.48375396654839137,0.0211803925277549,0.016246033451608632,0.014467186631999529
2.639999999999931,0.48379621716690097,0.02112530925479806,0.016203782833099034,0.014429562231698223
2.6419999999999306,0.48383835790537183,0.02107036923542116,0.01616164209462817,0.014392035680019566
2.6439999999999304,0.483880389049566,0.021015572097068395,0.016119610950434016,0.014354606722492003
2.64599999999993,0.48392231088450227,0.020960917468152904,0.01607768911549773,0.01431727510530878
2.64799999999993,0.4839641236944584,0.020906404978054308,0.016035876305541596,0.014280040575322062
2.6499999999999297,0.48400582776297263,0.020852034257115896,0.01599417223702737,0.014242902880034602
2.6519999999999295,0.4840474233728459,0.020797804936642447,0.015952576627154103,0.014205861767617955
2.6539999999999293,0.4840889108061437,0.02074371664889756,0.01591108919385631,0.014168916986890712
2.655999999999929,0.4841302903441979,0.02068976902710123,0.01586970965580209,0.014132068287325605
2.657999999999929,0.48417156226760877,0.02063596170542728,0.015828437732391232,0.014095315419046628
2.6599999999999286,0.4842127268562468,0.02058229431900093,0.015787273143753222,0.014058658132830804
2.6619999999999284,0.4842537843892546,0.020528766503896345,0.015746215610745407,0.014022096180100974
2.663999999999928,0.48429473514504884,0.02047537789713407,0.015705264854951162,0.013985629312925907
2.665999999999928,0.4843355794013222,0.020422128136678805,0.015664420598677786,0.013949257284024297
2.6679999999999278,0.4843763174350451,0.020369016861436617,0.015623682564954888,0.013912979846747331
2.6699999999999275,0.4844169495224676,0.02031604371125271,0.01558305047753239,0.01387679675509701
2.6719999999999273,0.4844574759391214,0.020263208326909043,0.015542524060878582,0.013840707763714377
2.673999999999927,0.48449789695982165,0.020210510350121603,0.01550210304017835,0.013804712627871973
2.675999999999927,0.4845382128586687,0.020157949423538282,0.015461787141331285,0.013768811103485934
2.6779999999999267,0.4845784239090502,0.020105525190736263,0.015421576090949796,0.01373300294710289
2.6799999999999264,0.48461853038364266,0.02005323729621972,0.015381469616357335,0.013697287915903966
2.681999999999926,0.4846585325544135,0.02000108538541732,0.01534146744558651,0.01366166576770178
2.683999999999926,0.48469843069262286,0.019949069104679862,0.015301569307377139,0.01362613626094078
2.685999999999926,0.4847382250688254,0.019897188101277826,0.015261774931174588,0.01359069915468969
2.6879999999999256,0.48477791595287223,0.019845442023399152,0.01522208404712777,0.013555354208648729
2.6899999999999253,0.4848175036139125,0.019793830520146636,0.015182496386087485,0.01352010118313629
2.691999999999925,0.4848569883203956,0.01974235324153567,0.015143011679604412,0.013484939839100374
2.693999999999925,0.48489637034007255,0.01969100983849179,0.015103629659927453,0.013449869938106374
2.6959999999999247,0.48493564993999827,0.019639799962848443,0.01506435006000173,0.013414891242344518
2.6979999999999245,0.48497482738653297,0.01958872326734447,0.01502517261346703,0.013380003514615879
2.6999999999999242,0.4850139029453442,0.019537779405621847,0.014986097054655811,0.013345206518347141
2.701999999999924,0.48505287688140863,0.01948696803222341,0.014947123118591366,0.013310500017577054
2.703999999999924,0.4850917494590138,0.019436288802590202,0.014908250540986212,0.013275883776952324
2.7059999999999236,0.4851305209417599,0.01938574137305958,0.014869479058240098,0.013241357561742384
2.7079999999999234,0.4851691915925616,0.01933532540086252,0.01483080840743839,0.013206921137816519
2.709999999999923,0.4852077616736499,0.01928504054412148,0.014792238326350127,0.013172574271659965
2.711999999999923,0.4852462314465736,0.019234886461847994,0.014753768553426416,0.0131383167303607
2.7139999999999227,0.48528460117220146,0.01918486281394039,0.014715398827798543,0.013104148281616879
2.7159999999999225,0.4853228711107238,0.019134969261181543,0.014677128889276192,0.013070068693729953
2.7179999999999223,0.48536104152165427,0.019085205465236493,0.014638958478345732,0.013036077735601337
2.719999999999922,0.48539911266383157,0.019035571088650147,0.014600887336168433,0.01300217517673452
2.721999999999922,0.48543708479542125,0.018986065794845127,0.014562915204578752,0.012968360787232958
2.7239999999999216,0.4854749581739175,0.018936689248119275,0.014525041826082496,0.012934634337796291
2.7259999999999214,0.4855127330561448,0.018887441113643485,0.014487266943855215,0.012900995599721576
2.727999999999921,0.4855504096982597,0.018838321057459476,0.014449590301740312,0.012867444344904055
2.729999999999921,0.4855879883557526,0.018789328746477537,0.01441201164424738,0.012833980345828166
2.7319999999999207,0.4856254692834496,0.018740463848474085,0.014374530716550427,0.012800603375569097
2.7339999999999205,0.48566285273551374,0.018691726032089646,0.01433714726448626,0.012767313207794562
2.7359999999999203,0.4857001389654474,0.018643114966826416,0.014299861034552608,0.012734109616761025
2.73799999999992,0.4857373282260935,0.018594630323046212,0.014262671773906499,0.012700992377311815
2.73999999999992,0.48577442076963745,0.01854627177196806,0.01422557923036255,0.012667961264873573
2.7419999999999196,0.48581141684760876,0.01849803898566607,0.014188583152391243,0.012635016055460246
2.7439999999999194,0.4858483167108829,0.0184499316370672,0.01415168328911709,0.01260215652566754
2.745999999999919,0.4858851206096828,0.01840194939994891,0.014114879390317192,0.012569382452667588
2.747999999999919,0.4859218287935807,0.018354091948937185,0.014078171206419299,0.012536693614220384
2.7499999999999187,0.4859584415114997,0.018306358959504086,0.014041558488500305,0.012504089788656358
2.7519999999999185,0.48599495901171563,0.018258750107965793,0.014005040988284367,0.012471570754889694
2.7539999999999183,0.4860313815418586,0.01821126507148018,0.013968618458141402,0.012439136292400899
2.755999999999918,0.4860677093489147,0.018163903528044773,0.01393229065108531,0.012406786181250684
2.757999999999918,0.4861039426792277,0.018116665156494585,0.013896057320772315,0.012374520202069195
2.7599999999999176,0.4861400817785007,0.018069549636499753,0.01385991822149929,0.012342338136055009
2.7619999999999174,0.48617612689179784,0.018022556648563556,0.013823873108202156,0.012310239764979025
2.763999999999917,0.4862120782635459,0.01797568587402015,0.0137879217364541,0.012278224871179577
2.765999999999917,0.486247936137536,0.017928936995032407,0.013752063862464026,0.012246293237559547
2.7679999999999167,0.4862837007569252,0.017882309694589874,0.013716299243074825,0.012214444647588807
2.7699999999999165,0.48631937236423817,0.0178358036565065,0.013680627635761833,0.012182678885296783
2.7719999999999163,0.486354951201369,0.01778941856541852,0.013645048798630988,0.012150995735278336
2.773999999999916,0.48639043750958255,0.01774315410678231,0.013609562490417448,0.012119394982683884
2.775999999999916,0.4864258315295163,0.01769700996687232,0.013574168470483705,0.012087876413228615
2.7779999999999156,0.48646113350118186,0.01765098583277891,0.013538866498818136,0.01205643981317861
2.7799999999999154,0.48649634366396666,0.017605081392406137,0.013503656336033343,0.012025084969358169
2.781999999999915,0.48653146225663557,0.017559296334469798,0.013468537743364428,0.01199381166914959
2.783999999999915,0.48656648951733256,0.017513630348495134,0.013433510482667443,0.011962619700483179
2.7859999999999148,0.48660142568358217,0.017468083124814942,0.013398574316417833,0.011931508851843686
2.7879999999999145,0.4866362709922913,0.017422654354567337,0.013363729007708713,0.011900478912265089
2.7899999999999143,0.4866710256797507,0.017377343729693653,0.01332897432024932,0.011869529671328483
2.791999999999914,0.48670568998163655,0.01733215094293635,0.013294310018363453,0.01183866091916319
2.793999999999914,0.48674026413301225,0.017287075687837,0.013259735866987754,0.011807872446447543
2.7959999999999137,0.48677474836832973,0.01724211765873419,0.013225251631670265,0.011777164044400101
2.7979999999999134,0.48680914292143124,0.017197276550761472,0.013190857078568763,0.011746535504784883
2.7999999999999132,0.4868434480255509,0.017152552059845182,0.013156551974449093,0.01171598661990636
2.801999999999913,0.4868776639133163,0.017107943882702488,0.013122336086683672,0.01168551718260824
2.803999999999913,0.48691179081675,0.0170634517168393,0.013088209183249988,0.011655126986272246
2.8059999999999126,0.4869458289672711,0.01701907526054817,0.013054171032728878,0.011624815824820556
2.8079999999999123,0.4869797785956969,0.01697481421290637,0.01302022140430309,0.011594583492710031
2.809999999999912,0.48701363993224445,0.016930668273773677,0.012986360067755554,0.01156442978493244
2.811999999999912,0.48704741320653205,0.016886637143790538,0.012952586793467946,0.01153435449701179
2.8139999999999117,0.4870810986475808,0.016842720524375864,0.012918901352419188,0.011504357425001666
2.8159999999999115,0.4871146964838163,0.016798918117725034,0.012885303516183721,0.011474438365491557
2.8179999999999112,0.4871482069430699,0.016755229626808057,0.012851793056930128,0.011444597115597865
2.819999999999911,0.4871816302525806,0.01671165475536737,0.0128183697474194,0.011414833472963348
2.821999999999911,0.48721496663899644,0.01666819320791586,0.012785033361003562,0.0113851472357549
2.8239999999999106,0.4872482163283759,0.016624844689734863,0.012751783671624106,0.01135553820266666
2.8259999999999104,0.48728137954618966,0.01658160890687217,0.012718620453810336,0.011326006172918346
2.82799999999991,0.48731445651732197,0.01653848556614007,0.01268554348267803,0.011296550946248374
2.82999999999991,0.48734744746607217,0.01649547437511332,0.01265255253392783,0.011267172322919072
2.8319999999999097,0.4873803526161564,0.016452575042127257,0.01261964738384358,0.011237870103713632
2.8339999999999095,0.48741317219070895,0.016409787276275695,0.012586827809291046,0.011208644089925501
2.8359999999999093,0.48744590641228375,0.016367110787408965,0.012554093587716253,0.011179494083370989
2.837999999999909,0.487478555502856,0.016324545286132017,0.012521444497143985,0.011150419886381158
2.839999999999909,0.4875111196838236,0.016282090483802393,0.012488880316176398,0.01112142130179894
2.8419999999999086,0.48754359917600865,0.01623974609252836,0.012456400823991354,0.01109249813298413
2.8439999999999084,0.48757599419965897,0.01619751182516684,0.012424005800341031,0.011063650183803397
2.845999999999908,0.4876083049744496,0.01615538739532154,0.012391695025550375,0.011034877258636111
2.847999999999908,0.4876405317194843,0.01611337251734091,0.012359468280515706,0.011006179162368845
2.8499999999999077,0.48767267465329694,0.01607146690631646,0.012327325346703055,0.010977555700400932
2.8519999999999075,0.4877047339938531,0.016029670278080523,0.012295266006146888,0.010949006678628415
2.8539999999999073,0.4877367099585515,0.015987982349204507,0.012263290041448494,0.010920531903459818
2.855999999999907,0.4877686027642255,0.015946402836996932,0.012231397235774488,0.010892131181804543
2.857999999999907,0.4878004126271445,0.015904931459501417,0.01219958737285548,0.01086380432107159
2.8599999999999066,0.4878321397630155,0.015863567935495017,0.012167860236984518,0.010835551129176724
2.8619999999999064,0.48786378438698447,0.015822311984486057,0.012136215613015533,0.010807371414530198
2.863999999999906,0.4878953467136379,0.01578116332671227,0.012104653286362121,0.010779264986039594
2.865999999999906,0.4879268269570042,0.015740121683139065,0.012073173042995822,0.010751231653116755
2.8679999999999057,0.4879582253305551,0.015699186775457508,0.012041774669444893,0.010723271225660913
2.8699999999999055,0.4879895420472073,0.015658358326082433,0.012010457952792708,0.010695383514070511
2.8719999999999053,0.4880207773193236,0.015617636058150582,0.011979222680676416,0.010667568329235322
2.873999999999905,0.4880519313587146,0.01557701969551874,0.011948068641285392,0.010639825482539167
2.875999999999905,0.48808300437664015,0.015536508962761864,0.01191699562335985,0.010612154785853478
2.8779999999999046,0.4881139965838105,0.015496103585171145,0.011886003416189506,0.010584556051538074
2.8799999999999044,0.48814490819038797,0.015455803288752283,0.011855091809612028,0.01055702909244588
2.881999999999904,0.4881757394059884,0.015415607800223496,0.011824260594011593,0.010529573721912655
2.883999999999904,0.48820649043968245,0.015375516847013724,0.01179350956031755,0.010502189753758828
2.8859999999999038,0.48823716149999696,0.015335530157260756,0.011762838500003037,0.010474877002290273
2.8879999999999035,0.4882677527949166,0.015295647459809474,0.011732247205083424,0.01044763528229875
2.8899999999999033,0.488298264531885,0.015255868484209864,0.011701735468114982,0.010420464409052699
2.891999999999903,0.48832869691780645,0.015216192960715316,0.011671303082193552,0.01039336419830339
2.893999999999903,0.488359050159047,0.015176620620280683,0.011640949840952985,0.010366334466282545
2.8959999999999027,0.4883893244614361,0.015137151194560628,0.011610675538563875,0.01033937502969895
2.8979999999999024,0.48841952003026795,0.015097784415907622,0.01158047996973205,0.010312485705736174
2.899999999999902,0.4884496370703027,0.015058520017370156,0.0115503629296973,0.010285666312053299
2.901999999999902,0.48847967578576806,0.015019357732691023,0.011520324214231936,0.010258916666787299
2.9039999999999018,0.48850963638036066,0.014980297296305498,0.011490363619639343,0.010232236588546773
2.9059999999999016,0.48853951905724735,0.01494133844333947,0.011460480942752649,0.010205625896408832
2.9079999999999013,0.48856932401906655,0.014902480909607628,0.011430675980933447,0.010179084409921879
2.909999999999901,0.48859905146792976,0.014863724431611844,0.011400948532070243,0.010152611949109047
2.911999999999901,0.4886287016054228,0.014825068746539202,0.011371298394577178,0.010126208334454434
2.9139999999999007,0.48865827463260736,0.014786513592260192,0.011341725367392641,0.010099873386911096
2.9159999999999004,0.488687770750022,0.014748058707327111,0.01131222924997799,0.01007360692789988
2.9179999999999002,0.48871719015768395,0.014709703830972186,0.011282809842316055,0.010047408779306266
2.9199999999999,0.48874653305509014,0.014671448703105794,0.011253466944909862,0.010021278763476638
2.9219999999999,0.48877579964121876,0.014633293064314691,0.011224200358781244,0.009995216703220677
2.9239999999998996,0.4888049901145305,0.014595236655860365,0.011195009885469509,0.009969222421809032
2.9259999999998993,0.48883410467296984,0.014557279219677203,0.011165895327030162,0.009943295742969427
2.927999999999899,0.4888631435139666,0.014519420498370614,0.011136856486033408,0.009917436490890386
2.929999999999899,0.488892106834437,0.014481660235215481,0.011107893165562988,0.009891644490217955
2.9319999999998987,0.4889209948307853,0.014443998174154357,0.011079005169214673,0.009865919566055092
2.9339999999998985,0.4889498076989049,0.014406434059795694,0.011050192301095108,0.00984026154395623
2.9359999999998982,0.4889785456341797,0.014368967637412172,0.011021454365820305,0.009814670249933488
2.937999999999898,0.4890072088314856,0.014331598652938933,0.010992791168514426,0.009789145510447017
2.939999999999898,0.4890357974851915,0.014294326852971781,0.010964202514808508,0.00976368715240905
2.9419999999998976,0.48906431178916104,0.014257151984765619,0.010935688210838956,0.009738295003186848
2.9439999999998974,0.4890927519367535,0.014220073796232599,0.0109072480632465,0.009712968890589702
2.945999999999897,0.48912111812082537,0.014183092035940476,0.010878881879174629,0.009687708642882042
2.947999999999897,0.48914941053373157,0.014146206453110982,0.010850589466268434,0.00966251408877089
2.9499999999998967,0.4891776293673268,0.014109416797617975,0.010822370632673217,0.00963738505740791
2.9519999999998965,0.48920577481296673,0.014072722819985829,0.010794225187033268,0.009612321378389466
2.9539999999998963,0.4892338470615095,0.01403612427138767,0.01076615293849048,0.0095873228817559
2.955999999999896,0.4892618463033168,0.01399962090364378,0.010738153696683184,0.009562389397989146
2.957999999999896,0.48928977272825525,0.013963212469219933,0.010710227271744754,0.009537520758013951
2.9599999999998956,0.4893176265256977,0.013926898721225605,0.010682373474302287,0.00951271679319221
2.9619999999998954,0.4893454078845245,0.01389067941341231,0.01065459211547548,0.009487977335323305
2.963999999999895,0.48937311699312486,0.013854554300172007,0.010626883006875143,0.009463302216649927
2.965999999999895,0.4894007540393979,0.013818523136535452,0.010599245960602077,0.009438691269845534
2.9679999999998947,0.48942831921075425,0.013782585678170426,0.010571680789245752,0.009414144328019514
2.9699999999998945,0.48945581269411703,0.013746741681380164,0.010544187305882968,0.009389661224717294
2.9719999999998943,0.48948323467592325,0.013710990903101645,0.010516765324076749,0.009365241793913792
2.973999999999894,0.48951058534212505,0.013675333100904024,0.010489414657874951,0.009340885870020632
2.975999999999894,0.489537864878191,0.013639768032986872,0.01046213512180899,0.009316593287877317
2.9779999999998936,0.4895650734691074,0.013604295458178726,0.010434926530892619,0.009292363882753452
2.9799999999998934,0.48959221129937924,0.013568915135935193,0.010407788700620757,0.009268197490342966
2.981999999999893,0.48961927855303194,0.013533626826337585,0.010380721446968055,0.009244093946774501
2.983999999999893,0.4896462754136121,0.01349843029009106,0.010353724586387891,0.009220053088594637
2.9859999999998927,0.48967320206418913,0.013463325288523087,0.010326797935810872,0.00919607475278389
2.9879999999998925,0.4897000586873563,0.013428311583581933,0.010299941312643723,0.009172158776742267
2.9899999999998923,0.48972684546523193,0.013393388937834944,0.01027315453476807,0.009148304998290946
2.991999999999892,0.48975356257946084,0.013358557114466927,0.010246437420539156,0.009124513255674482
2.993999999999892,0.4897802102112154,0.01332381587727855,0.010219789788784572,0.009100783387558431
2.9959999999998916,0.4898067885411968,0.013289164990684763,0.010193211458803197,0.0090771152330264
2.9979999999998914,0.48983329774963624,0.013254604219713289,0.010166702250363757,0.00905350863158505
2.999999999999891,0.48985973801629623,0.013220133330002796,0.010140261983703769,0.009029963423151599
3.001999999999891,0.48988610952047185,0.013185752087801554,0.010113890479528154,0.009006479448066873
3.0039999999998908,0.48991241244099176,0.01315146025996568,0.010087587559008238,0.008983056547079538
3.0059999999998905,0.4899386469562197,0.01311725761395765,0.010061353043780308,0.008959694561359144
3.0079999999998903,0.4899648132440554,0.013083143917844707,0.010035186755944614,0.008936393332482806
3.00999999999989,0.48999091148193596,0.013049118940297194,0.010009088518064035,0.008913152702443361
3.01199999999989,0.49001694184683714,0.01301518245058723,0.00998305815316286,0.008889972513645594
3.0139999999998897,0.4900429045152743,0.01298133421858684,0.009957095484725675,0.008866852608897469
3.0159999999998894,0.49006879966330386,0.012947574014766558,0.009931200336696144,0.008843792831421782
3.017999999999889,0.49009462746652427,0.012913901610193911,0.009905372533475731,0.00882079302484906
3.019999999999889,0.49012038810007735,0.012880316776531711,0.009879611899922647,0.0087978530332119
3.0219999999998888,0.49014608173864943,0.012846819286036707,0.00985391826135057,0.008774972700954509
3.0239999999998886,0.4901717085564726,0.012813408911557843,0.009828291443527426,0.008752151872921554
3.0259999999998883,0.49019726872732566,0.012780085426534882,0.009802731272674337,0.008729390394361769
3.027999999999888,0.49022276242453566,0.012746848604996756,0.009777237575464337,0.008706688110927008
3.029999999999888,0.4902481898209788,0.012713698221560073,0.009751810179021214,0.008684044868670804
3.0319999999998877,0.49027355108908166,0.012680634051427615,0.00972644891091834,0.00866146051404637
3.0339999999998875,0.49029884640082244,0.012647655870386758,0.009701153599177559,0.008638934893905104
3.0359999999998872,0.4903240759277321,0.012614763454808,0.009675924072267916,0.008616467855499632
3.037999999999887,0.49034923984089535,0.01258195658164337,0.009650760159104654,0.00859405924647666
3.039999999999887,0.4903743383109522,0.012549235028425108,0.009625661689047826,0.008571708914885068
3.0419999999998866,0.4903993715080987,0.01251659857326383,0.009600628491901297,0.008549416709159818
3.0439999999998864,0.4904243396020884,0.012484046994847436,0.009575660397911578,0.008527182478136996
3.045999999999886,0.4904492427622333,0.012451580072439196,0.009550757237766716,0.008505006071040044
3.047999999999886,0.49047408115740504,0.01241919758587654,0.00952591884259496,0.00848288733749275
3.0499999999998857,0.4904988549560362,0.012386899315569397,0.009501145043963821,0.008460826127502208
3.0519999999998855,0.49052356432612115,0.012354685042498856,0.009476435673878847,0.008438822291470971
3.0539999999998853,0.4905482094352176,0.01232255454821556,0.009451790564782403,0.00841687568018823
3.055999999999885,0.49057279045044727,0.012290507614838303,0.009427209549552729,0.008394986144829364
3.057999999999885,0.4905973075384974,0.012258544025052468,0.009402692461502604,0.008373153536960054
3.0599999999998846,0.4906217608656216,0.012226663562108614,0.009378239134378408,0.008351377708530117
3.0619999999998844,0.4906461505976412,0.012194866009821097,0.009353849402358783,0.008329658511877891
3.063999999999884,0.49067047689994636,0.012163151152566328,0.009329523100053638,0.00830799579971836
3.065999999999884,0.4906947399374969,0.012131518775281578,0.009305260062503096,0.008286389425155694
3.0679999999998837,0.49071893987482385,0.012099968663463415,0.009281060125176155,0.00826483924167648
3.0699999999998835,0.4907430768760302,0.012068500603166311,0.009256923123969807,0.008243345103143729
3.0719999999998833,0.4907671511047922,0.012037114381001045,0.009232848895207812,0.008221906863802919
3.073999999999883,0.49079116272436046,0.012005809784133405,0.009208837275639536,0.008200524378281171
3.075999999999883,0.49081511189756105,0.011974586600282684,0.009184888102438948,0.008179197501579305
3.0779999999998826,0.4908389987867965,0.011943444617720258,0.009161001213203512,0.00815792608907745
3.0799999999998824,0.49086282355404703,0.011912383625268136,0.009137176445952966,0.008136709996532765
3.081999999999882,0.4908865863608716,0.011881403412297499,0.009113413639128376,0.008115549080074558
3.083999999999882,0.4909102873684091,0.011850503768727412,0.009089712631590918,0.008094443196210055
3.0859999999998817,0.4909339267373791,0.01181968448502306,0.009066073262620877,0.008073392201814356
3.0879999999998815,0.4909575046280835,0.011788945352194824,0.009042495371916481,0.00805239595414331
3.0899999999998813,0.4909810212004071,0.011758286161796486,0.009018978799592903,0.008031454310814534
3.091999999999881,0.49100447661381896,0.011727706705923912,0.008995523386181037,0.008010567129821511
3.093999999999881,0.4910278710273734,0.011697206777213644,0.008972128972626614,0.007989734269524096
3.0959999999998806,0.4910512045997111,0.011666786168841575,0.008948795400288923,0.007968955588655235
3.0979999999998804,0.49107447748906013,0.011636444674521396,0.008925522510939865,0.007948230946309642
3.09999999999988,0.49109768985323715,0.011606182088503366,0.008902310146762848,0.007927560201952732
3.10199999999988,0.49112084184964827,0.011575998205572792,0.00887915815035173,0.007906943215412965
3.1039999999998797,0.49114393363529035,0.011545892821048724,0.008856066364709647,0.007886379846885394
3.1059999999998795,0.4911669653667519,0.011515865730782426,0.008833034633248082,0.007865869956924176
3.1079999999998793,0.49118993720021425,0.011485916731156133,0.008810062799785745,0.007845413406450508
3.109999999999879,0.4912128492914524,0.011456045619081675,0.008787150708547575,0.007825010056745796
3.111999999999879,0.4912357017958364,0.011426252191998932,0.008764298204163579,0.007804659769452771
3.1139999999998786,0.4912584948683322,0.011396536247874702,0.008741505131667826,0.007784362406575207
3.1159999999998784,0.4912812286635026,0.011366897585201104,0.0087187713364974,0.007764117830471984
3.117999999999878,0.4913039033355086,0.011337336002994384,0.008696096664491393,0.007743925903862858
3.119999999999878,0.4913265190381102,0.011307851300793446,0.008673480961889801,0.0077237864898241915
3.1219999999998778,0.49134907592466753,0.011278443278658557,0.008650924075332467,0.00770369945178867
3.1239999999998775,0.49137157414814187,0.011249111737169902,0.008628425851858135,0.007683664653541977
3.1259999999998773,0.4913940138610967,0.011219856477426418,0.008605986138903288,0.007663681959228341
3.127999999999877,0.4914163952156988,0.011190677301044111,0.008583604784301202,0.007643751233338936
3.129999999999877,0.4914387183637191,0.011161574010155112,0.008561281636280893,0.007623872340724758
3.1319999999998767,0.49146098345653394,0.01113254640740608,0.00853901654346606,0.007604045146582361
3.1339999999998764,0.49148319064512586,0.01110359429595688,0.008516809354874144,0.007584269516460018
3.135999999999876,0.49150534008008484,0.011074717479479315,0.00849465991991516,0.007564545316259386
3.137999999999876,0.49152743191160914,0.011045915762155824,0.008472568088390864,0.0075448724122268995
3.139999999999876,0.49154946628950646,0.011017188948678105,0.008450533710493535,0.007525250670959827
3.1419999999998756,0.49157144336319497,0.01098853684424568,0.008428556636805029,0.007505679959398215
3.1439999999998753,0.4915933632817041,0.01095995925456474,0.00840663671829589,0.0074861601448307225
3.145999999999875,0.4916152261936758,0.010931455985846845,0.008384773806324186,0.007466691094893396
3.147999999999875,0.49163703224736544,0.010903026844807434,0.008362967752634565,0.007447272677562122
3.1499999999998747,0.49165878159064275,0.010874671638664709,0.008341218409357254,0.007427904761159565
3.1519999999998745,0.49168047437099305,0.010846390175138136,0.008319525629006952,0.007408587214348894
3.1539999999998742,0.49170211073551795,0.010818182262447275,0.00829788926448205,0.0073893199061340065
3.155999999999874,0.4917236908309366,0.010790047709310484,0.008276309169063412,0.007370102705863746
3.157999999999874,0.49174521480358646,0.010761986324943514,0.008254785196413539,0.007350935483221965
3.1599999999998736,0.4917666827994246,0.010733997919058408,0.008233317200575407,0.007331818108236132
3.1619999999998734,0.4917880949640283,0.010706082301861895,0.00821190503597169,0.007312750451264061
3.163999999999873,0.4918094514425964,0.010678239284054519,0.008190548557403587,0.0072937323830107315
3.165999999999873,0.49183075237995005,0.010650468676828968,0.008169247620049946,0.00727476377450792
3.1679999999998727,0.4918519979205338,0.010622770291869019,0.008148002079466199,0.007255844497128849
3.1699999999998725,0.4918731882084165,0.01059514394134812,0.008126811791583477,0.007236974422577425
3.1719999999998723,0.4918943233872924,0.010567589437928215,0.008105676612707613,0.007218153422895446
3.173999999999872,0.4919154036004819,0.010540106594758602,0.008084596399518085,0.007199381370458058
3.175999999999872,0.4919364289909329,0.010512695225474333,0.008063571009067128,0.007180658137965312
3.1779999999998716,0.49195739970122127,0.01048535514419517,0.008042600298778735,0.007161983598455102
3.1799999999998714,0.49197831587355234,0.010458086165524414,0.008021684126447659,0.007143357625294278
3.181999999999871,0.4919991776497614,0.010430888104547379,0.008000822350238579,0.007124780092173932
3.183999999999871,0.49201998517131507,0.010403760776830395,0.007980014828684934,0.007106250873121778
3.1859999999998707,0.4920407385793119,0.010376703998419341,0.00795926142068809,0.007087769842485492
3.1879999999998705,0.4920614380144836,0.010349717585838556,0.007938561985516401,0.007069336874943377
3.1899999999998703,0.4920820836171958,0.010322801356089513,0.007917916382804202,0.007050951845499365
3.19199999999987,0.4921026755274491,0.010295955126649629,0.007897324472550926,0.007032614629482681
3.19399999999987,0.49212321388488,0.010269178715471035,0.007876786115119994,0.00701432510254818
3.1959999999998696,0.49214369882876197,0.010242471940979244,0.007856301171238034,0.006996083140668685
3.1979999999998694,0.4921641304980061,0.010215834622071967,0.007835869501993886,0.006977888620144035
3.199999999999869,0.49218450903116234,0.010189266578117908,0.007815490968837657,0.006959741417596421
3.201999999999869,0.4922048345664203,0.01016276762895568,0.0077951654335797205,0.006941641409969057
3.2039999999998687,0.49222510724161006,0.010136337594892299,0.00777489275838994,0.006923588474518405
3.2059999999998685,0.49224532719420344,0.010109976296702104,0.007754672805796559,0.00690558248882861
3.2079999999998683,0.4922654945613147,0.010083683555625542,0.007734505438685313,0.006887623330799231
3.209999999999868,0.4922856094797014,0.010057459193367996,0.007714390520298597,0.006869710878646296
3.211999999999868,0.4923056720857656,0.010031303032098576,0.007694327914234411,0.006851845010904023
3.2139999999998676,0.4923256825155545,0.01000521489444877,0.007674317484445525,0.0068340256064191585
3.2159999999998674,0.4923456409047615,0.009979194603511429,0.007654359095238483,0.006816252544357915
3.217999999999867,0.4923655473887272,0.009953241982839384,0.007634452611272824,0.006798525704196479
3.219999999999867,0.4923854021024401,0.009927356856444445,0.007614597897559916,0.006780844965731447
3.2219999999998667,0.49240520518053765,0.009901539048796055,0.007594794819462347,0.006763210209063286
3.2239999999998665,0.4924249567573073,0.009875788384820169,0.007575043242692703,0.00674562131461226
3.2259999999998663,0.4924446569666871,0.009850104689898052,0.0075553430333129,0.006728078163103057
3.227999999999866,0.4924643059422668,0.009824487789865109,0.007535694057733189,0.006710580635574448
3.229999999999866,0.49248390381728885,0.009798937511009723,0.007516096182711152,0.0066931286133742884
3.2319999999998656,0.492503450724649,0.00977345368007191,0.007496549275350983,0.006675721978154359
3.2339999999998654,0.4925229467968975,0.009748036124242382,0.0074770532031024906,0.006658360611882019
3.235999999999865,0.49254239216623985,0.009722684671161299,0.007457607833760149,0.006641044396828166
3.237999999999865,0.4925617869645377,0.009697399148917008,0.007438213035462327,0.006623773215567008
3.2399999999998648,0.4925811313233098,0.009672179386045027,0.007418868676690227,0.006606546950982839
3.2419999999998645,0.49260042537373283,0.009647025211526654,0.007399574626267169,0.00658936548625827
3.2439999999998643,0.4926196692466424,0.009621936454788017,0.007380330753357589,0.006572228704887162
3.245999999999864,0.4926388630725338,0.009596912945698921,0.007361136927466205,0.006555136490663027
3.247999999999864,0.4926580069815629,0.00957195451457159,0.007341993018437076,0.00653808872768058
3.2499999999998637,0.49267710110354723,0.009547060992159505,0.0073228988964527675,0.00652108530033535
3.2519999999998634,0.49269614556796654,0.009522232209656357,0.007303854432033463,0.0065041260933255685
3.2539999999998632,0.4927151405039639,0.009497467998694721,0.007284859496036078,0.00648721099164784
3.255999999999863,0.49273408604034663,0.009472768191345194,0.0072659139596533695,0.006470339880601472
3.257999999999863,0.49275298230558684,0.009448132620115068,0.00724701769441316,0.006453512645778925
3.2599999999998626,0.4927718294278227,0.009423561117947187,0.007228170572177284,0.0064367291730743625
3.2619999999998623,0.49279062753485914,0.009399053518218844,0.007209372465140862,0.006419989348675714
3.263999999999862,0.49280937675416864,0.009374609654740726,0.007190623245831362,0.006403293059069171
3.265999999999862,0.4928280772128921,0.009350229361755693,0.007171922787107876,0.006386640191032744
3.2679999999998617,0.49284672903784,0.009325912473937678,0.007153270962160008,0.006370030631644263
3.2699999999998615,0.4928653323554928,0.009301658826390585,0.007134667644507209,0.006353464268269993
3.2719999999998612,0.4928838872920021,0.009277468254647103,0.00711611270799789,0.006336940988570794
3.273999999999861,0.49290239397319147,0.00925334059466776,0.007097606026808534,0.006320460680502515
3.275999999999861,0.49292085252455714,0.009229275682839584,0.00707914747544286,0.006304023232308553
3.2779999999998606,0.4929392630712691,0.009205273355975211,0.007060736928730882,0.0062876285325268455
3.2799999999998604,0.49295762573817176,0.00918133345131154,0.007042374261828244,0.006271276469978937
3.28199999999986,0.4929759406497848,0.009157455806508898,0.007024059350215217,0.006254966933783523
3.28399999999986,0.4929942079303041,0.009133640259649741,0.007005792069695926,0.0062386998133417415
3.2859999999998597,0.49301242770360254,0.009109886649237637,0.00698757229639746,0.006222474998344829
3.2879999999998595,0.4930306000932309,0.009086194814196164,0.0069693999067690915,0.006206292378769296
3.2899999999998593,0.49304872522241866,0.009062564593867763,0.00695127477758134,0.006190151844878755
3.291999999999859,0.4930668032140747,0.009038995828012658,0.0069331967859253,0.006174053287220704
3.293999999999859,0.4930848341907883,0.009015488356807934,0.0069151658092116985,0.0061579965966322425
3.2959999999998586,0.49310281827483,0.008992042020846254,0.00689718172517001,0.006141981664229912
3.2979999999998584,0.49312075558815227,0.00896865666113483,0.006879244411847729,0.006126008381412751
3.299999999999858,0.49313864625239046,0.008945332119094387,0.006861353747609544,0.0061100766398642925
3.301999999999858,0.49315649038886356,0.008922068236558054,0.006843509611136445,0.006094186331550122
3.3039999999998577,0.4931742881185751,0.008898864855770298,0.00682571188142489,0.006078337348716156
3.3059999999998575,0.49319203956221386,0.008875721819385816,0.0068079604377861425,0.006062529583886644
3.3079999999998573,0.4932097448401548,0.008852638970468611,0.0067902551598452154,0.006046762929871219
3.309999999999857,0.49322740407245974,0.00882961615249074,0.006772595927540259,0.006031037279750295
3.311999999999857,0.4932450173788784,0.008806653209331366,0.006754982621121619,0.006015352526888118
3.3139999999998566,0.49326258487884894,0.008783749985275648,0.006737415121151058,0.005999708564923767
3.3159999999998564,0.49328010669149897,0.008760906325013739,0.006719893308501035,0.005984105287772878
3.317999999999856,0.49329758293564624,0.008738122073639758,0.006702417064353761,0.0059685425896292554
3.319999999999856,0.4933150137297995,0.00871539707665055,0.006684986270200477,0.005953020364957651
3.3219999999998557,0.49333239919215943,0.008692731179944839,0.006667600807840568,0.005937538508502593
3.3239999999998555,0.49334973944061905,0.00867012422982211,0.006650260559380949,0.005922096915277564
3.3259999999998553,0.49336703459276504,0.008647576072981647,0.006632965407234959,0.005906695480574653
3.327999999999855,0.4933842847658781,0.008625086556521278,0.0066157152341219105,0.005891334099948908
3.329999999999855,0.49340149007693396,0.008602655527936579,0.006598509923066043,0.005876012669238095
3.3319999999998546,0.4934186506426042,0.008580282835119739,0.006581349357395794,0.005860731084544324
3.3339999999998544,0.4934357665792569,0.008557968326358455,0.006564233420743082,0.005845489242239599
3.335999999999854,0.4934528380029576,0.008535711850335075,0.006547161997042417,0.00583028703896965
3.337999999999854,0.4934698650294698,0.00851351325612541,0.006530134970530177,0.005815124371644442
3.3399999999998538,0.4934868477742562,0.008491372393197782,0.006513152225743779,0.005800001137444777
3.3419999999998535,0.49350378635247905,0.008469289111411996,0.006496213647520954,0.005784917233817688
3.3439999999998533,0.4935206808790011,0.0084472632610184,0.0064793191209989165,0.005769872558478273
3.345999999999853,0.4935375314683864,0.008425294692656687,0.0064624685316135855,0.005754867009404696
3.347999999999853,0.49355433823490114,0.008403383257355025,0.006445661765098865,0.005739900484842797
3.3499999999998527,0.4935711012925142,0.008381528806528996,0.006428898707485808,0.005724972883303814
3.3519999999998524,0.49358782075489815,0.008359731191980647,0.0064121792451018456,0.0057100841035624406
3.353999999999852,0.49360449673542994,0.008337990265897403,0.006395503264570057,0.005695234044654385
3.355999999999852,0.49362112934719166,0.00831630588085108,0.006378870652808344,0.005680422605880198
3.3579999999998518,0.49363771870297124,0.008294677889797,0.00636228129702876,0.005665649686801333
3.3599999999998515,0.4936542649152634,0.008273106146072781,0.006345735084736626,0.005650915187240396
3.3619999999998513,0.4936707680962702,0.008251590503397504,0.006329231903729804,0.00563621900728159
3.363999999999851,0.49368722835790196,0.008230130815870717,0.006312771642098036,0.0056215610472670485
3.365999999999851,0.4937036458117779,0.008208726937971332,0.006296354188222109,0.005606941207799948
3.3679999999998507,0.493720020569227,0.008187378724556875,0.0062799794307730195,0.005592359389744395
3.3699999999998504,0.4937363527412887,0.00816608603086213,0.0062636472587113134,0.005577815494214544
3.3719999999998502,0.4937526424387137,0.008144848712498489,0.006247357561286304,0.005563309422588647
3.37399999999985,0.4937688897719646,0.008123666625452866,0.006231110228035408,0.005548841076497502
3.37599999999985,0.49378509485121674,0.008102539626086579,0.006214905148783256,0.005534410357830338
3.3779999999998496,0.493801257786359,0.008081467571134692,0.006198742213640973,0.005520017168732877
3.3799999999998493,0.49381737868699443,0.00806045031770467,0.006182621313005565,0.005505661411598167
3.381999999999849,0.49383345766244097,0.008039487723275717,0.006166542337559033,0.005491342989082493
3.383999999999849,0.49384949482173235,0.008018579645697655,0.006150505178267651,0.005477061804089828
3.3859999999998487,0.4938654902736187,0.007997725943189975,0.006134509726381299,0.005462817759776417
3.3879999999998485,0.49388144412656737,0.007976926474340909,0.0061185558734326295,0.005448610759552719
3.3899999999998482,0.4938973564887636,0.007956181098106427,0.006102643511236405,0.005434440707077909
3.391999999999848,0.4939132274681112,0.007935489673809385,0.006086772531888773,0.005420307506263405
3.393999999999848,0.4939290571722335,0.007914852061138379,0.00607094282776649,0.0054062110612693726
3.3959999999998476,0.4939448457084738,0.00789426812014702,0.006055154291526199,0.005392151276508217
3.3979999999998474,0.4939605931838963,0.007873737711252798,0.0060394068161037096,0.0053781280566373435
3.399999999999847,0.4939762997052868,0.00785326069523625,0.006023700294713219,0.0053641413065644294
3.401999999999847,0.49399196537915324,0.007832836933239903,0.006008034620846758,0.005350190931441262
3.4039999999998467,0.49400759031172675,0.007812466286767547,0.005992409688273248,0.005336276836673232
3.4059999999998465,0.4940231746089621,0.007792148617683012,0.005976825391037888,0.00532239892790351
3.4079999999998463,0.4940387183765385,0.007771883788209527,0.00596128162346149,0.005308557111025153
3.409999999999846,0.49405422171986035,0.00775167166092852,0.005945778280139646,0.005294751292173772
3.411999999999846,0.49406968474405794,0.0077315120987787814,0.005930315255942065,0.005280981377730254
3.4139999999998456,0.49408510755398805,0.007711404965055619,0.0059148924460119545,0.005267247274319153
3.4159999999998454,0.49410049025423486,0.007691350123409809,0.005899509745765141,0.005253548888809634
3.417999999999845,0.49411583294911054,0.007671347437846842,0.005884167050889455,0.0052398861283113884
3.419999999999845,0.494131135742656,0.007651396772725695,0.005868864257344009,0.00522625890017292
3.4219999999998447,0.4941463987386415,0.007631497992758314,0.0058536012613584765,0.005212667111989505
3.4239999999998445,0.4941616220405675,0.0076116509630083885,0.005838377959432484,0.005199110671589624
3.4259999999998443,0.4941768057516653,0.007591855548890485,0.005823194248334718,0.005185589487047698
3.427999999999844,0.4941919499748976,0.007572111616169221,0.005808050025102374,0.005172103466674155
3.429999999999844,0.49420705481295957,0.007552419030958343,0.0057929451870404325,0.005158652519018314
3.4319999999998436,0.494222120368279,0.0075327776597197025,0.005777879631720995,0.005145236552867
3.4339999999998434,0.49423714674301755,0.007513187369262604,0.0057628532569824475,0.0051318554772487035
3.435999999999843,0.49425213403907103,0.007493648026742599,0.005747865960928966,0.005118509201419763
3.437999999999843,0.4942670823580704,0.007474159499660831,0.005732917641929625,0.005105197634880682
3.4399999999998427,0.4942819918013821,0.00745472165586288,0.0057180081986178966,0.0050919206873600575
3.4419999999998425,0.4942968624701092,0.007435334363538117,0.005703137529890823,0.005078678268829462
3.4439999999998423,0.4943116944650916,0.007415997491218715,0.0056883055349084,0.005065470289489393
3.445999999999842,0.49432648788690714,0.007396710907778745,0.00567351211309286,0.005052296659774552
3.447999999999842,0.494341242835872,0.007377474482433268,0.005658757164128003,0.0050391572903520365
3.4499999999998416,0.49435595941204147,0.007358288084737506,0.005644040587958532,0.005026052092122091
3.4519999999998414,0.4943706377152106,0.007339151584585845,0.005629362284789385,0.005012980976216108
3.453999999999841,0.49438527784491504,0.007320064852211131,0.005614722155084961,0.004999943854000044
3.455999999999841,0.4943998799004314,0.007301027758183654,0.005600120099568617,0.004986940637064535
3.4579999999998408,0.4944144439807782,0.007282040173410314,0.005585556019221782,0.004973971237235086
3.4599999999998405,0.4944289701847165,0.00726310196913372,0.0055710298152835125,0.004961035566561883
3.4619999999998403,0.49444345861075034,0.007244213016931366,0.0055565413892496585,0.004948133537328897
3.46399999999984,0.49445790935712775,0.007225373188714701,0.005542090642872255,0.004935265062045363
3.46599999999984,0.4944723225218412,0.007206582356728351,0.005527677478158799,0.004922430053449167
3.4679999999998397,0.4944866982026283,0.0071878403935490874,0.005513301797371695,0.004909628424501433
3.4699999999998394,0.49450103649697247,0.007169147172085152,0.005498963503027532,0.004896860088395155
3.471999999999839,0.49451533750210364,0.007150502565575269,0.005484662497896364,0.004884124958546704
3.473999999999839,0.4945296013149988,0.0071319064475878725,0.00547039868500121,0.004871422948596493
3.4759999999998388,0.49454382803238284,0.007113358692020206,0.005456171967617163,0.0048587539724122275
3.4779999999998386,0.49455801775072905,0.007094859173097347,0.005441982249270949,0.004846117944080325
3.4799999999998383,0.4945721705662598,0.007076407765371645,0.0054278294337402055,0.004833514777917575
3.481999999999838,0.49458628657494724,0.0070580043437215275,0.005413713425052757,0.00482094438845887
3.483999999999838,0.49460036587251394,0.0070396487833509465,0.005399634127486064,0.0048084066904644784
3.4859999999998377,0.4946144085544335,0.007021340959788393,0.0053855914455664955,0.00479590159891416
3.4879999999998375,0.4946284147159313,0.0070030807488859915,0.005371585284068725,0.004783429029008024
3.4899999999998372,0.49464238445198494,0.00698486802681887,0.00535761554801506,0.004770988896169254
3.491999999999837,0.4946563178573251,0.006966702670084034,0.005343682142674888,0.004758581116036303
3.493999999999837,0.4946702150264361,0.006948584555499759,0.0053297849735639,0.004746205604474502
3.4959999999998366,0.4946840760535565,0.00693051356020469,0.005315923946443479,0.0047338622775632555
3.4979999999998364,0.49469790103267985,0.006912489561656928,0.005302098967320146,0.004721551051598466
3.499999999999836,0.4947116900575551,0.006894512437633346,0.005288309942444891,0.004709271843097967
3.501999999999836,0.49472544322168754,0.0068765820662285496,0.005274556778312456,0.004697024568795283
3.5039999999998357,0.4947391606183393,0.006858698325854367,0.00526083938166072,0.004684809145641733
3.5059999999998355,0.49475284234052974,0.006840861095238725,0.0052471576594702585,0.004672625490797805
3.5079999999998353,0.4947664884810366,0.006823070253424956,0.005233511518963396,0.004660473521648584
3.509999999999835,0.4947800991323961,0.00680532567977096,0.005219900867603877,0.004648353155787183
3.511999999999835,0.494793674386904,0.006787627253948361,0.0052063256130959745,0.004636264311026289
3.5139999999998346,0.4948072143366159,0.006769974855941736,0.005192785663384103,0.004624206905388173
3.5159999999998344,0.494820719073348,0.006752368366047838,0.005179280926651986,0.0046121808571120415
3.517999999999834,0.4948341886886778,0.006734807664874635,0.00516581131132221,0.004600186084644298
3.519999999999834,0.4948476232739445,0.006717292633340641,0.0051523767260555076,0.004588222506649364
3.5219999999998337,0.49486102292024986,0.006699823152674089,0.00513897707975014,0.00457629004200108
3.5239999999998335,0.4948743877184587,0.006682399104412045,0.005125612281541292,0.004564388609782921
3.5259999999998333,0.4948877177591995,0.006665020370399721,0.005112282240800514,0.004552518129290306
3.527999999999833,0.49490101313286505,0.006647686832789568,0.005098986867134947,0.004540678520028929
3.529999999999833,0.4949142739296131,0.006630398374040563,0.005085726070386876,0.004528869701710847
3.5319999999998326,0.49492750023936694,0.006613154876917251,0.005072499760633065,0.004517091594258116
3.5339999999998324,0.4949406921518159,0.0065959562244892,0.005059307848184091,0.004505344117805066
3.535999999999832,0.49495384975641615,0.006578802300130005,0.005046150243583847,0.004493627192687671
3.537999999999832,0.4949669731423912,0.006561692987516604,0.005033026857608813,0.00448194073945371
3.5399999999998317,0.49498006239873243,0.0065446281706284136,0.005019937601267566,0.004470284678854408
3.5419999999998315,0.49499311761419995,0.0065276077337466714,0.005006882385800049,0.004458658931850212
3.5439999999998313,0.49500613887732287,0.006510631561453435,0.0049938611226771346,0.004447063419601799
3.545999999999831,0.4950191262764001,0.006493699538630972,0.004980873723599899,0.004435498063482313
3.547999999999831,0.49503207989950104,0.006476811550461008,0.004967920100498957,0.004423962785066793
3.5499999999998306,0.49504499983446587,0.006459967482423803,0.004955000165534129,0.004412457506128037
3.5519999999998304,0.49505788616890645,0.006443167220297448,0.004942113831093553,0.004400982148651089
3.55399999999983,0.49507073899020676,0.0064264106501570875,0.00492926100979324,0.004389536634818669
3.55599999999983,0.4950835583855235,0.00640969765837417,0.004916441614476519,0.004378120887016973
3.5579999999998297,0.49509634444178674,0.006393028131615626,0.00490365555821326,0.004366734827835644
3.5599999999998295,0.4951090972457004,0.006376401956843155,0.0048909027542995975,0.004355378380061642
3.5619999999998293,0.495121816883743,0.006359819021312418,0.004878183116256984,0.0043440514666892305
3.563999999999829,0.49513450344216814,0.006343279212572266,0.004865496557831861,0.004332754010906825
3.565999999999829,0.49514715700700507,0.006326782418464141,0.004852842992994932,0.004321485936106484
3.5679999999998286,0.49515977766405933,0.006310328527120906,0.004840222335940669,0.0043102471658730546
3.5699999999998284,0.49517236549891325,0.0062939174269665485,0.004827634501086753,0.00429903762399958
3.571999999999828,0.4951849205969267,0.006277549006715235,0.004815079403073297,0.004287857234473669
3.573999999999828,0.49519744304323743,0.0062612231553703865,0.0048025569567625714,0.004276705921474833
3.5759999999998278,0.4952099329227619,0.006244939762224338,0.004790067077238114,0.004265583609391277
3.5779999999998275,0.4952223903201956,0.006228698716857135,0.0047776096798043954,0.0042544902227944215
3.5799999999998273,0.4952348153200139,0.006212499909136036,0.004765184679986101,0.004243425686461771
3.581999999999827,0.4952472080064723,0.006196343229214768,0.004752791993527683,0.004232389925362956
3.583999999999827,0.49525956846360736,0.006180228567532731,0.004740431536392642,0.00422138286466428
3.5859999999998267,0.495271896775237,0.0061641558148142084,0.004728103224763025,0.00421040442972373
3.5879999999998264,0.49528419302496113,0.00614812486206766,0.004715806975038872,0.004199454546094744
3.589999999999826,0.4952964572961623,0.006132135600585096,0.004703542703837715,0.00418853313952508
3.591999999999826,0.49530868967200614,0.006116187921941096,0.004691310327993858,0.004177640135955729
3.593999999999826,0.4953208902354421,0.0061002817179923695,0.004679109764557876,0.004166775461521471
3.5959999999998256,0.4953330590692039,0.006084416880876777,0.004666940930796115,0.004155939042543966
3.5979999999998253,0.4953451962558099,0.006068593303012696,0.004654803744190084,0.004145130805541297
3.599999999999825,0.4953573018775641,0.006052810877098321,0.004642698122435895,0.004134350677222454
3.601999999999825,0.49536937601655634,0.006037069496110898,0.00463062398344366,0.004123598584486188
3.6039999999998247,0.49538141875466296,0.006021369053305923,0.004618581245337039,0.004112874454419463
3.6059999999998245,0.49539343017354737,0.006005709442216658,0.004606569826452633,0.004102178214303864
3.6079999999998242,0.4954054103546607,0.0059900905566531906,0.00459458964533932,0.004091509791605608
3.609999999999824,0.4954173593792421,0.005974512290701693,0.004582640620757916,0.004080869113977065
3.611999999999824,0.49542927732831954,0.00595897453872383,0.0045707226716804605,0.0040702561092658684
3.6139999999998236,0.49544116428271023,0.005943477195356047,0.0045588357172897664,0.004059670705503532
3.6159999999998234,0.49545302032302124,0.005928020155508814,0.004546979676978757,0.004049112830909252
3.617999999999823,0.49546484552965,0.0059126033143657945,0.004535154470350022,0.004038582413885883
3.619999999999823,0.49547663998278474,0.005897226567383304,0.004523360017215261,0.004028079383027072
3.6219999999998227,0.4954884037624053,0.005881889810289516,0.004511596237594673,0.004017603667111319
3.6239999999998225,0.4955001369482835,0.005866592939083895,0.004499863051716513,0.0040071551951014195
3.6259999999998223,0.4955118396199836,0.005851335850036298,0.004488160380016426,0.003996733896143662
3.627999999999822,0.49552351185686294,0.005836118439686212,0.0044764881431370585,0.003986339699568103
3.629999999999822,0.4955351537380726,0.005820940604842465,0.004464846261927391,0.003975972534895955
3.6319999999998216,0.49554676534255776,0.005805802242582011,0.00445323465744224,0.003965632331821678
3.6339999999998214,0.49555834674905824,0.00579070325024964,0.004441653250941757,0.003955319020229275
3.635999999999821,0.4955698980361092,0.005775643525457016,0.00443010196389082,0.003945032530181081
3.637999999999821,0.49558141928204136,0.005760622966082101,0.004418580717958642,0.003934772791922336
3.6399999999998207,0.4955929105649819,0.0057456414702684545,0.004407089435018108,0.003924539735882665
3.6419999999998205,0.49560437196285473,0.005730698936424514,0.004395628037145272,0.003914333292670685
3.6439999999998203,0.4956158035533812,0.005715795263223061,0.004384196446618804,0.0039041533930754546
3.64599999999982,0.4956272054140804,0.005700930349600165,0.004372794585919604,0.003893999968060363
3.64799999999982,0.4956385776222699,0.005686104094754866,0.004361422377730073,0.0038838729487792045
3.6499999999998196,0.4956499202550662,0.005671316398148334,0.004350079744933788,0.0038737722665569407
3.6519999999998194,0.4956612333893852,0.005656567159503164,0.004338766610614775,0.0038636978529014987
3.653999999999819,0.4956725171019428,0.00564185627880286,0.004327482898057178,0.0038536496394960817
3.655999999999819,0.4956837714692554,0.005627183656290851,0.0043162285307445925,0.003843627558201307
3.6579999999998187,0.4956949965676403,0.005612549192470211,0.0043050034323596775,0.0038336315410581745
3.6599999999998185,0.4957061924732165,0.005597952788102561,0.0042938075267834885,0.003823661520280769
3.6619999999998183,0.4957173592619049,0.005583394344207845,0.004282640738095089,0.0038137174282626973
3.663999999999818,0.49572849700942906,0.005568873762063191,0.004271502990570941,0.003803799197568236
3.665999999999818,0.4957396057913155,0.005554390943202577,0.004260394208684515,0.0037939067609419064
3.6679999999998176,0.4957506856828943,0.005539945789416034,0.004249314317105679,0.0037840400513032835
3.6699999999998174,0.4957617367592998,0.005525538202749101,0.004238263240700202,0.003774199001746137
3.671999999999817,0.4957727590954708,0.005511168085501939,0.004227240904529195,0.003764383545535044
3.673999999999817,0.4957837527661513,0.005496835340228825,0.0042162472338487245,0.0037545936161096083
3.6759999999998167,0.49579471784589074,0.0054825398697375075,0.004205282154109258,0.003744829147084211
3.6779999999998165,0.4958056544090449,0.005468281577088476,0.004194345590955106,0.0037350900722450953
3.6799999999998163,0.4958165625297761,0.005454060365594322,0.004183437470223927,0.0037253763255499783
3.681999999999816,0.4958274422820537,0.005439876138819121,0.004172557717946279,0.003715687841127413
3.683999999999816,0.4958382937396549,0.005425728800577627,0.004161706260345122,0.003706024553277537
3.6859999999998156,0.49584911697616474,0.005411618254934928,0.004150883023835261,0.0036963863964760424
3.6879999999998154,0.49585991206497715,0.005397544406205469,0.0041400879350228514,0.0036867733053626006
3.689999999999815,0.49587067907929505,0.005383507158952557,0.004129320920704949,0.0036771852147499673
3.691999999999815,0.49588141809213104,0.005369506417987719,0.004118581907868957,0.003667622059621234
3.6939999999998148,0.49589212917630776,0.005355542088370102,0.004107870823692239,0.0036580837751267192
3.6959999999998145,0.49590281240445855,0.005341614075405617,0.004097187595541452,0.003648570296586523
3.6979999999998143,0.49591346784902784,0.005327722284646667,0.004086532150972155,0.0036390815594895543
3.699999999999814,0.49592409558227163,0.005313866621891029,0.004075904417728371,0.003629617499486204
3.701999999999814,0.495934695676258,0.005300046993181612,0.004065304323742025,0.0036201780524039717
3.7039999999998137,0.4959452682028676,0.005286263304805659,0.004054731797132394,0.0036107631542326435
3.7059999999998134,0.4959558132337942,0.005272515463294096,0.004044186766205826,0.0036013727411259855
3.7079999999998132,0.49596633084054503,0.005258803375420991,0.004033669159454967,0.0035920067494101815
3.709999999999813,0.4959768210944414,0.005245126948202791,0.004023178905558589,0.003582665115568928
3.711999999999813,0.4959872840666192,0.005231486088897841,0.004012715933380817,0.0035733477762598387
3.7139999999998126,0.4959977198280292,0.005217880705005616,0.004002280171970796,0.003564054668297456
3.7159999999998123,0.49600812844943776,0.0052043107042660745,0.003991871550562243,0.0035547857286633566
3.717999999999812,0.49601851000142705,0.005190775994659335,0.003981489998572951,0.0035455408945074818
3.719999999999812,0.4960288645543959,0.005177276484404697,0.003971135445604124,0.0035363201031380076
3.7219999999998117,0.4960391921785598,0.005163812081960084,0.003960807821440204,0.003527123292024037
3.7239999999998115,0.49604949294395184,0.005150382696021629,0.003950507056048158,0.003517950398805647
3.7259999999998112,0.49605976692042286,0.005136988235522813,0.003940233079577138,0.0035088013612774582
3.727999999999811,0.4960700141776421,0.005123628609634081,0.003929985822357873,0.0034996761174011237
3.729999999999811,0.49608023478509766,0.005110303727761865,0.003919765214902338,0.003490574605292507
3.7319999999998106,0.49609042881209675,0.005097013499548461,0.003909571187903249,0.003481496763237557
3.7339999999998104,0.4961005963277665,0.005083757834871003,0.0038994036722335146,0.0034724425296761285
3.73599999999981,0.49611073740105416,0.0050705366438409845,0.003889262598945842,0.003463411843210501
3.73799999999981,0.49612085210072776,0.005057349836803784,0.0038791478992722395,0.003454404642604131
3.7399999999998097,0.4961309404953764,0.005044197324337902,0.003869059504623573,0.0034454208667760444
3.7419999999998095,0.49614100265341093,0.005031079017254322,0.003858997346589066,0.003436460454805862
3.7439999999998093,0.49615103864306415,0.0050179948265960716,0.003848961356935854,0.0034275233459329646
3.745999999999809,0.4961610485323914,0.005004944663637475,0.003838951467608598,0.0034186094795519983
3.747999999999809,0.4961710323892712,0.004991928439883574,0.0038289676107288173,0.003409718795219674
3.7499999999998086,0.49618099028140533,0.004978946067069673,0.003819009718594668,0.0034008512326454965
3.7519999999998084,0.49619092227631967,0.004965997457160526,0.003809077723680332,0.003392006731696512
3.753999999999808,0.49620082844136437,0.004953082522349823,0.003799171558635628,0.003383185232397501
3.755999999999808,0.4962107088437145,0.0049402011750596855,0.0037892911562855125,0.003374386674930424
3.7579999999998077,0.49622056355037036,0.0049273533279399675,0.003779436449629636,0.0033656109996299255
3.7599999999998075,0.4962303926281581,0.00491453889386768,0.0037696073718418988,0.0033568581469864134
3.7619999999998073,0.49624019614373,0.0049017577859464066,0.0037598038562700054,0.0033481280576455608
3.763999999999807,0.49624997416356503,0.004889009917505733,0.003750025836434967,0.0033394206724080278
3.765999999999807,0.49625972675396923,0.00487629520210061,0.0037402732460307675,0.003330735932226686
3.7679999999998066,0.49626945398107625,0.004863613553510867,0.0037305460189237527,0.00332207377821242
3.7699999999998064,0.4962791559108477,0.004850964885740537,0.0037208440891522976,0.003313434151624106
3.771999999999806,0.49628883260907375,0.004838349113017306,0.003711167390926251,0.003304816993875803
3.773999999999806,0.49629848414137334,0.004825766149791901,0.0037015158586266583,0.0032962222465308666
3.7759999999998057,0.4963081105731948,0.004813215910737548,0.003691889426805206,0.0032876498513093044
3.7779999999998055,0.4963177119698163,0.004800698310749421,0.0036822880301837224,0.0032790997500818098
3.7799999999998053,0.49632728839634616,0.004788213264943945,0.0036727116036538443,0.0032705718848662635
3.781999999999805,0.4963368399177235,0.004775760688658398,0.0036631600822765176,0.0032620661978354226
3.783999999999805,0.4963463665987184,0.004763340497450085,0.0036536334012816085,0.00325358263130876
3.7859999999998046,0.4963558685039326,0.00475095260709606,0.0036441314960674043,0.003245121127761791
3.7879999999998044,0.4963653456977998,0.004738596933592326,0.0036346543022002242,0.0032366816298143586
3.789999999999804,0.4963747982445861,0.004726273393153505,0.0036252017554139204,0.003228264080239185
3.791999999999804,0.4963842262083905,0.004713981902211877,0.003615773791609489,0.003219868421951655
3.7939999999998038,0.4963936296531453,0.004701722377417256,0.0036063703468546815,0.003211494598023251
3.7959999999998035,0.4964030086426166,0.004689494735636175,0.0035969913573833945,0.003203142551669591
3.7979999999998033,0.4964123632404045,0.004677298893951293,0.0035876367595955028,0.0031948122262505374
3.799999999999803,0.4964216935099438,0.004665134769660925,0.0035783064900561934,0.003186503565281329
3.801999999999803,0.49643099951450437,0.004653002280278546,0.0035690004854956325,0.003178216512419979
3.8039999999998027,0.4964402813171914,0.004640901343532145,0.003559718682808577,0.0031699510114689133
3.8059999999998024,0.4964495389809461,0.004628831877363634,0.0035504610190538743,0.0031617070063787445
3.807999999999802,0.496458772568546,0.004616793799928301,0.0035412274314540193,0.0031534844412459684
3.809999999999802,0.4964679821426052,0.004604787029594332,0.00353201785739482,0.003145283260311743
3.8119999999998018,0.49647716776557504,0.004592811484942161,0.003522832234424955,0.0031371034079628324
3.8139999999998015,0.4964863294997446,0.0045808670847640905,0.003513670500255417,0.003128944828733382
3.8159999999998013,0.4964954674072407,0.004568953748063458,0.0035045325927592907,0.0031208074672939567
3.817999999999801,0.4965045815500288,0.004557071394054344,0.0034954184499711993,0.0031126912684678876
3.819999999999801,0.49651367198991314,0.004545219942160848,0.0034863280100868588,0.0031045961772176445
3.8219999999998007,0.4965227387885372,0.004533399312016756,0.003477261211462801,0.003096522138648916
3.8239999999998004,0.4965317820073841,0.004521609423464719,0.003468217992615874,0.003088469098009361
3.8259999999998002,0.49654080170777726,0.004509850196555884,0.0034591982922227427,0.0030804370006933812
3.8279999999998,0.49654979795088033,0.004498121551549464,0.003450202049119666,0.0030724257922331855
3.8299999999998,0.49655877079769817,0.004486423408911923,0.003441229202301832,0.00306443541830273
3.8319999999997996,0.4965677203090768,0.004474755689316462,0.00343227969092319,0.003056465824715582
3.8339999999997993,0.4965766465457041,0.004463118313642787,0.0034233534542958965,0.0030485169574337445
3.835999999999799,0.4965855495681101,0.004451511202976291,0.003414450431889926,0.0030405887625522543
3.837999999999799,0.49659442943666726,0.0044399342786075454,0.0034055705633327382,0.0030326811863083114
3.8399999999997987,0.49660328621159133,0.004428387462031899,0.0033967137884086673,0.0030247941750831675
3.8419999999997985,0.49661211995294124,0.004416870674948813,0.0033878800470587556,0.0030169276753897467
3.8439999999997982,0.49662093072061975,0.004405383839261386,0.0033790692793802535,0.0030090816338858295
3.845999999999798,0.4966297185743739,0.004393926877075864,0.0033702814256261204,0.003001255997368557
3.847999999999798,0.4966384835737953,0.004382499710701033,0.0033615164262046915,0.002993450712768908
3.8499999999997976,0.4966472257783206,0.004371102262647712,0.0033527742216794,0.0029856657271566667
3.8519999999997974,0.49665594524723183,0.004359734455628283,0.0033440547527681663,0.0029779009877446416
3.853999999999797,0.49666464203965693,0.004348396212556128,0.003335357960343066,0.0029701564418781745
3.855999999999797,0.49667331621457,0.004337087456545104,0.0033266837854299958,0.0029624320370388035
3.8579999999997967,0.4966819678307918,0.0043258081109089986,0.003318032169208174,0.002954727720846706
3.8599999999997965,0.49669059694699014,0.004314558099161002,0.003309403053009863,0.0029470434410570068
3.8619999999997963,0.4966992036216802,0.0043033373450133,0.0033007963783198147,0.002939379145564469
3.863999999999796,0.49670778791322495,0.004292145772376449,0.003292212086775048,0.0029317347823935858
3.865999999999796,0.49671634987983565,0.004280983305358894,0.0032836501201643498,0.00292411029970846
3.8679999999997956,0.49672488957957217,0.0042698498682663885,0.003275110420427829,0.0029165056458071714
3.8699999999997954,0.49673340707034336,0.00425874538560166,0.003266592929656642,0.0029089207691215258
3.871999999999795,0.4967419024099075,0.0042476697820636984,0.0032580975900924902,0.0029013556182158617
3.873999999999795,0.4967503756558726,0.004236622982547283,0.0032496243441273998,0.002893810141788661
3.8759999999997947,0.4967588268656969,0.004225604912142667,0.0032411731343031103,0.0028862842886775153
3.8779999999997945,0.49676725609668915,0.0042146154961347805,0.003232743903310853,0.0028787780078443903
3.8799999999997943,0.49677566340600915,0.004203654660002922,0.003224336593990851,0.002871291248390695
3.881999999999794,0.496784048850668,0.004192722329420142,0.003215951149331986,0.0028638239595463744
3.883999999999794,0.49679241248752853,0.00418181843025283,0.003207587512471466,0.0028563760906751834
3.8859999999997936,0.4968007543733057,0.004170942888560283,0.0031992456266943248,0.0028489475912737428
3.8879999999997934,0.49680907456456685,0.004160095630593883,0.003190925435433145,0.0028415384109644892
3.889999999999793,0.49681737311773244,0.00414927658279691,0.0031826268822675585,0.0028341484995093313
3.891999999999793,0.49682565008907603,0.004138485671804016,0.003174349910923968,0.002826777806795036
3.8939999999997927,0.4968339055347249,0.004127722824440531,0.0031660944652751044,0.002819426282838239
3.8959999999997925,0.49684213951066036,0.0041169879677221315,0.0031578604893396367,0.0028120938777882465
3.8979999999997923,0.49685035207271805,0.004106281028854302,0.003149647927281951,0.0028047805419215283
3.899999999999792,0.4968585432765885,0.004095601935231894,0.0031414567234114843,0.0027974862256490013
3.901999999999792,0.4968667131778174,0.0040849506144384744,0.0031332868221826127,0.0027902108795025693
3.9039999999997916,0.4968748618318059,0.004074326994246012,0.003125138168194097,0.002782954454150277
3.9059999999997914,0.49688298929381114,0.004063731002614327,0.0031170107061888608,0.0027757169003835153
3.907999999999791,0.4968910956189465,0.004053162567690508,0.00310890438105349,0.0027684981691246113
3.909999999999791,0.49689918086218215,0.004042621617808645,0.003100819137817845,0.0027612982114243456
3.9119999999997908,0.4969072450783451,0.004032108081489132,0.0030927549216548944,0.0027541169784544572
3.9139999999997905,0.49691528832212,0.004021621887438229,0.003084711677879992,0.0027469544215218272
3.9159999999997903,0.4969233106480491,0.004011162964547697,0.0030766893519508787,0.0027398104920528105
3.91799999999979,0.49693131211053293,0.00400073124189404,0.00306868788946707,0.002732685141604227
3.91999999999979,0.4969392927638304,0.003990326648738441,0.0030607072361695797,0.002725578321861599
3.9219999999997897,0.49694725266205947,0.003979949114525925,0.003052747337940531,0.0027184899846299515
3.9239999999997894,0.49695519185919723,0.003969598568885034,0.0030448081408027683,0.0027114200818434964
3.925999999999789,0.4969631104090805,0.003959274941627371,0.0030368895909195226,0.002704368565559709
3.927999999999789,0.496971008365406,0.003948978162746973,0.003028991634594025,0.0026973353879597706
3.9299999999997888,0.49697888578173083,0.0039387081624199845,0.003021114218269172,0.0026903205013518172
3.9319999999997886,0.49698674271147286,0.003928464871004179,0.003013257288527138,0.002683323858167344
3.9339999999997883,0.49699457920791096,0.0039182482190383925,0.003005420792089042,0.0026763454109601514
3.935999999999788,0.49700239532418544,0.003908058137242096,0.002997604675814558,0.002669385112409897
3.937999999999788,0.49701019111329847,0.0038978945565150483,0.0029898088867015282,0.002662442915319446
3.9399999999997877,0.49701796662811437,0.0038877574079365837,0.0029820333718856284,0.00265551877260968
3.9419999999997875,0.4970257219213599,0.0038776466227653833,0.0029742780786400913,0.0026486126373276297
3.9439999999997872,0.4970334570456248,0.003867562132438826,0.0029665429543752064,0.0026417244626421588
3.945999999999787,0.49704117205336196,0.0038575038685725936,0.002958827946638043,0.0026348542018434784
3.947999999999787,0.4970488669968879,0.0038474717629602426,0.0029511330031121163,0.0026280018083439105
3.9499999999997866,0.49705654192838306,0.003837465747572741,0.0029434580716169445,0.002621167235677374
3.9519999999997864,0.4970641968998922,0.003827485754557915,0.0029358031001078255,0.002614350437495541
3.953999999999786,0.49707183196332466,0.003817531716240121,0.002928168036675338,0.002607551367575567
3.955999999999786,0.4970794471704549,0.0038076035651196678,0.00292055282954512,0.0026007699798099027
3.9579999999997857,0.49708704257292263,0.0037977012338724476,0.0029129574270773673,0.0025940062282147625
3.9599999999997855,0.49709461822223333,0.0037878246553493993,0.002905381777766669,0.002587260066921268
3.9619999999997852,0.4971021741697585,0.0037779737625761294,0.002897825830241507,0.0025805314501847892
3.963999999999785,0.497109710466736,0.003768148488752357,0.002890289533263979,0.0025738203323764086
3.965999999999785,0.49711722716427054,0.0037583487672516055,0.0028827728357294635,0.0025671266679884452
3.9679999999997846,0.49712472431333377,0.0037485745316205876,0.0028752756866662343,0.0025604504116303745
3.9699999999997844,0.49713220196476493,0.00373882571557898,0.0028677980352350696,0.002553791518031742
3.971999999999784,0.49713966016927097,0.0037291022530187255,0.0028603398307290306,0.0025471499420333804
3.973999999999784,0.497147098977427,0.003719404078003676,0.002852901022573018,0.002540525638599467
3.9759999999997837,0.4971545184396765,0.0037097311247691962,0.002845481560323493,0.0025339185628104333
3.9779999999997835,0.49716191860633197,0.003700083327721734,0.002838081393668035,0.0025273286698638264
3.9799999999997833,0.4971692995275748,0.0036904606214382277,0.002830700472425174,0.002520755915069367
3.981999999999783,0.49717666125345616,0.003680862940665832,0.0028233387465438353,0.0025142002538601216
3.983999999999783,0.4971840038338968,0.003671290220321386,0.002815996166103174,0.002507661641778444
3.9859999999997826,0.4971913273186878,0.0036617423954909208,0.0028086726813121854,0.0025011400344853857
3.9879999999997824,0.4971986317574907,0.0036522194014294842,0.0028013682425093167,0.0024946353877597915
3.989999999999782,0.4972059171998378,0.0036427211735602454,0.00279408280016219,0.0024881476574881434
3.991999999999782,0.49721318369513273,0.003633247647474437,0.002786816304867268,0.002481676799680227
3.9939999999997817,0.4972204312926506,0.003623798758930885,0.0027795687073494113,0.0024752227704575996
3.9959999999997815,0.4972276600415383,0.003614374443855395,0.0027723399584617114,0.002468785526049913
3.9979999999997813,0.49723486999081495,0.003604974638340342,0.002765130009185046,0.002462365022806598
3.999999999999781,0.49724206118937225,0.003595599278644417,0.002757938810627747,0.0024559612171915907
