time_s,joint1_position_rad,joint1_velocity_rad_s,position_error_rad,command_torque_Nm
0.002,0.00038327942574479986,0.19163971287239992,0.4996167205742552,20.0
0.004,0.0011133091021558116,0.36501483820550584,0.4988866908978442,19.793029110097805
0.006,0.0021820845198205164,0.5343877088323524,0.4978179154801795,19.590452797708263
0.008,0.003585078945865213,0.7014972130223484,0.49641492105413476,19.37832891037483
0.01,0.0053106634188899125,0.8627922365123496,0.4946893365811101,19.15509962914304
0.012,0.007352025395603264,1.0206809883566754,0.49264797460439674,18.924781226732055
0.014,0.009704454409024623,1.1762145067106797,0.4902955455909754,18.685237995819193
0.016,0.012362709230785822,1.3291274108806,0.4876372907692142,18.435607316928337
0.018000000000000002,0.015320130129080744,1.4787104491474612,0.48467986987091927,18.17636421988797
0.020000000000000004,0.018568828647049833,1.6243492589845445,0.48143117135295016,17.90848434568931
0.022000000000000006,0.022100128856644377,1.7656501047972724,0.47789987114335564,17.63289759513346
0.024000000000000007,0.025904792328244095,1.9023317357998577,0.4740952076717559,17.35034474093695
0.02600000000000001,0.029973198958079664,2.034203314917784,0.47002680104192035,17.061476571070376
0.02800000000000001,0.03429549887010129,2.161149956010815,0.4657045011298987,16.76686872675903
0.030000000000000013,0.03886174076215457,2.28312094602664,0.46113825923784546,16.467030089185133
0.032000000000000015,0.04366197925662217,2.400119247233801,0.4563380207433778,16.16240942348718
0.034000000000000016,0.048686362954976185,2.5121918491770066,0.4513136370450238,15.853401582501311
0.03600000000000002,0.05392537074165125,2.6195038933375323,0.44607462925834873,15.540353632623944
0.03800000000000002,0.05936969048325193,2.722159870800338,0.4406303095167481,15.223481276996418
0.04000000000000002,0.06501020392654992,2.8202567216489984,0.43498979607345006,14.903052509869584
0.04200000000000002,0.07083801745180637,2.913906762628225,0.4291619825481936,14.579335121289002
0.044000000000000025,0.0768437303824561,3.002856465324862,0.42315626961754393,14.25257253929952
0.04600000000000003,0.08301969622118077,3.087982919362339,0.41698030377881923,13.923394319376895
0.04800000000000003,0.0893578301717862,3.1690669753027114,0.4106421698282138,13.591229231790429
0.05000000000000003,0.09585026869143529,3.246219259824547,0.4041497313085647,13.25661981782584
0.05200000000000003,0.10248940236092922,3.319566834746971,0.39751059763907076,12.91976999251804
0.054000000000000034,0.10926787163106406,3.3892346350674196,0.39073212836893595,12.58085707081586
0.056000000000000036,0.11617923346592003,3.4556809174279826,0.38382076653408,12.24005049969002
0.05800000000000004,0.12322151761856313,3.52114207632155,0.37677848238143685,11.897149743935216
0.06000000000000004,0.13038875498523475,3.583618683335806,0.3696112450147653,11.549997218935925
0.06200000000000004,0.1376747590651347,3.6430020399499776,0.3623252409348653,11.200831117254804
0.06400000000000004,0.14507358294469638,3.699411939780836,0.3549264170553036,10.850007597444634
0.06600000000000004,0.15256933353735547,3.747875296329539,0.34743066646264453,10.497644742431307
0.06800000000000005,0.16015514606217915,3.7929062624118353,0.3398448539378208,10.149351362176242
0.07000000000000005,0.16782514781169375,3.8350008747573057,0.3321748521883062,9.800887895100997
0.07200000000000005,0.17557436755068798,3.874609869497114,0.324425632449312,9.451993212774944
0.07400000000000005,0.1833973656045523,3.9114990269321623,0.31660263439544767,9.102415428475366
0.07600000000000005,0.1912886958402128,3.9456651178302513,0.3087113041597872,8.752606348885745
0.07800000000000006,0.19924291105999964,3.977107609893426,0.30075708894000036,8.402787048561237
0.08000000000000006,0.2072545743275746,4.0058316337874835,0.2927454256724254,8.053175947706588
0.08200000000000006,0.21531827174252563,4.0318487074755165,0.2846817282574744,7.703985393109532
0.08400000000000006,0.22342862393766139,4.055176097567875,0.2765713760623386,7.3554204228234585
0.08600000000000006,0.23158029557775892,4.075835820048771,0.26841970442224106,7.0076789449256705
0.08800000000000006,0.23976800291724484,4.0938536697429635,0.26023199708275513,6.660952356840872
0.09000000000000007,0.24798651968600066,4.109258384377916,0.25201348031399934,6.315426213567242
0.09200000000000007,0.2562263721462629,4.119926230131137,0.24377362785373707,5.971280828182057
0.09400000000000007,0.2644815548238142,4.127591338775622,0.2355184451761858,5.631018884018346
0.09600000000000007,0.2727466100384511,4.132527607318439,0.22725338996154892,5.293146468271811
0.09800000000000007,0.2810163597542344,4.134874857891658,0.2189836402457656,4.957607991143519
0.10000000000000007,0.2892857590776522,4.134699661708897,0.2107142409223478,4.624470751938967
0.10200000000000008,0.29754982419957793,4.132032560962874,0.20245017580042207,4.2938699751850145
0.10400000000000008,0.30580361809805534,4.126896949238702,0.19419638190194466,3.9659744710540084
0.10600000000000008,0.3140419981698133,4.119190035878992,0.18595800183018668,3.640958326839084
0.10800000000000008,0.3222601805908304,4.1090912105085415,0.1777398194091696,3.319130037328476
0.11000000000000008,0.33045347377146267,4.096646590316143,0.16954652622853733,3.000501565858243
0.11200000000000009,0.33861726454448066,4.081895386509002,0.16138273545551934,2.6852144588253504
0.11400000000000009,0.34674702020340964,4.064877829464499,0.15325297979659036,2.3734140317117713
0.11600000000000009,0.3548382931473181,4.045636471954204,0.14516170685268193,2.0652413623991155
0.11800000000000009,0.36288672320558474,4.024215029133326,0.13711327679441526,1.7608318021530733
0.12000000000000009,0.3708880387780449,4.000657786230081,0.12911196122195512,1.4603160426432842
0.1220000000000001,0.37883806555969063,3.9750133908228684,0.12116193444030937,1.1638206626481233
0.1240000000000001,0.3867327292777732,3.947331859041288,0.11326727072222681,0.8714639867895069
0.12600000000000008,0.3945680563364781,3.9176635293524646,0.10543194366352188,0.5833589698477848
0.12800000000000009,0.40234030529576964,3.886124479645759,0.09765969470423036,0.29961421718840997
0.1300000000000001,0.41004568948305936,3.852692093644859,0.08995431051694064,0.020263308523455592
0.1320000000000001,0.41768051439061055,3.817412453775586,0.08231948560938945,-0.25451967296723366
0.1340000000000001,0.4252411861196418,3.780335864515626,0.07475881388035821,-0.5246330294000079
0.1360000000000001,0.43272421101609726,3.741512448227743,0.06727578898390274,-0.7899833093012978
0.1380000000000001,0.4401261915800739,3.7009902819883127,0.05987380841992612,-1.0504808888716335
0.1400000000000001,0.4474438256513889,3.658817035657505,0.052556174348611095,-1.3060379451912678
0.1420000000000001,0.4546739096428215,3.615041995716307,0.045326090357178495,-1.5565700617130611
0.1440000000000001,0.4618133449896894,3.569717673433947,0.0381866550103106,-1.8019983814291671
0.1460000000000001,0.4688591436462041,3.522899328257352,0.031140856353795876,-2.042251473021523
0.1480000000000001,0.47580842962121245,3.4746429875041485,0.024191570378787552,-2.277265074105517
0.1500000000000001,0.48265843800606584,3.425004192426704,0.017341561993934163,-2.5069801723526464
0.1520000000000001,0.4894060587649136,3.37381037942388,0.01059394123508639,-2.7313417126693373
0.1540000000000001,0.4960485823456414,3.3212617903639035,0.00395141765435858,-2.9500527300204245
0.1560000000000001,0.5025837633949821,3.2675905246703367,-0.0025837633949821193,-3.1632050841895603
0.1580000000000001,0.509009475883606,3.2128562443119275,-0.00900947588360601,-3.3709410604696215
0.16000000000000011,0.515323647635234,3.1570858758139897,-0.015323647635233972,-3.573235279656168
0.16200000000000012,0.5215242597149382,3.100306039852125,-0.02152425971493821,-3.7700317812233486
0.16400000000000012,0.5276093516804405,3.042545982751162,-0.02760935168044054,-3.9612764284496533
0.16600000000000012,0.5335770299663956,2.9838391429774958,-0.033577029966395555,-4.1469200499687835
0.16800000000000012,0.5394254738760753,2.92422195483988,-0.03942547387607531,-4.326920341633318
0.17000000000000012,0.5451529421172734,2.8637341205990516,-0.04515294211727339,-4.501240909882892
0.17200000000000013,0.5507577775250848,2.8024177039057365,-0.05075777752508481,-4.669851805289987
0.17400000000000013,0.5562384107370691,2.7403166059921498,-0.056238410737069144,-4.832728804909129
0.17600000000000013,0.5615933630297067,2.67747614631878,-0.06159336302970675,-4.9898530354749155
0.17800000000000013,0.5668212484681515,2.613942719222388,-0.06682124846815152,-5.14121066750705
0.18000000000000013,0.5719207754879809,2.5497635099147318,-0.07192077548798093,-5.286792657948449
0.18200000000000013,0.5768907480043299,2.4849862581744877,-0.07689074800432993,-5.426594529433968
0.18400000000000014,0.5817300661259454,2.4196590608077226,-0.08173006612594536,-5.560616178347685
0.18600000000000014,0.5864377265375148,2.3538302057847478,-0.0864377265375148,-5.688861705845537
0.18800000000000014,0.5910128226021831,2.2875480323341892,-0.09101282260218313,-5.81133926728534
0.19000000000000014,0.5954545506403275,2.2208640190721827,-0.09545455064032748,-5.928060936421515
0.19200000000000014,0.5997622045275379,2.1538269436052326,-0.09976220452753792,-6.039046044685282
0.19400000000000014,0.6039351709851383,2.0864832288001742,-0.10393517098513827,-6.14431512470675
0.19600000000000015,0.6079729296577687,2.018879336315224,-0.10797292965776872,-6.243890068205705
0.19800000000000015,0.6118750528990942,1.9510616206627136,-0.11187505289909416,-6.337796522625974
0.20000000000000015,0.615641205298711,1.8830761998084402,-0.11564120529871103,-6.42606373662648
0.20200000000000015,0.6192711430070802,1.8149688541845737,-0.1192711430070802,-6.508724411756881
0.20400000000000015,0.6227647128974535,1.7467849451866517,-0.1227647128974535,-6.585814574467781
0.20600000000000016,0.6261218597171926,1.678573409869561,-0.12612185971719259,-6.657373461084791
0.20800000000000016,0.6293426071571764,1.6103737199918962,-0.12934260715717638,-6.723447798557265
0.21000000000000016,0.6324270660161131,1.5422294294683427,-0.1324270660161131,-6.784078006278952
0.21200000000000016,0.6353754335940285,1.4741837889577167,-0.13537543359402848,-6.839312070112866
0.21400000000000016,0.6381879924167561,1.4062794113637929,-0.13818799241675606,-6.889201132718856
0.21600000000000016,0.6408651087681081,1.3385581756759926,-0.1408651087681081,-6.9337991080340355
0.21800000000000017,0.6434072311506469,1.2710611912693959,-0.1434072311506469,-6.9731625264003165
0.22000000000000017,0.6458148887063816,1.203828777867365,-0.1458148887063816,-7.007350437295273
0.22200000000000017,0.6480886896060094,1.136900449813932,-0.1480886896060094,-7.036424326122629
0.22400000000000017,0.6502293194096807,1.0703149018356133,-0.15022931940968065,-7.060448034054308
0.22600000000000017,0.6522375394009767,1.0041099956480428,-0.15223753940097673,-7.079487678222839
0.22800000000000017,0.6541141848955772,0.9383227473002145,-0.15411418489557716,-7.093611571687112
0.23000000000000018,0.6558601635261105,0.8729893152667174,-0.15586016352611054,-7.1028901431233
0.23200000000000018,0.6574764535047356,0.8081449893125316,-0.1574764535047356,-7.107395856311139
0.23400000000000018,0.65896410186503,0.7438241801471698,-0.15896410186502996,-7.107203129501956
0.23600000000000018,0.6603242226847803,0.6800604098751849,-0.1603242226847803,-7.1023882547483685
0.23800000000000018,0.6615579953565786,0.6168863358991072,-0.16155799535657855,-7.093029317266397
0.24000000000000019,0.6626667112677012,0.5543579555613147,-0.16266671126770116,-7.07920615016225
0.2420000000000002,0.6636516625305819,0.4924756314404053,-0.16365166253058194,-7.061026406269361
0.2440000000000002,0.6645141989849412,0.431268227179674,-0.16451419898494124,-7.038542132663683
0.2460000000000002,0.6652557307376017,0.3707658763302129,-0.1652557307376017,-7.011836186577324
0.2480000000000002,0.6658777268344771,0.31099804843770457,-0.1658777268344771,-6.980995105834281
0.25000000000000017,0.6663817130571086,0.2519931113157528,-0.16638171305710858,-6.946107121816788
0.25200000000000017,0.6667692695792092,0.19377826105032805,-0.16676926957920923,-6.907261633600096
0.25400000000000017,0.6670420286559287,0.13637953835969152,-0.16704202865592865,-6.864549044218697
0.25600000000000017,0.6672016723780404,0.0798218610558673,-0.1672016723780404,-6.818060684596838
0.2580000000000002,0.6672499304894026,0.024129055681115237,-0.16724993048940262,-6.767888756177483
0.2600000000000002,0.6671885782593429,-0.03067611502988509,-0.16718857825934286,-6.71412627525722
0.2620000000000002,0.6670194344015792,-0.08457192888183829,-0.16701943440157918,-6.656867015343829
0.2640000000000002,0.6667443590326386,-0.13753768447026576,-0.16674435903263862,-6.596205447181329
0.2660000000000002,0.666365251664161,-0.189553684238765,-0.16636525166416105,-6.5322366768352795
0.2680000000000002,0.6658840492247011,-0.2406012197299745,-0.16588404922470112,-6.465056382327677
0.2700000000000002,0.6653027241076369,-0.29066255853211076,-0.1653027241076369,-6.3947607492580705
0.2720000000000002,0.6646232822425953,-0.3397209325208078,-0.16462328224259526,-6.321446405773366
0.2740000000000002,0.6638477611884458,-0.3877605270747271,-0.1638477611884458,-6.245210357183002
0.2760000000000002,0.6629782282464344,-0.434766471005735,-0.16297822824643438,-6.166149920463105
0.2780000000000002,0.6620167785924468,-0.480724826993774,-0.1620167785924468,-6.08436265885164
0.2800000000000002,0.6609655334277351,-0.5256225823558275,-0.16096553342773512,-5.999946316704097
0.2820000000000002,0.6598266381477152,-0.5694476400099114,-0.15982663814771525,-5.912998754753577
0.2840000000000002,0.6586022605286741,-0.6121888095205732,-0.1586022605286741,-5.823617885898699
0.2860000000000002,0.6572945889324076,-0.6538357981332863,-0.15729458893240755,-5.731901611626391
0.2880000000000002,0.6559058305289628,-0.6943792017223821,-0.15590583052896279,-5.637947759163016
0.2900000000000002,0.6544382095377798,-0.7338104955915248,-0.15443820953777976,-5.541854019436129
0.2920000000000002,0.6528939654876242,-0.77212202507778,-0.15289396548762424,-5.443717885919666
0.2940000000000002,0.6512753514957833,-0.8093069959204877,-0.1512753514957833,-5.343636594427189
0.2960000000000002,0.6495846325670538,-0.8453594643647636,-0.1495846325670538,-5.2417070639108445
0.2980000000000002,0.6478240839131002,-0.8802743269767829,-0.1478240839131002,-5.138025838317388
0.3000000000000002,0.6459959892927917,-0.9140473101542477,-0.14599598929279167,-5.0326890295472255
0.3020000000000002,0.6441026393741501,-0.9466749593207768,-0.14410263937415013,-4.925792261557419
0.3040000000000002,0.6421463301185552,-0.9781546277975116,-0.14214633011855515,-4.817430615645229
0.3060000000000002,0.6401293611878569,-1.0084844653491158,-0.1401293611878569,-4.707698576944694
0.3080000000000002,0.6380540343750476,-1.0376634064046553,-0.1380540343750476,-4.59668998216516
0.3100000000000002,0.6359226520591343,-1.0656911579566457,-0.13592265205913434,-4.484497968597249
0.3120000000000002,0.6337375156848465,-1.0925681871439272,-0.1337375156848465,-4.3712149244087275
0.3140000000000002,0.6315009242677945,-1.1182957085260095,-0.13150092426779447,-4.2569324402499324
0.3160000000000002,0.6292151729256781,-1.1428756710581958,-0.12921517292567808,-4.14174126218577
0.3180000000000002,0.6268825514361218,-1.1663107447781595,-0.12688255143612182,-4.025731245968927
0.32000000000000023,0.6245053428216902,-1.1886043072157702,-0.12450534282169023,-3.9089913126667133
0.32200000000000023,0.6220858219626125,-1.2097604295388682,-0.12208582196261253,-3.7916094056518395
0.32400000000000023,0.6196262542377157,-1.229783862448403,-0.11962625423771567,-3.673672448965633
0.32600000000000023,0.6171288941940418,-1.2486800218368979,-0.11712889419404182,-3.555266307060224
0.32800000000000024,0.6145959842455926,-1.2664549742246178,-0.11459598424559259,-3.436475745924775
0.33000000000000024,0.6120297534016164,-1.2831154219881014,-0.11202975340161636,-3.3173843955990856
0.33200000000000024,0.6094324160248246,-1.2986686883959022,-0.10943241602482456,-3.198074714076553
0.33400000000000024,0.6068061706198916,-1.3131227024664816,-0.10680617061989162,-3.0786279525970803
0.33600000000000024,0.6041531986525652,-1.3264859836632032,-0.10415319865256523,-2.9591241223291833
0.33800000000000024,0.6014756633996825,-1.338767626441343,-0.1014756633996825,-2.839641962439406
0.34000000000000025,0.5987757088303587,-1.349977284661912,-0.09877570883035869,-2.720258909545957
0.34200000000000025,0.5960554585185848,-1.3601251558869474,-0.09605545851858477,-2.6010510685524357
0.34400000000000025,0.5933170145874433,-1.3692219655707314,-0.09331701458744335,-2.4820931848564434
0.34600000000000025,0.590562456685121,-1.3772789511611763,-0.09056245668512097,-2.3634586179270025
0.34800000000000025,0.5877938409928702,-1.3843078461253624,-0.08779384099287024,-2.245219316243663
0.35000000000000026,0.5850131992650444,-1.3903208639129427,-0.08501319926504436,-2.1274457935894473
0.35200000000000026,0.5822225379013027,-1.3953306818708349,-0.08222253790130274,-2.0102071066888314
0.35400000000000026,0.5794238370510582,-1.399350425122317,-0.07942383705105815,-1.8935708341812747
0.35600000000000026,0.5766190497502115,-1.4023936504233252,-0.0766190497502115,-1.7776030569200092
0.35800000000000026,0.5738101010901947,-1.4044743300084204,-0.0738101010901947,-1.6623683395851347
0.36000000000000026,0.5709988874193176,-1.4056068354385636,-0.07099888741931759,-1.5479297135993677
0.36200000000000027,0.5681872755763926,-1.4058059214625003,-0.06818727557639259,-1.43434866133414
0.36400000000000027,0.5653771021565862,-1.4050867099032083,-0.06537710215658621,-1.3216851015932034
0.36600000000000027,0.5625701728094251,-1.4034646735805307,-0.06257017280942512,-1.20999737636024
0.36800000000000027,0.5597682615688636,-1.4009556202807658,-0.05976826156886361,-1.099342238796474
0.3700000000000003,0.5569731102152963,-1.3975756767836511,-0.056973110215296274,-0.9897748424737787
0.3720000000000003,0.5541864276693826,-1.393341272956837,-0.05418642766938264,-0.8813487318281998
0.3740000000000003,0.5514098894175274,-1.3882691259276134,-0.05140988941752744,-0.7741158338184686
0.3760000000000003,0.5486451369688448,-1.3823762243413165,-0.04864513696884476,-0.6681264507734843
0.3780000000000003,0.5458937773434137,-1.3756798127155228,-0.04589377734341371,-0.5634292544124739
0.3800000000000003,0.5431573825916161,-1.3681973758988097,-0.043157382591616056,-0.4600712810210257
0.3820000000000003,0.540437489344331,-1.3599466236425486,-0.040437489344331,-0.3580979277658325
0.3840000000000003,0.5377355983937432,-1.3509454752938803,-0.037735598393743186,-0.25755295013069146
0.3860000000000003,0.5350531743045077,-1.3412120446177287,-0.03505317430450772,-0.15847846045584713
0.3880000000000003,0.5323916450549969,-1.3307646247553944,-0.03239164505499692,-0.06091492756257999
0.3900000000000003,0.5297524017083429,-1.319621673326992,-0.029752401708342924,0.03509882255551755
0.3920000000000003,0.5271367981129735,-1.3078017976846994,-0.027136798112973537,0.12952560499327515
0.3940000000000003,0.5245461506323265,-1.295323740323512,-0.024546150632326458,0.22232987316575792
0.3960000000000003,0.5219817379034146,-1.2822063644559238,-0.021981737903414622,0.31347771503045374
0.3980000000000003,0.5194448006239013,-1.2684686397566862,-0.019444800623901304,0.40293684831933896
0.4000000000000003,0.5169365413673342,-1.2541296282835415,-0.016936541367334246,0.49067661480063407
0.4020000000000003,0.5144581244261751,-1.2392084705795738,-0.014458124426175112,0.5766679735901716
0.4040000000000003,0.51201067568225,-1.2237243719625737,-0.012010675682250005,0.6608834935325694
0.4060000000000003,0.5095952825042369,-1.2076965890065698,-0.009595282504236913,0.7432973446725735
0.4080000000000003,0.507212993671796,-1.1911444162204585,-0.007212993671795953,0.8238852888370933
0.4100000000000003,0.5048648193259391,-1.174087172928419,-0.004864819325939074,0.9026246693486204
0.4120000000000003,0.5025517309452259,-1.1565441903565972,-0.002551730945225872,0.9794943998908561
0.4140000000000003,0.5002746613473652,-1.138534798930312,-0.00027466134736520154,1.0544749525475623
0.4160000000000003,0.4980345047157935,-1.1200783157858396,0.0019654952842064755,1.127548345035704
0.4180000000000003,0.4958321166507923,-1.1011940325006155,0.004167883349207702,1.1986981271540986
0.4200000000000003,0.49366831424470126,-1.0819012030455082,0.006331685755298744,1.2679093664689236
0.4220000000000003,0.49154387618077605,-1.0622190319626095,0.008456123819223949,1.335168633257458
0.4240000000000003,0.4894595428552324,-1.0421666627718111,0.01054045714476759,1.4004639847315674
0.4260000000000003,0.48741601652201394,-1.0217631666092402,0.01258398347798606,1.4637849485625147
0.4280000000000003,0.485413961459813,-1.0010275311004546,0.014586038540186974,1.5251225057286826
0.4300000000000003,0.4834540041608708,-0.9799786494711165,0.01654599583912919,1.5844690727079336
0.43200000000000033,0.4815367335410754,-0.9586353098976917,0.0184632664589246,1.641818483036284
0.43400000000000033,0.4796627011708743,-0.9370161851005547,0.020337298829125716,1.6971659682546756
0.43600000000000033,0.47783242152651084,-0.915139822181708,0.022167578473489158,1.7505081382655834
0.43800000000000033,0.47604637226109253,-0.8930246327091678,0.023953627738907468,1.8018429611212743
0.44000000000000034,0.47430499449499275,-0.8706888830499023,0.02569500550500725,1.8511697422654665
0.44200000000000034,0.47260869312508663,-0.8481506849530553,0.027391306874913368,1.8984891032501925
0.44400000000000034,0.4709578371523166,-0.8254279863850292,0.029042162847683406,1.94380295994959
0.44600000000000034,0.4693527600270809,-0.8025385626178525,0.030647239972919127,1.9871145002923654
0.44800000000000034,0.4677937600119367,-0.7795000075721021,0.03220623998806332,2.0284281615346176
0.45000000000000034,0.46628110056110567,-0.756329725415506,0.033718899438894334,2.067749607094635
0.45200000000000035,0.46481501071626924,-0.7330449224181999,0.03518498928373076,2.1050857029712793
0.45400000000000035,0.4633956855181383,-0.7096625990654706,0.03660431448186169,2.14044449376743
0.45600000000000035,0.46202328643328094,-0.6861995424286724,0.037976713566719056,2.173835178339938
0.45800000000000035,0.46069794179569123,-0.6626723187948591,0.039302058204308765,2.2052680850974347
0.46000000000000035,0.45941974726258017,-0.6390972665555357,0.04058025273741983,2.2347546469672097
0.46200000000000035,0.45818876628387056,-0.6154904893547902,0.04181123371612944,2.2623073760523287
0.46400000000000036,0.4570050305848767,-0.5918678494969302,0.04299496941512332,2.287939837999968
0.46600000000000036,0.45586854066164945,-0.5682449616136062,0.044131459338350554,2.311666626101863
0.46800000000000036,0.4547792662884689,-0.5446371865902719,0.045220733711531125,2.333503335147628
0.47000000000000036,0.4537371470369655,-0.5210596257516898,0.046262852963034506,2.353466535051517
0.47200000000000036,0.45274209280635336,-0.4975271153060587,0.04725790719364664,2.37157374427307
0.47400000000000037,0.45179398436425894,-0.4740542210472034,0.04820601563574106,2.3878434030519244
0.47600000000000037,0.45089267389763066,-0.4506552333141353,0.04910732610236934,2.402294846476846
0.47800000000000037,0.45003798557321634,-0.42734416220715615,0.04996201442678366,2.414948277408909
0.48000000000000037,0.4492297161070972,-0.40413473305954917,0.05077028389290278,2.425824739278503
0.4820000000000004,0.4484676353427697,-0.3810403821637695,0.05153236465723032,2.43494608877566
0.4840000000000004,0.44775148683726784,-0.3580742527509153,0.05224851316273216,2.4423349684529825
0.4860000000000004,0.4470809884548236,-0.33524919122213376,0.05291901154517642,2.448014779260202
0.4880000000000004,0.4464558329675626,-0.3125777436304882,0.05354416703243742,2.4520096530291906
0.4900000000000004,0.4458756886627392,-0.2900721524116853,0.05412431133726081,2.454344424927985
0.4920000000000004,0.4453401999560153,-0.2677443533619388,0.054659800043984685,2.455044605902118
0.4940000000000004,0.4448489880102931,-0.24560597286111935,0.0551510119897069,2.454136355121326
0.4960000000000004,0.4444016513596147,-0.2236683253392218,0.05559834864038532,2.4516464524493955
0.4980000000000004,0.44399776653764655,-0.20194241098405835,0.056002233462353446,2.4476022709546346
0.5000000000000003,0.4436368887102706,-0.1804389136879676,0.05636311128972937,2.442031749478196
0.5020000000000003,0.4433185523118082,-0.15916819923121464,0.05668144768819178,2.4349633652771425
0.5040000000000003,0.44304227168440896,-0.1381403136996399,0.05695772831559104,2.426426106758886
0.5060000000000003,0.442807541720141,-0.11736498213400379,0.057192458279859026,2.4164494463232815
0.5080000000000003,0.44261383850532426,-0.09685160740836277,0.057386161494675736,2.4050633133283648
0.5100000000000003,0.44246061996665487,-0.07660926933470351,0.05753938003334513,2.392298067195392
0.5120000000000003,0.442347326518673,-0.05664672399095778,0.05765267348132702,2.3781844706685087
0.5140000000000003,0.44227338171213415,-0.03697240326941521,0.05772661828786585,2.3627536632440385
0.5160000000000003,0.44223819288284927,-0.01759441464245206,0.05776180711715073,2.346037134784049
0.5180000000000003,0.4422411518005645,0.0014794588576046847,0.0577588481994355,2.3280666993284815
0.5200000000000004,0.44228163531746,0.02024175844775361,0.05771836468253999,2.3088744691198153
0.5220000000000004,0.4423590060158522,0.03868534919610302,0.05764099398414779,2.288492828853846
0.5240000000000004,0.44247261285469147,0.056803419419619944,0.05752738714530853,2.2669544101698085
0.5260000000000004,0.44262179181445427,0.07458947988138676,0.05737820818554573,2.2442920663927213
0.5280000000000004,0.44280586654003623,0.09203736279099047,0.05719413345996377,2.2205388475404426
0.5300000000000004,0.44302414898125975,0.10914122061174994,0.05697585101874025,2.1957279756075603
0.5320000000000004,0.4432759400306169,0.1258955246785614,0.05672405996938312,2.1698928201378602
0.5340000000000004,0.44356053015787733,0.14229506363021543,0.05643946984212267,2.1430668740967636
0.5360000000000004,0.4438772000411976,0.15833494166010761,0.05612279995880243,2.115283730054691
0.5380000000000004,0.44422522119437624,0.17401057658933022,0.05577477880562376,2.0865770566919895
0.5400000000000004,0.44460385658990864,0.18931769776619392,0.05539614341009136,2.0569805756356203
0.5420000000000004,0.4450123612775012,0.2042523437962865,0.05498763872249879,2.0265280386374602
0.5440000000000004,0.44544998299771565,0.21881086010722975,0.054550017002284346,1.995253205103665
0.5460000000000004,0.44591596279042034,0.23298989635234643,0.05408403720957966,1.963189819984144
0.5480000000000004,0.44640953559773533,0.24678640365749474,0.05359046440226467,1.93037159203084
0.5500000000000004,0.44692993086116606,0.2601976317153723,0.05307006913883394,1.896832172433092
0.5520000000000004,0.44747637311262933,0.27322112573162904,0.05252362688737067,1.8626051338379854
0.5540000000000004,0.4480480825590837,0.2858547232271644,0.05195191744091632,1.8277239497631976
0.5560000000000004,0.4486442756604857,0.298096550701015,0.0513557243395143,1.7922219744094883
0.5580000000000004,0.44926416570080224,0.3099450201582674,0.05073583429919776,1.756132422879557
0.5600000000000004,0.4499069633518171,0.3213988255074529,0.050093036648182876,1.7194883518096429
0.5620000000000004,0.45057187722948094,0.3324569388319021,0.049428122770519056,1.6823226404198621
0.5640000000000004,0.45125811444256003,0.34311860653955384,0.04874188555743997,1.6446679719888602
0.5660000000000004,0.4519648811333515,0.35338334539572364,0.04803511886664852,1.606556815758045
0.5680000000000004,0.4526913830102382,0.3632509384433473,0.0473086169897618,1.5680214092702172
0.5700000000000004,0.4534368258718686,0.3727214308152199,0.04656317412813138,1.5290937411471246
0.5720000000000004,0.45420041612275414,0.3817951254427521,0.045799583877245864,1.4898055343100354
0.5740000000000004,0.45498136128008565,0.3904725786657632,0.04501863871991435,1.4501882296470825
0.5760000000000004,0.4557788704715813,0.3987545957478261,0.04422112952841872,1.4102729701308108
0.5780000000000004,0.4565921549241846,0.40664222630167046,0.04340784507581541,1.370090585388923
0.5800000000000004,0.4574204284434429,0.4141367596291364,0.042579571556557116,1.329671576730946
0.5820000000000004,0.4582629078834032,0.4212397199801592,0.04173709211659682,1.2890461026331483
0.5840000000000004,0.4591188136068737,0.42795286173524394,0.04088118639312632,1.2482439646837136
0.5860000000000004,0.4599873699359054,0.4342781645158688,0.04001263006409461,1.207294593989809
0.5880000000000004,0.46086780559235985,0.44021782822723193,0.03913219440764015,1.1662270380479156
0.5900000000000004,0.46175935412843533,0.44577426803772774,0.03824064587156467,1.1250699480783741
0.5920000000000004,0.46266125434703437,0.4509501092995095,0.03733874565296563,1.0838515668248592
0.5940000000000004,0.46357275071186327,0.45574818241446197,0.03642724928813673,1.0425997168191157
0.5960000000000004,0.464493093747163,0.4601715176498714,0.03550690625283698,1.0013417891110072
0.5980000000000004,0.4654215404269791,0.4642233399080432,0.034578459573020914,0.9601047324636077
0.6000000000000004,0.4663573545538872,0.467907063454076,0.033642645446112784,0.9189150430127934
0.6020000000000004,0.4672998071270991,0.4712262866059583,0.03270019287290088,0.8777987543904353
0.6040000000000004,0.46824817669988134,0.4741847863911087,0.031751823300118664,0.836781428310077
0.6060000000000004,0.4692017497262282,0.47678651317343396,0.03079825027377181,0.7958881456136379
0.6080000000000004,0.470159820896738,0.4790355852549261,0.029840179103261977,0.7551434977774385
0.6100000000000004,0.47112169346364957,0.48093628345577494,0.02887830653635043,0.7145715788755529
0.6120000000000004,0.4720866795550034,0.48249304567691187,0.027913320444996614,0.6741959779982423
0.6140000000000004,0.4730541004779011,0.48371046144885044,0.026945899522098915,0.6340397721229527
0.6160000000000004,0.47402328701084234,0.48459326647063,0.025976712989157658,0.5941255194351062
0.6180000000000004,0.47499357968512756,0.48514633714261135,0.025006420314872435,0.5544752530956762
0.6200000000000004,0.4759643290553212,0.4853746850968121,0.02403567094467879,0.515110475452286
0.6220000000000004,0.476934895958778,0.48528345172840937,0.023065104041221973,0.47605215269033946
0.6240000000000004,0.47790465176857505,0.48487790489851534,0.02209534823142495,0.43732070992046956
0.6260000000000004,0.47887297863604383,0.4841634337343981,0.021127021363956167,0.39893602435848263
0.6280000000000004,0.47983926966035395,0.4831455121550643,0.02016073033964605,0.3609174208238486
0.6300000000000004,0.48080292919614503,0.4818297678955345,0.019197070803854965,0.32328370143077767
0.6320000000000005,0.4817633730109635,0.480221907409232,0.018236626989036497,0.2860530642586641
0.6340000000000005,0.48272002848074713,0.4783277348918017,0.017279971519252868,0.2492431721522279
0.6360000000000005,0.4836723347749203,0.4761531470865797,0.016327665225079724,0.21287112587831303
0.6380000000000005,0.48461974303015587,0.47370412761778663,0.01538025696984413,0.17695346191660927
0.6400000000000005,0.4855617165130788,0.470986741461445,0.014438283486921222,0.1415061511759786
0.6420000000000005,0.486497730772207,0.46800712956409285,0.013502269227793018,0.10654459801540389
0.6440000000000005,0.48742727377932715,0.46477150356008523,0.012572726220672847,0.07208363954762786
0.6460000000000005,0.48834984606044046,0.46128614055665423,0.011650153939559538,0.038137545266828665
0.6480000000000005,0.4892649608163867,0.4575573779731109,0.010735039183613293,0.0047200170257272744
0.6500000000000005,0.4901721440332461,0.45359160842971014,0.009827855966753896,-0.028155810628579192
0.6520000000000005,0.49107093458261775,0.4493952746858136,0.008929065417382254,-0.06047736975955431
0.6540000000000005,0.4919608843118751,0.44497486462868774,0.008039115688124876,-0.09223265799052344
0.6560000000000005,0.492841558124505,0.4403369063149193,0.007158441875495025,-0.1234102371036927
0.6580000000000005,0.49371253405063825,0.4354879630666401,0.006287465949361748,-0.15399923129511828
0.6600000000000005,0.49457340330788785,0.43043462862479087,0.005426596692112151,-0.1839893250921702
0.6620000000000005,0.4954237703526111,0.42518352236161727,0.0045762296473889075,-0.21337076094030483
0.6640000000000005,0.49626325292172013,0.41974128455453336,0.0037367470782798673,-0.24213433646606097
0.6660000000000005,0.49709148206516696,0.4141145717234153,0.0029085179348330437,-0.27027140142333866
0.6680000000000005,0.4979081021692336,0.4083100520333169,0.0020918978307664093,-0.29777385433009357
0.6700000000000005,0.4987127709707626,0.40233440076451926,0.0012872290292373911,-0.3246341388026605
0.6720000000000005,0.4995051595624661,0.39619429585175675,0.0004948404375338944,-0.3508452395950236
0.6740000000000005,0.5002849523894549,0.3898964134943809,-0.00028495238945491774,-0.376400678350401
0.6760000000000005,0.5010518472371333,0.3834474238391531,-0.0010518472371332521,-0.40129450907257763
0.6780000000000005,0.5018055552106078,0.3768539867372792,-0.0018055552106077677,-0.4255213133244832
0.6800000000000005,0.5025458007057623,0.37012274757722685,-0.002545800705762269,-0.4490761951615899
0.6820000000000005,0.5032723213721518,0.3632603331947909,-0.003272321372151832,-0.4719547758077176
0.6840000000000005,0.5039848680678755,0.3562733478618001,-0.003984868067875458,-0.49415318808086417
0.6860000000000005,0.504683204806585,0.3491683693547838,-0.004683204806585017,-0.5156680705768184
0.6880000000000005,0.505367108696239,0.34195194482700625,-0.00536710869623902,-0.5364965616181845
0.6900000000000005,0.5060363698724086,0.3346305880848116,-0.006036369872408631,-0.5566362926765671
0.6920000000000005,0.5066907914214672,0.32721077452931074,-0.006690791421467224,-0.5760853829811569
0.6940000000000005,0.5073301892979096,0.3196989382211921,-0.007330189297909628,-0.5948424313879996
0.6960000000000005,0.507954392234603,0.31210146834669017,-0.007954392234603036,-0.6129065101375772
0.6980000000000005,0.5085632416461423,0.30442470576962355,-0.008563241646142306,-0.6302771577308116
0.7000000000000005,0.5091565915255032,0.2966749396804313,-0.009156591525503188,-0.6469543716153158
0.7020000000000005,0.5097343083341812,0.2888584043390304,-0.009734308334181208,-0.6629386007005589
0.7040000000000005,0.5102962708859992,0.2809812759089663,-0.01029627088599916,-0.6782307377062786
0.7060000000000005,0.510842370224763,0.2730496693818862,-0.010842370224762976,-0.6928321113489326
0.7080000000000005,0.5113725094959474,0.26506963559220825,-0.01137250949594737,-0.7067444783724053
0.7100000000000005,0.5118866038125918,0.2570471583222069,-0.011886603812591767,-0.719970015430103
0.7120000000000005,0.5123845801155874,0.2489881514978288,-0.012384580115587407,-0.7325113108258776
0.7140000000000005,0.5128663770285385,0.24089845647555652,-0.012866377028538545,-0.7443713561213251
0.7160000000000005,0.5133319447073798,0.2327838394205963,-0.01333194470737975,-0.7555535376170983
0.7180000000000005,0.513781244684933,0.22464998877660974,-0.013781244684933025,-0.7660616277157863
0.7200000000000005,0.5142142497105874,0.21650251282715147,-0.014214249710587379,-0.7758997761739308
0.7220000000000005,0.5146309435852852,0.20834693734891357,-0.014630943585285161,-0.7850725012506466
0.7240000000000005,0.5150313209919988,0.20018870335681757,-0.015031320991998776,-0.79358468076032
0.7260000000000005,0.5154153873218806,0.1920331649409334,-0.015415387321880636,-0.8014415430367686
0.7280000000000005,0.515783158496271,0.18388558719514866,-0.015783158496270988,-0.8086486578161588
0.7300000000000005,0.5161346607847459,0.17575114423745075,-0.016134660784745902,-0.8152119270459882
0.7320000000000005,0.5164699306193892,0.16763491732162916,-0.016469930619389173,-0.8211375756272868
0.7340000000000005,0.5167890144054694,0.15954189304014801,-0.016789014405469427,-0.8264321420971961
0.7360000000000005,0.5170919683287052,0.15147696161788526,-0.017091968328705187,-0.8311024692589251
0.7380000000000005,0.517378858159298,0.14344491529637984,-0.01737885815929796,-0.8351556947660927
0.7400000000000005,0.5176497590529143,0.1354504468081752,-0.017649759052914327,-0.8385992416682982
0.7420000000000005,0.5179047553501257,0.12749814860569228,-0.0179047553501257,-0.8414408089247483
0.7440000000000005,0.5181439403680883,0.1195925089813094,-0.018143940368088307,-0.8436883626107203
0.7460000000000006,0.5183674161952775,0.11173791359456796,-0.018367416195277486,-0.8453501237048416
0.7480000000000006,0.5185752934851121,0.10393864491728519,-0.01857529348511211,-0.8464345614056674
0.7500000000000006,0.518767691241415,0.09619887815144777,-0.018767691241414974,-0.8469503843217696
0.7520000000000006,0.5189447366049997,0.0885226817923744,-0.018944736604999735,-0.8469065278080468
0.7540000000000006,0.5191065646383894,0.08091401669482964,-0.019106564638389445,-0.8463121459923638
0.7560000000000006,0.5192533181088109,0.07337673521072256,-0.019253318108810924,-0.8451766022304075
0.7580000000000006,0.5193851472696664,0.06591458042774238,-0.019385147269666447,-0.8435094595631595
0.7600000000000006,0.5195022096406714,0.05853118550247121,-0.019502209640671397,-0.8413204712144002
0.7620000000000006,0.5196046697868336,0.05123007308113688,-0.019604669786833617,-0.8386195711293271
0.7640000000000006,0.5196926990964416,0.04401465480397642,-0.019692699096441557,-0.8354168645544816
0.7660000000000006,0.5197664755582233,0.036888230890883,-0.019766475558223306,-0.8317226186616387
0.7680000000000006,0.5198261835378368,0.029853989806770453,-0.019826183537836828,-0.8275472532198153
0.7700000000000006,0.5198720135538476,0.022915008005384232,-0.0198720135538476,-0.8229013313202436
0.7720000000000006,0.5199041620533483,0.01607424975038111,-0.01990416205334833,-0.8177955501592883
0.7740000000000006,0.5199228311873734,0.009334567012514606,-0.01992283118737337,-0.8122407318843142
0.7760000000000006,0.5199282285875071,0.0026987000668791975,-0.01992822858750709,-0.8062478145074493
0.7780000000000006,0.5199205671366345,-0.0038307254363238513,-0.01992056713663448,-0.7998278435671629
0.7800000000000006,0.519900064750816,-0.010251192909233736,-0.01990006475081596,-0.7929919600290554
0.7820000000000006,0.519866944152358,-0.01656029922895071,-0.019866944152358013,-0.7857513971234047
0.7840000000000006,0.5198214326464877,-0.022755752935162278,-0.019821432646487724,-0.7781174668653698
0.7860000000000006,0.5197637618986848,-0.028835373901456813,-0.019763761898684784,-0.7701015529243467
0.7880000000000006,0.5196941677127608,-0.03479709296201309,-0.01969416771276078,-0.7617151020459345
0.7900000000000006,0.519612889809834,-0.040638951463407874,-0.019612889809834,-0.7529696155484181
0.7920000000000006,0.5195201716083448,-0.046359100744564515,-0.01952017160834485,-0.7438766409299521
0.7940000000000006,0.5194162600063778,-0.051955800983528935,-0.01941626000637775,-0.7344477635892295
0.7960000000000006,0.5193014051598922,-0.05742742324274731,-0.019301405159892204,-0.7246945992715811
0.7980000000000006,0.5191758602722408,-0.06277244382569923,-0.01917586027224083,-0.7146287831529409
0.8000000000000006,0.519039881376907,-0.06798944766691986,-0.019039881376907042,-0.704261967063934
0.8020000000000006,0.5188937271246937,-0.07307712610663533,-0.018893727124693727,-0.6936058074093618
0.8040000000000006,0.5187376585726805,-0.07803427600660937,-0.018737658572680504,-0.6826719588811138
0.8060000000000006,0.5185719389750163,-0.08285979883208426,-0.0185719389750163,-0.6714720669006108
0.8080000000000006,0.5183968335756709,-0.0875526996726876,-0.0183968335756709,-0.6600177601685677
0.8100000000000006,0.5182126094032603,-0.09211208620531215,-0.018212609403260305,-0.6483206433541484
0.8120000000000006,0.5180195350680527,-0.0965371676038237,-0.01801953506805265,-0.6363922899251
0.8140000000000006,0.5178178805612547,-0.10082725339899981,-0.017817880561254662,-0.6242442351182823
0.8160000000000006,0.5176079170566725,-0.10498175229107298,-0.01760791705667253,-0.6118879690511867
0.8180000000000006,0.5173899167157993,-0.10900017043666023,-0.01738991671579926,-0.5993349299758282
0.8200000000000006,0.517164152490886,-0.11288211245666277,-0.017164152490885987,-0.5865964981953101
0.8220000000000006,0.5169308979390127,-0.11662727593665838,-0.0169308979390127,-0.5736839871787767
0.8240000000000006,0.5166904270318262,-0.12023545359325477,-0.016690427031826216,-0.5606086416238497
0.8260000000000006,0.5164430139704447,-0.12370653069075968,-0.016443013970444675,-0.5473816276797938
0.8280000000000006,0.5161889330032358,-0.12704048360445724,-0.01618893300323576,-0.5340140281270274
0.8300000000000006,0.5159284582465051,-0.13023737836532875,-0.01592845824650513,-0.5205168365249733
0.8320000000000006,0.5156618635081781,-0.13329736916349855,-0.01566186350817811,-0.5069009514948764
0.8340000000000006,0.5153894221145516,-0.13622069681321874,-0.015389422114551632,-0.4931771711636258
0.8360000000000006,0.5151114067409734,-0.1390076867890991,-0.015111406740973443,-0.47935618776884653
0.8380000000000006,0.5148280892419652,-0.14165874950412172,-0.014828089241965214,-0.4654485828498386
0.8400000000000006,0.5145397404914764,-0.14417437524437324,-0.014539740491476438,-0.45146482017448686
0.8420000000000006,0.514246630220653,-0.14655513541174395,-0.014246630220652978,-0.43741524441468427
0.8440000000000006,0.5139490268609144,-0.1488016798693036,-0.01394902686091437,-0.4233100734143752
0.8460000000000006,0.5136471973904417,-0.15091473523629825,-0.013647197390441734,-0.40915939456727124
0.8480000000000006,0.5133414071840912,-0.1528951031752748,-0.013341407184091159,-0.3949731603813711
0.8500000000000006,0.5130319198667854,-0.15474365865288175,-0.013031919866785424,-0.38076118418837157
0.8520000000000006,0.5127189971710641,-0.1564613478606706,-0.012718997171064061,-0.3665331360185352
0.8540000000000006,0.5124028987951905,-0.15804918793675277,-0.01240289879519052,-0.3522985389818919
0.8560000000000006,0.5120838822703658,-0.1595082624123534,-0.012083882270365831,-0.33806676387086804
0.8580000000000007,0.5117622028269291,-0.16083972171838595,-0.01176220282692908,-0.32384702840227986
0.8600000000000007,0.5114381132657764,-0.16204478057636432,-0.011438113265776373,-0.30964839135877725
0.8620000000000007,0.5111118638334623,-0.16312471615704738,-0.011111863833462299,-0.2954797500546906
0.8640000000000007,0.5107837021009825,-0.1640808662399423,-0.01078370210098245,-0.2813498371814446
0.8660000000000007,0.5104538728467621,-0.16491462711017774,-0.010453872846762136,-0.2672672177993557
0.8680000000000007,0.5101226179410078,-0.16562745287718517,-0.010122617941007772,-0.2532402867603077
0.8700000000000007,0.5097901762381409,-0.16622085143341558,-0.009790176238140935,-0.23927726476312572
0.8720000000000007,0.5094567834693366,-0.16669638440216902,-0.00945678346933665,-0.22538619809222182
0.8740000000000007,0.5091226721404687,-0.1670556644339629,-0.00912267214046869,-0.21157495437129695
0.8760000000000007,0.5087880714318745,-0.16730035429709172,-0.008788071431874545,-0.1978512211847847
0.8780000000000007,0.5084532071054556,-0.16743216320947257,-0.008453207105455607,-0.18422250297789006
0.8800000000000007,0.5081183014125269,-0.16745284646436237,-0.008118301412526896,-0.1706961210087517
0.8820000000000007,0.5077835730064492,-0.1673642030388906,-0.007783573006449163,-0.15727921003671347
0.8840000000000007,0.5074492368590288,-0.16716807371019654,-0.007449236859028763,-0.1439787172190759
0.8860000000000007,0.5071155041809768,-0.1668663390259656,-0.007115504180976839,-0.13080140065095397
0.8880000000000007,0.5067825823449097,-0.16646091803359453,-0.006782582344909693,-0.11775382821310798
0.8900000000000007,0.5064506748134563,-0.16595376572672194,-0.006450674813456292,-0.1048423757627932
0.8920000000000007,0.5061199810712642,-0.16534687109601282,-0.006119981071264213,-0.09207322681152974
0.8940000000000007,0.5057906965594067,-0.16464225592877163,-0.005790696559406672,-0.07945237175455572
0.8960000000000007,0.5054630126143935,-0.1638419725065855,-0.005463012614393525,-0.06698560644749524
0.8980000000000007,0.5051371164098248,-0.1629481022843227,-0.005137116409824838,-0.05467853206915552
0.9000000000000007,0.5048131909037209,-0.1619627530519679,-0.004813190903720899,-0.04253655410867083
0.9020000000000007,0.5044914147871988,-0.1608880582610392,-0.004491414787198833,-0.030564883096868056
0.9040000000000007,0.504171962438079,-0.1597261745599094,-0.0041719624380790465,-0.01876853322691413
0.9060000000000007,0.503855003878127,-0.15847927997600758,-0.0038550038781269835,-0.0071523229632524665
0.9080000000000007,0.5035407047332177,-0.15714957245468172,-0.003540704733217659,0.00427912485092824
0.9100000000000007,0.503229226196937,-0.155739268140337,-0.003229226196936996,0.015521383125975369
0.9120000000000007,0.5029207249982734,-0.15425059933179322,-0.0029207249982734496,0.026570220262857158
0.9140000000000007,0.5026153533724236,-0.1526858129249406,-0.002615353372423579,0.03742159940085524
0.9160000000000007,0.5023132590350027,-0.15104716871043936,-0.0023132590350026794,0.048071678027997444
0.9180000000000007,0.5020145851596252,-0.14933693768874567,-0.0020145851596251596,0.05851680731033218
0.9200000000000007,0.5017194703588111,-0.1475574004070048,-0.0017194703588111482,0.06875353130373929
0.9220000000000007,0.5014280486681749,-0.14571084531812356,-0.0014280486681749194,0.07877858605455887
0.9240000000000007,0.5011404495338507,-0.14379956716211967,-0.0011404495338507292,0.08858889859112679
0.9260000000000007,0.5008567978031105,-0.1418258653700916,-0.0008567978031105428,0.0981815858080905
0.9280000000000007,0.5005772137181279,-0.13979204249131633,-0.0005772137181279113,0.10755395324566988
0.9300000000000007,0.5003018129128458,-0.13770040264106037,-0.00030181291284581135,0.11670349376619987
0.9320000000000007,0.5000307064129742,-0.13555324993579979,-3.0706412974201847e-05,0.12562788612722792
0.9340000000000007,0.49976400063868387,-0.13335288714516177,0.00023599936131613042,0.1343249934168317
0.9360000000000007,0.49950179741060635,-0.13110161403874984,0.0004982025893936481,0.142792861597807
0.9380000000000007,0.49924419395857944,-0.12880172601345105,0.0007558060414205592,0.15102971761449577
0.9400000000000007,0.4989912829332528,-0.12645551266332938,0.0010087170667472112,0.15903396767027342
0.9420000000000007,0.4987431524204799,-0.12406525638643914,0.001256847579520104,0.16680419533321783
0.9440000000000007,0.4984998859584458,-0.1216332310170382,0.0015001140415542014,0.1743391595672433
0.9460000000000007,0.4982615625574741,-0.1191617004858561,0.0017384374425258864,0.18163779267920627
0.9480000000000007,0.4980282567224569,-0.11665291750862174,0.0019717432775431254,0.18869919818689157
0.9500000000000007,0.49780003847785026,-0.11410912230329696,0.0021999615221497404,0.19552264861034674
0.9520000000000007,0.4975769733951775,-0.11153254133637859,0.00242302660482252,0.20210758318928657
0.9540000000000007,0.49735912262298027,-0.10892538609860909,0.0026408773770197347,0.20845360552927938
0.9560000000000007,0.49714654291915944,-0.10628985191041058,0.00285345708084056,0.21456048117939847
0.9580000000000007,0.4969392866856448,-0.10362811675733126,0.0030607133143552012,0.22042813514403298
0.9600000000000007,0.4967374020053333,-0.10094234015577039,0.003262597994666716,0.2260566493315393
0.9620000000000007,0.49654093268123484,-0.09823466204922399,0.0034590673187651633,0.23144625994243903
0.9640000000000007,0.4963499182777643,-0.09550720173526854,0.0036500817222356874,0.23659735479983052
0.9660000000000007,0.49616439416411734,-0.09276205682347856,0.0038356058358826606,0.24151047062469605
0.9680000000000007,0.49598439155966845,-0.09000130222444933,0.004015608440331553,0.24618629025878497
0.9700000000000008,0.4958099375806105,-0.08722698952899471,0.0041900624193895175,0.25062563983771147
0.9720000000000008,0.49564105529117564,-0.08444114471743566,0.004358944708824364,0.2548294863045754
0.9740000000000008,0.4954777637531782,-0.08164576899871695,0.004522236246821798,0.25879893307041024
0.9760000000000008,0.4953200780790122,-0.07884283708299693,0.004679921920987817,0.26253521887158887
0.9780000000000008,0.49516800948630885,-0.0760342963516605,0.004831990513691153,0.26603971392250964
0.9800000000000008,0.4950215653541887,-0.07322206606007746,0.004978434645811325,0.2693139168993066
0.9820000000000008,0.4948807492810687,-0.07040803655999411,0.005119250718931323,0.27235945189253047
0.9840000000000008,0.49474556114397605,-0.06759406854631508,0.005254438856023946,0.27517806531724703
0.9860000000000008,0.4946159971593116,-0.06478199233221979,0.005384002840688407,0.27777162278727296
0.9880000000000008,0.4944920499450025,-0.06197360715453725,0.00550795005499749,0.2801421059597561
0.9900000000000008,0.4943737085839822,-0.05917068051015319,0.005626291416017781,0.28229160935443687
0.9920000000000008,0.4942609586889348,-0.056374947523694756,0.005739041311065174,0.2842223371508644
0.9940000000000008,0.4941537824682418,-0.053588110346516046,0.00584621753175818,0.2859365999663017
0.9960000000000008,0.494052158793068,-0.05081183758690739,0.005947841206931981,0.28743681161684326
0.9980000000000008,0.4939560632655252,-0.0480477637714047,0.006043936734474786,0.2887254858641866
1.0000000000000007,0.4938654682878511,-0.045297488837046866,0.006134531712148894,0.28980523315039614
1.0020000000000007,0.49378034313254227,-0.04256257765440708,0.006219656867457735,0.29067875732300263
1.0040000000000007,0.49370065401337987,-0.03984455958120669,0.006299345986620131,0.29134885235271646
1.0060000000000007,0.4936263641572873,-0.037144928046302886,0.0063736358427127215,0.2918183990460119
1.0080000000000007,0.4935574338769596,-0.03446514016382474,0.006442566123040394,0.29209036175481173
1.0100000000000007,0.49349382064420516,-0.031806616377217045,0.006506179355794839,0.2921677850854405
1.0120000000000007,0.4934354791639393,-0.02917074013293563,0.006564520836060683,0.2920537906090106
1.0140000000000007,0.4933823614487723,-0.026558857583522825,0.006617638551227711,0.29175157357536297
1.0160000000000007,0.4933344168941327,-0.023972277319777087,0.00666558310586729,0.2912643996326313
1.0180000000000007,0.49329159235386927,-0.02141227013171705,0.006708407646130732,0.2905956015544687
1.0200000000000007,0.4932538322162732,-0.01888006879802612,0.006746167783726775,0.2897485759769463
1.0220000000000007,0.4932210784804659,-0.01637686790365042,0.006778921519534076,0.28872678014709713
1.0240000000000007,0.4931932708330955,-0.013903823685210048,0.006806729166904502,0.2875337286850135
1.0260000000000007,0.49317034672540144,-0.011462053847036165,0.006829653274598557,0.2861729903613901
1.0280000000000007,0.49315224144994774,-0.009052637726862881,0.006847758550052263,0.2846481848309785
1.0300000000000007,0.4931388882184597,-0.006676615744011488,0.006861111781540308,0.2829629797289534
1.0320000000000007,0.4931302182389602,-0.0043349897497499575,0.006869781761039806,0.28112108700562377
1.0340000000000007,0.4931261607932089,-0.002028722875643285,0.006873839206791077,0.2791262601913422
1.0360000000000007,0.4931266433141347,0.00024126046287979925,0.006873356685865306,0.27698229114728634
1.0380000000000007,0.4931315914632052,0.0024740745352329844,0.006868408536794823,0.27469300697173243
1.0400000000000007,0.49314092920768565,0.004668872240251474,0.006859070792314348,0.27226226693655997
1.0420000000000007,0.4931545788977399,0.0068248450271204165,0.0068454211022601075,0.26969395945232244
1.0440000000000007,0.49317246134332554,0.008941222792827826,0.006827538656674459,0.26699199906328386
1.0460000000000007,0.49319449589083836,0.011017273756421265,0.006805504109161642,0.2641603234741505
1.0480000000000007,0.49322060049945926,0.013052304310445208,0.006779399500540739,0.2612028906100444
1.0500000000000007,0.49325069181715925,0.015045658849991268,0.006749308182840752,0.2581236757111844
1.0520000000000007,0.4932846852563189,0.01699671957982183,0.006715314743681089,0.2549266684636388
1.0540000000000007,0.493322495068919,0.01890490630004434,0.006677504931080991,0.2516158701674217
1.0560000000000007,0.49336403442126064,0.020769676170821493,0.006635965578739356,0.24819529094319528
1.0580000000000007,0.49340921546817385,0.022590523456612215,0.006590784531826155,0.24466894697875274
1.0600000000000007,0.4934579494266747,0.024366979250441602,0.006542050573325298,0.24104085781643397
1.0620000000000007,0.4935101466490321,0.02609861117870496,0.006489853350967911,0.2373150436825703
1.0640000000000007,0.4935657166952061,0.027785023087014638,0.006434283304793897,0.2334955228600115
1.0660000000000007,0.4936245684046213,0.02942585470760241,0.006375431595378678,0.22958630910474126
1.0680000000000007,0.4936866099672389,0.031020781308794616,0.0063133900327611014,0.22559140910754472
1.0700000000000007,0.49375174899389307,0.03256951332707938,0.006248251006106931,0.22151482000164943
1.0720000000000007,0.4938198925858576,0.034071795982289065,0.006180107414142377,0.21736052691719784
1.0740000000000007,0.49389094740361045,0.03552740887642295,0.0061090525963895526,0.21313250058340602
1.0760000000000007,0.49396481973476375,0.03693616557663745,0.006035180265236251,0.20883469497915916
1.0780000000000007,0.4940414155611296,0.03829791318293318,0.0059585844388703735,0.20447104503281258
1.0800000000000007,0.49412064062489175,0.03961253188106898,0.005879359375108251,0.20004546437188175
1.0820000000000007,0.4942024004938542,0.040879934481234344,0.005797599506145779,0.19556184312326105
1.0840000000000007,0.49428660062574026,0.042100065943012126,0.005713399374259742,0.1910240457645968
1.0860000000000007,0.4943731464315146,0.04327290288716412,0.005626853568485413,0.18643590902737756
1.0880000000000007,0.49446194333770416,0.044398453094771334,0.005538056662295843,0.18180123985225238
1.0900000000000007,0.49455289684769266,0.045476754994260564,0.005447103152307342,0.17712381339706237
1.0920000000000007,0.49464591260196633,0.04650787713684902,0.005354087398033669,0.1724073710980331
1.0940000000000007,0.4947408964372882,0.047491917660935606,0.005259103562711809,0.16765561878449775
1.0960000000000008,0.4948377544447801,0.04842900374596849,0.00516224555521988,0.16287222484753675
1.0980000000000008,0.49493639302689274,0.049319291056314864,0.00506360697310726,0.1580608184628267
1.1000000000000008,0.4950367189532441,0.05016296317565794,0.0049632810467559185,0.15322498786797553
1.1020000000000008,0.49513863941530895,0.05096023103244301,0.004861360584691055,0.1483682786945788
1.1040000000000008,0.49524206207994276,0.05171133231689282,0.0047579379200572425,0.14349419235519917
1.1060000000000008,0.495346895141723,0.05241653089010784,0.004653104858277024,0.13860618448539688
1.1080000000000008,0.4954530473740945,0.05307611618576588,0.004546952625905487,0.13370766344097312
1.1100000000000008,0.49556042817930435,0.05369040260493012,0.004439571820695654,0.1288019888504536
1.1120000000000008,0.4956689476371133,0.054259728904471616,0.004331052362886723,0.12389247022289603
1.1140000000000008,0.4957785165522725,0.054784457579608724,0.004221483447727492,0.11898236561099729
1.1160000000000008,0.4958890465007546,0.055264974241060486,0.0041109534992453955,0.11407488032949095
1.1180000000000008,0.49600044987472924,0.05570168698730708,0.003999550125270757,0.10917316572875534
1.1200000000000008,0.49611263992627413,0.05609502577244552,0.003887360073725865,0.1042803180235232
1.1220000000000008,0.4962255308098144,0.05644544177012392,0.003774469190185592,0.09939937717658909
1.1240000000000008,0.49633903762328246,0.05675340673403171,0.003660962376717536,0.09453332583729976
1.1260000000000008,0.4964530764479933,0.05701941235541818,0.0035469235520066977,0.08968508833466973
1.1280000000000008,0.4965675643872295,0.05724396961810594,0.0034324356127705125,0.08485752972484972
1.1300000000000008,0.49668241960353243,0.05742760815145956,0.0033175803964675676,0.08005345489271457
1.1320000000000008,0.49679756135469594,0.05757087558176411,0.003202438645304062,0.07527560770724315
1.1340000000000008,0.4969129100284609,0.05767433688246122,0.0030870899715391142,0.07052667023039838
1.1360000000000008,0.49702838717590825,0.05773857372368418,0.0029716128240917516,0.06580926197910335
1.1380000000000008,0.4971439155435513,0.05776418382152708,0.002856084456448693,0.06112593923998588
1.1400000000000008,0.49725941910412624,0.05775178028747562,0.0027405808958737565,0.056479194436420646
1.1420000000000008,0.4973748230860831,0.05770199097841987,0.0026251769139168935,0.05187145554747464
1.1440000000000008,0.4974900540017784,0.05761545784766348,0.0025099459982215744,0.04730508557825587
1.1460000000000008,0.4976050396743731,0.057492836297334614,0.002394960325626916,0.04278238208119949
1.1480000000000008,0.4977197092634383,0.05733479453259751,0.0022802907365617187,0.03830557672774202
1.1500000000000008,0.4978339932892744,0.057142012918055936,0.0021660067107255876,0.03387683492987124
1.1520000000000008,0.49794782365594786,0.05691518333673084,0.0020521763440521368,0.029498255510967568
1.1540000000000008,0.4980611336730518,0.056655008551988725,0.0019388663269481743,0.025171870425354632
1.1560000000000008,0.4981738580761974,0.056362201572786666,0.0018261419238025933,0.020899644525938246
1.1580000000000008,0.4982859330462426,0.05603748502259391,0.0017140669537574205,0.016683475379317067
1.1600000000000008,0.49839729622726725,0.055681590512340576,0.0016027037727327498,0.012525193127702908
1.1620000000000008,0.4985078867433027,0.05529525801773594,0.0014921132566972917,0.008426560396969415
1.1640000000000008,0.4986176452138253,0.05487923526129065,0.001382354786174711,0.004389272250155729
1.1660000000000008,0.498726513768024,0.054434277099368156,0.0012734862319759843,0.0004149561856977915
1.1680000000000008,0.49883443605785316,0.053961144914582655,0.0011655639421468411,-0.003494827820328783
1.1700000000000008,0.49894135726988087,0.05346060601385131,0.0010586427301191303,-0.007338587228709011
1.1720000000000008,0.49904722413594566,0.05293343303240166,0.0009527758640543449,-0.011114896809086096
1.1740000000000008,0.4991519849426337,0.05238040334402366,0.0008480150573663137,-0.014822398470227864
1.1760000000000008,0.4992555895395894,0.05180229847784958,0.0007444104604106272,-0.018459801049371116
1.1780000000000008,0.49935798934667325,0.05119990354193458,0.0006420106533267522,-0.022025880061424495
1.1800000000000008,0.49945913735998104,0.05057400665390217,0.0005408626400189576,-0.02551947740886449
1.1820000000000008,0.4995589881567389,0.04992539837891071,0.00044101184326111875,-0.02893950105314387
1.1840000000000008,0.49965749789908925,0.0492548711751868,0.0003425021009107465,-0.03228492464846596
1.1860000000000008,0.49975462433678397,0.048563218847363636,0.00024537566321602977,-0.03555478713875694
1.1880000000000008,0.49985032680879965,0.04785123600785287,0.00014967319120035016,-0.038748192318722445
1.1900000000000008,0.4999445662438926,0.04711971754646971,5.543375610739254e-05,-0.04186430835983886
1.1920000000000008,0.5000373051601097,0.046369458108522055,-3.730516010969076e-05,-0.04490236730217401
1.1940000000000008,0.5001285076632728,0.045601251581565506,-0.00012850766327276997,-0.047861664512909685
1.1960000000000008,0.5002181394444548,0.04481589059101722,-0.00021813944445481237,-0.050741558112476305
1.1980000000000008,0.5003061677764644,0.04401416600481234,-0.0003061677764644166,-0.05354146836920971
1.2000000000000008,0.500392561509359,0.04319686644727855,-0.0003925615093589574,-0.056260877063389
1.2020000000000008,0.5004772910650037,0.04236477782239467,-0.00047729106500371543,-0.058899326821636844
1.2040000000000008,0.5005603284306969,0.04151868284659084,-0.0005603284306968659,-0.06145642042254329
1.2060000000000008,0.5006416471518793,0.04065936059123909,-0.0006416471518793099,-0.06393182007446548
1.2080000000000009,0.5007212223239492,0.039787586034974114,-0.0007212223239492221,-0.06632524666641149
1.2100000000000009,0.5007990305832012,0.038904129625975226,-0.0007990305832011879,-0.068636478992943
1.2120000000000009,0.5008750500969098,0.03800975685433307,-0.0008750500969098018,-0.07086535295402274
1.2140000000000009,0.500949260552579,0.03710522783461392,-0.0009492605525790454,-0.07301176073072514
1.2160000000000009,0.5010216431463765,0.03619129689872801,-0.0010216431463765385,-0.07507564993777574
1.2180000000000009,0.501092180570775,0.03526871219919885,-0.001092180570774981,-0.07705702275378956
1.2200000000000009,0.5011608570014209,0.034338215322922194,-0.0011608570014208786,-0.0789559350301981
1.2220000000000009,0.5012276580832519,0.03340054091549512,-0.0012276580832518702,-0.08077249537975734
1.2240000000000009,0.5012925709158842,0.03245641631618797,-0.0012925709158841947,-0.08250686424556992
1.2260000000000009,0.5013555840382914,0.031506561203622885,-0.0013555840382913908,-0.08415925295155577
1.2280000000000009,0.5014166874127958,0.030551687252215104,-0.0014166874127957696,-0.08572992273527852
1.2300000000000009,0.5014758724082291,0.029592497716685002,-0.0014758724082291064,-0.08721918376404589
1.2320000000000009,0.501533131783072,0.028629687421467497,-0.001533131783072017,-0.08862739404584925
1.2340000000000009,0.5015884596671508,0.027663942039417296,-0.001588459667150821,-0.08995495874434818
1.2360000000000009,0.5016418515431319,0.02669593799053996,-0.0016418515431319003,-0.09120232872545014
1.2380000000000009,0.5016933042274255,0.025726342146827633,-0.0016933042274255294,-0.09236999971581597
1.2400000000000009,0.5017428158505215,0.02475581154798485,-0.0017428158505214952,-0.09345851124384881
1.2420000000000009,0.5017903858367836,0.02378499313105259,-0.0017903858367835923,-0.09446844556884466
1.2440000000000009,0.5018360148837291,0.022814523472738598,-0.0018360148837290868,-0.09540042660239628
1.2460000000000009,0.5018797049410714,0.021845028671165927,-0.0018797049410713695,-0.09625511882190207
1.2480000000000009,0.5019214591883289,0.020877123628741803,-0.0019214591883288668,-0.09703322631402071
1.2500000000000009,0.5019612820132593,0.01991141246523697,-0.001961282013259291,-0.09773549116189648
1.252000000000001,0.5019991789892566,0.018948487998670226,-0.0019991789892566114,-0.09836269299560862
1.254000000000001,0.5020351568523564,0.01798893154993766,-0.0020351568523564456,-0.09891564756893469
1.256000000000001,0.5020692234778777,0.017033312760628243,-0.0020692234778777463,-0.09939520564419549
1.258000000000001,0.5021013878565048,0.01608218931355729,-0.0021013878565048216,-0.0998022518757381
1.260000000000001,0.5021316600708238,0.015136107159464004,-0.002131660070823771,-0.10013770357375015
1.262000000000001,0.5021600512704926,0.014195599834410023,-0.002160051270492569,-0.10040250999241485
1.264000000000001,0.5021865736476296,0.013261188568539112,-0.0021865736476296416,-0.10059765065411277
1.266000000000001,0.5022112404121511,0.012333382260749867,-0.0022112404121511497,-0.10072413447372477
1.268000000000001,0.5022340657659211,0.011412676884957463,-0.0022340657659211116,-0.10078299874679586
1.270000000000001,0.5022550648778664,0.010499555972666833,-0.0022550648778664195,-0.10077530752180193
1.272000000000001,0.5022742538582926,0.009594490213082212,-0.0022742538582926075,-0.10070215108732361
1.274000000000001,0.5022916497328034,0.00869793725539053,-0.0022916497328033802,-0.10056464454478652
1.276000000000001,0.5023072704168678,0.007810342032244319,-0.002307270416867846,-0.10036392656752574
1.278000000000001,0.5023211346891698,0.006932136151005988,-0.002321134689169835,-0.10010115870695815
1.280000000000001,0.5023332621653529,0.006063738091559949,-0.0023332621653529007,-0.09977752371779938
1.282000000000001,0.502343673271877,0.005205553262050881,-0.0023436732718770115,-0.09939422470567598
1.284000000000001,0.5023523892188435,0.0043579734832552945,-0.002352389218843509,-0.09895248413713134
1.286000000000001,0.5023594319739481,0.0035213775522508132,-0.0023594319739480563,-0.09845354223699566
1.288000000000001,0.5023648242355665,0.0026961308092092995,-0.0023648242355664983,-0.09789865651017306
1.290000000000001,0.5023685894066432,0.0018825855383392725,-0.0023685894066431956,-0.09728910023186924
1.292000000000001,0.5023707515676934,0.0010810805251105426,-0.0023707515676933966,-0.09662616180406709
1.294000000000001,0.5023713354494868,0.00029194089667518915,-0.0023713354494867556,-0.0959111432328464
1.296000000000001,0.5023703664066621,-0.0004845214123107215,-0.0023703664066621055,-0.0951453588761454
1.298000000000001,0.5023678703916226,-0.0012480075197694558,-0.002367870391622562,-0.0943301348541735
1.300000000000001,0.5023638739276144,-0.0019982320041004413,-0.0023638739276143905,-0.09346680814513302
1.302000000000001,0.5023584040815607,-0.0027349230268518127,-0.0023584040815607388,-0.09255672510047518
1.304000000000001,0.5023514884378874,-0.0034578218366790882,-0.00235148843788735,-0.09160124023557774
1.306000000000001,0.5023431550726916,-0.004166682597867897,-0.0023431550726915606,-0.09060171567881492
1.308000000000001,0.5023334325271714,-0.004861272760072979,-0.002333432527171442,-0.08955952030979453
1.310000000000001,0.5023223497808791,-0.005541373146186168,-0.002322349780879085,-0.0884760283267847
1.312000000000001,0.5023099362262242,-0.006206777327416667,-0.0023099362262242185,-0.08735261808897724
1.314000000000001,0.5022962216423799,-0.006857291922180146,-0.0022962216423798587,-0.08619067172155206
1.316000000000001,0.5022812361701245,-0.007492736127638964,-0.0022812361701245454,-0.0849915737730142
1.318000000000001,0.5022650102858662,-0.008112942129145413,-0.0022650102858662313,-0.08375671067734285
1.320000000000001,0.5022475747765884,-0.008717754638915658,-0.0022475747765884346,-0.08248746930550384
1.322000000000001,0.5022289607141706,-0.009307031208965526,-0.002228960714170558,-0.08118523642462172
1.324000000000001,0.502209199431007,-0.009880641581830451,-0.0022091994310069474,-0.07985139735785679
1.326000000000001,0.5021883224953291,-0.01043846783890895,-0.002188322495329076,-0.07848733565844744
1.328000000000001,0.5021663616865982,-0.010980404365402182,-0.0021663616865982283,-0.07709443197425409
1.330000000000001,0.5021433489718818,-0.011506357358181576,-0.002143348971881842,-0.07567406309852695
1.332000000000001,0.5021193164815637,-0.012016245159077794,-0.0021193164815637155,-0.07422760151709211
1.334000000000001,0.5020942964860098,-0.012509997776974122,-0.0020942964860097835,-0.07275641410347083
1.336000000000001,0.502068321371744,-0.012987557132919946,-0.002068321371743953,-0.07126186166341722
1.338000000000001,0.5020414236189311,-0.013448876406426035,-0.0020414236189311152,-0.06974529773683817
1.340000000000001,0.502013635778493,-0.013893920219048757,-0.002013635778493006,-0.06820806835081858
1.342000000000001,0.5019849904502517,-0.014322664120685467,-0.001984990450251689,-0.06665151092067148
1.344000000000001,0.5019555202606826,-0.01473509478456593,-0.001955520260682575,-0.06507695388938209
1.346000000000001,0.5019252578407469,-0.015131209967799734,-0.00192525784074693,-0.06348571564273707
1.348000000000001,0.5018942358050245,-0.015511017861220533,-0.0018942358050244579,-0.06187910366207747
1.350000000000001,0.501862486730727,-0.015874537148756196,-0.0018624867307269755,-0.06025841433975778
1.352000000000001,0.5018300431369159,-0.016221796905543304,-0.0018300431369159265,-0.05862493208032282
1.354000000000001,0.5017969374647361,-0.016552836089915854,-0.0017969374647360814,-0.056979928571093755
1.356000000000001,0.5017632020573707,-0.0168677036826774,-0.001763202057370683,-0.0553246624995274
1.358000000000001,0.5017288691401363,-0.017166458617191755,-0.0017288691401362577,-0.05366037861214992
1.360000000000001,0.5016939708018363,-0.017449169149976365,-0.0016939708018363087,-0.051988306988258556
1.362000000000001,0.5016585389759189,-0.017715912958658372,-0.001658538975918944,-0.05030966292347598
1.364000000000001,0.5016226054226514,-0.01796677663380874,-0.0016226054226513575,-0.04862564607809938
1.366000000000001,0.501586201711074,-0.01820185578866928,-0.0015862017110740423,-0.04693744027224556
1.368000000000001,0.5015493592011339,-0.018421254970097726,-0.0015493592011338597,-0.04524621265429241
1.370000000000001,0.501512109027073,-0.018625087030451175,-0.0015121090270729942,-0.043553113075256666
1.372000000000001,0.5014744820808229,-0.018813473125038928,-0.001474482080822903,-0.041859274052468594
1.374000000000001,0.5014365089958301,-0.018986542496360233,-0.0014365089958301436,-0.040165810107877196
1.376000000000001,0.5013982201313232,-0.019144432253474453,-0.0013982201313231801,-0.03847381733684551
1.378000000000001,0.5013596455568806,-0.01928728722126187,-0.0013596455568806176,-0.03678437299945275
1.380000000000001,0.5013208150379672,-0.019415259456677093,-0.0013208150379672157,-0.035098535053962834
1.382000000000001,0.5012817580213598,-0.0195285083037208,-0.001281758021359769,-0.03341734206201154
1.384000000000001,0.5012425036207961,-0.01962720028182222,-0.0012425036207961426,-0.03174181255066996
1.386000000000001,0.5012030806038001,-0.019711508498015985,-0.001203080603800144,-0.030072944550023486
1.388000000000001,0.5011635173785847,-0.01978161260774781,-0.0011635173785846664,-0.028411715653989776
1.390000000000001,0.5011238419814046,-0.019837698590042627,-0.001123841981404583,-0.026759082535638846
1.392000000000001,0.5010840820643658,-0.019879958519370775,-0.0010840820643658322,-0.025115980666140694
1.394000000000001,0.5010442648836881,-0.019908590338849584,-0.0010442648836881396,-0.023483324055262513
1.396000000000001,0.5010044172884189,-0.019923797634586078,-0.001004417288418935,-0.021862005008676
1.398000000000001,0.5009645657094769,-0.019925789471026294,-0.0009645657094768945,-0.020252893902171325
1.400000000000001,0.5009247361497257,-0.019914779875592096,-0.0009247361497256579,-0.018656838908049485
1.402000000000001,0.50088495417342,-0.019890988152819537,-0.0008849541734200495,-0.01707466611343422
1.404000000000001,0.5008452448970154,-0.01985463820232775,-0.0008452448970154292,-0.015507178783982441
1.406000000000001,0.5008056329801158,-0.019805958449818188,-0.0008056329801158224,-0.013955157678289417
1.408000000000001,0.5007661426168646,-0.0197451816256234,-0.0007661426168645846,-0.012419360754814708
1.410000000000001,0.5007267975277826,-0.019672544541017568,-0.0007267975277825967,-0.010900523048959984
1.412000000000001,0.5006876209520502,-0.0195882878661745,-0.0006876209520502163,-0.009399356570286298
1.414000000000001,0.5006486356402303,-0.01949265590993212,-0.0006486356402303217,-0.007916550215834154
1.416000000000001,0.500609863847428,-0.01938589640115809,-0.0006098638474280049,-0.0064527696992807484
1.418000000000001,0.5005713273268847,-0.019268260271627383,-0.0005713273268846963,-0.005008657495962108
1.420000000000001,0.5005330473240038,-0.019140001440427882,-0.0005330473240038325,-0.003584832803760471
1.422000000000001,0.5004950445708038,-0.019001376599966837,-0.0004950445708038487,-0.0021818915197254173
1.424000000000001,0.5004573392807965,-0.01885264500367285,-0.0004573392807964982,-0.0008004062321871099
1.426000000000001,0.5004199511442855,-0.01869406825549724,-0.00041995114428550195,0.0005590737718129228
1.428000000000001,0.5003828993240829,-0.018525910101319206,-0.00038289932408286376,0.001896022484077161
1.430000000000001,0.5003462024516382,-0.018348436222359234,-0.00034620245163818897,0.003209937138004656
1.432000000000001,0.5003098786235768,-0.018161914030701602,-0.00030987862357678697,0.004500338156831676
1.434000000000001,0.5002739453986428,-0.017966612467025096,-0.0002739453986427831,0.005766769087630123
1.436000000000001,0.5002384197950415,-0.01776280180063693,-0.00023841979504146682,0.007008796521313771
1.438000000000001,0.5002033182881777,-0.017550753431903234,-0.0002033182881776563,0.008226009998978257
1.440000000000001,0.5001686568087833,-0.01733073969716519,-0.00016865680878330735,0.009418021904796983
1.442000000000001,0.5001344507414308,-0.017103033676227248,-0.00013445074143081381,0.010584467345832897
1.444000000000001,0.5001007149234258,-0.016867909002501014,-0.00010071492342578203,0.011725004018994695
1.446000000000001,0.5000674636440741,-0.016625639675885,-6.746364407406169e-05,0.012839312065469732
1.448000000000001,0.5000347106443171,-0.016376499878457563,-3.471064431714854e-05,0.01392709391292253
1.450000000000001,0.5000024691167311,-0.016120763793056433,-2.4691167310741946e-06,0.014988074105771621
1.452000000000001,0.49997075170588146,-0.015858705424816936,2.924829411854457e-05,0.016021999123813465
1.454000000000001,0.49993957050903,-0.015590598425735992,6.0429490970015376e-05,0.01702863718955872
1.456000000000001,0.4999089370771853,-0.015316715922326623,9.106292281468864e-05,0.018007778064536607
1.458000000000001,0.4998788624164925,-0.015037330346425605,0.00012113758350751347,0.01895923283491417
1.460000000000001,0.4998493569899541,-0.014752713269212115,0.0001506430100459144,0.019882833686726144
1.462000000000001,0.4998204307194771,-0.014463135238492969,0.00017956928052287324,0.02077843367104869
1.464000000000001,0.4997920929882385,-0.014168865619308108,0.00020790701176148785,0.0216459064594079
1.466000000000001,0.4997643526433627,-0.013870172437904551,0.00023564735663728076,0.02248514608976762
1.468000000000001,0.49973721799890447,-0.013567322229126492,0.0002627820010955295,0.023296066703395783
1.470000000000001,0.49971069683912994,-0.013260579887264002,0.00028930316087005803,0.024078602272947672
1.472000000000001,0.49968479642208913,-0.012950208520403135,0.00031520357791087195,0.02483270632206632
1.474000000000001,0.4996595234834725,-0.012636469308311978,0.0003404765165275214,0.025558351636838013
1.476000000000001,0.4996348842407447,-0.012319621363900435,0.0003651157592552967,0.026255529969412834
1.478000000000001,0.49961088439754814,-0.011999921598283496,0.0003891156024518616,0.026924251734112302
1.480000000000001,0.4995875291483692,-0.011677624589478616,0.00041247085163081953,0.02756454569635796
1.482000000000001,0.4995648231834597,-0.011352982454762078,0.0004351768165403169,0.028176458654711398
1.484000000000001,0.49954277069400627,-0.011026244726708533,0.0004572293059937338,0.028760055116374757
1.486000000000001,0.4995213753775404,-0.010697658232934245,0.00047862462245962245,0.029315416966457883
1.488000000000001,0.4995006404435813,-0.010367466979561396,0.0004993595564187214,0.029842643131319145
1.490000000000001,0.49948056861950446,-0.010035912038419255,0.0005194313804955386,0.030341849236310253
1.492000000000001,0.49946116215662845,-0.009703231437994283,0.0005388378433715535,0.0308131672582408
1.494000000000001,0.4994424228365122,-0.009369660058139023,0.0005575771634878102,0.031256745172856426
1.496000000000001,0.4994243519774551,-0.009035429528547145,0.0005756480225448946,0.03167274659765143
1.498000000000001,0.4994069504411931,-0.008700768130999239,0.0005930495588069018,0.03206135043034293
1.500000000000001,0.49939021863978234,-0.008365900705381317,0.0006097813602176649,0.03242275048327531
1.5020000000000011,0.49937415654266337,-0.008031048559475944,0.0006258434573366278,0.032757155114087916
1.5040000000000011,0.4993587636838983,-0.0076964293825229875,0.0006412363161016899,0.03306478685294106
1.5060000000000011,0.4993440391695732,-0.007362257162544789,0.0006559608304267939,0.033345882026590584
1.5080000000000011,0.49932998168535836,-0.007028742107428241,0.0006700183146416405,0.03360069037961654
1.5100000000000011,0.49931658950421887,-0.006696090569753826,0.0006834104957811338,0.03382947469309386
1.5120000000000011,0.49930386049426817,-0.006364504975359253,0.0006961395057318298,0.03403251040099918
1.5140000000000011,0.4992917921267569,-0.006034183755623885,0.0007082078732431052,0.034210085204632444
1.5160000000000011,0.49928038148418996,-0.0057053212834562725,0.0007196185158100388,0.03436249868534809
1.5180000000000011,0.499269625268564,-0.005378107812967383,0.000730374731436001,0.03449006191585782
1.5200000000000011,0.4992595198097184,-0.00505272942280757,0.0007404801902816116,0.03459309707040742
1.5220000000000011,0.4992500610737921,-0.004729367963145071,0.0007499389262078937,0.03467193703407204
1.5240000000000011,0.4992412446717796,-0.004408201006260715,0.0007587553282203952,0.03472692501146082
1.5260000000000011,0.4992330658681781,-0.004089401800732721,0.0007669341318218836,0.03475841413507652
1.5280000000000011,0.4992255195897198,-0.0037731392291817586,0.0007744804102802205,0.03476676707360807
1.5300000000000011,0.4992186004341807,-0.003459577769546959,0.0007813995658192963,0.03475235564039058
1.5320000000000011,0.499212302679261,-0.0031488774598594804,0.0007876973207390225,0.03471556040231881
1.5340000000000011,0.499206620291528,-0.0028411938664804396,0.0007933797084719862,0.03465677028942038
1.5360000000000011,0.49920154693541646,-0.002536678055766039,0.0007984530645835375,0.03457638220535989
1.5380000000000011,0.4991970759822782,-0.0022354765691243532,0.0008029240177218067,0.03447480063910754
1.5400000000000011,0.49919320051947536,-0.0019377314014228197,0.0008067994805246448,0.03435243727799662
1.5420000000000011,0.49918991335950996,-0.0016435799827072988,0.0008100866404900375,0.03420971062240861
1.5440000000000011,0.49918720704918357,-0.0013531551631895053,0.0008127929508164322,0.0340470456023088
1.5460000000000012,0.49918507387878064,-0.001066585201460106,0.0008149261212193615,0.033864873195846794
1.5480000000000012,0.49918350589126886,-0.0007839937558821343,0.0008164941087311361,0.033663630050234566
1.5500000000000012,0.4991824948915106,-0.00050549987911857,0.0008175051084893803,0.03344375810512758
1.5520000000000012,0.49918203245547915,-0.00023121801574661158,0.0008179675445208479,0.03320570421869378
1.5540000000000012,0.4991821099394733,3.8741997090259764e-05,0.0008178900605266826,0.032949919796580525
1.5560000000000012,0.4991827184893254,0.00030427492604223735,0.0008172815106746167,0.03267686042397704
1.5580000000000012,0.49918384904959534,0.0005652801349764279,0.0008161509504046593,0.03238698550094243
1.5600000000000012,0.4991854923727464,0.0008216615755153587,0.0008145076272536023,0.03208075788120995
1.5620000000000012,0.4991876390282959,0.001073327774743952,0.000812360971704118,0.03175864351462873
1.5640000000000012,0.49919027941193617,0.001320191820139299,0.0008097205880638336,0.03142111109342077
1.5660000000000012,0.49919340375461974,0.0015621713417782695,0.0008065962453802644,0.031068631702414046
1.5680000000000012,0.4991970021316035,0.0017991884918785752,0.0008029978683964933,0.030701678473432307
1.5700000000000012,0.49920106447144696,0.002031169921730728,0.0007989355285530353,0.030320726243981157
1.5720000000000012,0.4992055805649591,0.002258046756077733,0.0007944194350408829,0.029926251220390682
1.5740000000000012,0.4992105400740891,0.0024797545650013845,0.0007894599259108959,0.02951873064555758
1.5760000000000012,0.49921593254075586,0.0026962333333738595,0.0007840674592441421,0.02909864247143445
1.5780000000000012,0.4992217473956117,0.0029074274279338144,0.0007782526043882965,0.028666465036391826
1.5800000000000012,0.4992279739667358,0.0031132855620482395,0.0007720260332642059,0.028222676747598045
1.5820000000000012,0.4992346014882522,0.0033137607582191925,0.0007653985117477835,0.02776775576852
1.5840000000000012,0.499241619108869,0.003508810308398023,0.0007583808911310053,0.02730217971169215
1.5860000000000012,0.4992490159003333,0.0036983957321676877,0.0007509840996666739,0.026826425336842187
1.5880000000000012,0.49925678086579905,0.0038824827328555983,0.0007432191342009453,0.026340968254499268
1.5900000000000012,0.49926490294810233,0.0040610411516390985,0.0007350970518976707,0.025846282635182214
1.5920000000000012,0.4992733710379417,0.004234044919706382,0.0007266289620582733,0.02534284092426773
1.5940000000000012,0.4992821739819588,0.004401472008535298,0.0007178260180412122,0.02483111356262455
1.5960000000000012,0.49929130059071547,0.0045633043783535965,0.00070869940928453,0.02431156871311319
1.5980000000000012,0.4993007396465652,0.004719527924843301,0.0006992603534348163,0.023784671993027605
1.6000000000000012,0.4993104799114135,0.004870132424152933,0.000689520088586526,0.02325088621254935
1.6020000000000012,0.499320510134366,0.005015111476280771,0.0006794898656339865,0.022710671119308107
1.6040000000000012,0.4993308190592598,0.005154462446892289,0.0006691809407401994,0.02216448314907869
1.6060000000000012,0.49934139543207506,0.005288186407635863,0.0006586045679249364,0.021612775182715687
1.6080000000000012,0.4993522280082251,0.0054162880750192564,0.0006477719917749036,0.021055996309361592
1.6100000000000012,0.4993633055597209,0.00553877574791077,0.0006366944402790842,0.02049459159597689
1.6120000000000012,0.49937461688220836,0.005655661243727714,0.0006253831177916447,0.019929001863252596
1.6140000000000012,0.4993861508018751,0.005766959833375505,0.000613849198124905,0.019359663467938073
1.6160000000000012,0.4993978961822251,0.005872690174999714,0.0006021038177749238,0.018787008091620695
1.6180000000000012,0.4994098419307183,0.0059728742466137776,0.0005901580692816988,0.018211462535997237
1.6200000000000012,0.49942197700527363,0.0060675372776645645,0.0005780229947263682,0.017633448524654174
1.6220000000000012,0.4994342904206328,0.006156707679597462,0.0005657095793671907,0.017053382511390165
1.6240000000000012,0.49944677125458375,0.006240416975482783,0.0005532287454162454,0.016471675495090165
1.6260000000000012,0.49945940865404126,0.0063186997287642275,0.0005405913459587408,0.015888732841167034
1.6280000000000012,0.4994721918409836,0.006391593471190256,0.0005278081590163741,0.015304954109585406
1.6300000000000012,0.4994851101182436,0.006459138629988727,0.0005148898817564085,0.014720732889464709
1.6320000000000012,0.49949815287515226,0.006521378454344559,0.000501847124847743,0.014136456640267612
1.6340000000000012,0.49951130959303475,0.006578358941239019,0.0004886904069652531,0.013552506539565159
1.6360000000000012,0.49952456985055615,0.00663012876071013,0.0004754301494438451,0.012969257337371105
1.6380000000000012,0.49953792332891733,0.006676739180591995,0.00046207667108266737,0.012387077217043675
1.6400000000000012,0.4995513598168989,0.006718243990790142,0.00044864018310109,0.011806327662714701
1.6420000000000012,0.4995648692157532,0.006754699427150318,0.0004351307842467844,0.011227363333253457
1.6440000000000012,0.49957844154394315,0.006786164094976358,0.0004215584560568475,0.010650531942721059
1.6460000000000012,0.49959206694172764,0.006812698892253091,0.0004079330582723584,0.010076174147297542
1.6480000000000012,0.4996057356755929,0.006834366932628786,0.0003942643244070898,0.009504623438641245
1.6500000000000012,0.49961943814252935,0.00685123346821144,0.0003805618574706515,0.008936206043654806
1.6520000000000012,0.4996331648741538,0.006863365812231597,0.0003668351258461766,0.00837124083061462
1.6540000000000012,0.49964690654067706,0.006870833261625159,0.00035309345932293956,0.007810039221615468
1.6560000000000012,0.49966065395471626,0.006873707019586803,0.00033934604528373935,0.007252905111292424
1.6580000000000013,0.49967439807495256,0.006872060118145906,0.00032560192504743624,0.006700134791762771
1.6600000000000013,0.4996881300096342,0.006865967340814167,0.00031186999036580954,0.006152016883751543
1.6620000000000013,0.4997018410199249,0.006855505145354789,0.000298158980075125,0.005608832273818214
1.6640000000000013,0.4997155225230983,0.006840751586720805,0.00028447747690169,0.00507085405765021
1.6660000000000013,0.4997291660955787,0.006821786240210531,0.00027083390442128596,0.004538347489346796
1.6680000000000013,0.49974276347582847,0.00679869012488639,0.00025723652417153353,0.004011569936640908
1.6700000000000013,0.4997563065670831,0.0067715456273027205,0.0002436934329169138,0.0034907708419749514
1.6720000000000013,0.4997697874399343,0.0067404364255869535,0.00023021256006572344,0.002976191689373832
1.6740000000000013,0.4997831983347621,0.006705447413918111,0.000216801665237909,0.002468065977041984
1.6760000000000013,0.499796531664017,0.006666664627445156,0.00020346833598300362,0.0019666191955982487
1.6780000000000013,0.4998097800143524,0.006624175167686814,0.00019021998564761056,0.001472068811874989
1.6800000000000013,0.4998229361486093,0.006578067128453751,0.000177063851390713,0.0009846242582176087
1.6820000000000013,0.49983599300765397,0.006528429522332818,0.000164006992346033,0.0005044869271747694
1.6840000000000013,0.4998489437120695,0.00647535220777146,0.00015105628793049553,3.185017150850178e-05
1.6860000000000013,0.4998617815637031,0.006418925816801318,0.00013821843629691077,-0.00043310069055163894
1.6880000000000013,0.49987450004706996,0.0063592416834357506,0.00012549995293004157,-0.0008901883649248873
1.6900000000000013,0.4998870928306155,0.006296391772778644,0.00011290716938450185,-0.0013392435662340878
1.6920000000000013,0.49989955376783723,0.0062304686108780585,0.00010044623216276527,-0.0017801049973985702
1.6940000000000013,0.49991187689826794,0.006161565215358544,8.812310173206273e-05,-0.0022126193243674477
1.6960000000000013,0.49992405644832166,0.006089775026864412,7.594355167833688e-05,-0.0026366411460760353
1.6980000000000013,0.49993608683200436,0.006015191841345733,6.391316799564395e-05,-0.0030520329597309367
1.7000000000000013,0.4999479626514908,0.0059379097432166895,5.2037348509226256e-05,-0.003458665121519975
1.7020000000000013,0.49995967869756963,0.005858023039416519,4.0321302430368355e-05,-0.0038564158028476393
1.7040000000000013,0.4999712299499584,0.005775626194400419,2.8770050041593276e-05,-0.004245170942201785
1.7060000000000013,0.4999826115774906,0.005690813766087962,1.7388422509423407e-05,-0.004624824192736688
1.7080000000000013,0.4999938189381762,0.005603680342794982,6.181061823817835e-06,-0.004995276865711025
1.7100000000000013,0.5000048475791385,0.005514320481174119,-4.847579138544944e-06,-0.005356437869842269
1.7120000000000013,0.5000156932364289,0.0054228286451877055,-1.569323642891529e-05,-0.005708223646715917
1.7140000000000013,0.5000263518347212,0.005329299146136218,-2.6351834721216605e-05,-0.006050558102344317
1.7160000000000013,0.5000368194868887,0.005233826083763626,-3.681948688871728e-05,-0.006383372534984882
1.7180000000000013,0.5000470924934657,0.00513650328846088,-4.709249346568356e-05,-0.006706605559312317
1.7200000000000013,0.5000571673419949,0.005037424264587013,-5.716734199490148e-05,-0.007020203027088222
1.7220000000000013,0.5000670407062647,0.004936682134926788,-6.704070626473158e-05,-0.007324117944383072
1.7240000000000013,0.5000767094454374,0.004834369586302052,-7.67094454373618e-05,-0.007618310385516051
1.7260000000000013,0.50008617060307,0.004730578816353801,-8.617060307003488e-05,-0.007902747403796524
1.7280000000000013,0.500095421406033,0.00462540148151032,-9.542140603302496e-05,-0.008177402939155195
1.7300000000000013,0.5001044592633254,0.004518928646155851,-0.0001044592633253627,-0.008442257722831317
1.7320000000000013,0.5001132817647914,0.004411250733013658,-0.0001132817647914175,-0.00869729917917036
1.7340000000000013,0.5001218866797409,0.004302457474755641,-0.00012188667974089018,-0.008942521324670358
1.7360000000000013,0.5001302719554745,0.00419263786684992,-0.00013027195547454795,-0.009177924664391247
1.7380000000000013,0.5001384357157178,0.004081880121657276,-0.00013843571571781066,-0.009403516085831839
1.7400000000000013,0.5001463762589654,0.003970271623785647,-0.0001463762589654083,-0.009619308750369702
1.7420000000000013,0.5001540920567389,0.0038578988867114332,-0.00015409205673888593,-0.009825321982401979
1.7440000000000013,0.5001615817517603,0.0037448475106750586,-0.00016158175176028688,-0.01002158115626687
1.7460000000000013,0.500168844156044,0.0036312021418573536,-0.00016884415604401237,-0.010208117581086534
1.7480000000000013,0.5001758782489097,0.0035170464328428516,-0.00017587824890974435,-0.010384968383617849
1.7500000000000013,0.5001826831749185,0.003402463004373946,-0.00018268317491854091,-0.010552176389232625
1.7520000000000013,0.5001892582417353,0.00328753340840069,-0.0001892582417353239,-0.010709790001115584
1.7540000000000013,0.5001956029179202,0.003172338092428696,-0.00019560291792020124,-0.010857863077813647
1.7560000000000013,0.5002017168306505,0.003056956365166867,-0.00020171683065051127,-0.010996454809236746
1.7580000000000013,0.5002075997633775,0.0029414663634768643,-0.0002075997633774751,-0.011125629591187318
1.7600000000000013,0.5002132516534187,0.0028259450206239854,-0.0002132516534186779,-0.011245456898575867
1.7620000000000013,0.5002186725894904,0.002710468035829194,-0.00021867258949037627,-0.011356011157371101
1.7640000000000013,0.5002238628091806,0.00259510984512075,-0.0002238628091806305,-0.011457371615444245
1.7660000000000013,0.5002288226963676,0.0024799435934834027,-0.00022882269636759212,-0.01154962221234597
1.7680000000000013,0.5002335527785842,0.0023650411083019057,-0.00023355277858416734,-0.011632851448187088
1.7700000000000014,0.5002380537243324,0.00225047287409533,-0.0002380537243323877,-0.0117071522516686
1.7720000000000014,0.5002423263403495,0.0021363080085370335,-0.00024232634034948575,-0.011772621847390839
1.7740000000000014,0.500246371568829,0.0020226142397556345,-0.0002463715688290069,-0.011829361622516464
1.7760000000000014,0.5002501904845988,0.0019094578849105166,-0.0002501904845988445,-0.01187747699291591
1.7780000000000014,0.5002537842922589,0.001796903830034662,-0.0002537842922588629,-0.011917077268864297
1.7800000000000014,0.5002571543232811,0.0016850155111381032,-0.00025715432328110577,-0.011948275520389177
1.7820000000000014,0.5002603020330743,0.0015738548965629697,-0.0002603020330742556,-0.011971188442382335
1.7840000000000014,0.5002632289980155,0.001463482470581663,-0.0002632289980154523,-0.011985936219533193
1.7860000000000014,0.5002659369124519,0.0013539572182284143,-0.000265936912451914,-0.011992642391199754
1.7880000000000014,0.5002684275856746,0.0012453366113539604,-0.0002684275856745799,-0.011991433716304973
1.7900000000000014,0.5002707029388663,0.0011376765958924324,-0.00027070293886632957,-0.011982440038337157
1.7920000000000014,0.500272765002027,0.001031031580329219,-0.0002727650020269978,-0.011965794150545616
1.7940000000000014,0.5002746159108777,0.000925454425357385,-0.0002746159108777402,-0.011941631661409132
1.7960000000000014,0.5002762579037472,0.0008209964347103422,-0.00027625790374719017,-0.011910090860466993
1.7980000000000014,0.5002776933184415,0.0007177073471571241,-0.0002776933184415187,-0.011871312584597948
1.8000000000000014,0.5002789245891008,0.0006156353296472281,-0.0002789245891008374,-0.011825440084817871
1.8020000000000014,0.5002799542430441,0.0005148269715897763,-0.00027995424304405603,-0.011772618893680723
1.8040000000000014,0.5002807848976045,0.00041532728025315386,-0.00028078489760452463,-0.011712996693352018
1.8060000000000014,0.500281419256959,0.000317179677269066,-0.0002814192569590146,-0.01164672318443414
1.8080000000000014,0.5002818601089515,0.00022042599622608769,-0.0002818601089514816,-0.01157394995562965
1.8100000000000014,0.5002821103219142,0.0001251064813357197,-0.0002821103219141641,-0.011494830354285352
1.8120000000000014,0.5002821728414885,3.1259787154850924e-05,-0.00028217284148845945,-0.011409519357902282
1.8140000000000014,0.5002820506874471,-6.107702065263491e-05,-0.0002820506874471329,-0.011318173446693228
1.8160000000000014,0.5002817469505201,-0.00015186846353256703,-0.0002817469505200787,-0.01122095047723268
1.8180000000000014,0.5002812647892255,-0.00024108064725314164,-0.00028126478922552156,-0.01111800955727058
1.8200000000000014,0.5002806074267092,-0.00032868125813186326,-0.0002806074267092118,-0.011009510921767721
1.8220000000000014,0.5002797781475926,-0.00041463955829531825,-0.0002797781475926131,-0.010895615810236608
1.8240000000000014,0.5002787802948326,-0.0004989263799906346,-0.0002787802948326368,-0.010776486345409206
1.8260000000000014,0.5002776172665947,-0.0005815141189672844,-0.00027761726659469854,-0.010652285413314836
1.8280000000000014,0.5002762925131408,-0.0006623767269501717,-0.0002762925131407634,-0.010523176544820658
1.8300000000000014,0.5002748095337343,-0.0007414897032216527,-0.000274809533734266,-0.010389323798680366
1.8320000000000014,0.5002731718735636,-0.0008188300853341475,-0.0002731718735635713,-0.010250891646148987
1.8340000000000014,0.5002713831206856,-0.0008943764389727331,-0.0002713831206856421,-0.010108044857208705
1.8360000000000014,0.5002694469029917,-0.0009681088469885417,-0.00026944690299168794,-0.00996094838845295
1.8380000000000014,0.5002673668851965,-0.0010400088976234088,-0.0002673668851964628,-0.009809767272678975
1.8400000000000014,0.5002651467658525,-0.0011100596719468558,-0.00026514676585254193,-0.009654666510235103
1.8420000000000014,0.5002627902743915,-0.0011782457305260306,-0.00026279027439146674,-0.009495810962154821
1.8440000000000014,0.5002603011681928,-0.001244553099350412,-0.00026030116819275584,-0.00933336524513264
1.8460000000000014,0.5002576832296827,-0.0013089692550318122,-0.0002576832296826703,-0.009167493628359821
1.8480000000000014,0.5002549402634641,-0.0013714831093018863,-0.0002549402634640652,-0.008998359932275001
1.8500000000000014,0.5002520760934784,-0.0014320849928281419,-0.0002520760934784372,-0.00882612742926072
1.8520000000000014,0.5002490945602017,-0.0014907666383703094,-0.0002490945602017236,-0.008650958746309344
1.8540000000000014,0.5002459995178751,-0.0015475211632990022,-0.0002459995178750729,-0.008473015769698635
1.8560000000000014,0.500242794831772,-0.0016023430514978845,-0.00024279483177203076,-0.008292459551703914
1.8580000000000014,0.5002394843755027,-0.001655228134671828,-0.00023948437550269652,-0.008109450219383346
1.8600000000000014,0.5002360720283565,-0.0017061735730824965,-0.00023607202835651542,-0.007924146885436033
1.8620000000000014,0.500232561672685,-0.0017551778357332403,-0.0002325616726850388,-0.00773670756117812
1.8640000000000014,0.500228957191325,-0.0018022406800253005,-0.0002289571913249855,-0.0075472890716683115
1.8660000000000014,0.5002252624650632,-0.0018473631309074245,-0.0002252624650631585,-0.0073560469729741194
1.8680000000000014,0.5002214813701441,-0.0018905474595401074,-0.0002214813701441054,-0.007163135471618915
1.8700000000000014,0.5002176177758211,-0.0019317971614968327,-0.00021761777582107733,-0.006968707346224109
1.8720000000000014,0.5002136755419521,-0.0019711169345237585,-0.00021367554195206306,-0.006772913871346261
1.8740000000000014,0.5002096585166403,-0.0020085126558796584,-0.00020965851664034307,-0.006575904743558764
1.8760000000000014,0.5002055705339218,-0.0020439913592775858,-0.00020557053392178393,-0.0063778280097340646
1.8780000000000014,0.5002014154114989,-0.0020775612114498324,-0.0002014154114988731,-0.006178829997593772
1.8800000000000014,0.5001971969485222,-0.0021092314883577215,-0.0001971969485221603,-0.005979055248505092
1.8820000000000014,0.50019291892342,-0.0021390125510671754,-0.0001929189234199935,-0.00577864645252869
1.8840000000000015,0.5001885850917773,-0.0021669158213114383,-0.00018858509177732685,-0.005577744385732565
1.8860000000000015,0.5001841991842638,-0.002192953756762014,-0.00018419918426382242,-0.005376487849781636
1.8880000000000015,0.5001797649046118,-0.0022171398260286464,-0.00017976490461180106,-0.005175013613790884
1.8900000000000015,0.5001752859276449,-0.0022394884834087136,-0.00017528592764493034,-0.004973456358443396
1.8920000000000015,0.5001707658973581,-0.0022600151434069866,-0.0001707658973580939,-0.0047719486223885
1.8940000000000015,0.500166208425048,-0.0022787361550459318,-0.00016620842504799782,-0.004570620750916769
1.8960000000000015,0.5001616170874961,-0.0022956687759866923,-0.00016161708749606873,-0.004369600846873981
1.8980000000000015,0.5001569954252031,-0.002310831146480455,-0.00015699542520308807,-0.004169014723856057
1.9000000000000015,0.5001523469406768,-0.002324242263170192,-0.00015234694067678411,-0.003968985861643067
1.9020000000000015,0.5001476750967713,-0.0023359219527625047,-0.00014767509677127144,-0.0037696353639011726
1.9040000000000015,0.5001429833150801,-0.002345890845588145,-0.00014298331508011408,-0.003571081918088353
1.9060000000000015,0.500138274974382,-0.002354170349070728,-0.0001382749743820133,-0.0033734417576164184
1.9080000000000015,0.5001335534091398,-0.0023607826211223073,-0.00013355340913978608,-0.003176828626209804
1.9100000000000015,0.5001288219080529,-0.002365750543484407,-0.00012882190805285632,-0.002981353744469136
1.9120000000000015,0.5001240837126628,-0.002369097695032393,-0.0001240837126628147,-0.0027871257786298456
1.9140000000000015,0.5001193420160127,-0.002370848325061745,-0.00011934201601271344,-0.0025942508114801953
1.9160000000000015,0.5001145999613595,-0.0023710273265731634,-0.00011459996135954054,-0.0024028323154467925
1.9180000000000015,0.5001098606409404,-0.002369660209574779,-0.00010986064094042902,-0.002212971127808458
1.9200000000000015,0.5001051270947916,-0.0023667730744178,-0.00010512709479160165,-0.002024765428042382
1.9220000000000015,0.5001004023096213,-0.0023623925851827244,-0.0001004023096212725,-0.001838310717246266
1.9240000000000015,0.5000956892177351,-0.002356545943132864,-9.568921773506212e-05,-0.0016536997996681757
1.9260000000000015,0.5000909906960146,-0.0023492608602508347,-9.099069601459231e-05,-0.0014710227662696205
1.9280000000000015,0.5000863095649488,-0.0023405655328743017,-8.630956494881659e-05,-0.0012903669803328577
1.9300000000000015,0.500081648587718,-0.0023304886154462104,-8.164858771797512e-05,-0.0011118170650783617
1.9320000000000015,0.5000770104693292,-0.0023190591943954364,-7.70104693291751e-05,-0.0009354548932727943
1.9340000000000015,0.5000723978558048,-0.002306306762161146,-7.239785580481772e-05,-0.0007613595787715676
1.9360000000000015,0.5000678133334221,-0.0022922611913775886,-6.781333342209539e-05,-0.000589607470031563
1.9380000000000015,0.5000632594280037,-0.0022769527092316457,-6.325942800367024e-05,-0.00042027214550622704
1.9400000000000015,0.5000587386042596,-0.0022604118720079103,-5.8738604259644944e-05,-0.0002534244109151638
1.9420000000000015,0.5000542532651799,-0.0022426695398348752,-5.425326517993767e-05,-8.913229837788752e-05
1.9440000000000015,0.5000498057514766,-0.002223756851644733,-4.980575147661703e-05,7.25389326373684e-05
1.9460000000000015,0.5000453983410759,-0.002203705200360612,-4.5398341075864046e-05,0.00023152679258005163
1.9480000000000015,0.5000410332486592,-0.0021825462083224115,-4.103324865922797e-05,0.0003877715573260502
1.9500000000000015,0.5000367126252533,-0.002160311702964429,-3.671262525328789e-05,0.0005412162619532926
1.9520000000000015,0.5000324385578677,-0.0021370336927562373,-3.2438557867719986e-05,0.0006918066928329135
1.9540000000000015,0.5000282130691809,-0.002112744343417588,-2.82130691808824e-05,0.0008394913780474379
1.9560000000000015,0.500024038117272,-0.00208747595441931,-2.4038117272029424e-05,0.000984221576182292
1.9580000000000015,0.5000199155954005,-0.002061260935779834,-1.991559540048815e-05,0.0011259512635381332
1.9600000000000015,0.5000158473318301,-0.0020341317851685844,-1.5847331830132205e-05,0.0012646371197603079
1.9620000000000015,0.5000118350896995,-0.0020061210653252648,-1.1835089699485657e-05,0.0014002385119632962
1.9640000000000015,0.5000078805669359,-0.0019772613818053028,-7.880566935902777e-06,0.0015327174773458385
1.9660000000000015,0.5000039853962138,-0.0019475853610602563,-3.985396213823655e-06,0.0016620387043691917
1.9680000000000015,0.5000001511449561,-0.0019171256288618137,-1.5114495610646372e-07,0.00178816951250731
1.9700000000000015,0.49999637931537794,-0.001885914789078385,3.6206846220632194e-06,0.0019110798306175552
1.9720000000000015,0.4999926713445723,-0.001853985402811698,7.328655427685238e-06,0.0020307421739609137
1.9740000000000015,0.4999890286046365,-0.0018213699679017327,1.0971395363490455e-05,0.0021471316199191074
1.9760000000000015,0.49998545240283887,-0.0017881008988067872,1.4547597161129744e-05,0.0022602257824413507
1.9780000000000015,0.49998194398182516,-0.0017542105068659292,1.805601817483904e-05,0.002370004785251977
1.9800000000000015,0.49997850451986325,-0.0017197309809504947,2.149548013674618e-05,0.002476451233859491
1.9820000000000015,0.49997513513112624,-0.001684694368510756,2.4864868873764046e-05,0.0025795501864203417
1.9840000000000015,0.4999718368660122,-0.0016491325570236477,2.81631339877908e-05,0.002679289123461318
1.9860000000000015,0.4999686107115005,-0.0016130772558470639,3.138928849949485e-05,0.00277565791653528
1.9880000000000015,0.49996545759154354,-0.001576559978486199,3.4542408456461615e-05,0.002868648795826858
1.9900000000000015,0.49996237836749297,-0.0015396120252762597,3.762163250703443e-05,0.0029582563167446637
1.9920000000000015,0.49995937383856,-0.0015022644664862467,4.062616144001607e-05,0.0030444773255576367
1.9940000000000015,0.49995644474230827,-0.001464548125848516,4.355525769172974e-05,0.00312731092408689
1.9960000000000016,0.4999535917551792,-0.0014264935645166583,4.640824482077255e-05,0.0032067584335177058
1.9980000000000016,0.4999508154930483,-0.001388131065456261,4.918450695168275e-05,0.00328282335734756
2.0000000000000013,0.49994811651181176,-0.0013494906182713047,5.18834881882424e-05,0.003355511343523571
2.002000000000001,0.4999454953080028,-0.0013106019044685563,5.4504691997192545e-05,0.003424830145801001
2.004000000000001,0.4999429523194365,-0.0012714942831632216,5.7047680563526715e-05,0.003490789584356258
2.0060000000000007,0.499940487925882,-0.0012321967772270133,5.9512074117973324e-05,0.0035534015057042904
2.0080000000000005,0.4999381024497623,-0.0011927380598814774,6.18975502377217e-05,0.0036126797419459462
2.0100000000000002,0.49993579615687883,-0.0011531464417369583,6.420384312116889e-05,0.0036686400693903454
2.012,0.49993356925716226,-0.001113449858279219,6.643074283774197e-05,0.003721300166583714
2.014,0.49993142190544665,-0.0010736758578043335,6.857809455335095e-05,0.0037706795717888982
2.0159999999999996,0.49992935420226703,-0.0010338515898020409,7.064579773297108e-05,0.0038167996399383715
2.0179999999999993,0.4999273661946795,-0.0009940037937882168,7.26338053205211e-05,0.0038596834991208844
2.019999999999999,0.4999254578771023,-0.0009541587885862871,7.454212289770279e-05,0.003899356006609061
2.021999999999999,0.4999236291921782,-0.0009143424620572274,7.637080782180172e-05,0.003935843704494398
2.0239999999999987,0.49992188003165566,-0.0008745802612774844,7.811996834433677e-05,0.003969174774929297
2.0259999999999985,0.49992021023728933,-0.0008348971831639299,7.978976271066918e-05,0.003999378995050955
2.0279999999999982,0.49991861960175826,-0.0007953177655445616,8.138039824173715e-05,0.004026487691590697
2.029999999999998,0.4999171078696009,-0.0007558660786739908,8.28921303990815e-05,0.004050533695214048
2.031999999999998,0.49991567473816656,-0.0007165657171910402,8.432526183344002e-05,0.004071551294637251
2.0339999999999976,0.49991431985858154,-0.0006774397925175339,8.568014141846492e-05,0.004089576190528641
2.0359999999999974,0.49991304283673016,-0.0006385109256951923,8.695716326984071e-05,0.00410464544925613
2.037999999999997,0.49991184323424886,-0.00059980124065869,8.815676575113507e-05,0.004116797456488821
2.039999999999997,0.499910720569533,-0.0005613323579418311,8.927943046699305e-05,0.004126071870704092
2.0419999999999967,0.4999096743187554,-0.0005231253888140028,9.032568124461848e-05,0.004132509576621553
2.0439999999999965,0.4999087039168957,-0.00048520092984376246,9.129608310431969e-05,0.004136152638598742
2.0459999999999963,0.4999078087587799,-0.00044757905788597464,9.219124122011868e-05,0.00413704425401655
2.047999999999996,0.4999069882001289,-0.00041027932548905096,9.301179987108998e-05,0.004135228706690722
2.049999999999996,0.49990624155861546,-0.00037332075671819235,9.375844138453937e-05,0.00413075132033265
2.0519999999999956,0.4999055681149287,-0.0003367218433907722,9.443188507129996e-05,0.004123658412099767
2.0539999999999954,0.49990496711384524,-0.0003005005417194675,9.503288615475558e-05,0.00411399724624277
2.055999999999995,0.4999044377653065,-0.0002646742693588898,9.556223469348035e-05,0.004101815987909691
2.057999999999995,0.49990397924550084,-0.00022925990285066545,9.602075449915981e-05,0.004087163657098104
2.0599999999999947,0.49990359069794993,-0.00019427377546250407,9.640930205007114e-05,0.004070090082817058
2.0619999999999945,0.4999032712345991,-0.00015973167541599077,9.67287654008997e-05,0.00405064585746535
2.0639999999999943,0.4999030199369101,-0.00012564884449808316,9.698006308989093e-05,0.004028882291451979
2.065999999999994,0.499902835856956,-9.203997705099201e-05,9.7164143044004e-05,0.004004851368093721
2.067999999999994,0.4999027180185173,-5.8919219334703065e-05,9.728198148267753e-05,0.003978605698811152
2.0699999999999936,0.4999026654181788,-2.6300169256501354e-05,9.73345818212068e-05,0.003950198478641804
2.0719999999999934,0.4999026770264259,5.804123537881917e-06,9.732297357412101e-05,0.003919683442104773
2.073999999999993,0.49990275178874033,3.738115721798242e-05,9.724821125967065e-05,0.0038871148194269583
2.075999999999993,0.4999028886266943,6.841897697307643e-05,9.711137330570274e-05,0.0038525472931688434
2.0779999999999927,0.499903086439042,9.890617387348923e-05,9.691356095797854e-05,0.0038160359552550332
2.0799999999999925,0.4999033441028088,0.00012883188339518707,9.665589719121126e-05,0.0037776362644456525
2.0819999999999923,0.499903660474376,0.0001581857836142156,9.633952562398962e-05,0.0037374040042532633
2.083999999999992,0.4999040343905622,0.0001869580930772468,9.596560943780919e-05,0.0036953952413453692
2.085999999999992,0.4999044646696989,0.00021513956835528955,9.553533030109973e-05,0.0036516662844351204
2.0879999999999916,0.4999049501127015,0.00024272150128687792,9.504988729852615e-05,0.0036062736436886997
2.0899999999999914,0.4999054895041333,0.0002696957159181181,9.451049586667315e-05,0.003559273990654168
2.091999999999991,0.4999060816132636,0.00029605456514596135,9.39183867363913e-05,0.003510724118748808
2.093999999999991,0.49990672519511775,0.0003217909270721737,9.327480488224849e-05,0.0034606809043096908
2.0959999999999908,0.4999074189915199,0.00034689820107493795,9.258100848008599e-05,0.003409201268217766
2.0979999999999905,0.4999081617321271,0.0003713703036050768,9.183826787290128e-05,0.0033563421381285017
2.0999999999999903,0.49990895213545455,0.0003952016637144842,9.1047864545446e-05,0.0033021604113109746
2.10199999999999,0.4999097889098912,0.0004183872183236402,9.0211090108816e-05,0.0032467129181033556
2.10399999999999,0.49991067075470563,0.00044092240723589844,8.932924529436725e-05,0.003190056386029
2.1059999999999897,0.49991159636104143,0.0004628031679057856,8.84036389585674e-05,0.0031322474045387917
2.1079999999999894,0.4999125644129014,0.0004840259299684419,8.743558709861654e-05,0.0030733423904369104
2.109999999999989,0.49991357358812044,0.0005045876095383713,8.64264118795588e-05,0.0030133975539762196
2.111999999999989,0.499914622559327,0.0005244856032840574,8.537744067299569e-05,0.0029524688656439807
2.1139999999999888,0.4999157099948916,0.0005437177822868022,8.429000510840057e-05,0.0028906120236357703
2.1159999999999886,0.49991683455986297,0.0005622824856907544,8.316544013703409e-05,0.0028278824220492205
2.1179999999999883,0.49991799491689126,0.0005801785141516659,8.200508310873822e-05,0.002764335119790609
2.119999999999988,0.49991918972713745,0.0005974051230925597,8.08102728625526e-05,0.002700024810197863
2.121999999999988,0.499920417651169,0.0006139620157728677,7.958234883098658e-05,0.0026350057914095444
2.1239999999999877,0.4999216773498414,0.0006298493361794539,7.832265015861317e-05,0.0025693319374665955
2.1259999999999875,0.4999229674851649,0.0006450676617465997,7.703251483509588e-05,0.0025030566701650728
2.1279999999999872,0.49992428672115674,0.0006596179959124903,7.571327884325907e-05,0.0024362329316572353
2.129999999999987,0.4999256337246778,0.0006735017605200101,7.436627532220186e-05,0.0023689131578178723
2.131999999999987,0.49992700716625393,0.0006867207880688213,7.299283374606613e-05,0.002301149252368064
2.1339999999999866,0.4999284057208816,0.0006992773138268666,7.159427911840321e-05,0.002232992561773824
2.1359999999999864,0.4999298280688172,0.0007111739678080573,7.017193118280529e-05,0.002164493850909262
2.137999999999986,0.4999312728963504,0.0007224137666239465,6.872710364957957e-05,0.002095703279504154
2.139999999999986,0.49993273889656087,0.0007330001052167796,6.726110343913128e-05,0.0020266703793592362
2.1419999999999857,0.49993422477005783,0.0007429367484808139,6.577522994216656e-05,0.0019574440323484716
2.1439999999999855,0.4999357292257034,0.0007522278227797094,6.427077429660422e-05,0.0018880724492058485
2.1459999999999853,0.49993725098131814,0.0007608778073670034,6.274901868186245e-05,0.0018186031490844592
2.147999999999985,0.4999387887643696,0.0007688915257165068,6.121123563040953e-05,0.0017490829399074944
2.149999999999985,0.49994034131264314,0.0007762741367702967,5.965868735685609e-05,0.0016795578994998745
2.1519999999999846,0.49994190737489536,0.000783031126111115,5.80926251046443e-05,0.0016100733575039469
2.1539999999999844,0.4999434857114895,0.0007891682970657014,5.6514288510500776e-05,0.001540673878074657
2.155999999999984,0.499945075095013,0.0007946917617469052,5.492490498698599e-05,0.0014714032433543298
2.157999999999984,0.4999466743108771,0.0007996079320406301,5.332568912291835e-05,0.0014023044377325343
2.1599999999999837,0.49994828215789816,0.0008039235105445124,5.1717842101839384e-05,0.001333419632876104
2.1619999999999835,0.4999498974488611,0.000807645481465275,5.01025511389086e-05,0.001264790173529063
2.1639999999999833,0.49995151901106405,0.0008107811014814989,4.848098893595054e-05,0.001196456564091069
2.165999999999983,0.4999531456868452,0.0008133378905774022,4.685431315482047e-05,0.0011284584559565227
2.167999999999983,0.4999547763340909,0.0008153236228552594,4.522366590908877e-05,0.0010608346356154167
2.1699999999999826,0.49995640982672557,0.000816746317331959,4.35901732744326e-05,0.0009936230135082916
2.1719999999999824,0.49995804505518304,0.0008176142287263716,4.195494481695761e-05,0.0009268606136453449
2.173999999999982,0.49995968092685955,0.0008179358382433661,4.0319073140449024e-05,0.0008605835639519326
2.175999999999982,0.4999613163665483,0.0008177198443609427,3.8683633451719324e-05,0.0007948270873745949
2.1779999999999817,0.49996295031685556,0.0008169751536257688,3.7049683144441126e-05,0.0007296254937078303
2.1799999999999815,0.4999645817385985,0.0008157108714638899,3.541826140152082e-05,0.0006650121721518762
2.1819999999999813,0.4999662096111845,0.0008139362930112313,3.379038881551333e-05,0.0006010195845969431
2.183999999999981,0.4999678329329724,0.000811660893970766,3.2167067027577545e-05,0.0005376792596093018
2.185999999999981,0.4999694507216154,0.000808894321500884,3.054927838458399e-05,0.0004750217871323358
2.1879999999999806,0.4999710620143857,0.0008056463851406083,2.893798561431904e-05,0.0004130768138824756
2.1899999999999804,0.4999726658684812,0.0008019270477774509,2.733413151878583e-05,0.00035187303943215323
2.19199999999998,0.49997426136131456,0.0007977464166625566,2.5738638685435244e-05,0.0002914382129739824
2.19399999999998,0.4999758475907835,0.0007931147344783143,2.415240921649353e-05,0.00023179913075485321
2.1959999999999797,0.49997742367552445,0.000788042370463613,2.257632447555391e-05,0.000172981634181427
2.1979999999999795,0.4999789887551476,0.0007825398116013218,2.101124485237582e-05,0.00011501060855854343
2.1999999999999793,0.4999805419904554,0.0007766176538729285,1.9458009544615074e-05,5.790998249371104e-05
2.201999999999979,0.49998208256364257,0.0007702865935847175,1.7917436357428596e-05,1.7027279116744228e-06
2.203999999999979,0.4999836096784801,0.0007635574187703088,1.6390321519899054e-05,-5.358913928757371e-05
2.2059999999999786,0.49998512256048144,0.0007564410006733119,1.4877439518556912e-05,-0.00010794455797434664
2.2079999999999784,0.49998662045705206,0.0007489482853150046,1.3379542947944412e-05,-0.00016134341993103546
2.209999999999978,0.49998810263762233,0.0007410902851507484,1.1897362377666365e-05,-0.00021376656739722816
2.211999999999978,0.49998956839376396,0.0007328780708191973,1.0431606236038782e-05,-0.0002651957900440938
2.2139999999999778,0.49999101703928994,0.0007243227629882131,8.982960710057775e-06,-0.000315613821377646
2.2159999999999775,0.49999244791033853,0.0007154355243010686,7.552089661466699e-06,-0.0003650043345859021
2.2179999999999773,0.4999938603654414,0.0007062275514267478,6.139634558588458e-06,-0.0004133519378424007
2.219999999999977,0.49999525378557585,0.0006967100672176994,4.746214424145023e-06,-0.0004606421690832095
2.221999999999977,0.4999966275742018,0.0006868943129784328,3.372425798175982e-06,-0.0005068614902518985
2.2239999999999767,0.4999979811572835,0.0006767915408482,2.018842716500213e-06,-0.0005519972810513936
2.2259999999999764,0.4999993139832961,0.0006664130063007289,6.860167038880149e-07,-0.0005960378321881915
2.227999999999976,0.5000006255232177,0.00065576996076418,-6.255232176677339e-07,-0.0006389723381452083
2.229999999999976,0.5000019152705064,0.0006448736443639377,-1.9152705064140463e-06,-0.0006807908894708893
2.231999999999976,0.500003182741064,0.0006337352787913445,-3.1827410640339338e-06,-0.0007214844646204995
2.2339999999999756,0.5000044274731846,0.0006223660603003969,-4.427473184631658e-06,-0.0007610449213527018
2.2359999999999753,0.5000056490274903,0.0006107771528355231,-5.6490274903397975e-06,-0.0007994649876856632
2.237999999999975,0.5000068469868529,0.0005989796812920439,-6.846986852937498e-06,-0.000836738252449115
2.239999999999975,0.5000080209563028,0.000586984724912391,-8.020956302812188e-06,-0.0008728591554095438
2.2419999999999747,0.5000091705629245,0.0005748033108193668,-9.17056292448759e-06,-0.0009078229770248785
2.2439999999999745,0.5000102954557398,0.000562446407688931,-1.0295455739828263e-05,-0.0009416258277988704
2.2459999999999742,0.5000113953055789,0.0005499249195641844,-1.1395305578920656e-05,-0.0009742646372820615
2.247999999999974,0.5000124698049385,0.0005372496798121802,-1.246980493851968e-05,-0.0010057371427210106
2.249999999999974,0.500013518667829,0.0005244314452254386,-1.351866782894895e-05,-0.0010360418773529673
2.2519999999999736,0.5000145416296095,0.0005114808902694236,-1.454162960945471e-05,-0.0010651781583833966
2.2539999999999734,0.5000155384468125,0.00049840860147725,-1.553844681245753e-05,-0.001093146074647612
2.255999999999973,0.5000165088969565,0.0004852250719932642,-1.6508896956479724e-05,-0.0011199464739755512
2.257999999999973,0.500017452778349,0.00047194069626614344,-1.7452778348969744e-05,-0.001145580950252453
2.2599999999999727,0.5000183699098788,0.00045856576489313676,-1.8369909878801494e-05,-0.0011700518302249331
2.2619999999999725,0.500019260130798,0.00044511045961533426,-1.9260130798004482e-05,-0.0011933621600451966
2.2639999999999723,0.500020123300495,0.0004315848484661013,-2.0123300494945262e-05,-0.0012155156915355137
2.265999999999972,0.5000209592982571,0.00041799888107197546,-2.0959298257072767e-05,-0.0012365168682639117
2.267999999999972,0.5000217680230253,0.00040436238410797835,-2.176802302533698e-05,-0.0012563708113548862
2.2699999999999716,0.5000225493931392,0.0003906850569062101,-2.2549393139170704e-05,-0.0012750833051214576
2.2719999999999714,0.5000233033460736,0.0003769764672197166,-2.330334607358875e-05,-0.0012926607824730383
2.273999999999971,0.5000240298381678,0.00036324604714051655,-2.4029838167849427e-05,-0.0013091103101632666
2.275999999999971,0.5000247288443462,0.00034950308917274734,-2.472884434623346e-05,-0.0013244395738544936
2.2779999999999707,0.5000254003578312,0.0003357567424605831,-2.5400357831162346e-05,-0.0013386568630220858
2.2799999999999705,0.5000260443898495,0.00032201600917114426,-2.604438984954438e-05,-0.0013517710557070768
2.2819999999999703,0.5000266609693316,0.00030828974103175826,-2.6660969331571138e-05,-0.0013637916031529196
2.28399999999997,0.5000272501426036,0.00029458663602195147,-2.725014260362979e-05,-0.0013747285142946038
2.28599999999997,0.5000278119730741,0.00028091523521904543,-2.7811973074109986e-05,-0.0013845923401671432
2.2879999999999696,0.5000283465409137,0.0002672839197975447,-2.8346540913659624e-05,-0.001393394158183445
2.2899999999999694,0.50002885394273,0.0002537009081817403,-2.8853942730000526e-05,-0.0014011455563439296
2.291999999999969,0.5000293342912367,0.00024017425335014363,-2.933429123674891e-05,-0.0014078586173817613
2.293999999999969,0.5000297877149174,0.0002267118402919752,-2.9787714917350883e-05,-0.0014135459028201001
2.2959999999999687,0.5000302143576846,0.00021332138361428312,-3.021435768457703e-05,-0.0014182204369860105
2.2979999999999685,0.5000306143785351,0.00020001042529907968,-3.061437853513205e-05,-0.0014218956909973644
2.2999999999999683,0.5000309879512004,0.0001867863326092974,-3.098795120037856e-05,-0.0014245855667043615
2.301999999999968,0.5000313352637926,0.000173656296142632,-3.133526379262008e-05,-0.0014263043806244397
2.303999999999968,0.5000316565184487,0.00016062732803223147,-3.165651844871942e-05,-0.0014270668478474353
2.3059999999999676,0.5000319519309693,0.00014770626029253977,-3.1951930969276177e-05,-0.0014268880659810083
2.3079999999999674,0.5000322217304559,0.00013489974330988325,-3.222173045591692e-05,-0.0014257834990635868
2.309999999999967,0.5000324661589449,0.00012221424447542137,-3.246615894492155e-05,-0.00142376896154656
2.311999999999967,0.5000326854710389,0.00010965604695956824,-3.268547103885133e-05,-0.0014208606022722834
2.3139999999999668,0.5000328799335361,9.7231248626624e-05,-3.287993353606744e-05,-0.0014170748885136216
2.3159999999999665,0.5000330498250583,8.49457610871343e-05,-3.304982505825116e-05,-0.0014124285900693216
2.3179999999999663,0.500033195435676,7.280530888751923e-05,-3.3195435676036666e-05,-0.0014069387634171805
2.319999999999966,0.5000333170665338,6.0815428834370296e-05,-3.331706653375566e-05,-0.001400622735928986
2.321999999999966,0.5000334150294726,4.898146945191186e-05,-3.3415029472627644e-05,-0.0013934980901845965
2.3239999999999656,0.5000334896466537,3.73085905710181e-05,-3.348964665372822e-05,-0.0013855826483570176
2.3259999999999654,0.5000335412501798,2.5801763047604762e-05,-3.3541250179847104e-05,-0.001376894456720147
2.327999999999965,0.500033570181717,1.4465768608735927e-05,-3.357018171701309e-05,-0.0013674517702414889
2.329999999999965,0.5000335767921167,3.3051998242126556e-06,-3.3576792116685183e-05,-0.0013572730372892596
2.3319999999999648,0.500033561441037,-7.675539798213078e-06,-3.3561441037055495e-05,-0.00134637688449162
2.3339999999999645,0.5000335244965659,-1.84722355960548e-05,-3.35244965659065e-05,-0.0013347821016840068
2.3359999999999643,0.500033466334843,-2.9080861416026955e-05,-3.346633484302419e-05,-0.0013225076270402052
2.337999999999964,0.5000333873396847,-3.949757916071985e-05,-3.338733968472063e-05,-0.0013095725323049407
2.339999999999964,0.5000332879022082,-4.971873822024936e-05,-3.328790220824551e-05,-0.0012959960082281053
2.3419999999999637,0.5000331684204586,-5.974087479125172e-05,-3.316842045864021e-05,-0.0012817973501095712
2.3439999999999634,0.5000330292990365,-6.956071108520219e-05,-3.302929903648e-05,-0.0012669959435543568
2.3459999999999632,0.5000328709487276,-7.917515442891643e-05,-3.2870948727614646e-05,-0.0012516112503739977
2.347999999999963,0.5000326937861351,-8.858129625872606e-05,-3.269378613512952e-05,-0.0012356627946756695
2.349999999999963,0.5000324982333131,-9.777641101168316e-05,-3.249823331308299e-05,-0.0012191701491464548
2.3519999999999626,0.5000322847174032,-0.00010675795491552024,-3.228471740324146e-05,-0.0012021529215116365
2.3539999999999623,0.5000320536702739,-0.00011552356468009066,-3.205367027392381e-05,-0.0011846307412141381
2.355999999999962,0.5000318055281617,-0.00012407105609264774,-3.180552816173243e-05,-0.0011666232462768616
2.357999999999962,0.5000315407313167,-0.00013239842251947895,-3.154073131672597e-05,-0.0011481500703766495
2.3599999999999617,0.5000312597236501,-0.00014050383331626847,-3.125972365014551e-05,-0.0011292308301495597
2.3619999999999615,0.5000309629523858,-0.0001483856321502098,-3.09629523858046e-05,-0.0011098851126895518
2.3639999999999612,0.5000306508677154,-0.0001560423352355432,-3.065086771536496e-05,-0.0010901324632819741
2.365999999999961,0.5000303239224564,-0.00016347262948596488,-3.032392245638782e-05,-0.0010699923733790552
2.367999999999961,0.5000299825717153,-0.00017067537058564682,-2.998257171527019e-05,-0.001049484268769548
2.3699999999999606,0.5000296272725533,-0.00017764958098247908,-2.9627272553289785e-05,-0.0010286274980251609
2.3719999999999604,0.5000292584836576,-0.00018439444780479227,-2.925848365764594e-05,-0.0010074413211491123
2.37399999999996,0.5000288766650163,-0.00019090932070531965,-2.8876665016275282e-05,-0.0009859448985010454
2.37599999999996,0.500028482277597,-0.00019719370963440017,-2.8482277596997285e-05,-0.0009641572799456916
2.3779999999999597,0.5000280757830319,-0.00020324728254521386,-2.8075783031877855e-05,-0.0009420973942454912
2.3799999999999595,0.5000276576433058,-0.00020906986303341395,-2.7657643305811774e-05,-0.0009197840387299004
2.3819999999999593,0.50002722832045,-0.0002146614279143576,-2.722832044999013e-05,-0.000897235869199057
2.383999999999959,0.5000267882762405,-0.00022002210473946707,-2.678827624047475e-05,-0.0008744713900852476
2.385999999999959,0.500026337971902,-0.00022515216925568453,-2.633797190199072e-05,-0.000851508944879523
2.3879999999999586,0.5000258778678164,-0.0002300520428094215,-2.5877867816381794e-05,-0.0008283667068239443
2.3899999999999584,0.500025408423237,-0.00023472228969819185,-2.540842323695003e-05,-0.0008050626698458503
2.391999999999958,0.500024930096008,-0.00023916361447256045,-2.4930096008013436e-05,-0.0007816146397798093
2.393999999999958,0.5000244433422897,-0.00024337685919054264,-2.4443342289681702e-05,-0.000758040225847977
2.3959999999999577,0.5000239486162884,-0.00024736300062736975,-2.3948616288405056e-05,-0.0007343568323967255
2.3979999999999575,0.5000234463699935,-0.0002511231474431851,-2.3446369993518346e-05,-0.0007105816509088325
2.3999999999999573,0.5000229370529189,-0.0002546585373109308,-2.2937052918892142e-05,-0.0006867316522975488
2.401999999999957,0.5000224211118509,-0.0002579705340072072,-2.2421111850912112e-05,-0.0006628235794447549
2.403999999999957,0.500021898990602,-0.00026106062446841954,-2.1898990602009505e-05,-0.0006388739400292773
2.4059999999999566,0.5000213711297704,-0.00026393041581467057,-2.1371129770408892e-05,-0.0006148989996119607
2.4079999999999564,0.5000208379665058,-0.0002665816323442807,-2.0837966505760086e-05,-0.0005909147750016851
2.409999999999956,0.5000202999342808,-0.0002690161125006933,-2.0299934280765264e-05,-0.0005669370278861227
2.411999999999956,0.5000197574626691,-0.00027123580581482306,-1.9757462669134362e-05,-0.0005429812587299173
2.4139999999999557,0.5000192109771295,-0.000273242769824718,-1.9210977129535678e-05,-0.0005190627009505514
2.4159999999999555,0.5000186608987955,-0.00027503916697528145,-1.866089879554167e-05,-0.0004951963153567091
2.4179999999999553,0.5000181076442726,-0.00027662726150028133,-1.8107644272569168e-05,-0.0004713967848463853
2.419999999999955,0.50001755162544,-0.0002780094162889656,-1.7551625440037633e-05,-0.0004476785094024854
2.421999999999955,0.5000169932492605,-0.00027918808973942383,-1.6993249260521814e-05,-0.0004240556013125397
2.4239999999999546,0.5000164329175953,-0.0002801658326012044,-1.643291759534371e-05,-0.00040054188068144875
2.4259999999999544,0.5000158710270257,-0.0002809452848093514,-1.5871027025715634e-05,-0.000377150871212544
2.427999999999954,0.5000153079686811,-0.0002815291723118492,-1.5307968681099737e-05,-0.00035389579621927396
2.429999999999954,0.5000147441280733,-0.00028192030389301265,-1.474412807334069e-05,-0.0003307895749321403
2.4319999999999538,0.5000141798849373,-0.00028212156799465937,-1.4179884937348675e-05,-0.00030784481904061494
2.4339999999999535,0.5000136156130782,-0.00028213592953724143,-1.3615613078221678e-05,-0.0002850738294992876
2.4359999999999533,0.5000130516802247,-0.0002819664267429662,-1.305168022469605e-05,-0.0002624885935916257
2.437999999999953,0.5000124884478888,-0.0002816161679633242,-1.2488447888814314e-05,-0.0002401007822448758
2.439999999999953,0.5000119262712318,-0.0002810883285123996,-1.1926271231810226e-05,-0.00021792174758924836
2.4419999999999527,0.5000113654989368,-0.0002803861475084141,-1.1365498936766194e-05,-0.00019596252076000943
2.4439999999999524,0.5000108064730873,-0.00027951292472462114,-1.08064730872659e-05,-0.00017423380996223366
2.445999999999952,0.5000102495290524,-0.00027847201745346363,-1.0249529052375195e-05,-0.00015274599876601485
2.447999999999952,0.5000096949953776,-0.00027726683738302736,-9.694995377618199e-06,-0.00013150914464154416
2.4499999999999518,0.5000091431936826,-0.0002759008474896209,-9.143193682614736e-06,-0.00011053297772170058
2.4519999999999516,0.5000085944385647,-0.000274377558947629,-8.59443856471298e-06,-8.982689981496857e-05
2.4539999999999513,0.5000080490375086,-0.00027270052805839883,-8.049037508617296e-06,-6.939998364089025e-05
2.455999999999951,0.5000075072908022,-0.0002708733531996726,-7.507290802233335e-06,-4.926097228629301e-05
2.457999999999951,0.5000069694914586,-0.0002688996717975153,-6.969491458619359e-06,-2.941827888966079e-05
2.4599999999999507,0.5000064359251439,-0.0002667831573221663,-6.435925143932764e-06,-9.879986547259051e-06
2.4619999999999505,0.5000059068701113,-0.00026452751630937294,-5.906870111260787e-06,9.346151564855747e-06
2.4639999999999502,0.5000053825971404,-0.00026213648540886794,-5.382597140446421e-06,2.8252711858941463e-05
2.46599999999995,0.5000048633694836,-0.00025961382846129795,-4.863369483576463e-06,4.683259979101109e-05
2.46799999999995,0.5000043494428164,-0.0002569633336051261,-4.3494428163537435e-06,6.507904911823943e-05
2.4699999999999496,0.5000038410651956,-0.0002541888104148946,-3.841065195575588e-06,8.298562095097634e-05
2.4719999999999493,0.5000033384770214,-0.000251294087072245,-3.3384770213862325e-06,0.00010054620259187109
2.473999999999949,0.5000028419110062,-0.0002482830075707459,-2.8419110061905783e-06,0.00011775500621679573
2.475999999999949,0.5000023515921482,-0.000245159428956465,-2.3515921482308855e-06,0.00013460656732312278
2.4779999999999487,0.500001867737711,-0.0002419272186046028,-1.8677377110476456e-06,0.0001510957430272296
2.4799999999999485,0.5000013905572079,-0.0002385902515339668,-1.3905572079364603e-06,0.00016721771016269698
2.4819999999999482,0.5000009202523924,-0.00023515240776015,-9.202523924001227e-07,0.0001829679632165084
2.483999999999948,0.500000457017253,-0.00023161756968895816,-4.570172530415917e-07,0.0001983423120641451
2.485999999999948,0.5000000010380139,-0.00022798961955034595,-1.0380138970589314e-09,0.0002133368795672945
2.4879999999999476,0.49999955249314015,-0.0002242724368746034,4.475068598464027e-07,0.0002279480989944636
2.4899999999999474,0.49999911155334814,-0.00022046989601131182,8.884466518588319e-07,0.00024217271126845952
2.491999999999947,0.49999867838162076,-0.0002165858636922064,1.3216183792352787e-06,0.0002560077620856651
2.493999999999947,0.4999982531332275,-0.0002126241966387199,1.7468667725117903e-06,0.00026945059886161754
2.4959999999999467,0.49999783595574904,-0.00020858873921485312,2.1640442509629487e-06,0.0002824988675391915
2.4979999999999465,0.49999742698910676,-0.00020448332112683908,2.5730108932364715e-06,0.00029515050925337107
2.4999999999999463,0.4999970263655964,-0.0002003117551693622,2.973634403602432e-06,0.00030740375685629794
2.501999999999946,0.49999663420992635,-0.00019607783501971644,3.3657900736505653e-06,0.0003192571313134595
2.503999999999946,0.4999962506392602,-0.0001917853330804751,3.7493607398242368e-06,0.0003307094379657391
2.5059999999999456,0.49999587576326343,-0.00018743799837107943,4.124236736569031e-06,0.00034175976267344455
2.5079999999999454,0.4999955096841545,-0.00018303955446903426,4.490315845484538e-06,0.0003524074678338407
2.509999999999945,0.4999951524967595,-0.00017859369750116618,4.847503240479334e-06,0.00036265218828841577
2.511999999999945,0.4999948042885711,-0.00017410409418571433,5.1957114288736506e-06,0.00037249382712033956
2.5139999999999447,0.4999944651398113,-0.00016957437992522938,5.534860188727286e-06,0.0003819325513406604
2.5159999999999445,0.4999941351234974,-0.0001650081569510808,5.864876502614802e-06,0.00039096878747432083
2.5179999999999443,0.4999938143055123,-0.00016040899251996046,6.18569448768147e-06,0.0003996032170556729
2.519999999999944,0.499993502744678,-0.00015578041716211624,6.497255321979978e-06,0.00040783677202721924
2.521999999999944,0.4999932004928321,-0.00015112592298256795,6.799507167920549e-06,0.0004156706300413154
2.5239999999999436,0.49999290759490805,-0.00014644896201465246,7.092405091946308e-06,0.00042310620969938993
2.5259999999999434,0.4999926240890188,-0.00014175294462672564,7.375910981211042e-06,0.0004301451656925048
2.527999999999943,0.49999235000654285,-0.00013704123798186836,7.64999345714834e-06,0.00043678938387516737
2.529999999999943,0.49999208537221373,-0.00013231716455080157,7.914627786265171e-06,0.00044304097626780197
2.5319999999999427,0.4999918302042124,-0.00012758400067818941,8.169795787604794e-06,0.0004489022760014084
2.5339999999999425,0.499991584514262,-0.00012284497520230627,8.415485737989226e-06,0.0004543758321823812
2.5359999999999423,0.49999134830772574,-0.00011810326812817376,8.6516922742641e-06,0.0004594644047218753
2.537999999999942,0.499991121583707,-0.00011336200935410763,8.878416292990021e-06,0.0004641709590987378
2.539999999999942,0.4999909043351521,-0.00010862427745151816,9.095664847913465e-06,0.0004684986610737085
2.5419999999999416,0.4999906965489551,-0.00010389309849829851,9.30345104488417e-06,0.0004724508713680568
2.5439999999999414,0.49999049820606517,-9.917144496508614e-05,9.501793934829639e-06,0.0004760311402936653
2.545999999999941,0.4999903092815959,-9.446223465471396e-05,9.690718404120613e-06,0.0004792432023582717
2.547999999999941,0.4999901297449365,-8.976832969460309e-05,9.87025506349326e-06,0.0004820909708195385
2.5499999999999408,0.49998995955986536,-8.509253558174335e-05,1.0040440134639894e-05,0.00048457853223433353
2.5519999999999405,0.4999897986846648,-8.04376002801005e-05,1.0201315335189864e-05,0.0004867101409673391
2.5539999999999403,0.4999896470722381,-7.580621337011856e-05,1.0352927761914099e-05,0.0004884902136876951
2.55599999999994,0.49998950467022757,-7.120100525029087e-05,1.049532977243084e-05,0.0004899233238466825
2.55799999999994,0.4999893714211348,-6.662454639008975e-05,1.062857886519053e-05,0.0004910141961475245
2.5599999999999397,0.49998924726244154,-6.207934663415474e-05,1.0752737558461511e-05,0.000491767700997711
2.5619999999999394,0.4999891321267324,-5.756785455727584e-05,1.0867873267594863e-05,0.0004921888489726153
2.563999999999939,0.49998902594181865,-5.309245686966497e-05,1.0974058181345558e-05,0.0004922827852610704
2.565999999999939,0.4999889286308629,-4.865547787246874e-05,1.1071369137083398e-05,0.0004920547841234873
2.5679999999999388,0.499988840112505,-4.4259178962569594e-05,1.1159887495004739e-05,0.0004915102433558046
2.5699999999999386,0.4999887603009886,-3.9905758186263804e-05,1.1239699011400539e-05,0.0004906546787627592
2.5719999999999383,0.4999886891062889,-3.5597349841825124e-05,1.131089371109173e-05,0.0004894937186422854
2.573999999999938,0.49998862643424064,-3.133602412964951e-05,1.137356575936499e-05,0.0004880330982854943
2.575999999999938,0.4999885721866669,-2.7123786850251826e-05,1.1427813333075854e-05,0.0004862786545042491
2.5779999999999377,0.49998852626150864,-2.2962579148659166e-05,1.1473738491363239e-05,0.00048423632017328597
2.5799999999999375,0.499988488552954,-1.8854277305323553e-05,1.1511447045975398e-05,0.0004819121188031887
2.5819999999999372,0.4999884589515689,-1.4800692572485663e-05,1.1541048431096268e-05,0.0004793121591443395
2.583999999999937,0.4999884373444268,-1.0803571055788585e-05,1.1562655573227332e-05,0.0004764426298163364
2.585999999999937,0.4999884236152395,-6.864593640049453e-06,1.1576384760514369e-05,0.00047330979398488185
2.5879999999999366,0.4999884176444876,-2.985375958647979e-06,1.1582355512407272e-05,0.00046991998406062423
2.5899999999999364,0.4999884193095508,8.325315940097656e-07,1.1580690449208841e-05,0.0004662795964549389
2.591999999999936,0.49998842848483843,4.587643807889814e-06,1.1571515161568069e-05,0.00046239508637434387
2.593999999999936,0.4999884450419195,8.278540560920466e-06,1.1554958080473021e-05,0.00045827296265483293
2.5959999999999357,0.49998846884965287,1.1903866682315527e-05,1.1531150347132701e-05,0.00045391978265800037
2.5979999999999355,0.4999884997743164,1.5462331775118008e-05,1.1500225683580556e-05,0.0004493421472029925
2.5999999999999353,0.49998853767973644,1.8952710000250996e-05,1.1462320263555537e-05,0.00044454669556810424
2.601999999999935,0.49998858242741606,2.2373839821480005e-05,1.1417572583938274e-05,0.00043954010054197046
2.603999999999935,0.4999886338766635,2.572462371298735e-05,1.1366123336520317e-05,0.00043432906353605094
2.6059999999999346,0.4999886918847191,2.9004027829958395e-05,1.1308115280883602e-05,0.0004289203097478253
2.6079999999999344,0.4999887563068824,3.221108164307192e-05,1.1243693117612974e-05,0.00042332058340538567
2.609999999999934,0.49998882699663744,3.534487753788647e-05,1.1173003362563438e-05,0.000417536643061447
2.611999999999934,0.4999889038057782,3.840457037965686e-05,1.1096194221793532e-05,0.00041157525696465107
2.6139999999999337,0.4999889865845323,4.138937704441938e-05,1.1013415467719945e-05,0.0004054431984920844
2.6159999999999335,0.4999890751816841,4.429857591790671e-05,1.0924818315882767e-05,0.00039914724166437843
2.6179999999999333,0.49998916944469685,4.7131506361999714e-05,1.0830555303154021e-05,0.000392694156717404
2.619999999999933,0.49998926921983317,4.988756815061283e-05,1.0730780166834375e-05,0.00038609070576416115
2.621999999999933,0.4999893743522749,5.256622087516697e-05,1.0625647725082121e-05,0.00037934363852276215
2.6239999999999326,0.49998948468624155,5.5166983321102556e-05,1.0515313758452383e-05,0.00037245968812811786
2.6259999999999324,0.4999896000651072,5.768943281579044e-05,1.0399934892824092e-05,0.00036544556701699276
2.627999999999932,0.4999897203315163,6.013320454897455e-05,1.0279668483714755e-05,0.0003583079628971732
2.629999999999932,0.499989845327498,6.249799086697152e-05,1.0154672501982986e-05,0.00035105353479961566
2.6319999999999317,0.4999899748945791,6.478354054074504e-05,1.0025105420918834e-05,0.00034368890921234797
2.6339999999999315,0.4999901088738951,6.698965800938589e-05,9.891126104888404e-06,0.0003362206762960083
2.6359999999999313,0.4999902471063003,6.911620259975634e-05,9.752893699699339e-06,0.00032865538618615024
2.637999999999931,0.49999038943247576,7.11630877230641e-05,9.610567524243052e-06,0.0003209995453882172
2.639999999999931,0.49999053569303586,7.313028004929845e-05,9.46430696413536e-06,0.00031325961324665797
2.6419999999999306,0.4999906857286332,7.501779866058155e-05,9.314271366800408e-06,0.000305441998516116
2.6439999999999304,0.49999083938006156,7.682571418400547e-05,9.160619938441972e-06,0.0002975530560114348
2.64599999999993,0.4999909964883574,7.855414790534022e-05,9.003511642624584e-06,0.0002895990833536734
2.64799999999993,0.4999911568948991,8.020327086394949e-05,8.843105100908577e-06,0.00028158631779964317
2.6499999999999297,0.49999132044150496,8.177330293025592e-05,8.67955849503943e-06,0.0002735209331723936
2.6519999999999295,0.4999914869705287,8.326451186640937e-05,8.513029471302058e-06,0.0002654090368713213
2.6539999999999293,0.49999165632495346,8.467721237112638e-05,8.343675046540433e-06,0.00025725666698567294
2.655999999999929,0.49999182834848366,8.601176510951443e-05,8.171651516342138e-06,0.0002490697894904909
2.657999999999929,0.4999920028856351,8.726857572878002e-05,7.997114364888258e-06,0.0002408542955441711
2.6599999999999286,0.4999921797818228,8.844809386085e-05,7.820218177190252e-06,0.0002326159988667503
2.6619999999999284,0.499992358883447,8.955081211241442e-05,7.641116552992155e-06,0.0002243606332267601
2.663999999999928,0.4999925400379771,9.057726504370986e-05,7.4599620228932295e-06,0.0002160938500072718
2.665999999999928,0.49999272309403336,9.152802813631559e-05,7.2769059666355496e-06,0.00020782121587201933
2.6679999999999278,0.4999929079014669,9.24037167515747e-05,7.092098533112434e-06,0.00019954821052910638
2.6699999999999275,0.49999309431143707,9.320498507964623e-05,6.90568856293039e-06,0.00019128022457292267
2.6719999999999273,0.49999328217648725,9.393252508072827e-05,6.717823512747412e-06,0.00018302255743756938
2.673999999999927,0.4999934713506181,9.458706541868664e-05,6.5286493818872415e-06,0.0001747804154291682
2.675999999999927,0.4999936616893589,9.516937038836991e-05,6.338310641118561e-06,0.00016655890985680302
2.6779999999999267,0.49999385304983657,9.568023883729976e-05,6.146950163432585e-06,0.00015836305525637252
2.6799999999999264,0.49999404529084274,9.61205030822664e-05,5.954709157263149e-06,0.00015019776770000364
2.681999999999926,0.4999942382728984,9.649102782166843e-05,5.761727101594172e-06,0.00014206786320825957
2.683999999999926,0.4999944318583165,9.679270904498511e-05,5.568141683509609e-06,0.00013397805624209845
2.685999999999926,0.49999462591126237,9.702647293927942e-05,5.374088737630789e-06,0.00012593295829539924
2.6879999999999256,0.49999482029781195,9.719327479400397e-05,5.179702188051749e-06,0.00011793707656595214
2.6899999999999253,0.4999950148860078,9.729409790469118e-05,4.98511399221746e-06,0.00010999481272806599
2.691999999999925,0.49999520954591276,9.732995247638519e-05,4.7904540872445445e-06,0.00010211046178400723
2.693999999999925,0.4999954041496618,9.730187452719686e-05,4.595850338184881e-06,9.428821101339659e-05
2.6959999999999247,0.4999955985715114,9.721092479330423e-05,4.4014284886206845e-06,8.65321390001984e-05
2.6979999999999245,0.49999579268788663,9.705818763548068e-05,4.2073121133689995e-06,7.884621475152315e-05
2.6999999999999242,0.49999598637742654,9.684476994801489e-05,4.013622573462161e-06,7.12342968992793e-05
2.701999999999924,0.4999961795210267,9.657180007090526e-05,3.820478973293184e-06,6.370013299047156e-05
2.703999999999924,0.49999637200188013,9.624042670580962e-05,3.627998119870579e-06,5.624735886082211e-05
2.7059999999999236,0.4999965637055158,9.585181783644272e-05,3.4362944841825893e-06,4.887949808901355e-05
2.7079999999999234,0.4999967545198351,9.540715965378585e-05,3.2454801648929e-06,4.159996153086085e-05
2.709999999999923,0.4999969443351461,9.490765548739443e-05,3.055664853923723e-06,3.441204694193014e-05
2.711999999999923,0.4999971330441956,9.43545247426451e-05,2.8669558044258636e-06,2.731893866955449e-05
2.7139999999999227,0.49999732054219925,9.374900184490964e-05,2.679457800747187e-06,2.0323707434389445e-05
2.7159999999999225,0.49999750672686966,9.309233519130316e-05,2.493273130343976e-06,1.3429310184977838e-05
2.7179999999999223,0.49999769149844187,9.238578611028657e-05,2.308501558134779e-06,6.638590022455874e-06
2.719999999999922,0.49999787475969754,9.163062782981167e-05,2.125240302464082e-06,-4.572378489541137e-08
2.721999999999922,0.49999805641598644,9.08281444547145e-05,1.9435840135639815e-06,-6.621015731248393e-06
2.7239999999999216,0.4999982363752463,8.997962995354061e-05,1.7636247536811922e-06,-1.308478391215524e-05
2.7259999999999214,0.49999841454802063,8.908638715550066e-05,1.5854519793689903e-06,-1.9434639806292924e-05
2.727999999999921,0.49999859084747417,8.814972675810195e-05,1.4091525258330684e-06,-2.5668307980741047e-05
2.729999999999921,0.49999876518940684,8.717096634559516e-05,1.2348105931647702e-06,-3.178362572477922e-05
2.7319999999999207,0.49999893749226565,8.615142941941859e-05,1.0625077343506817e-06,-3.777854261900435e-05
2.7339999999999205,0.49999910767715455,8.509244444013783e-05,8.923228454471577e-07,-4.365112004539132e-05
2.7359999999999203,0.4999992756678423,8.399534388180072e-05,7.24332157697738e-07,-4.939953062225152e-05
2.73799999999992,0.4999994413907689,8.286146329951101e-05,5.58609231093854e-07,-5.50220575738912e-05
2.73999999999992,0.49999960477504973,8.169214040977038e-05,3.9522495026700355e-07,-6.051709405575685e-05
2.7419999999999196,0.4999997657524781,8.048871418462396e-05,2.3424752187972686e-07,-6.588314239909023e-05
2.7439999999999194,0.49999992425752604,7.925252395977232e-05,7.574247395947253e-08,-7.111881330943489e-05
2.745999999999919,0.5000000802273431,7.798490855672655e-05,-8.022734310220159e-08,-7.622282500139342e-05
2.747999999999919,0.5000002336017539,7.668720542014139e-05,-2.3360175394060434e-07,-8.119400228081461e-05
2.7499999999999187,0.5000003843232534,7.536074976934029e-05,-3.8432325344395224e-07,-8.603127557776557e-05
2.7519999999999185,0.5000005323370009,7.400687376595656e-05,-5.323370009246986e-07,-9.073367990709838e-05
2.7539999999999183,0.5000006775908123,7.262690569652438e-05,-6.775908123479724e-07,-9.53003538029445e-05
2.755999999999918,0.5000008200351507,7.122216917127176e-05,-8.200351506726378e-07,-9.973053819044327e-05
2.757999999999918,0.5000009596231153,6.979398233881873e-05,-9.596231153041757e-07,-0.00010402357519817727
2.7599999999999176,0.5000010963104295,6.834365711729143e-05,-1.0963104295491632e-06,-0.00010817890695098576
2.7619999999999174,0.5000012300554264,6.687249844198545e-05,-1.2300554264044194e-06,-0.00011219607429925796
2.763999999999917,0.5000013608190335,6.538180353008735e-05,-1.3608190334579717e-06,-0.00011607471549816222
2.765999999999917,0.5000014885647558,6.38728611620298e-05,-1.4885647557916215e-06,-0.00011981456486840622
2.7679999999999167,0.5000016132586578,6.234695098043473e-05,-1.6132586577732866e-06,-0.00012341545139369465
2.7699999999999165,0.5000017348693434,6.080534280599056e-05,-1.7348693434060536e-06,-0.00012687729729136618
2.7719999999999163,0.5000018533679353,5.924929597143665e-05,-1.8533679353449628e-06,-0.0001302001165422327
2.773999999999916,0.5000019687280527,5.768005867269847e-05,-1.9687280526925477e-06,-0.00013338401338523515
2.775999999999916,0.5000020809257874,5.609886733813839e-05,-2.0809257873510845e-06,-0.0001364291807804004
2.7779999999999156,0.5000021899396794,5.4506946015731256e-05,-2.189939679375641e-06,-0.00013933589883218176
2.7799999999999154,0.5000022957506909,5.2905505778345837e-05,-2.2957506908838354e-06,-0.0001421045331907569
2.781999999999915,0.5000023983421792,5.129574414680783e-05,-2.3983421791884396e-06,-0.00014473553341369925
2.783999999999915,0.5000024976998683,4.967884453168893e-05,-2.4976998682646467e-06,-0.00014722943131434543
2.7859999999999148,0.5000025938118197,4.805597569305489e-05,-2.5938118196622284e-06,-0.0001495868392622748
2.7879999999999145,0.5000026866684021,4.642829121877552e-05,-2.6866684020854237e-06,-0.00015180844847954402
2.7899999999999143,0.5000027762622601,4.4796929020950456e-05,-2.77626226008465e-06,-0.00015389502730219247
2.791999999999914,0.5000028625882817,4.316301085096539e-05,-2.8625882817490123e-06,-0.00015584741942433644
2.793999999999914,0.5000029456435654,4.152764183286224e-05,-2.945643565399614e-06,-0.0001576665421209259
2.7959999999999137,0.5000030254273854,3.989191001524591e-05,-3.0254273853946856e-06,-0.0001593533844488468
2.7979999999999134,0.5000031019411573,3.82568859414882e-05,-3.101941157268584e-06,-0.00016090900543103332
2.7999999999999132,0.5000031751884018,3.662362223840217e-05,-3.1751884017605647e-06,-0.00016233453223223158
2.801999999999913,0.5000032451747082,3.4993153223269097e-05,-3.245174708177423e-06,-0.00016363115830882475
2.803999999999913,0.5000033119076972,3.3366494529262706e-05,-3.311907697201022e-06,-0.00016480014155036601
2.8059999999999126,0.5000033753969827,3.174464274901856e-05,-3.3753969826966213e-06,-0.00016584280241730358
2.8079999999999123,0.5000034356541329,3.0128575096370885e-05,-3.4356541328550705e-06,-0.0001667605220568834
2.809999999999912,0.500003492692631,2.8519249086513093e-05,-3.492692631001937e-06,-0.00016755474041057371
2.811999999999912,0.5000035465278355,2.6917602233850594e-05,-3.5465278355184537e-06,-0.00016822695432659057
2.8139999999999117,0.5000035971769391,2.532455176782392e-05,-3.597176939096336e-06,-0.00016877871565458875
2.8159999999999115,0.5000036446589279,2.37409943670307e-05,-3.644658927881572e-06,-0.00016921162933167735
2.8179999999999112,0.5000036889945397,2.2167805910429675e-05,-3.6889945397300394e-06,-0.0001695273514822936
2.819999999999911,0.5000037302062222,2.060584124652791e-05,-3.7302062222410726e-06,-0.00016972758749963124
2.821999999999911,0.5000037683180902,1.9055933979859093e-05,-3.7683180902359226e-06,-0.0001698140901361708
2.8239999999999106,0.5000038033558828,1.751889627479435e-05,-3.8033558827921254e-06,-0.00016978865758929599
2.8259999999999104,0.5000038353469202,1.5995518676653028e-05,-3.835346920166849e-06,-0.00016965313158647937
2.82799999999991,0.50000386432006,1.4486569949634637e-05,-3.864320060054105e-06,-0.00016940939548332697
2.82999999999991,0.500003890305654,1.2992796931579938e-05,-3.890305653952986e-06,-0.00016905937235179883
2.8319999999999097,0.5000039133355028,1.151492440535815e-05,-3.913335502758741e-06,-0.00016860502308969937
2.8339999999999095,0.5000039334428127,1.005365498695775e-05,-3.933442812686927e-06,-0.0001680483445157078
2.8359999999999093,0.5000039506621508,8.60966902938135e-06,-3.950662150753459e-06,-0.00016739136749443484
2.837999999999909,0.5000039650293998,7.183624543046228e-06,-3.965029399810582e-06,-0.0001666361550595197
2.839999999999909,0.500003976581714,5.7761571317548295e-06,-3.976581714026928e-06,-0.00016578480053546952
2.8419999999999086,0.5000039853574739,4.387879944286923e-06,-3.985357473923479e-06,-0.00016483942569283194
2.8439999999999084,0.5000039913962412,3.0193836415505487e-06,-3.991396241187495e-06,-0.00016380217890122608
2.845999999999908,0.5000039947387139,1.671236378883446e-06,-3.9947387139305235e-06,-0.00016267523328905033
2.847999999999908,0.5000039954266815,3.439838030397968e-07,-3.995426681502323e-06,-0.00016146078493610438
2.8499999999999077,0.5000039935029796,-9.61850935718842e-07,-3.993502979637853e-06,-0.00016016105106313273
2.8519999999999075,0.5000039890114453,-2.2457671574457095e-06,-3.9890114452711956e-06,-0.00015877826824979528
2.8539999999999073,0.500003981996872,-3.5072866118990883e-06,-3.981996872015614e-06,-0.00015731469065340212
2.855999999999907,0.5000039725049652,-4.745953424093178e-06,-3.972504965199519e-06,-0.00015577258826872547
2.857999999999907,0.5000039605822971,-5.961334026274394e-06,-3.960582297124482e-06,-0.00015415424518388759
2.8599999999999066,0.500003946276263,-7.153017076221553e-06,-3.946276262989379e-06,-0.00015246195785870487
2.8619999999999064,0.5000039296350363,-8.320613362601945e-06,-3.929635036259427e-06,-0.0001506980334433536
2.863999999999906,0.5000039107075248,-9.463755697569287e-06,-3.9107075248123735e-06,-0.00014886478808777512
2.865999999999906,0.5000038895433272,-1.0582098796465188e-05,-3.88954332719571e-06,-0.00014696454529492567
2.8679999999999057,0.5000038661926889,-1.1675319145515785e-05,-3.866192688883885e-06,-0.00014499963429136323
2.8699999999999055,0.5000038407064592,-1.2743114857425928e-05,-3.840706459201648e-06,-0.0001429723884098396
2.8719999999999053,0.5000038131360481,-1.3785205515102048e-05,-3.8131360481363785e-06,-0.00014088514351064
2.873999999999905,0.5000037835333841,-1.48013320041562e-05,-3.7835333841496066e-06,-0.0001387402364103531
2.875999999999905,0.5000037519508714,-1.579125633421194e-05,-3.7519508714334293e-06,-0.00013654000336182806
2.8779999999999046,0.5000037184413485,-1.6754761449309573e-05,-3.7184413484991907e-06,-0.00013428677852312523
2.8799999999999044,0.5000036830580464,-1.7691651027960678e-05,-3.6830580464330964e-06,-0.00013198289249065806
2.881999999999904,0.5000036458545479,-1.860174927263985e-05,-3.645854547928984e-06,-0.00012963067082936319
2.883999999999904,0.5000036068847465,-1.9484900689742758e-05,-3.6068847465431375e-06,-0.0001272324326445195
2.8859999999999038,0.5000035662028068,-2.034096985952502e-05,-3.566202806837282e-06,-0.00012479048917198274
2.8879999999999035,0.5000035238631244,-2.11698411970545e-05,-3.5238631244105534e-06,-0.00012230714241396625
2.8899999999999033,0.500003479920287,-2.1971418703995686e-05,-3.4799202870416934e-06,-0.00011978468377936763
2.891999999999903,0.5000034344290356,-2.2745625711784198e-05,-3.434429035609199e-06,-0.00011722539277767206
2.893999999999903,0.5000033874442263,-2.3492404616134764e-05,-3.3874442263437388e-06,-0.00011463153571258376
2.8959999999999027,0.5000033390207931,-2.421171660388236e-05,-3.3390207930805715e-06,-0.00011200536443761478
2.8979999999999024,0.5000032892137103,-2.4903541371835428e-05,-3.2892137102891184e-06,-0.0001093491151193405
2.899999999999902,0.5000032380779567,-2.55678768379256e-05,-3.238077956657648e-06,-0.00010666500703972931
2.901999999999902,0.500003185668479,-2.6204738845886062e-05,-3.185668479011028e-06,-0.00010395524142838032
2.9039999999999018,0.5000031320401573,-2.6814160862248416e-05,-3.1320401573387002e-06,-0.00010122200031455505
2.9059999999999016,0.50000307724777,-2.7396193667426632e-05,-3.0772477700447e-06,-9.84674454312996e-05
2.9079999999999013,0.50000302134596,-2.7950905040298854e-05,-3.0213459599748305e-06,-9.569371713436135e-05
2.909999999999901,0.5000029643892011,-2.8478379436817006e-05,-2.9643892011099737e-06,-9.290293335869437e-05
2.911999999999901,0.5000029064317658,-2.897871766329531e-05,-2.90643176581451e-06,-9.009718860758195e-05
2.9139999999999007,0.5000028475276928,-2.9452036544079447e-05,-2.847527692750873e-06,-8.72785529692851e-05
2.9159999999999004,0.5000027877307556,-2.9898468584335644e-05,-2.7877307555712605e-06,-8.444907116595547e-05
2.9179999999999002,0.5000027270944323,-3.031816162804635e-05,-2.7270944322754787e-06,-8.161076163851478e-05
2.9199999999999,0.5000026656718752,-3.071127851195066e-05,-2.6656718752349207e-06,-7.87656156629728e-05
2.9219999999999,0.5000026035158818,-3.107799671485104e-05,-2.6035158817716564e-06,-7.591559649744616e-05
2.9239999999998996,0.5000025406788657,-3.141850800333962e-05,-2.540678865736723e-06,-7.30626385560152e-05
2.9259999999998993,0.5000024772128296,-3.173301807414094e-05,-2.477212829643527e-06,-7.02086466261293e-05
2.927999999999899,0.5000024131693372,-3.202174619305353e-05,-2.4131693372453356e-06,-6.735549511160014e-05
2.929999999999899,0.5000023485994876,-3.2284924830876606e-05,-2.348599487556058e-06,-6.45050272967599e-05
2.9319999999998987,0.500002283553889,-3.2522799296995695e-05,-2.2835538889820484e-06,-6.16590546713657e-05
2.9339999999998985,0.5000022180826342,-3.273562737024578e-05,-2.2180826342310667e-06,-5.881935626228624e-05
2.9359999999998982,0.5000021522352763,-3.292367892780578e-05,-2.15223527633146e-06,-5.598767799899689e-05
2.937999999999898,0.5000020860608052,-3.308723557224127e-05,-2.0860608052064578e-06,-5.316573212545262e-05
2.939999999999898,0.5000020196076247,-3.322659025719848e-05,-2.0196076246925543e-06,-5.035519663601704e-05
2.9419999999998976,0.5000019529235309,-3.334204691150407e-05,-1.9529235308901605e-06,-4.755771473050369e-05
2.9439999999998974,0.5000018860556907,-3.343392006236855e-05,-1.886055690736299e-06,-4.477489432410235e-05
2.945999999999897,0.5000018190506218,-3.350253445796847e-05,-1.8190506217985458e-06,-4.2008307567083416e-05
2.947999999999897,0.5000017519541724,-3.354822468939828e-05,-1.751954172402037e-06,-3.9259490413973365e-05
2.9499999999998967,0.5000016848115028,-3.357133481235527e-05,-1.6848115027556787e-06,-3.652994220668321e-05
2.9519999999998965,0.5000016176670669,-3.357221796887178e-05,-1.6176670668555104e-06,-3.382112529787188e-05
2.9539999999998963,0.5000015505645948,-3.355123600945144e-05,-1.55056459483216e-06,-3.1134464705348635e-05
2.955999999999896,0.5000014835470766,-3.350875911532813e-05,-1.4835470766305647e-06,-2.847134778383496e-05
2.957999999999896,0.5000014166567458,-3.34451654219066e-05,-1.416656745800715e-06,-2.5833123949894458e-05
2.9599999999998956,0.5000013499350645,-3.336084064281569e-05,-1.3499350645096442e-06,-2.3221104410122e-05
2.9619999999998954,0.5000012834227091,-3.3256177695350745e-05,-1.2834227091085282e-06,-2.0636561937570075e-05
2.963999999999895,0.5000012171595565,-3.313157632727551e-05,-1.2171595564769433e-06,-1.8080730668990383e-05
2.965999999999895,0.500001151184671,-3.298744274527196e-05,-1.1511846710332563e-06,-1.5554805931802225e-05
2.9679999999998947,0.5000010855362925,-3.282418924530832e-05,-1.0855362925221712e-06,-1.3059944096058294e-05
2.9699999999998945,0.5000010202518248,-3.264223384482323e-05,-1.020251824801477e-06,-1.0597262455578531e-05
2.9719999999998943,0.500000955367825,-3.24419999174358e-05,-9.553678249618613e-07,-8.167839147235848e-06
2.973999999999894,0.5000008909199933,-3.222391583021545e-05,-8.909199933349043e-07,-5.772713081038653e-06
2.975999999999894,0.5000008269431642,-3.198841458334373e-05,-8.269431641672043e-07,-3.4128839031807243e-06
2.9779999999998936,0.5000007634712973,-3.1735933452562425e-05,-7.634712972937052e-07,-1.0893119833444416e-06
2.9799999999998934,0.50000070053747,-3.1466913635156144e-05,-7.005374700330691e-07,1.1970815608142163e-06
2.981999999999893,0.5000006381738702,-3.118179989870172e-05,-6.381738701932704e-07,3.4454148338333796e-06
2.983999999999893,0.5000005764117897,-3.0881040233341925e-05,-5.764117897433252e-07,5.6548450909709e-06
2.9859999999998927,0.5000005152816187,-3.0565085507832304e-05,-5.152816187070641e-07,7.824568643608917e-06
2.9879999999998925,0.5000004548128405,-3.0234389128853105e-05,-4.548128405001961e-07,9.953820759549739e-06
2.9899999999998923,0.500000395034027,-2.9889406704800173e-05,-3.9503402704532675e-07,1.204187550884526e-05
2.991999999999892,0.5000003359728357,-2.9530595713285172e-05,-3.35972835663334e-07,1.4088045622987103e-05
2.993999999999892,0.5000002776560053,-2.9158415172792668e-05,-2.776560052986099e-07,1.609168228675181e-05
2.9959999999998916,0.5000002201093546,-2.8773325318888893e-05,-2.2010935463168124e-07,1.805217496084827e-05
2.9979999999998914,0.5000001633577801,-2.837578728483716e-05,-1.6335778008080837e-07,1.9968951133621644e-05
2.999999999999891,0.5000001074252545,-2.7966262786857887e-05,-1.074252544697174e-07,2.1841476081604826e-05
3.001999999999891,0.5000000523348268,-2.7545213813910036e-05,-5.233482680555568e-08,2.366925260806919e-05
3.0039999999998908,0.49999999810862217,-2.711310232283585e-05,1.8913778321305585e-09,2.545182074168781e-05
3.0059999999998905,0.4999999447678423,-2.6670389938063132e-05,5.52321576807735e-08,2.718875743612107e-05
3.0079999999998903,0.499999892332767,-2.6217537656661885e-05,1.0766723301802728e-07,2.8879676245294072e-05
3.00999999999989,0.4999998408227559,-2.575500555827864e-05,1.591772441078554e-07,3.0524226977382976e-05
3.01199999999989,0.49999979025625085,-2.5283252520978474e-05,2.0974374914661809e-07,3.212209532259285e-05
3.0139999999998897,0.49999974065077896,-2.4802735942052356e-05,2.593492210434256e-07,3.36730024868432e-05
3.0159999999998894,0.499999692022956,-2.4313911464345584e-05,3.0797704397844683e-07,3.5176704783789384e-05
3.017999999999889,0.4999996443884906,-2.3817232708465056e-05,3.556115094061063e-07,3.663299322348346e-05
3.019999999999889,0.49999959776218855,-2.3313151010429376e-05,4.022378114476588e-07,3.8041693084709305e-05
3.0219999999998888,0.4999995521579582,-2.2802115165157504e-05,4.478420417841633e-07,3.940266346833573e-05
3.0239999999998886,0.49999950758881584,-2.228457117586975e-05,4.924111841608791e-07,4.0715796836524036e-05
3.0259999999998883,0.49999946406689183,-2.1760962009302136e-05,5.359331081700169e-07,4.1981018542304916e-05
3.027999999999888,0.49999942160343713,-2.1231727356869806e-05,5.783965628669563e-07,4.3198286336102814e-05
3.029999999999888,0.49999938020883034,-2.0697303401943135e-05,6.197911696648184e-07,4.4367589871548054e-05
3.0319999999998877,0.49999933989258516,-2.0158122593025144e-05,6.601074148404606e-07,4.548895018853587e-05
3.0339999999998875,0.4999993006633583,-1.9614613423448988e-05,6.993366417074043e-07,4.656241918664357e-05
3.0359999999998872,0.4999992625289579,-1.906720021666699e-05,7.374710421226283e-07,4.758807909174516e-05
3.037999999999887,0.49999922549635206,-1.851630291839449e-05,7.74503647937852e-07,4.856604190157212e-05
3.039999999999887,0.49999918957167827,-1.7962336894329733e-05,8.10428321729173e-07,4.949644883590857e-05
3.0419999999998866,0.4999991547602528,-1.7405712734807724e-05,8.452397471936379e-07,5.037946976349666e-05
3.0439999999998864,0.4999991210665807,-1.6846836065203737e-05,8.789334193237686e-07,5.121530262255324e-05
3.045999999999886,0.499999088494366,-1.628610736300574e-05,9.115056340269767e-07,5.200417283815448e-05
3.047999999999886,0.4999990570465224,-1.5723921781141646e-05,9.429534775784454e-07,5.274633272408481e-05
3.0499999999998857,0.4999990267251845,-1.5160668977315262e-05,9.732748155188986e-07,5.3442060884279464e-05
3.0519999999998855,0.49999899753171856,-1.4596732950416376e-05,1.0024682814413488e-06,5.40916615980712e-05
3.0539999999998853,0.4999989694667348,-1.4032491882547809e-05,1.0305332652227328e-06,5.469546420807033e-05
3.055999999999885,0.4999989425301006,-1.346831709251299e-05,1.0574698994236797e-06,5.5253822491457125e-05
3.057999999999885,0.4999989167209487,-1.2904575922830585e-05,1.0832790512949053e-06,5.576711306946018e-05
3.0599999999998846,0.4999988920376926,-1.234162805370509e-05,1.1079623074006228e-06,5.6235737974626794e-05
3.0619999999998844,0.49999886847803876,-1.1779826925245093e-05,1.1315219612395566e-06,5.666012034973e-05
3.063999999999884,0.4999988460389998,-1.121951947175861e-05,1.1539610001998213e-06,5.704070537482736e-05
3.065999999999884,0.4999988247169078,-1.06610459948457e-05,1.1752830921807345e-06,5.737795947975146e-05
3.0679999999998837,0.49999880450742773,-1.0104740053683223e-05,1.1954925722701404e-06,5.767236968207508e-05
3.0699999999998835,0.499998785405571,-9.550928360313723e-06,1.2145944289776445e-06,5.792444294448884e-05
3.0719999999998833,0.49999876740570964,-8.999930679564442e-06,1.2325942903568254e-06,5.81347055194195e-05
3.073999999999883,0.49999875050159015,-8.45205973415339e-06,1.2494984098498918e-06,5.830370229383746e-05
3.075999999999883,0.4999987346863479,-7.907621115566849e-06,1.2653136520768271e-06,5.8431996128149066e-05
3.0779999999998826,0.49999871995252154,-7.366913200998683e-06,1.2800474784580018e-06,5.852016719863993e-05
3.0799999999998824,0.4999987062920674,-6.830227076272094e-06,1.2937079326147405e-06,5.8568812339318756e-05
3.081999999999882,0.49999869369637445,-6.2978464648596496e-06,1.3063036255478444e-06,5.857854438086171e-05
3.083999999999882,0.49999868215627913,-5.7700476629484e-06,1.3178437208716254e-06,5.8549991486773425e-05
3.0859999999998817,0.4999986716620802,-5.247099480449657e-06,1.3283379198258949e-06,5.848379649781341e-05
3.0879999999998815,0.4999986622035538,-4.7292631877732845e-06,1.337796446176931e-06,5.838061627348545e-05
3.0899999999998813,0.4999986537699689,-4.216792468769335e-06,1.346230031118445e-06,5.8241121034850525e-05
3.091999999999881,0.4999986463501021,-3.709933378937078e-06,1.353649897894993e-06,5.806599371350713e-05
3.093999999999881,0.49999863993225346,-3.208924309717805e-06,1.3600677465364086e-06,5.785592929473679e-05
3.0959999999998806,0.4999986345042616,-2.7139959580834558e-06,1.3654957384257038e-06,5.7611634171174146e-05
3.0979999999998804,0.49999863005351897,-2.225371301933318e-06,1.3699464810335016e-06,5.7333825495111606e-05
3.09999999999988,0.4999986265669878,-1.7432655806820493e-06,1.3734330122083804e-06,5.702323054327338e-05
3.10199999999988,0.49999862403121526,-1.2678862812371996e-06,1.3759687847447744e-06,5.6680586069017263e-05
3.1039999999998797,0.499998622432349,-7.994331295104435e-07,1.377567651006384e-06,5.6306637671028176e-05
3.1059999999998795,0.49999862175615284,-3.3809808680564473e-07,1.3782438471610092e-06,5.59021391697658e-05
3.1079999999998793,0.49999862198802214,1.1593464844693601e-07,1.3780119778594724e-06,5.546785197324602e-05
3.109999999999879,0.4999986231129994,5.624886340740174e-07,1.3768870005814726e-06,5.500454446593196e-05
3.111999999999879,0.49999862511578974,1.0013951725802327e-06,1.3748842102589975e-06,5.451299138918489e-05
3.1139999999998786,0.4999986279807763,1.432493294546689e-06,1.3720192236776896e-06,5.399397323777967e-05
3.1159999999998784,0.4999986316920358,1.8556297374491234e-06,1.3683079642112794e-06,5.34482756525609e-05
3.117999999999878,0.4999986362333536,2.2706589198001106e-06,1.363766646389486e-06,5.287668883100205e-05
3.119999999999878,0.4999986415882394,2.6774429104941438e-06,1.3584117605769386e-06,5.228000693577933e-05
3.1219999999998778,0.49999864773994224,3.0758513941381334e-06,1.3522600577631216e-06,5.16590275125834e-05
3.1239999999998775,0.4999986546714655,3.465761631281103e-06,1.3453285345188526e-06,5.101455091638673e-05
3.1259999999998773,0.4999986623655823,3.847058415230249e-06,1.3376344176752042e-06,5.0347379749473e-05
3.127999999999877,0.4999986708048504,4.2196340238455876e-06,1.3291951496130494e-06,4.965831829177792e-05
3.129999999999877,0.4999986799716267,4.58338816772858e-06,1.3200283732750506e-06,4.894817196067639e-05
3.1319999999998767,0.4999986898480826,4.9382279343725584e-06,1.3101519173996934e-06,4.821774676327345e-05
3.1339999999998764,0.4999987004162181,5.284067728171768e-06,1.2995837819218536e-06,4.7467848761615175e-05
3.135999999999876,0.4999987116578765,5.620829207034616e-06,1.2883421234843873e-06,4.6699283548702375e-05
3.137999999999876,0.49999872355475894,5.948441214991405e-06,1.2764452410607419e-06,4.5912855732340874e-05
3.139999999999876,0.49999873608843837,6.266839711352661e-06,1.2639115616330798e-06,4.510936842743827e-05
3.1419999999998756,0.49999874924037374,6.5759676962716764e-06,1.2507596262589793e-06,4.428962275397053e-05
3.1439999999998753,0.49999876299192403,6.875775133157589e-06,1.2370080759716018e-06,4.3454417354087495e-05
3.145999999999875,0.49999877732436177,7.166218867663081e-06,1.2226756382349713e-06,4.260454790570648e-05
3.147999999999875,0.4999987922188869,7.44726254360986e-06,1.2077811131216976e-06,4.174080666173577e-05
3.1499999999998747,0.4999988076566399,7.7188765156249e-06,1.1923433601013222e-06,4.0863981981258045e-05
3.1519999999998745,0.4999988236187154,7.981037759238692e-06,1.1763812846066202e-06,3.997485788842799e-05
3.1539999999998742,0.49999884008617496,8.233729777787212e-06,1.15991382504399e-06,3.9074213625026115e-05
3.155999999999874,0.49999885704006,8.476942506665471e-06,1.1429599400258894e-06,3.816282322397239e-05
3.157999999999874,0.4999988744614044,8.7106722149961e-06,1.1255385956032704e-06,3.7241455094370105e-05
3.1599999999998736,0.4999988923312472,8.934921405002521e-06,1.1076687527755702e-06,3.631087160913472e-05
3.1619999999998734,0.49999891063064467,9.149698708470188e-06,1.0893693553337691e-06,3.537182870602029e-05
3.163999999999873,0.49999892934068224,9.355018781271652e-06,1.0706593177589596e-06,3.4425075504880576e-05
3.165999999999873,0.49999894844248666,9.550902195696296e-06,1.05155751334296e-06,3.3471353929086734e-05
3.1679999999998727,0.4999989679172373,9.737375330457134e-06,1.032082762697506e-06,3.25113983380221e-05
3.1699999999998725,0.49999898774617785,9.914470258924014e-06,1.0122538221524202e-06,3.1545935177443104e-05
3.1719999999998723,0.4999990079106271,1.0082224635341503e-05,9.920893728754265e-07,3.0575682627172796e-05
3.173999999999872,0.4999990283919903,1.0240681579406396e-05,9.716080097144086e-07,2.960135027967556e-05
3.175999999999872,0.4999990491717694,1.0389889558965189e-05,9.508282305947802e-07,2.862363880916995e-05
3.1779999999998716,0.49999907023157397,1.052990227132243e-05,9.297684260278771e-07,2.7643239664826016e-05
3.1799999999998714,0.499999091553131,1.0660778523064842e-05,9.084468690079284e-07,2.6660834769792657e-05
3.181999999999871,0.4999991131182952,1.0782582108405365e-05,8.868817047980038e-07,2.5677096237252293e-05
3.183999999999871,0.49999913490905856,1.0895381686397266e-05,8.650909414376073e-07,2.4692686083514785e-05
3.1859999999998707,0.49999915690755986,1.0999250656774698e-05,8.430924401392481e-07,2.3708255971107026e-05
3.1879999999998705,0.4999991790960939,1.1094267035116003e-05,8.20903906073589e-07,2.2724446948795226e-05
3.1899999999998703,0.49999920145712057,1.1180513326660168e-05,7.985428794321514e-07,2.1741889207827556e-05
3.19199999999987,0.49999922397327334,1.1258076399371058e-05,7.760267266565535e-07,2.0761201850625888e-05
3.19399999999987,0.49999924662736805,1.1327047356347229e-05,7.533726319453038e-07,1.978299266689108e-05
3.1959999999998696,0.49999926940241085,1.138752140749704e-05,7.305975891491734e-07,1.8807857921464923e-05
3.1979999999998694,0.49999929228160633,1.1439597740335674e-05,7.077183936665676e-07,1.7836382158469895e-05
3.199999999999869,0.4999993152483651,1.1483379390947305e-05,6.847516348940097e-07,1.6869138006327033e-05
3.201999999999869,0.4999993382863113,1.1518973114020554e-05,6.617136886766239e-07,1.590668600481308e-05
3.2039999999998687,0.49999936137928985,1.1546489252636406e-05,6.386207101471975e-07,1.4949574433044404e-05
3.2059999999998685,0.49999938451137305,1.1566041608018303e-05,6.154886269538196e-07,1.3998339153251492e-05
3.2079999999998683,0.4999994076668677,1.1577747309011718e-05,5.923331323209879e-07,1.305350347013448e-05
3.209999999999868,0.49999943083032106,1.1581726681738412e-05,5.69169678943382e-07,1.21155779838278e-05
3.211999999999868,0.4999994539865273,1.1578103119083149e-05,5.460134727131027e-07,1.1185060475996868e-05
3.2139999999998676,0.49999947712053316,1.1567002950287595e-05,5.228794668354908e-07,1.026243578944096e-05
3.2159999999998674,0.4999995002176438,1.1548555310943166e-05,4.997823562225001e-07,9.348175723132037e-06
3.217999999999867,0.4999995232634278,1.1522892013127397e-05,4.7673657221913857e-07,8.442738937956839e-06
3.219999999999867,0.4999995462437226,1.1490147416068558e-05,4.537562773854198e-07,7.5465708756381455e-06
3.2219999999998667,0.4999995691446392,1.1450458296981405e-05,4.308553607779153e-07,6.660103679348234e-06
3.2239999999998665,0.49999959195256666,1.1403963722803097e-05,4.0804743334232896e-07,5.7837561341352075e-06
3.2259999999998663,0.4999996146541765,1.1350804922265552e-05,3.853458234726048e-07,4.917933610890061e-06
3.227999999999866,0.4999996372364268,1.129112515872708e-05,3.6276357318065777e-07,4.063028016638641e-06
3.229999999999866,0.499999659686566,1.1225069603777823e-05,3.403134339885483e-07,3.2194177684992303e-06
3.2319999999998656,0.49999968199213646,1.1152785211620733e-05,3.1800786354230226e-07,2.387467755764109e-06
3.2339999999998654,0.49999970414097766,1.1074420594321797e-05,2.95859022336753e-07,1.5675293300713576e-06
3.235999999999865,0.49999972612122945,1.0990125898117538e-05,2.7387877055140564e-07,7.599402991483221e-07
3.237999999999865,0.49999974792133484,1.0900052680600099e-05,2.5207866516385735e-07,-3.497507606131279e-08
3.2399999999998648,0.49999976953004244,1.0804353789149532e-05,2.3046995756281774e-07,-8.169060740458046e-07
3.2419999999998645,0.4999997909364089,1.0703183240363298e-05,2.0906359110561823e-07,-1.5855554866368225e-06
3.2439999999998643,0.4999998121298011,1.0596696100758684e-05,1.8787019889776602e-07,-2.340639596138569e-06
3.245999999999864,0.4999998330998978,1.0485048368811371e-05,1.6690010218312068e-07,-3.0818881448480437e-06
3.247999999999864,0.49999985383669154,1.0368396857989743e-05,1.4616330845651504e-07,-3.8090442814865437e-06
3.2499999999998637,0.4999998743304897,1.0246899081665234e-05,1.2566951029802098e-07,-4.521864519729142e-06
3.2519999999998634,0.49999989457191596,1.0120713139099696e-05,1.0542808404068182e-07,-5.220118669744395e-06
3.2539999999998632,0.4999999145519112,9.989997602926674e-06,8.544808882682275e-08,-5.9035897774724235e-06
3.255999999999863,0.499999934261734,9.854911408274295e-06,6.573826599742816e-08,-6.572074049853764e-06
3.257999999999863,0.49999995369296146,9.715613743360732e-06,4.630703853703011e-08,-7.2253807683771685e-06
3.2599999999998626,0.49999997283748937,9.572263941881373e-06,2.7162510629619163e-08,-7.863332201879528e-06
3.2619999999998623,0.4999999916875321,9.425021376792159e-06,8.312467880688956e-09,-8.485763516696606e-06
3.263999999999862,0.5000000102356228,9.27404535598817e-06,-1.0235622793786092e-08,-9.0925226615646e-06
3.265999999999862,0.5000000284746128,9.119495019817631e-06,-2.8474612778772723e-08,-9.683470267739614e-06
3.2679999999998617,0.5000000463976713,8.961529239918531e-06,-4.639767126057848e-08,-1.025847953096854e-05
3.2699999999998615,0.5000000639982843,8.80030652057851e-06,-6.399828433867327e-08,-1.081743609034167e-05
3.2719999999998612,0.5000000812702542,8.635984901222313e-06,-8.127025419302214e-08,-1.1360237894125441e-05
3.273999999999861,0.5000000982076979,8.468721861342317e-06,-9.820769786283989e-08,-1.1886795068943199e-05
3.275999999999861,0.5000001148050464,8.298674227082475e-06,-1.1480504635841271e-07,-1.2397029775855913e-05
3.2779999999998606,0.5000001310570426,8.125998079721605e-06,-1.3105704255167439e-07,-1.2890876081418984e-05
3.2799999999998604,0.5000001469587398,7.950848666439678e-06,-1.469587398439387e-07,-1.336827978178858e-05
3.28199999999986,0.5000001625055005,7.773380312704841e-06,-1.625055005005649e-07,-1.3829198260197226e-05
3.28399999999986,0.5000001776929932,7.5937463368261106e-06,-1.77692993208467e-07,-1.4273600332727437e-05
3.2859999999998597,0.5000001925171912,7.412098966793712e-06,-1.9251719118873467e-07,-1.4701466065164791e-05
3.2879999999998595,0.5000002069743698,7.2285892587088636e-06,-2.0697436975414263e-07,-1.5112786614343099e-05
3.2899999999998593,0.5000002210611038,7.043367017932454e-06,-2.210611037556376e-07,-1.550756404887457e-05
3.291999999999859,0.5000002347742653,6.856580721538999e-06,-2.3477426525086997e-07,-1.5885811168157958e-05
3.293999999999859,0.5000002481110202,6.668377443758124e-06,-2.481110201735248e-07,-1.6247551331573798e-05
3.2959999999998586,0.5000002610688258,6.478902782800998e-06,-2.6106882577980883e-07,-1.6592818250699117e-05
3.2979999999998584,0.5000002736454273,6.288300790326608e-06,-2.736454273177813e-07,-1.692165581399335e-05
3.299999999999858,0.5000002858388551,6.096713902845296e-06,-2.8583885514077423e-07,-1.723411788303786e-05
3.301999999999858,0.5000002976474209,5.90428287541855e-06,-2.976474209326341e-07,-1.7530268108476267e-05
3.3039999999998577,0.5000003090697144,5.711146717407354e-06,-3.0906971437705266e-07,-1.7810179712723914e-05
3.3059999999998575,0.5000003201045996,5.517442630471792e-06,-3.201045996048535e-07,-1.807393529248946e-05
3.3079999999998573,0.5000003307512115,5.323305948735305e-06,-3.3075121153025577e-07,-1.8321626614665933e-05
3.309999999999857,0.500000341008951,5.128869742868643e-06,-3.410089509658931e-07,-1.8553354409945537e-05
3.311999999999857,0.5000003508774828,4.934265924122121e-06,-3.508774828464567e-07,-1.8769227781504368e-05
3.3139999999998566,0.5000003603567273,4.739622230390722e-06,-3.6035672734691104e-07,-1.896936523798039e-05
3.3159999999998564,0.5000003694468669,4.545069787970084e-06,-3.694468668768991e-07,-1.9153891324267165e-05
3.317999999999856,0.5000003781483291,4.350731107450333e-06,-3.7814832909432994e-07,-1.932294446304605e-05
3.319999999999856,0.5000003864617878,4.156729368161429e-06,-3.864617877935572e-07,-1.9476664271223532e-05
3.3219999999998557,0.5000003943881588,3.963185475971598e-06,-3.9438815879755396e-07,-1.961520087990372e-05
3.3239999999998555,0.5000004019285947,3.7702179921811007e-06,-4.019285947398643e-07,-1.9738711827873758e-05
3.3259999999998553,0.500000409084481,3.5779431286363774e-06,-4.090844809567784e-07,-1.9847361781775675e-05
3.327999999999855,0.5000004158574304,3.3864747341348342e-06,-4.158574303803064e-07,-1.9941322366907512e-05
3.329999999999855,0.5000004222492789,3.195924270603927e-06,-4.222492788752419e-07,-2.002077194934709e-05
3.3319999999998546,0.5000004282620805,3.006400784148677e-06,-4.2826208046520264e-07,-2.0085895425613602e-05
3.3339999999998544,0.5000004338981022,2.818010875171177e-06,-4.33898102225605e-07,-2.0136884002756784e-05
3.335999999999854,0.5000004391598195,2.630858669481312e-06,-4.391598195097046e-07,-2.0173934964195378e-05
3.337999999999854,0.5000004440499111,2.4450457906221298e-06,-4.4404991106361535e-07,-2.0197251449869498e-05
3.3399999999998538,0.5000004485712537,2.260671334484564e-06,-4.485712536972386e-07,-2.0207042233166744e-05
3.3419999999998535,0.5000004527269174,2.0778318458036408e-06,-4.5272691739928206e-07,-2.0203521482374108e-05
3.3439999999998533,0.50000045652016,1.8966212967104317e-06,-4.565201600081892e-07,-2.0186908541774924e-05
3.345999999999853,0.5000004599544221,1.7171310674049273e-06,-4.599544221051133e-07,-2.0157427697038e-05
3.347999999999853,0.500000463033322,1.5394499288536492e-06,-4.630333220179139e-07,-2.0115307951609457e-05
3.3499999999998527,0.50000046576065,1.3636640273507991e-06,-4.6576065004799716e-07,-2.0060782809570205e-05
3.3519999999998524,0.5000004681403638,1.1898568712625186e-06,-4.681403638073789e-07,-1.9994090029270685e-05
3.353999999999852,0.5000004701765824,1.0181093195859415e-06,-4.7017658244552507e-07,-1.9915471423557673e-05
3.355999999999852,0.5000004718735815,8.48499572448745e-07,-4.7187358154232584e-07,-1.9825172617406945e-05
3.3579999999998518,0.5000004732357879,6.811031636169856e-07,-4.732357878900473e-07,-1.972344283414178e-05
3.3599999999998515,0.5000004742677738,5.159929547080983e-07,-4.74267773831194e-07,-1.9610534679218876e-05
3.3619999999998513,0.500000474974252,3.5323913127578273e-07,-4.7497425204046095e-07,-1.948670390795586e-05
3.363999999999851,0.5000004753600704,1.92909200901062e-07,-4.7536007041770745e-07,-1.9352209212894222e-05
3.365999999999851,0.5000004754302064,3.506799270087734e-08,-4.754302064258198e-07,-1.920731201760936e-05
3.3679999999998507,0.5000004751897618,-1.2022234106376538e-07,-4.7518976176164074e-07,-1.905227624973367e-05
3.3699999999998504,0.5000004746439571,-2.7290232177547144e-07,-4.746439571379213e-07,-1.8887368129401864e-05
3.3719999999998502,0.5000004737981268,-4.2291513972843253e-07,-4.7379812684322786e-07,-1.871285596374138e-05
3.37399999999985,0.5000004726577135,-5.702066473988814e-07,-4.726577135238941e-07,-1.8529009934000682e-05
3.37599999999985,0.5000004712282629,-7.147253514240462e-07,-4.7122826285495023e-07,-1.833610189355688e-05
3.3779999999998496,0.5000004695154181,-8.564224028014927e-07,-4.695154181000305e-07,-1.8134405162773963e-05
3.3799999999998493,0.5000004675249149,-9.952515855458808e-07,-4.675249148933247e-07,-1.792419432119973e-05
3.381999999999849,0.5000004652625762,-1.1311693038352247e-06,-4.652625762435747e-07,-1.7705745010187108e-05
3.383999999999849,0.5000004627343071,-1.2641345677260807e-06,-4.6273430709398156e-07,-1.7479333745907765e-05
3.3859999999998487,0.5000004599460891,-1.3941089772024644e-06,-4.5994608910415735e-07,-1.7245237716033183e-05
3.3879999999998485,0.5000004569039757,-1.5210567051147015e-06,-4.5690397565412155e-07,-1.7003734586963828e-05
3.3899999999998482,0.5000004536140867,-1.6449444784527384e-06,-4.536140867372751e-07,-1.675510232105016e-05
3.391999999999848,0.5000004500826036,-1.7657415583329107e-06,-4.500826036313299e-07,-1.6499618991038265e-05
3.393999999999848,0.5000004463157642,-1.8834197186592517e-06,-4.463157642353721e-07,-1.6237562586920284e-05
3.3959999999998476,0.5000004423198577,-1.9979532236348643e-06,-4.4231985774079163e-07,-1.5969210850755634e-05
3.3979999999998474,0.5000004381012201,-2.10931880383268e-06,-4.381012200793677e-07,-1.5694841085996802e-05
3.399999999999847,0.5000004336662288,-2.2174956310899315e-06,-4.3366622881624295e-07,-1.5414729999342027e-05
3.401999999999847,0.5000004290212983,-2.3224652922923993e-06,-4.290212982649422e-07,-1.5129153521559787e-05
3.4039999999998467,0.5000004241728747,-2.4242117621130303e-06,-4.2417287471341325e-07,-1.4838386638305288e-05
3.4059999999998465,0.500000419127432,-2.5227213742270716e-06,-4.1912743198313507e-07,-1.45427032264235e-05
3.4079999999998463,0.5000004138914664,-2.6179827919236332e-06,-4.138914664331139e-07,-1.424237590509833e-05
3.409999999999846,0.5000004084714925,-2.7099869775175117e-06,-4.084714925189914e-07,-1.3937675865400923e-05
3.411999999999846,0.5000004028740382,-2.798727160680184e-06,-4.0287403824113e-07,-1.3628872723242144e-05
3.4139999999998456,0.5000003971056406,-2.884198805772026e-06,-3.971056405926987e-07,-1.3316234368965017e-05
3.4159999999998454,0.5000003911728415,-2.966399578624883e-06,-3.9117284145184783e-07,-1.3000026817935923e-05
3.417999999999845,0.5000003850821828,-3.045329311924662e-06,-3.8508218280774997e-07,-1.268051407944903e-05
3.419999999999845,0.5000003788402029,-3.1209899700322496e-06,-3.7884020287481945e-07,-1.2357958000385337e-05
3.4219999999998447,0.5000003724534317,-3.1933856130808167e-06,-3.724534316518202e-07,-1.2032618144960529e-05
3.4239999999998445,0.5000003659283869,-3.262522360062207e-06,-3.659283869250629e-07,-1.1704751652991991e-05
3.4259999999998443,0.5000003592715703,-3.3284083511664806e-06,-3.5927157027160206e-07,-1.137461311694031e-05
3.427999999999844,0.5000003524894628,-3.3910537097937213e-06,-3.524894628403885e-07,-1.1042454459697602e-05
3.429999999999844,0.5000003455885218,-3.4504705032731254e-06,-3.455885217995558e-07,-1.0708524803821819e-05
3.4319999999998436,0.5000003385751763,-3.5066727036429903e-06,-3.385751763396172e-07,-1.0373070368709107e-05
3.4339999999998434,0.500000331455824,-3.5596761473449478e-06,-3.3145582400972984e-07,-1.0036334349941698e-05
3.435999999999843,0.500000324236827,-3.60949849452755e-06,-3.242368270539586e-07,-9.698556813044246e-06
3.437999999999843,0.5000003169245086,-3.6561591878312816e-06,-3.16924508636518e-07,-9.359974587630795e-06
3.4399999999998427,0.5000003095251498,-3.69967941063355e-06,-3.095251498441698e-07,-9.020821157629437e-06
3.4419999999998425,0.5000003020449858,-3.7400820448563487e-06,-3.020449858004426e-07,-8.681326583133241e-06
3.4439999999998423,0.5000002944902026,-3.7773916285371203e-06,-2.944902025570073e-07,-8.341717387161355e-06
3.445999999999842,0.500000286866934,-3.81163431265332e-06,-2.868669339850527e-07,-8.002216473743172e-06
3.447999999999842,0.5000002791812583,-3.842837817909958e-06,-2.7918125833359397e-07,-7.663043046748787e-06
3.4499999999998416,0.5000002714391956,-3.871031391128555e-06,-2.7143919556493756e-07,-7.324412515433801e-06
3.4519999999998414,0.500000263646704,-3.896245761206008e-06,-2.63646704024012e-07,-6.9865364314689476e-06
3.453999999999841,0.5000002558096779,-3.91851309502149e-06,-2.558096778848551e-07,-6.649622399754473e-06
3.455999999999841,0.5000002479339439,-3.9378669531273005e-06,-2.479339439309669e-07,-6.313874020372714e-06
3.4579999999998408,0.5000002400252594,-3.95434224502382e-06,-2.4002525944588626e-07,-5.979490804111376e-06
3.4599999999998405,0.5000002320893091,-3.967975184600707e-06,-2.3208930910456615e-07,-5.646668132811631e-06
3.4619999999998403,0.5000002241317026,-3.978803245104643e-06,-2.241317026419054e-07,-5.315597179581939e-06
3.46399999999984,0.5000002161579724,-3.986865114529574e-06,-2.1615797241025803e-07,-4.986464860571573e-06
3.46599999999984,0.5000002081735712,-3.992200650203216e-06,-2.0817357115898716e-07,-4.659453781880747e-06
3.4679999999998397,0.5000002001838695,-3.994850834245638e-06,-2.0018386948095213e-07,-4.33474219615627e-06
3.4699999999998394,0.500000192194154,-3.994857728065804e-06,-1.921941540361516e-07,-4.012503944992447e-06
3.471999999999839,0.5000001842096252,-3.992264427785174e-06,-1.842096252202552e-07,-3.6929084333802596e-06
3.473999999999839,0.5000001762353952,-3.9871150191728674e-06,-1.7623539516620212e-07,-3.376120581025034e-06
3.4759999999998388,0.5000001682764861,-3.979454532795618e-06,-1.6827648607886658e-07,-3.0623007874752176e-06
3.4779999999998386,0.5000001603378282,-3.969328899273571e-06,-1.6033782823665632e-07,-2.7516049103590457e-06
3.4799999999998383,0.5000001524242584,-3.956784904756685e-06,-1.5242425843720042e-07,-2.4441842301926822e-06
3.481999999999838,0.5000001445405181,-3.941870146658659e-06,-1.4454051810997015e-07,-2.1401854327313316e-06
3.483999999999838,0.5000001366912521,-3.9246329891082845e-06,-1.3669125209503363e-07,-1.839750577740147e-06
3.4859999999998377,0.5000001288810071,-3.905122519361519e-06,-1.2888100708874362e-07,-1.5430170946930608e-06
3.4879999999998375,0.5000001211142301,-3.883388503764856e-06,-1.2111423008942523e-07,-1.2501177641882257e-06
3.4899999999998372,0.5000001133952674,-3.859481344424919e-06,-1.1339526739817529e-07,-9.611806998121536e-07
3.491999999999837,0.5000001057283633,-3.8334520360289405e-06,-1.0572836328659463e-07,-6.763293515020924e-07
3.493999999999837,0.500000098117659,-3.8053521229420482e-06,-9.81176589975874e-08,-3.956824954348447e-07
3.4959999999998366,0.5000000905671916,-3.775233656802661e-06,-9.056719163513804e-08,-1.193542369614477e-07
3.4979999999998364,0.5000000830808933,-3.7431491542671483e-06,-8.308089327613288e-08,1.5254599139713933e-07
3.499999999999836,0.5000000756625902,-3.709151555292131e-06,-7.566259019320398e-08,4.1991342322183293e-07
3.501999999999836,0.5000000683160019,-3.67329418168745e-06,-6.831600185552844e-08,6.826479475639719e-07
3.5039999999998357,0.5000000610447405,-3.635630696387322e-06,-6.104474048473918e-08,9.406541074663122e-07
3.5059999999998355,0.5000000538523104,-3.596215062786813e-06,-5.3852310388791125e-08,1.1938410769977547e-06
3.5079999999998353,0.5000000467421074,-3.5551015047273464e-06,-4.67421074068497e-08,1.442122647235168e-06
3.509999999999835,0.5000000397174185,-3.5123444670108474e-06,-3.9717418465201604e-08,1.6854172084533584e-06
3.511999999999835,0.5000000327814214,-3.467998576394983e-06,-3.278142135521023e-08,1.9236477284027832e-06
3.5139999999998346,0.5000000259371842,-3.422118603025044e-06,-2.593718417820412e-08,2.156741722186574e-06
3.5159999999998344,0.5000000191876653,-3.3747594224532434e-06,-1.9187665345477e-08,2.384631235896879e-06
3.517999999999834,0.5000000125357134,-3.325975978171114e-06,-1.253571335624315e-08,2.6072528086341633e-06
3.519999999999834,0.5000000059840669,-3.275823244749911e-06,-5.984066908659713e-09,2.824547443921388e-06
3.5219999999998337,0.4999999995353545,-3.224356191646503e-06,4.6464548875135847e-10,3.0364605684035224e-06
3.5239999999998335,0.49999999319209504,-3.171629747368125e-06,6.807904961991795e-09,3.2429420111965573e-06
3.5259999999998333,0.4999999869566975,-3.11769876450618e-06,1.3043302493631614e-08,3.443945945847797e-06
3.527999999999833,0.4999999808314615,-3.062617985217501e-06,1.916853847871991e-08,3.6394308642514447e-06
3.529999999999833,0.4999999748185775,-3.006442007416458e-06,2.5181422502740247e-08,3.829359524366297e-06
3.5319999999998326,0.499999968920127,-2.949225251557392e-06,3.107987300854376e-08,4.013698907526068e-06
3.5339999999998324,0.49999996313808315,-2.891021928114906e-06,3.6861916852259924e-08,4.192420171899142e-06
3.535999999999832,0.49999995747431114,-2.8318860058441915e-06,4.252568885920738e-08,4.365498602205303e-06
3.537999999999832,0.4999999519305688,-2.771871180315664e-06,4.806943121327123e-08,4.532913560212486e-06
3.5399999999998317,0.4999999465085071,-2.7110308437955864e-06,5.349149290179156e-08,4.6946484288465135e-06
3.5419999999998315,0.499999941209671,-2.6494180550473796e-06,5.879032899391845e-08,4.850690559867248e-06
3.5439999999998313,0.49999993603549997,-2.5870855106046468e-06,6.396450002998932e-08,5.001031214804118e-06
3.545999999999831,0.4999999309873289,-2.524085516124382e-06,6.901267107783937e-08,5.14566551180422e-06
3.547999999999831,0.499999926066389,-2.460469958795917e-06,7.393361101115659e-08,5.284592359237957e-06
3.5499999999998306,0.49999992127380843,-2.396290280425871e-06,7.872619156579219e-08,5.4178143992421806e-06
3.5519999999998304,0.49999991661061355,-2.3315974511359268e-06,8.338938645158223e-08,5.545337943057559e-06
3.55399999999983,0.49999991207772965,-2.2664419440607112e-06,8.792227035314681e-08,5.667172909199216e-06
3.55599999999983,0.49999990767598224,-2.2008737103054495e-06,9.2324017764156e-08,5.783332758186584e-06
3.5579999999998297,0.4999999034060979,-2.1349421552290235e-06,9.659390209915131e-08,5.893834420871689e-06
3.5599999999998295,0.4999998992687059,-2.0686959804955333e-06,1.0073129408372239e-07,5.998698239195076e-06
3.5619999999998293,0.49999989526433863,-2.00218363087886e-06,1.0473566136592893e-07,6.097947743844429e-06
3.563999999999829,0.4999998913934346,-1.9354520162105584e-06,1.0860656540767621e-07,6.191610085516017e-06
3.565999999999829,0.499999887656335,-1.8685497983150162e-06,1.1234366498191761e-07,6.2797146325176065e-06
3.5679999999998286,0.4999998840532907,-1.801522142400347e-06,1.1594670928927187e-07,6.362296397591721e-06
3.5699999999998284,0.4999998805844663,-1.7344121893609702e-06,1.1941553368366442e-07,6.439390513971222e-06
3.571999999999828,0.4999998772499225,-1.6672719075935903e-06,1.2275007749140698e-07,6.5110335367075475e-06
3.573999999999828,0.49999987404964186,-1.6001403384516656e-06,1.2595035814300104e-07,6.57727500724987e-06
3.5759999999998278,0.499999870983519,-1.5330614290241258e-06,1.2901648099861163e-07,6.638154664171707e-06
3.5779999999998275,0.49999986805137014,-1.466074424081039e-06,1.3194862985566047e-07,6.693720668968591e-06
3.5799999999998273,0.4999998652529065,-1.3992318151614544e-06,1.3474709348315628e-07,6.744019618307458e-06
3.581999999999827,0.4999998625877724,-1.3325670478777817e-06,1.3741222759655614e-07,6.789115554487706e-06
3.583999999999827,0.49999986005553,-1.2661212131136856e-06,1.399444700123098e-07,6.829056151740027e-06
3.5859999999998267,0.49999985765566113,-1.1999344352564627e-06,1.4234433887150288e-07,6.863900013606078e-06
3.5879999999998264,0.49999985538757313,-1.1340439866351148e-06,1.4461242686669706e-07,6.893707990116578e-06
3.589999999999826,0.4999998532505877,-1.0684927108763018e-06,1.4674941228864924e-07,6.918541061302997e-06
3.591999999999826,0.4999998512439592,-1.0033142705779768e-06,1.487560408186539e-07,6.938469202422272e-06
3.593999999999826,0.49999984936686864,-9.385452726422904e-07,1.50633131357214e-07,6.953555903324133e-06
3.5959999999998256,0.49999984761842586,-8.742213914927232e-07,1.5238157413666187e-07,6.963870526930851e-06
3.5979999999998253,0.4999998459976712,-8.103773272182256e-07,1.540023287782688e-07,6.969484356959198e-06
3.599999999999825,0.49999984450357754,-7.470468446977549e-07,1.554964224603772e-07,6.970470478348978e-06
3.601999999999825,0.49999984313505197,-6.842627987983232e-07,1.5686494803102136e-07,6.966903743112843e-06
3.6039999999998247,0.49999984189093766,-6.220571431381065e-07,1.5810906234259292e-07,6.958860720039177e-06
3.6059999999998245,0.4999998407700158,-5.60460930873937e-07,1.5922998419792833e-07,6.9464196368418235e-06
3.6079999999998242,0.4999998397710072,-4.995043116395062e-07,1.6022899279599656e-07,6.92966029879107e-06
3.609999999999824,0.49999983889257416,-4.3921652752935545e-07,1.6110742584451998e-07,6.908664023479369e-06
3.611999999999824,0.4999998381333223,-3.796259090961684e-07,1.6186667767259522e-07,6.8835135613101544e-06
3.6139999999998236,0.4999998374918026,-3.207598718695947e-07,1.6250819739882516e-07,6.854293015999977e-06
3.6159999999998234,0.4999998369665128,-2.626449131902023e-07,1.6303348721047328e-07,6.821087767822601e-06
3.617999999999823,0.4999998365558996,-2.0530660975524966e-07,1.6344410042057333e-07,6.783984401609134e-06
3.619999999999823,0.49999983625836036,-1.4876961629155958e-07,1.6374163963606136e-07,6.743070626578183e-06
3.6219999999998227,0.499999836072245,-9.305766407312413e-08,1.6392775498141887e-07,6.698435201734014e-06
3.6239999999998225,0.4999998359958579,-3.819356055051101e-08,1.6400414210027137e-07,6.650167863329879e-06
3.6259999999998223,0.4999998360274595,1.5800810308288285e-08,1.6397254049005383e-07,6.598359244561365e-06
3.627999999999822,0.4999998361652685,6.890448734744369e-08,1.6383473150360928e-07,6.543100809293865e-06
3.629999999999822,0.49999983640746337,1.210974309058876e-07,1.6359253662834305e-07,6.484484772796927e-06
3.6319999999998216,0.4999998367521844,1.7236052075212362e-07,1.6324781559884372e-07,6.422604034227834e-06
3.6339999999998214,0.4999998371975355,2.2267555359115819e-07,1.6280246450950386e-07,6.357552103201625e-06
3.635999999999821,0.49999983774158596,2.720252400808757e-07,1.6225841403816332e-07,6.2894230267889965e-06
3.637999999999821,0.4999998383823724,3.2039320088748373e-07,1.6161762761424114e-07,6.218311321445657e-06
3.6399999999998207,0.4999998391179003,3.6776396288965414e-07,1.608820996978899e-07,6.144311903682162e-06
3.6419999999998205,0.4999998399461462,4.141229541930314e-07,1.600538537815943e-07,6.067520025025942e-06
3.6439999999998203,0.4999998408650592,4.5945649910093665e-07,1.5913494078034773e-07,5.988031197070741e-06
3.64599999999982,0.49999984187256286,5.037518123070677e-07,1.5812743714427313e-07,5.905941132112972e-06
3.64799999999982,0.49999984296655686,5.469969927191723e-07,1.5703344313777734e-07,5.821345673463858e-06
3.6499999999998196,0.4999998441449189,5.891810168484933e-07,1.5585508111870539e-07,5.734340732791921e-06
3.6519999999998194,0.49999984540550635,6.30293731567576e-07,1.5459449365096134e-07,5.645022227899722e-06
3.653999999999819,0.49999984674615805,6.703258466327761e-07,1.532538419501961e-07,5.553486014470877e-06
3.655999999999819,0.4999998481646959,7.092689265673117e-07,1.518353041074505e-07,5.4598278313750675e-06
3.6579999999998187,0.49999984965892663,7.471153822662688e-07,1.503410733683097e-07,5.364143237730708e-06
3.6599999999998185,0.49999985122664353,7.838584622142572e-07,1.4877335646756862e-07,5.266527552466119e-06
3.6619999999998183,0.49999985286562804,8.194922430015797e-07,1.4713437196389734e-07,5.167075796488487e-06
3.663999999999818,0.49999985457365126,8.540116198102949e-07,1.454263487410401e-07,5.0658826355543135e-06
3.665999999999818,0.4999998563484759,8.874122965595875e-07,1.4365152412043614e-07,4.963042329831309e-06
3.6679999999998176,0.4999998581878574,9.196907751697374e-07,1.4181214258446317e-07,4.8586486682578575e-06
3.6699999999998174,0.4999998600895461,9.508443450788337e-07,1.3991045388905832e-07,4.752794928208789e-06
3.671999999999817,0.49999986205128827,9.808710720516945e-07,1.379487117314504e-07,4.645573810483499e-06
3.673999999999817,0.49999986407082786,1.0097697868457469e-06,1.3592917214033662e-07,4.537077397206321e-06
3.6759999999998167,0.499999866145908,1.0375400734284413e-06,1.3385409197708142e-07,4.427397098767718e-06
3.6779999999998165,0.49999986827427256,1.0641822570382103e-06,1.3172572743691546e-07,4.316623605654815e-06
3.6799999999998163,0.49999987045366734,1.0896973918358308e-06,1.2954633266115678e-07,4.204846840438408e-06
3.681999999999816,0.4999998726818418,1.1140872483411319e-06,1.273181581828986e-07,4.09215591461044e-06
3.683999999999816,0.4999998749565504,1.1373543005994051e-06,1.2504344959474167e-07,3.978639078974812e-06
3.6859999999998156,0.49999987727555384,1.1595017130346261e-06,1.2272444616101552e-07,3.864383683190261e-06
3.6879999999998154,0.4999998796366205,1.180533327360028e-06,1.203633794855108e-07,3.7494761334059947e-06
3.689999999999815,0.4999998820375278,1.2004536487721707e-06,1.1796247217921163e-07,3.6340018520604034e-06
3.691999999999815,0.49999988447606347,1.2192678323834007e-06,1.1552393652802806e-07,3.5180452383962945e-06
3.6939999999998148,0.4999998869500268,1.236981669069711e-06,1.1304997321603949e-07,3.4016896287377217e-06
3.6959999999998145,0.49999988945722995,1.2536015715706832e-06,1.1054277004873825e-07,3.2850172595718683e-06
3.6979999999998143,0.49999989199549905,1.2691345599839577e-06,1.0800450095382885e-07,3.1681092303788465e-06
3.699999999999814,0.4999998945626755,1.2835882473618634e-06,1.0543732448242693e-07,3.0510454781691966e-06
3.701999999999814,0.4999998971566172,1.29697082516647e-06,1.028433828098585e-07,2.9339047319352136e-06
3.7039999999998137,0.49999989977519926,1.3092910484064496e-06,1.0022480073645923e-07,2.81676448722787e-06
3.7059999999998134,0.4999999024163157,1.3205582207000214e-06,9.758368429979569e-08,2.6997009810519195e-06
3.7079999999998132,0.49999990507788006,1.3307821794000971e-06,9.492211994199806e-08,2.5827891512918064e-06
3.709999999999813,0.4999999077578266,1.3399732804846383e-06,9.224217339953711e-08,2.4661026182798253e-06
3.711999999999813,0.49999991045411135,1.34814238331234e-06,8.954588864851232e-08,2.349713655496846e-06
3.7139999999998126,0.49999991316471304,1.355300835247423e-06,8.683528696096232e-08,2.2336931626281527e-06
3.7159999999998123,0.49999991588763393,1.3614604565328787e-06,8.411236607219763e-08,2.11811064319107e-06
3.717999999999812,0.499999918620901,1.3666335247171921e-06,8.137909901506646e-08,2.0030341863550265e-06
3.719999999999812,0.4999999213625665,1.3708327592617395e-06,7.863743350933206e-08,1.8885304358854662e-06
3.7219999999998117,0.4999999241107091,1.3740713060968953e-06,7.588929090696084e-08,1.7746645811115427e-06
3.7239999999998115,0.49999992686343453,1.3763627219823522e-06,7.313656547047742e-08,1.6615003301815382e-06
3.7259999999998112,0.49999992961887646,1.3777209591441759e-06,7.038112354029735e-08,1.5490998968367446e-06
3.727999999999811,0.49999993237519713,1.378160349668798e-06,6.762480286859329e-08,1.4375239824677182e-06
3.729999999999811,0.4999999351305883,1.3776955900332893e-06,6.486941167560545e-08,1.3268317650749337e-06
3.7319999999998106,0.4999999378832718,1.3763417254326419e-06,6.211672820555236e-08,1.2170808769909286e-06
3.7339999999998104,0.49999994063150005,1.3741141344613745e-06,5.9368499949474796e-08,1.1083274027894526e-06
3.73599999999981,0.4999999433735571,1.3710285136819232e-06,5.662644292359076e-08,1.0006258635176173e-06
3.73799999999981,0.4999999461077588,1.367100862157997e-06,5.3892241225206305e-08,8.940292032617071e-07
3.7399999999998097,0.4999999488324537,1.3623474660993818e-06,5.1167546311070566e-08,7.885887868502552e-07
3.7419999999998095,0.49999995154602345,1.3567848835729447e-06,4.845397655328654e-08,6.843543863434408e-07
3.7439999999998093,0.4999999542468833,1.3504299293566319e-06,4.575311668419957e-08,5.813741785585168e-07
3.745999999999809,0.49999995693348265,1.3432996597442955e-06,4.3066517352308153e-08,4.796947380113509e-07
3.747999999999809,0.4999999596043054,1.335411357592574e-06,4.039569462266357e-08,3.793610343480306e-07
3.7499999999998086,0.4999999622578704,1.3267825172268172e-06,3.774212958829182e-08,2.804164273139687e-07
3.7519999999998084,0.4999999648927321,1.3174308298071976e-06,3.510726792610441e-08,1.8290266630485553e-07
3.753999999999808,0.49999996750748044,1.3073741684166208e-06,3.249251956383148e-08,8.685988723697889e-08
3.755999999999808,0.4999999701007416,1.296630573546361e-06,2.989925840246599e-08,-7.67338586336169e-09
3.7579999999998077,0.4999999726711781,1.2852182387003312e-06,2.732882192768571e-08,-1.0066023744772151e-07
3.7599999999998075,0.49999997521748907,1.2731554959051152e-06,2.478251093229744e-08,-1.920653615929028e-07
3.7619999999998073,0.49999997773841065,1.260460801626287e-06,2.226158934970357e-08,-2.818550586132176e-07
3.763999999999807,0.4999999802327161,1.2471527226948708e-06,1.9767283920835155e-08,-3.699972276381443e-07
3.765999999999807,0.4999999826992159,1.2332499223898085e-06,1.7300784083129628e-08,-4.564613658614646e-07
3.7679999999998066,0.4999999851367582,1.2187711468064379e-06,1.486324180399734e-08,-5.412185590646234e-07
3.7699999999998064,0.49999998754422864,1.203735211156236e-06,1.2455771358776957e-08,-6.242414746465443e-07
3.771999999999806,0.4999999899205506,1.1881609865895979e-06,1.0079449386246608e-08,-7.055043568051577e-07
3.773999999999806,0.4999999922646854,1.1720673868647934e-06,7.735314611068134e-09,-7.849830111397335e-07
3.7759999999998057,0.4999999945756321,1.1554733553484547e-06,5.4243678992982325e-09,-8.62654802422068e-07
3.7779999999998055,0.4999999968524278,1.1383978522356027e-06,3.1475722028773134e-09,-9.384986393765254e-07
3.7799999999998053,0.4999999990941475,1.1208598420161698e-06,9.05852504118343e-10,-1.0124949641205101e-06
3.781999999999805,0.5000000012999041,1.1028782808577605e-06,-1.2999040732708522e-09,-1.084625741851436e-06
3.783999999999805,0.5000000034688483,1.084472104598844e-06,-3.4688483196987363e-09,-1.1548744437885945e-06
3.7859999999998046,0.5000000056001688,1.0656602166568992e-06,-5.600168773156611e-09,-1.2232260373867935e-06
3.7879999999998044,0.5000000076930917,1.0464614762752347e-06,-7.693091719218614e-09,-1.2896669675831636e-06
3.789999999999804,0.5000000097468811,1.0268946869703619e-06,-9.74688108001942e-09,-1.3541851450439793e-06
3.791999999999804,0.5000000117608383,1.0069785852019964e-06,-1.1760838303231935e-08,-1.4167699301711387e-06
3.7939999999998038,0.5000000137343018,9.86731766360844e-07,-1.3734301806955784e-08,-1.4774121173312738e-06
3.7959999999998035,0.5000000156666476,9.661729014807962e-07,-1.5666647645851128e-08,-1.5361038386390753e-06
3.7979999999998033,0.5000000175572877,9.453200637438595e-07,-1.7557287734781823e-08,-1.5928388073148414e-06
3.799999999999803,0.5000000194056728,9.241925292496328e-07,-1.9405672846417588e-08,-1.6476115731351323e-06
3.801999999999803,0.5000000212112886,9.028078770163764e-07,-2.1211288614431112e-08,-1.7004194431063363e-06
3.8039999999998027,0.5000000229736543,8.811828252811531e-07,-2.2973654312252734e-08,-1.7512594215936207e-06
3.8059999999998024,0.5000000246923327,8.593392222782556e-07,-2.4692332734055356e-08,-1.8001289977712624e-06
3.807999999999802,0.5000000263669167,8.372919792625054e-07,-2.6366916650033545e-08,-1.8470325316404698e-06
3.809999999999802,0.5000000279970346,8.150589886191695e-07,-2.7997034579563262e-08,-1.8919686452638473e-06
3.8119999999998018,0.5000000295823461,7.926557820320851e-07,-2.9582346128265158e-08,-1.9349403718017e-06
3.8139999999998015,0.5000000311225571,7.701054939083144e-07,-3.1122557087037706e-08,-1.9759496271626914e-06
3.8159999999998013,0.5000000326173989,7.47420904505656e-07,-3.261739889293125e-08,-2.0150077773898227e-06
3.817999999999801,0.5000000340666375,7.2461930499025e-07,-3.4066637510932196e-08,-2.052116860222906e-06
3.819999999999801,0.5000000354700667,7.01714591983029e-07,-3.547006666160257e-08,-2.087284805427538e-06
3.8219999999998007,0.5000000368275302,6.787317966941624e-07,-3.6827530247585116e-08,-2.1205172584471317e-06
3.8239999999998004,0.5000000381388919,6.556808569678701e-07,-3.81388919334924e-08,-2.1518330065975673e-06
3.8259999999998002,0.5000000394040487,6.32578382569816e-07,-3.9404048690627747e-08,-2.1812365343075663e-06
3.8279999999998,0.5000000406229209,6.094361224716483e-07,-4.062292091600028e-08,-2.208740330194926e-06
3.8299999999998,0.5000000417954851,5.862820638359865e-07,-4.179548507288189e-08,-2.2343529591116596e-06
3.8319999999997996,0.5000000429217296,5.631222961816592e-07,-4.292172961495311e-08,-2.258101466751262e-06
3.8339999999997993,0.5000000440016751,5.399727110700596e-07,-4.40016750813399e-08,-2.2799914807797834e-06
3.835999999999799,0.5000000450353725,5.168487487409033e-07,-4.503537254230139e-08,-2.3000397143236554e-06
3.837999999999799,0.500000046022899,4.937632566229884e-07,-4.602289904731549e-08,-2.3182636504329587e-06
3.8399999999997987,0.5000000469643715,4.7073621380451535e-07,-4.69643715028667e-08,-2.334679218515608e-06
3.8419999999997985,0.5000000478599266,4.4777754061373225e-07,-4.785992657740934e-08,-2.349311073919183e-06
3.8439999999997982,0.5000000487097294,4.249013858375255e-07,-4.870972936110718e-08,-2.3621746037101057e-06
3.845999999999798,0.5000000495139667,4.021186934575785e-07,-4.951396670449526e-08,-2.373290560281813e-06
3.847999999999798,0.5000000502728676,3.7945049161931603e-07,-5.0272867646583563e-08,-2.382677361637389e-06
3.8499999999997976,0.5000000509866754,3.5690391199665795e-07,-5.0986675437236784e-08,-2.3903651974826587e-06
3.8519999999997974,0.5000000516556596,3.344920965251741e-07,-5.16556596386053e-08,-2.3963709294861295e-06
3.853999999999797,0.500000052280107,3.1222367040238247e-07,-5.2280107021296374e-08,-2.400718482069386e-06
3.855999999999797,0.500000052860351,2.9012198709827733e-07,-5.28603509852843e-08,-2.4034279512542374e-06
3.8579999999997967,0.5000000533967317,2.6819034177598715e-07,-5.339673170290382e-08,-2.404536026509649e-06
3.8599999999997965,0.5000000538896135,2.464408958801059e-07,-5.388961354935162e-08,-2.40405960989214e-06
3.8619999999997963,0.5000000543393842,2.2488532559587196e-07,-5.43393842145079e-08,-2.4020254378541708e-06
3.863999999999796,0.5000000547464499,2.035328500194499e-07,-5.474644992897737e-08,-2.398460694176188e-06
3.865999999999796,0.5000000551112483,1.8239921231715454e-07,-5.5111248342676333e-08,-2.3933908471785446e-06
3.8679999999997956,0.5000000554342299,1.6149078939306575e-07,-5.543422987308588e-08,-2.3868491460242077e-06
3.8699999999997954,0.5000000557158655,1.4081781393959567e-07,-5.5715865476813065e-08,-2.378859984316501e-06
3.871999999999795,0.5000000559566404,1.2038748669024836e-07,-5.595664043234194e-08,-2.369452433012118e-06
3.873999999999795,0.5000000561570731,1.0021633770645594e-07,-5.615707310280271e-08,-2.358653103983926e-06
3.8759999999997947,0.500000056317689,8.030790291419454e-08,-5.631768895675293e-08,-2.3464992618185642e-06
3.8779999999997945,0.5000000564390316,6.067127657393021e-08,-5.6439031559385455e-08,-2.333015461184312e-06
3.8799999999997943,0.5000000565216618,4.131512040854208e-08,-5.6521661795372324e-08,-2.3182325389493484e-06
3.881999999999794,0.5000000565661546,2.224640038396666e-08,-5.656615464921799e-08,-2.302181592223435e-06
3.883999999999794,0.500000056573107,3.47614254285702e-09,-5.65731069768205e-08,-2.2848925863526862e-06
3.8859999999997936,0.5000000565431255,-1.499073953442094e-08,-5.65431255150628e-08,-2.266400421615677e-06
3.8879999999997934,0.5000000564768315,-3.314698498183608e-08,-5.647683154474947e-08,-2.246734281068091e-06
3.889999999999793,0.5000000563748568,-5.098739418134429e-08,-5.6374856782781535e-08,-2.225926276808143e-06
3.891999999999793,0.500000056237855,-6.850089064140617e-08,-5.6237855039498186e-08,-2.204006877129917e-06
3.8939999999997927,0.5000000560664853,-8.568485065566626e-08,-5.606648534328684e-08,-2.181013310938521e-06
3.8959999999997925,0.5000000558614189,-1.0253319411254205e-07,-5.5861418934988194e-08,-2.1569745630758073e-06
3.8979999999997923,0.5000000556233385,-1.1904022705321285e-07,-5.562333849074008e-08,-2.1319235632869857e-06
3.899999999999792,0.5000000553529371,-1.3520067309162617e-07,-5.535293712277678e-08,-2.1058933125763906e-06
3.901999999999792,0.5000000550509178,-1.5100962512173702e-07,-5.505091782431748e-08,-2.078916811819445e-06
3.9039999999997916,0.5000000547179928,-1.6646251090811876e-07,-5.471799280343248e-08,-2.0510270878509624e-06
3.9059999999997914,0.5000000543548827,-1.8155507494032576e-07,-5.4354882705887064e-08,-2.0222572012291806e-06
3.907999999999791,0.500000053962316,-1.9628336979654007e-07,-5.396231594900769e-08,-1.992640233295157e-06
3.909999999999791,0.5000000535410285,-2.106437503603418e-07,-5.354102849963738e-08,-1.9622092681637677e-06
3.9119999999997908,0.5000000530917628,-2.2463287076345073e-07,-5.30917627639127e-08,-1.9309973896251535e-06
3.9139999999997905,0.5000000526152674,-2.382476810389204e-07,-5.2615267365219154e-08,-1.8990376397930573e-06
3.9159999999997903,0.5000000521122965,-2.514854243351149e-07,-5.2112296478057374e-08,-1.8663630135698457e-06
3.91799999999979,0.5000000515836092,-2.643436339647082e-07,-5.1583609161909294e-08,-1.83300643478718e-06
3.91999999999979,0.5000000510299689,-2.7682013027952596e-07,-5.102996891714895e-08,-1.7990007325116636e-06
3.9219999999997897,0.5000000504521429,-2.8891301743077665e-07,-5.0452142907886355e-08,-1.764378626406432e-06
3.9239999999997894,0.5000000498509015,-3.0062068012829805e-07,-4.98509015178783e-08,-1.7291726988846776e-06
3.925999999999789,0.5000000492270179,-3.1194177990277134e-07,-4.922701790643913e-08,-1.6934153805868338e-06
3.927999999999789,0.5000000485812675,-3.2287525166641653e-07,-4.8581267453329247e-08,-1.657138936354794e-06
3.9299999999997888,0.5000000479144269,-3.3342030001884956e-07,-4.7914426870576676e-08,-1.6203754464667533e-06
3.9319999999997886,0.5000000472272741,-3.435763952710369e-07,-4.7227274091454774e-08,-1.5831567748042176e-06
3.9339999999997883,0.5000000465205876,-3.533432693715263e-07,-4.652058760434841e-08,-1.545514568387154e-06
3.935999999999788,0.5000000457951458,-3.62720912093535e-07,-4.579514578662014e-08,-1.50748023480241e-06
3.937999999999788,0.5000000450517267,-3.7170956663245737e-07,-4.505172668256563e-08,-1.4690849193712705e-06
3.9399999999997877,0.5000000442911072,-3.803097253616147e-07,-4.429110722625751e-08,-1.4303595006701677e-06
3.9419999999997875,0.500000043514063,-3.885221254658022e-07,-4.351406301950078e-08,-1.3913345636886857e-06
3.9439999999997872,0.5000000427213676,-3.9634774457025667e-07,-4.2721367554676704e-08,-1.3520403953142291e-06
3.945999999999787,0.500000041913792,-4.0378779594544604e-07,-4.191379199269818e-08,-1.3125069576168114e-06
3.947999999999787,0.5000000410921045,-4.1084372416283663e-07,-4.109210449687595e-08,-1.2727638837624811e-06
3.9499999999997866,0.5000000402570701,-4.175172002245728e-07,-4.025707012189628e-08,-1.2328404557122012e-06
3.9519999999997864,0.5000000394094499,-4.238101166900556e-07,-3.940944992564255e-08,-1.1927656046512783e-06
3.953999999999786,0.5000000385500007,-4.297245831505176e-07,-3.855000074715065e-08,-1.1525678803356463e-06
3.955999999999786,0.5000000376794749,-4.352629209159031e-07,-3.767947487354206e-08,-1.1122754467355084e-06
3.9579999999997857,0.5000000367986196,-4.404276583338301e-07,-3.679861959593467e-08,-1.0719160740257794e-06
3.9599999999997855,0.5000000359081765,-4.452215257131414e-07,-3.590817654330891e-08,-1.0315171255035566e-06
3.9619999999997852,0.5000000350088817,-4.496474502225284e-07,-3.500888168250782e-08,-9.91105536019215e-07
3.963999999999785,0.5000000341014645,-4.5370855078310953e-07,-3.410146454108087e-08,-9.507078170777845e-07
3.965999999999785,0.5000000331866483,-4.574081328190837e-07,-3.318664831830631e-08,-9.103500308601253e-07
3.9679999999997846,0.500000032265149,-4.607496832575282e-07,-3.2265148997012716e-08,-8.700577999131687e-07
3.9699999999997844,0.5000000313376752,-4.6373686516465373e-07,-3.1337675232556705e-08,-8.298562766229804e-07
3.971999999999784,0.5000000304049282,-4.6637351250596846e-07,-3.040492824180063e-08,-7.897701441376144e-07
3.973999999999784,0.500000029467601,-4.686635875074466e-07,-2.946760102595647e-08,-7.498236171660568e-07
3.9759999999997837,0.5000000285263784,-4.706113286248145e-07,-2.8526378370585803e-08,-7.100404535308121e-07
3.9779999999997835,0.500000027581937,-4.7222068376006084e-07,-2.7581936956622144e-08,-6.704438061986176e-07
3.9799999999997833,0.500000026634943,-4.734969708730362e-07,-2.663494302890257e-08,-6.310567945048249e-07
3.981999999999783,0.5000000256860547,-4.744441592041668e-07,-2.5686054727636076e-08,-5.919007502830665e-07
3.983999999999783,0.5000000247359233,-4.750657026035642e-07,-2.473592330964891e-08,-5.529980299012763e-07
3.9859999999997826,0.500000023785183,-4.7537015224348965e-07,-2.378518304535504e-08,-5.143712297823923e-07
3.9879999999997824,0.5000000228344635,-4.753597410861459e-07,-2.283446354223173e-08,-4.76037169570712e-07
3.989999999999782,0.5000000218843839,-4.750398254863576e-07,-2.1884383860637513e-08,-4.3801880060312334e-07
3.991999999999782,0.5000000209355562,-4.744138139337238e-07,-2.0935556177548165e-08,-4.0033552893914294e-07
3.9939999999997817,0.500000019988571,-4.734925869323302e-07,-1.9988571020590484e-08,-3.630084331682028e-07
3.9959999999997815,0.5000000190440161,-4.722774581921226e-07,-1.904401614183371e-08,-3.2605025389128915e-07
3.9979999999997813,0.5000000181024675,-4.7077433557117626e-07,-1.8102467524983012e-08,-2.894831874812257e-07
3.999999999999781,0.5000000171644952,-4.689861986252999e-07,-1.716449515853924e-08,-2.5332436542814424e-07
