time_s,joint2_position_rad,joint2_velocity_rad_s,position_error_rad,pd_torque_Nm,gravity_comp_torque_Nm,command_torque_Nm
0.002,-0.0006047126829422198,-0.3023563414711099,-0.4993952873170578,-20.0,-4.039886668000083,-24.039886668000083
0.004,-0.0013255318533670177,-0.3604095852123989,-0.49867446814663297,-17.556960760913434,-4.035552299284744,-21.59251306019818
0.006,-0.0021460487803247864,-0.4102584634788843,-0.49785395121967524,-17.063702044166128,-4.030890379314426,-21.094592423480556
0.008,-0.0030523284491806137,-0.4531398344279138,-0.49694767155081937,-16.632090340955934,-4.025781316325471,-20.657871657281405
0.01,-0.0040312870787437005,-0.4894793147815432,-0.4959687129212563,-16.252788186609465,-4.02014338314446,-20.272931569753926
0.012,-0.00513026626534002,-0.5494895932981594,-0.49486973373466,-15.922913998597906,-4.013899874282257,-19.936813872880162
0.014,-0.006319195890717385,-0.5944648126886825,-0.4936808041092826,-15.398872603001124,-4.006641891867089,-19.405514494868214
0.016,-0.007572841443530442,-0.6268227764065286,-0.49242715855646957,-14.991513662861845,-3.998445128096561,-18.989958790958404
0.018000000000000002,-0.008870361350820661,-0.6487599536451091,-0.49112963864917936,-14.682504131006553,-3.9893606805713704,-18.671864811577922
0.020000000000000004,-0.01019453994978652,-0.6620892994829296,-0.48980546005021347,-14.4551059168063,-3.9794226148742764,-18.434528531680577
0.022000000000000006,-0.011531370275012155,-0.6684151626128176,-0.48846862972498784,-14.295504006145102,-3.968646593958844,-18.264150600103946
0.024000000000000007,-0.01286962353086729,-0.6691266279275674,-0.4871303764691327,-14.191423888096972,-3.9570350221124464,-18.14845891020942
0.02600000000000001,-0.014200462641233048,-0.6654195551828789,-0.48579953735876696,-14.13220203534477,-3.9445801756507164,-18.076782210995486
0.02800000000000001,-0.015517096340895275,-0.6583168498311132,-0.48448290365910474,-14.10862505288765,-3.9312669745646156,-18.039892027452265
0.030000000000000013,-0.01681447007843383,-0.6486868687692773,-0.48318552992156616,-14.112781347715284,-3.9170753892535735,-18.029856736968856
0.032000000000000015,-0.018088990842668767,-0.6372603821174679,-0.4819110091573312,-14.137926246708426,-3.9019824871328987,-18.039908733841326
0.034000000000000016,-0.01933828347312503,-0.6246463152281316,-0.48066171652687495,-14.178357309353505,-3.885964131661349,-18.064321441014854
0.03600000000000002,-0.020561569287195557,-0.6116429070352631,-0.47943843071280445,-14.229298139249943,-3.8689963519379917,-18.098294491187936
0.03800000000000002,-0.021758693275745946,-0.598561994275195,-0.4782413067242541,-14.284393972230074,-3.8510775626939773,-18.13547153492405
0.04000000000000002,-0.022929979286172682,-0.585643005213369,-0.4770700207138273,-14.341156314768602,-3.832204187311734,-18.173360502080335
0.04200000000000002,-0.024076129540537897,-0.5730751271826077,-0.4759238704594621,-14.397656786846142,-3.8123706986934933,-18.210027485539634
0.044000000000000025,-0.025198212681128554,-0.561041570295328,-0.47480178731887146,-14.45235380091762,-3.7915702323750313,-18.24392403329265
0.04600000000000003,-0.026297354283979963,-0.5495708014257051,-0.47370264571602005,-14.503738930392236,-3.769797486605452,-18.27353641699769
0.04800000000000003,-0.02737495061399371,-0.5387981650068732,-0.4726250493860063,-14.551539417235162,-3.747041775949537,-18.2985811931847
0.05000000000000003,-0.0284325058195788,-0.5287776027925467,-0.4715674941804212,-14.594616655385268,-3.7232946519215098,-18.31791130730678
0.05200000000000003,-0.029471596201394983,-0.5195451909080915,-0.470528403798605,-14.632478944876475,-3.6985477844762276,-18.3310267293527
0.054000000000000034,-0.030493838269606336,-0.5111210341056769,-0.46950616173039367,-14.664774624679467,-3.6727930825910224,-18.337567707270487
0.056000000000000036,-0.031500786730011957,-0.5034742302028119,-0.46849921326998806,-14.691278196370332,-3.646022807688923,-18.337301004059256
0.05800000000000004,-0.03249364016801685,-0.496426719002444,-0.46750635983198313,-14.712174689177028,-3.6182268171016982,-18.330401506278726
0.06000000000000004,-0.03347407469753676,-0.49021726475995564,-0.46652592530246323,-14.728840641259774,-3.5893812207484603,-18.318221862008233
0.06200000000000004,-0.03444383672388818,-0.48488101317570903,-0.4655561632761118,-14.739298894018884,-3.559477415714134,-18.298776309733018
0.06400000000000004,-0.035421641671702225,-0.48890247390702324,-0.46457835832829775,-14.743198425638802,-3.5285161808314625,-18.271714606470265
0.06600000000000004,-0.03640706722621177,-0.49271277725477386,-0.4635929327737882,-14.671914541875722,-3.496417996378761,-18.168332538254482
0.06800000000000005,-0.03739944532691347,-0.49618905035085087,-0.46260055467308653,-14.602015092913337,-3.4631941921600298,-18.065209285073365
0.07000000000000005,-0.03839852232120851,-0.4995384971475187,-0.4616014776787915,-14.534509784116654,-3.428854587861904,-17.963364371978557
0.07200000000000005,-0.03940298472947815,-0.5022312041348198,-0.4605970152705219,-14.467751129971509,-3.393421551586947,-17.861172681558457
0.07400000000000005,-0.040412527538307846,-0.5047714044148509,-0.4595874724616922,-14.406030977742315,-3.356858778904986,-17.7628897566473
0.07600000000000005,-0.04142688114954359,-0.5071768056178736,-0.45857311885045643,-14.345327663148879,-3.3191756367511838,-17.664503299900062
0.07800000000000006,-0.042445809581695866,-0.5094642160761367,-0.45755419041830414,-14.285510309075267,-3.2803812270821755,-17.565891536157444
0.08000000000000006,-0.04346910698649148,-0.5116487023978074,-0.4565308930135085,-14.226453888123073,-3.240484398067927,-17.466938286191
0.08200000000000006,-0.04449659433715847,-0.513743675333495,-0.45550340566284153,-14.168046101357882,-3.1994937742473866,-17.367539875605267
0.08400000000000006,-0.045528116416109016,-0.5157610394752739,-0.454471883583891,-14.1101868238457,-3.157417783011565,-17.267604606857265
0.08600000000000006,-0.046563539039438114,-0.5177113116645476,-0.4534364609605619,-14.052787027553451,-3.1142646771298756,-17.167051704683328
0.08800000000000006,-0.04760274647367248,-0.5196037171171828,-0.45239725352632754,-13.995767945106095,-3.070042554648582,-17.065810499754676
0.09000000000000007,-0.04865381496811087,-0.5255342472191971,-0.4513461850318891,-13.939060404115638,-3.0247593769067556,-16.963819781022394
0.09200000000000007,-0.049716402649385684,-0.5312938406374043,-0.4502835973506143,-13.849573423521989,-2.978811710841902,-16.82838513436389
0.09400000000000007,-0.05079021162873287,-0.5369044896735949,-0.4492097883712671,-13.760993168925335,-2.9321897424886463,-16.69318291141398
0.09600000000000007,-0.051874862534589866,-0.5423254529284981,-0.44812513746541016,-13.673155617461926,-2.884883738987296,-16.55803935644922
0.09800000000000007,-0.05296996008506044,-0.5475487752352878,-0.44703003991493956,-13.586401875188422,-2.8368795701857135,-16.423281445374137
0.10000000000000007,-0.05407514063695156,-0.5525902759455609,-0.44592485936304843,-13.500811394715278,-2.7881620924030406,-16.28897348711832
0.10200000000000008,-0.05519009399097115,-0.5574766770097944,-0.44480990600902887,-13.416272166957448,-2.7387173359562142,-16.15498950291366
0.10400000000000008,-0.056314569419815226,-0.5622377144220404,-0.4436854305801848,-13.332582824282799,-2.6885334213107717,-16.02111624559357
0.10600000000000008,-0.0574483733085861,-0.5669019443854364,-0.4425516266914139,-13.24951550783107,-2.637600763561598,-15.887116271392667
0.10800000000000008,-0.05859136310584059,-0.571494898627244,-0.44140863689415943,-13.166849512573064,-2.5859119311484675,-15.752761443721532
0.11000000000000008,-0.05974344021681478,-0.5760385554870968,-0.44025655978318523,-13.084386286748426,-2.53346137240957,-15.617847659157995
0.11200000000000009,-0.06090454314067484,-0.580551461930026,-0.43909545685932516,-13.001953947430636,-2.48024512090004,-15.482199068330676
0.11400000000000009,-0.0620746413927762,-0.5850491260506817,-0.4379253586072238,-12.919406578932797,-2.4262605293420396,-15.345667108274837
0.11600000000000009,-0.06325382649255944,-0.5895925498916191,-0.43674617350744055,-12.8366213358835,-2.371506049306415,-15.208127385189915
0.11800000000000009,-0.06444208465111502,-0.5941290792777936,-0.435557915348885,-12.75310654116467,-2.315985175908307,-15.069091717072975
0.12000000000000009,-0.06563943089971476,-0.5986731242998693,-0.43436056910028525,-12.66928397973305,-2.259697019033503,-14.928980998766553
0.1220000000000001,-0.06684590206576181,-0.6032355830235275,-0.4331540979342382,-12.585037769612455,-2.2026416549324392,-14.787679424544894
0.1240000000000001,-0.06806155584843863,-0.6078268913384112,-0.43193844415156135,-12.500279253181308,-2.144820006580315,-14.645099259761622
0.12600000000000008,-0.06928643540723156,-0.6124397793964658,-0.43071356459276844,-12.414922635355165,-2.086233885923252,-14.501156521278418
0.12800000000000009,-0.0705206350905182,-0.6170998416433207,-0.4294793649094818,-12.329024348539011,-2.0268845665005992,-14.35590891503961
0.1300000000000001,-0.07176425249405707,-0.6218087017694367,-0.42823574750594295,-12.242375863232708,-1.9667754909465658,-14.209151354179273
0.1320000000000001,-0.07301738761134036,-0.6265675586416379,-0.42698261238865964,-12.154960286082224,-1.9059104765320891,-14.060870762614313
0.1340000000000001,-0.07428007779707278,-0.6313450928662129,-0.4257199222029272,-12.066764026413281,-1.8442936580675784,-13.911057684480859
0.1360000000000001,-0.07555216285911044,-0.636042531018829,-0.4244478371408896,-11.978036145187385,-1.7819298787279378,-13.759966023915323
0.1380000000000001,-0.0768333861224085,-0.6406116316490292,-0.42316661387759147,-11.88957323748495,-1.718825570096158,-13.608398807581107
0.1400000000000001,-0.07812353233981821,-0.6450731087048551,-0.4218764676601818,-11.801771501911425,-1.6549880240223684,-13.456759525933794
0.1420000000000001,-0.0794226248003738,-0.6495462302777953,-0.4205773751996262,-11.714473836768429,-1.5904243880703062,-13.304898224838734
0.1440000000000001,-0.08073085037006152,-0.654112784843857,-0.4192691496299385,-11.626725165762682,-1.5251403133227504,-13.151865479085433
0.1460000000000001,-0.08204847981091146,-0.6588147204249727,-0.41795152018908854,-11.537863706446682,-1.4591404684035552,-12.997004174850238
0.1480000000000001,-0.08335534448894893,-0.653432339018736,-0.41664465551105107,-11.447543044163762,-1.3924290785421378,-12.8399721227059
0.1500000000000001,-0.08466945758109409,-0.6570565460725803,-0.4153305424189059,-11.438327508292156,-1.3251470204566127,-12.76347452874877
0.1520000000000001,-0.08599552293928722,-0.6630326790965645,-0.41400447706071275,-11.356769328175591,-1.2571748351101304,-12.613944163285723
0.1540000000000001,-0.0873346964065995,-0.6695867336561364,-0.4126653035934005,-11.255917649655995,-1.1884866225515265,-12.444404272207521
0.1560000000000001,-0.0886871870548734,-0.6762453241369546,-0.4113128129451266,-11.149918274486929,-1.119081432037787,-12.268999706524715
0.1580000000000001,-0.09005295136754787,-0.6828821563372385,-0.4099470486324521,-11.042549924709428,-1.0489649668701024,-12.09151489157953
0.16000000000000011,-0.09143188005741486,-0.6894643449334915,-0.40856811994258513,-10.934824694600177,-0.9781447161516407,-11.912969410751819
0.16200000000000012,-0.09282384502629318,-0.6959824844391611,-0.40717615497370685,-10.827010038235471,-0.9066287091896507,-11.733638747425122
0.16400000000000012,-0.09422871243037047,-0.7024337020386476,-0.40577128756962955,-10.719186323434986,-0.8344250738625725,-11.553611397297558
0.16600000000000012,-0.09564634617447337,-0.7088168720514504,-0.4043536538255266,-10.611381886476,-0.7615419392068061,-11.372923825682806
0.16800000000000012,-0.09707660887892221,-0.7151313522244205,-0.4029233911210778,-10.503611176609464,-0.6879874087655156,-11.19159858537498
0.17000000000000012,-0.09851936218866497,-0.721376654871382,-0.40148063781133503,-10.395884827047746,-0.6137695539824264,-11.009654381030172
0.17200000000000013,-0.09997446691631713,-0.7275523638260791,-0.4000255330836829,-10.288212273482346,-0.5388964136296132,-10.82710868711196
0.17400000000000013,-0.10144178314506119,-0.7336581143720331,-0.3985582168549388,-10.180602412738683,-0.46337599521576356,-10.643978407954446
0.17600000000000013,-0.10292117032140821,-0.7396935881735113,-0.39707882967859176,-10.073063759221288,-0.38721627708322626,-10.460280036304514
0.17800000000000013,-0.10441248734345084,-0.7456585110213084,-0.3955875126565492,-9.96560448175558,-0.31042521071060697,-10.276029692466187
0.18000000000000013,-0.10591559264463593,-0.7515526505925485,-0.3940844073553641,-9.8582324180915,-0.23301072300371342,-10.091243141095214
0.18200000000000013,-0.1074303442722342,-0.7573758137991374,-0.3925696557277658,-9.750955089474175,-0.1549807184634473,-9.905935807937622
0.18400000000000014,-0.1089565999599059,-0.7631278438358521,-0.3910434000400941,-9.643779718717532,-0.07634308117209605,-9.720122799889628
0.18600000000000014,-0.11049421719412598,-0.768808617110037,-0.389505782805874,-9.536713250916947,0.0028943234300542464,-9.533818927486893
0.18800000000000014,-0.11204305327452857,-0.7744180402012899,-0.38795694672547143,-9.429762375354665,0.08272364698644169,-9.347038728368224
0.19000000000000014,-0.11360296536843419,-0.779956046952808,-0.3863970346315658,-9.322933547408537,0.16313705688098412,-9.159796490527553
0.19200000000000014,-0.11517381055994794,-0.7854225957568769,-0.3848261894400521,-9.216233009640169,0.2441267350988478,-8.972106274541321
0.19400000000000014,-0.1167554458940838,-0.7908176670679348,-0.3832445541059162,-9.109666811547068,0.32568487727606044,-8.783981934271008
0.19600000000000015,-0.11834772841639629,-0.7961412611562427,-0.3816522715836037,-9.003240827693169,0.4078036919206762,-8.595437135772492
0.19800000000000015,-0.11995051520859912,-0.8013933961014146,-0.3800494847914009,-8.896960774094207,0.49047539978758015,-8.406485374306627
0.20000000000000015,-0.12156366342063138,-0.8065741060161312,-0.3784363365793686,-8.790832222844719,0.5736922333893464,-8.217139989455372
0.20200000000000015,-0.12318703029960124,-0.8116834394849283,-0.3768129697003988,-8.684860615045693,0.6574464366265343,-8.027414178419159
0.20400000000000015,-0.12482047321600116,-0.8167214581999624,-0.37517952678399885,-8.579051272136525,0.7417302645221219,-7.837321007614403
0.20600000000000016,-0.12646384378039147,-0.8216852821951505,-0.37353615621960856,-8.473409405760254,0.8265359830461098,-7.646873422714144
0.20800000000000016,-0.12811700161387599,-0.8265789167422658,-0.37188299838612404,-8.367963991223139,0.9118560341841682,-7.45610795703897
0.21000000000000016,-0.1297798059187844,-0.8314021524542048,-0.3702201940812156,-8.262688601506834,0.9976826615019228,-7.265005940004912
0.21200000000000016,-0.13145211571658588,-0.8361548989007336,-0.3685478842834141,-8.157590543614985,1.0840081299416486,-7.0735824136733365
0.21400000000000016,-0.13313378998705175,-0.8408371352329357,-0.3668662100129483,-8.052676180130696,1.1708247241891456,-6.8818514559415505
0.21600000000000016,-0.1348246877615576,-0.8454488872529158,-0.3651753122384424,-7.947951318654446,1.258124746731081,-6.689826571923365
0.21800000000000017,-0.13652466819114004,-0.8499902147912247,-0.36347533180885994,-7.8434213915143705,1.3459005162615083,-6.497520875252862
0.22000000000000017,-0.13823359059853485,-0.8544612036974091,-0.36176640940146515,-7.7390915540246,1.4341443665101408,-6.304947187514459
0.22200000000000017,-0.13995131451907694,-0.8588619602710468,-0.36004868548092306,-7.634966746479334,1.5228486454359198,-6.112118101043414
0.22400000000000017,-0.14167769973346947,-0.8631926071962696,-0.35832230026653056,-7.531051737068548,1.612005714710577,-5.919046022357971
0.22600000000000017,-0.14341286539048906,-0.8675828285097917,-0.35658713460951097,-7.427351153091066,1.7016079494253908,-5.725743203665675
0.22800000000000017,-0.14515664903427203,-0.8718918218914883,-0.35484335096572794,-7.322822756302104,1.7916496074745019,-5.531173148827602
0.23000000000000018,-0.14690889046935815,-0.8761207175430672,-0.3530911095306418,-7.218599463497211,1.8821228621293242,-5.336476601367886
0.23200000000000018,-0.14866943165915592,-0.8802705948988762,-0.3513305683408441,-7.114678640881136,1.9730199190738276,-5.141658721807309
0.23400000000000018,-0.1504381165978398,-0.8843424693419321,-0.3495618834021602,-7.011057974442754,2.064333015157355,-4.946724959285399
0.23600000000000018,-0.15221479118238704,-0.8883372922736312,-0.347785208817613,-6.907735581350953,2.156054417217926,-4.751681164133027
0.23800000000000018,-0.15399930343485146,-0.8922561262322152,-0.34600069656514854,-6.80471001451547,2.248176421009887,-4.556533593505582
0.24000000000000019,-0.15579145119439494,-0.8960738797717367,-0.34420854880560503,-6.70197885274822,2.3406913425376743,-4.361287510210546
0.2420000000000002,-0.15759110563933093,-0.8998272224679881,-0.34240889436066907,-6.599750914050308,2.4335926966593298,-4.1661582173909775
0.2440000000000002,-0.15939813454518045,-0.9035144529247581,-0.3406018654548195,-6.497737994682859,2.5268724624822836,-3.970865532200575
0.2460000000000002,-0.16121240332146086,-0.9071343881402072,-0.33878759667853914,-6.395958994794716,2.620522722171664,-3.775436272623052
0.2480000000000002,-0.16303377570035243,-0.910686189445783,-0.33696622429964757,-6.294428762019908,2.714535655835273,-3.5798931061846355
0.25000000000000017,-0.16486211424212147,-0.9141692708845135,-0.3351378857578785,-6.1931594564196395,2.808903529733229,-3.3842559266864103
0.25200000000000017,-0.16669728073374332,-0.9175832458109329,-0.33330271926625665,-6.092161263239033,2.9036186846655685,-3.1885425785734647
0.25400000000000017,-0.16853913651449703,-0.9209278903768541,-0.33146086348550297,-5.991442804162802,2.9986735258342034,-2.992769278328599
0.25600000000000017,-0.17038754274449738,-0.9242031150001706,-0.3296124572555026,-5.891011416405286,3.0940605142856916,-2.7969509021195944
0.2580000000000002,-0.17224236062584106,-0.9274089406718377,-0.3277576393741589,-5.790873370218739,3.1897721598017963,-2.6011012104169424
0.2600000000000002,-0.17410345158349977,-0.9305454788293595,-0.32589654841650023,-5.691034049591656,3.285801015056439,-2.4052330345352173
0.2620000000000002,-0.17597067741181502,-0.9336129141576197,-0.32402932258818495,-5.591498106025133,3.382139670861519,-2.2093584351636144
0.2640000000000002,-0.1778439003916299,-0.9366114899074345,-0.3221560996083701,-5.4922695902664405,3.4787807523408807,-2.0134888379255598
0.2660000000000002,-0.17972298338246445,-0.9395414954172807,-0.32027701661753555,-5.393352065075328,3.5757169158907534,-1.817635149184575
0.2680000000000002,-0.181607789893608,-0.942403255571775,-0.31839221010639196,-5.294748701363176,3.6729408468029954,-1.6218078545601804
0.2700000000000002,-0.18349818413753008,-0.9451971219610309,-0.31650181586246995,-5.19646235968148,3.7704452574438134,-1.4260171022376662
0.2720000000000002,-0.18539403106858685,-0.9479234655283802,-0.3146059689314131,-5.098495658810551,3.868222885895278,-1.230272772915273
0.2740000000000002,-0.1872951964096148,-0.9505826705139797,-0.3127048035903852,-5.000851033029483,3.966266494979938,-1.034584538049545
0.2760000000000002,-0.18920154666865505,-0.9531751295201156,-0.3107984533313449,-4.903530779503571,4.064568871600313,-0.8389619079032578
0.2780000000000002,-0.19111294914773738,-0.9557012395411627,-0.30888705085226265,-4.806537097092873,4.163122826335366,-0.643414270757507
0.2800000000000002,-0.19302927194537214,-0.9581613988173843,-0.3069707280546279,-4.709872117761205,4.2619211932447385,-0.44795092451646656
0.2820000000000002,-0.19495038395414638,-0.9605560043871105,-0.3050496160458536,-4.613537931646041,4.360956829839532,-0.25258110180650917
0.2840000000000002,-0.1968761548545989,-0.962885450226261,-0.30312384514540114,-4.51753660673726,4.460222617185128,-0.057313989552132405
0.2860000000000002,-0.19880645510635417,-0.9651501258776367,-0.3011935448936458,-4.421870204005956,4.5597114601073425,0.1378412561013862
0.2880000000000002,-0.20074115593732383,-0.967350415484838,-0.29925884406267617,-4.3265407887247385,4.659416287478206,0.33287549875346745
0.2900000000000002,-0.20268012933163793,-0.9694866971570407,-0.2973198706683621,-4.231550438628343,4.75933005256219,0.5277796139338475
0.2920000000000002,-0.2046232480168403,-0.9715593426011739,-0.2953767519831597,-4.136901249478158,4.859445733406881,0.722544483928723
0.2940000000000002,-0.2065703854507749,-0.9735687169673066,-0.2934296145492251,-4.042595338516998,4.959756333265581,0.917160994748583
0.2960000000000002,-0.20852141580849753,-0.9755151788613053,-0.29147858419150247,-3.9486348462305507,5.0602548810416765,1.1116200348111258
0.2980000000000002,-0.21047621396946975,-0.9773990804861115,-0.28952378603053025,-3.8550219367696554,5.160934431746686,1.3059124949770302
0.3000000000000002,-0.21243465550522853,-0.9792207678793831,-0.28756534449477145,-3.761758797332318,5.261788066965851,1.500029269633533
0.3020000000000002,-0.21439661666767015,-0.9809805812208117,-0.2856033833323298,-3.6688476367557934,5.362808895326281,1.6939612585704875
0.3040000000000002,-0.2163619743780446,-0.9826788551872285,-0.2836380256219554,-3.5762906835267003,5.463990052964209,1.8876993694375086
0.3060000000000002,-0.2183306062167201,-0.9843159193377482,-0.28166939378327993,-3.4840901833803883,5.56532470398846,2.0812345206080716
0.3080000000000002,-0.22030239041374952,-0.9858920985147124,-0.27969760958625045,-3.3922483966292116,5.666806040938287,2.274557644309075
0.3100000000000002,-0.22227720584024788,-0.9874077132491785,-0.2777227941597521,-3.300767595332319,5.768427285234182,2.467659689901863
0.3120000000000002,-0.22425493200057228,-0.9888630801622013,-0.2757450679994277,-3.2096500603966547,5.870181687620718,2.6605316272240636
0.3140000000000002,-0.22623544902528278,-0.990258512355248,-0.2737645509747172,-3.118898078679499,5.97206252860105,2.853164449921551
0.3160000000000002,-0.22821863766485243,-0.991594319784822,-0.2717813623351476,-3.0285139401467047,6.0740631188625045,3.0455491787157998
0.3180000000000002,-0.23020437928408802,-0.9928708096177922,-0.269795620715912,-2.938499935127327,6.176176799693563,3.237676864566236
0.32000000000000023,-0.23219255585721818,-0.9940882865650881,-0.2678074441427818,-2.848858351694143,6.278396943392039,3.429538591697896
0.32200000000000023,-0.2341830499636029,-0.9952470531923565,-0.2658169500363971,-2.759591473190567,6.380716953664711,3.621125480474144
0.32400000000000023,-0.23617574478401673,-0.9963474102069215,-0.2638242552159833,-2.6707015759170325,6.483130266018778,3.8124286901017452
0.32600000000000023,-0.2381705240974587,-0.9973896567209777,-0.2618294759025413,-2.5821909269839596,6.585630348145204,4.003439421161245
0.32800000000000024,-0.2401672722784415,-0.9983740904914021,-0.2598327277215585,-2.49406178233383,6.68821070029448,4.19414891796065
0.33000000000000024,-0.24216587429471534,-0.9993010081369146,-0.25783412570528463,-2.406316384931123,6.790864855644947,4.384548470713824
0.33200000000000024,-0.24416621570538247,-1.0001707053335696,-0.25583378429461756,-2.3189569631160696,6.893586380664068,4.574629417547999
0.33400000000000024,-0.24616818265936197,-1.0009834769897437,-0.25383181734063803,-2.231985729116147,6.9963688754629265,4.76438314634678
0.33600000000000024,-0.24817166189416578,-1.0017396174019055,-0.2518283381058342,-2.1454048777075716,7.099205974144172,4.9538010964366
0.33800000000000024,-0.2501765407349508,-1.002439420392522,-0.24982345926504917,-2.059216585018124,7.202091345143742,5.142874760125618
0.34000000000000025,-0.2521827070938138,-1.003083179431494,-0.2478172929061862,-1.9734230074617916,7.305018691566444,5.331595684104652
0.34200000000000025,-0.25419004946929885,-1.0036711877425186,-0.24580995053070115,-1.8880262807954953,7.407981751515722,5.519955470720227
0.34400000000000025,-0.25619845694609034,-1.0042037383957518,-0.24380154305390966,-1.8030285192878974,7.510974298417734,5.707945779129837
0.34600000000000025,-0.2582078191948666,-1.0046811243881175,-0.24179218080513343,-1.7184318149903728,7.613990141339801,5.895558326349428
0.34800000000000025,-0.2602180264722917,-1.0051036387125512,-0.2397819735277083,-1.634238237100396,7.717023125303511,6.082784888203115
0.35000000000000026,-0.2622289696211265,-1.0054715744174165,-0.23777103037887348,-1.5504498314079225,7.820067131592352,6.2696173001844295
0.35200000000000026,-0.26424054007044107,-1.005785224657264,-0.23575945992955893,-1.467068619815608,7.923116078054254,6.456047458238646
0.35400000000000026,-0.26625262983591313,-1.0060448827360344,-0.23374737016408687,-1.384096599924245,8.026163919398808,6.642067319474563
0.35600000000000026,-0.2682651315209244,-1.0062508425056305,-0.2317348684790756,-1.3015357446751992,8.129204647489376,6.827668902814176
0.35800000000000026,-0.27027793831489755,-1.0064033969865702,-0.22972206168510245,-1.2193879991179806,8.232232291629241,7.012844292511261
0.36000000000000026,-0.272290943995596,-1.006502840349231,-0.227709056004404,-1.1376552915115372,8.335240918846045,7.197585627334508
0.36200000000000027,-0.2743040429293854,-1.0065494668947117,-0.22569595707061457,-1.0563395173823107,8.43822463416667,7.381885116784359
0.36400000000000027,-0.27631713007169545,-1.0065435711550117,-0.22368286992830455,-0.9754425476668889,8.541177580889414,7.565735033222525
0.36600000000000027,-0.278330100967583,-1.0064854479437573,-0.22166989903241702,-0.8949662278920893,8.644093940850976,7.749127712958886
0.36800000000000027,-0.2803428517523533,-1.0063753923851537,-0.2196571482476467,-0.814912377746623,8.746967934688243,7.93205555694162
0.3700000000000003,-0.28235527915222025,-1.006213699933465,-0.21764472084777975,-0.7352827908246393,8.849793822095153,8.114511031270514
0.3720000000000003,-0.28436728048499715,-1.0060006663884642,-0.21563271951500285,-0.6560792344434692,8.952565902074417,8.296486667630948
0.3740000000000003,-0.28637875366041016,-1.0057365877065105,-0.21362124633958984,-0.5773034494924012,9.055278513184284,8.477975063691883
0.3760000000000003,-0.28838959718201873,-1.0054217608042886,-0.21161040281798127,-0.4989571519315099,9.157926033780573,8.658968881849063
0.3780000000000003,-0.29039971014696786,-1.0050564824745574,-0.20960028985303214,-0.42104202628494214,9.260502882252318,8.839460855967376
0.3800000000000003,-0.2924089922469544,-1.0046410499932474,-0.20759100775304562,-0.34355973432482756,9.363003517254091,9.019443782929264
0.3820000000000003,-0.2944173437691224,-1.004175761084005,-0.20558265623087763,-0.2665119101758453,9.465422437932453,9.198910527756608
0.3840000000000003,-0.29642466559695396,-1.0036609139157922,-0.20357533440304604,-0.1899001605630648,9.567754184147333,9.377854023584268
0.3860000000000003,-0.2984308592111823,-1.003096807114165,-0.2015691407888177,-0.11372606479550385,9.669993336688346,9.556267271892843
0.3880000000000003,-0.3004358266907398,-1.0024837397787554,-0.19956417330926018,-0.03799117463938728,9.77213451748607,9.734143342846682
0.3900000000000003,-0.302439470674651,-1.0018219919555813,-0.197560529325349,0.037302985859636095,9.874172389818224,9.91147537567786
0.3920000000000003,-0.30444169431468043,-1.0011118200147322,-0.19555830568531957,0.11215476263068958,9.97610165817754,10.08825642080823
0.3940000000000003,-0.3064424012881346,-1.000353486727088,-0.1935575987118654,0.1865623327050745,10.077917068062698,10.264479400767772
0.3960000000000003,-0.30844149580836955,-0.9995472601174774,-0.19155850419163045,0.2605239453420882,10.179613406282261,10.44013735162435
0.3980000000000003,-0.31043888263752206,-0.9986934145762674,-0.18956111736247794,0.3340379132746012,10.281185501250325,10.615223414524927
0.4000000000000003,-0.312434467097165,-0.9977922298214524,-0.187565532902835,0.40710262211102144,10.382628223267776,10.789730845378799
0.4020000000000003,-0.3144281550785174,-0.9968439906762094,-0.1855718449214826,0.4797165224582196,10.48393648479193,10.963653007250148
0.4040000000000003,-0.3164198530517543,-0.995848986618459,-0.1835801469482457,0.5518781285503715,10.58510524069371,11.136983369244081
0.4060000000000003,-0.31840946807640236,-0.9948075123240241,-0.18159053192359764,0.6235860150178443,10.686129488503173,11.309715503521018
0.4080000000000003,-0.32039690780902824,-0.9937198663129522,-0.17960309219097176,0.694838821648287,10.78700426864232,11.481843090290607
0.4100000000000003,-0.32238208051163203,-0.9925863513018954,-0.17761791948836797,0.7656352428647475,10.887724664647205,11.653359907511952
0.4120000000000003,-0.32436489505991534,-0.9914072741416672,-0.17563510494008466,0.8359740308804442,10.988285803378265,11.824259834258708
0.4140000000000003,-0.3263452609492994,-0.9901829446920144,-0.1736547390507006,0.9058539955299514,11.088682855219208,11.99453685074916
0.4160000000000003,-0.32832308830289364,-0.9889136767971243,-0.17167691169710636,0.9752739955080907,11.188911034265466,12.164185029773556
0.4180000000000003,-0.3302982878773497,-0.9875997872280436,-0.16970171212265028,1.0442329464927393,11.288965598501102,12.333198544993841
0.4200000000000003,-0.33227077106995373,-0.9862415963019984,-0.16772922893004627,1.1127298129183378,11.38884184996548,12.50157166288382
0.4220000000000003,-0.33424044992318247,-0.9848394266143662,-0.16575955007681753,1.1807636132141361,11.488535134908767,12.669298748122904
0.4240000000000003,-0.3362072371304846,-0.9833936036510659,-0.16379276286951538,1.2483334098422283,11.588040843937737,12.836374253779965
0.4260000000000003,-0.3381710460399088,-0.9819044547120733,-0.16182895396009123,1.3154383144279116,11.687354412151006,13.002792726578917
0.4280000000000003,-0.3401317906596377,-0.9803723098644751,-0.15986820934036228,1.3820774792929376,11.786471319264589,13.168548798557527
0.4300000000000003,-0.34208938566154434,-0.9787975009533033,-0.15791061433845566,1.4482501053013097,11.885387089727406,13.333637195028714
0.43200000000000033,-0.34404374638600377,-0.9771803622297071,-0.15595625361399623,1.5139554340882002,11.984097292827201,13.4980527269154
0.43400000000000033,-0.34599478884472495,-0.9755212293605939,-0.15400521115527505,1.5791927532778072,12.082597542786786,13.661790296064593
0.43600000000000033,-0.3479424297228292,-0.9738204390521042,-0.15205757027717082,1.64396138867375,12.180883498850989,13.824844887524739
0.43800000000000033,-0.3498865863827043,-0.9720783299375516,-0.1501134136172957,1.7082607013300013,12.278950865364656,13.987211566694658
0.44000000000000034,-0.3518271768660143,-0.9702952416549855,-0.14817282313398572,1.7720900948085854,12.376795391841672,14.148885486650258
0.44200000000000034,-0.3537641198969405,-0.9684715154631028,-0.1462358801030595,1.835449007880455,12.47441287302511,14.309861880905565
0.44400000000000034,-0.3556973348831972,-0.9666074931283464,-0.1443026651168028,1.8983369195824435,12.571799148938782,14.470136068521224
0.44600000000000034,-0.3576267419182814,-0.9647035175421146,-0.14237325808171858,1.9607533403546595,12.66895010493019,14.62970344528485
0.44800000000000034,-0.35955226178181915,-0.9627599317688715,-0.14044773821818085,2.022697817068174,12.76586167170533,14.788559488773505
0.45000000000000034,-0.3614738159418116,-0.9607770799962233,-0.1385261840581884,2.0841699254237387,12.862529825355338,14.946699750779077
0.45200000000000035,-0.3633913265555081,-0.9587553068482336,-0.1366086734444919,2.1451692776422506,12.95895058737557,15.104119865017822
0.45400000000000035,-0.3653047164701542,-0.956694957323073,-0.13469528352984578,2.205695517006193,13.055120024676487,15.26081554168268
0.45600000000000035,-0.367213909223234,-0.9545963765398915,-0.132786090776766,2.265748317390752,13.151034249587187,15.41678256697794
0.45800000000000035,-0.3691188290438799,-0.9524599103229523,-0.13088117095612012,2.325327381248492,13.246689419851341,15.572016801099833
0.46000000000000035,-0.37101940085226304,-0.9502859041915668,-0.12898059914773696,2.384432444338813,13.342081738616299,15.726514182955112
0.46200000000000035,-0.3729155502602032,-0.9480747039700561,-0.12708444973979682,2.4430632676230557,13.437207454414384,15.88027072203744
0.46400000000000036,-0.3748072035700494,-0.9458266549231042,-0.12519279642995063,2.501219642168576,13.532062861137987,16.033282503306562
0.46600000000000036,-0.37669428777543557,-0.9435421026931076,-0.12330571222456443,2.558901382186809,13.626644298007122,16.185545680193933
0.46800000000000036,-0.378576730560812,-0.9412213926882165,-0.12142326943918802,2.616108332562283,13.720948149531413,16.337056482093697
0.47000000000000036,-0.38045446030058555,-0.9388648698867768,-0.11954553969941445,2.672840363938211,13.814970845464966,16.487811209403176
0.47200000000000036,-0.3823274060595204,-0.9364728794674241,-0.11767259394047958,2.7290973711176356,13.908708860754786,16.63780623187242
0.47400000000000037,-0.38419549759156274,-0.9340457660211667,-0.11580450240843726,2.7848792781202096,14.002158715483858,16.787037993604066
0.47600000000000037,-0.3860586653381354,-0.9315838732863109,-0.11394133466186462,2.840186031831843,14.095316974807211,16.935503006639053
0.47800000000000037,-0.38791684042822805,-0.92908754504633,-0.11208315957177195,2.895017599815902,14.188180248882073,17.083197848697974
0.48000000000000037,-0.389769954677338,-0.926557124554976,-0.11023004532266201,2.9493739774997616,14.280745192793475,17.230119170293236
0.4820000000000004,-0.39161794058606747,-0.9239929543647392,-0.10838205941393253,3.0032551835333274,14.373008506473363,17.37626369000669
0.4840000000000004,-0.3934607313403349,-0.9213953771337139,-0.10653926865966512,3.056661258360612,14.464966934614196,17.52162819297481
0.4860000000000004,-0.39529826080804875,-0.9187647338569477,-0.10470173919195125,3.1095922706831063,14.556617266578218,17.666209537261324
0.4880000000000004,-0.3971304635402248,-0.916101366088029,-0.1028695364597752,3.1620483031775315,14.64795633629915,17.81000463947668
0.4900000000000004,-0.3989572747677928,-0.9134056137840015,-0.1010427252322072,3.214029470313224,14.738981022181996,17.95301049249522
0.4920000000000004,-0.4007786304012692,-0.9106778167382076,-0.09922136959873079,3.265535900983724,14.829688246994749,18.095224147978474
0.4940000000000004,-0.4025944670289982,-0.9079183138644908,-0.0974055329710018,3.316567749956429,14.920074977757366,18.236642727713797
0.4960000000000004,-0.4044047219170571,-0.9051274440294491,-0.09559527808294288,3.367125192075855,15.010138225624999,18.377263417700853
0.4980000000000004,-0.4062093330060241,-0.9023055444834772,-0.09379066699397592,3.4172084289178777,15.099875045767739,18.517083474685617
0.5000000000000003,-0.40800823891052423,-0.8994529522500708,-0.09199176108947577,3.4668176761087808,15.189282537243209,18.65610021335199
0.5020000000000003,-0.4098013789173771,-0.8965700034264381,-0.09019862108262289,3.515953174421536,15.278357842867422,18.79431101728896
0.5040000000000003,-0.41158869298504136,-0.8936570338321111,-0.08841130701495864,3.5646151841065894,15.367098149079716,18.931713333186305
0.5060000000000003,-0.41337012174166654,-0.8907143783125985,-0.08662987825833346,3.6128039900585436,15.45550068580478,19.068304675863324
0.5080000000000003,-0.41514560648269827,-0.8877423705158631,-0.08485439351730173,3.6605198961674494,15.543562726308982,19.20408262247643
0.5100000000000003,-0.4169150891702833,-0.8847413437925067,-0.0830849108297167,3.707763223434836,15.631281587052474,19.33904481048731
0.5120000000000003,-0.4186785124316424,-0.8817116306795529,-0.08132148756835761,3.7545343171513856,15.71865462753902,19.473188944690406
0.5140000000000003,-0.4204358195575,-0.8786535629288043,-0.07956418044250002,3.800833542702119,15.805679250160818,19.606512792862937
0.5160000000000003,-0.42218695450053434,-0.8755674715171814,-0.07781304549946566,3.846661285730433,15.892352900039414,19.739014185769847
0.5180000000000003,-0.42393186187383364,-0.8724536866496383,-0.07606813812616636,3.8920179521588247,15.978673064863148,19.870691017021972
0.5200000000000004,-0.4256704869490409,-0.8693125376036429,-0.07432951305095908,3.936903968150452,16.06463727472066,20.001541242871113
0.5220000000000004,-0.4274027756557008,-0.8661443533299248,-0.07259722434429922,3.98131977879078,16.15024310193062,20.1315628807214
0.5240000000000004,-0.4291286745792888,-0.8629494617940273,-0.07087132542071117,4.025265852867429,16.23548816086932,20.26075401373675
0.5260000000000004,-0.4308481309588048,-0.8597281897579826,-0.06915186904119519,4.068742677523772,16.32037010779296,20.389112785316733
0.5280000000000004,-0.4325610926860945,-0.8564808636448364,-0.0674389073139055,4.111750756416053,16.404886640656436,20.51663739707249
0.5300000000000004,-0.4342675083041934,-0.8532078090494619,-0.06573249169580658,4.154290616602472,16.48903549893079,20.643326115533263
0.5320000000000004,-0.4359673270057304,-0.8499093507684705,-0.06403267299426962,4.196362804563432,16.572814463416105,20.769177267979536
0.5340000000000004,-0.437660498631038,-0.8465858126538099,-0.06233950136896199,4.237967886376979,16.656221356051375,20.894189242428354
0.5360000000000004,-0.4393469736678287,-0.8432375183953621,-0.06065302633217129,4.2791064464719994,16.739254039720798,21.018360486192798
0.5380000000000004,-0.44102670324791043,-0.8398647900408684,-0.058973296752089566,4.319779093876045,16.82191041805914,21.141689511935184
0.5400000000000004,-0.4426996391465476,-0.8364679493185785,-0.057300360853452414,4.359986450243365,16.904188435250106,21.26417488549347
0.5420000000000004,-0.44436573378050537,-0.8330473169788911,-0.05563426621949463,4.399729160410532,16.98608607582559,21.38581523623612
0.5440000000000004,-0.44602494020770056,-0.8296032135976029,-0.05397505979229944,4.439007887051344,17.06760136446008,21.506609251511424
0.5460000000000004,-0.4476772121238844,-0.8261359580919077,-0.052322787876115606,4.477823317088846,17.148732365764516,21.62655568285336
0.5480000000000004,-0.44932250386199235,-0.822645869053969,-0.05067749613800765,4.5161761496906365,17.22947718407324,21.745653333763876
0.5500000000000004,-0.45096077039049004,-0.8191332642488552,-0.04903922960950996,4.554067106911446,17.309833963232258,21.863901070143704
0.5520000000000004,-0.4525919673117576,-0.8155984606337852,-0.047408032688242396,4.591496929610443,17.389800886383348,21.98129781599379
0.5540000000000004,-0.45421605086017497,-0.8120417742086953,-0.04578394913982503,4.628466377540585,17.469376175745715,22.0978425532863
0.5560000000000004,-0.45583297790141103,-0.8084635206180437,-0.04416702209858897,4.664976228076561,17.548558092394714,22.213534320471275
0.5580000000000004,-0.4574427059303963,-0.8048640144926402,-0.04255729406960368,4.7010272810007905,17.627344936040082,22.328372217040872
0.5600000000000004,-0.45904519306884656,-0.8012435692251152,-0.04095480693115344,4.736620353156974,17.70573504479961,22.442355397956582
0.5620000000000004,-0.46064039806451595,-0.7976024978347112,-0.039359601935484045,4.771756276554784,17.783726794970093,22.555483071524876
0.5640000000000004,-0.462228280289461,-0.7939411124725303,-0.037771719710539,4.806435905258327,17.86131860079878,22.667754506057108
0.5660000000000004,-0.46380879973835526,-0.7902597244471257,-0.03619120026164474,4.840660111358682,17.938508914251063,22.779169025609747
0.5680000000000004,-0.4653819170268192,-0.7865586442319568,-0.03461808297318081,4.874429785111216,18.015296224776115,22.889726009887333
0.5700000000000004,-0.4669475933897489,-0.7828381814648437,-0.033052406610251106,4.907745834928422,18.091679059070586,22.999424893999006
0.5720000000000004,-0.4685057906796367,-0.7790986449439222,-0.03149420932036329,4.940609187308706,18.16765598084038,23.108265168149085
0.5740000000000004,-0.47005647136488077,-0.7753403426220137,-0.029943528635119232,4.973020786736846,18.24322559056051,23.216246377297356
0.5760000000000004,-0.47159959852808114,-0.7715635816001979,-0.028400401471918857,5.004981595571341,18.31838652523315,23.323368120804492
0.5780000000000004,-0.47313513586402234,-0.7677686679705955,-0.026864864135977662,5.036492593924828,18.393137458143865,23.429630052068696
0.5800000000000004,-0.4746630476788006,-0.7639559073891231,-0.025336952321199424,5.067554778325658,18.467477098615756,23.535031876941414
0.5820000000000004,-0.4761832988876771,-0.7601256044382617,-0.023816701112322924,5.0981691662650075,18.54140419176386,23.63957335802887
0.5840000000000004,-0.477695855012475,-0.7562780623989609,-0.022304144987524976,5.128336791013177,18.614917518245598,23.743254309258774
0.5860000000000004,-0.47920068218065137,-0.7524135840881621,-0.02079931781934863,5.158058699690688,18.688015894009215,23.846074593699903
0.5880000000000004,-0.48069774712340146,-0.7485324713750494,-0.019302252876598536,5.187335959931351,18.760698170043717,23.94803412997507
0.5900000000000004,-0.48218701717380646,-0.7446350252024986,-0.017812982826193535,5.216169655936454,18.83296323212574,24.049132888062193
0.5920000000000004,-0.4836684602649887,-0.7407215455911373,-0.01633153973501128,5.244560888572247,18.904810000565003,24.149370889137252
0.5940000000000004,-0.48514204492826035,-0.7367923316358184,-0.014857955071739648,5.272510775328648,18.97623742994876,24.24874820527741
0.5960000000000004,-0.4866077402912581,-0.7328476814988746,-0.013392259708741916,5.3000204502169606,19.0472445088849,24.347264959101864
0.5980000000000004,-0.48806551607606213,-0.7288878924020139,-0.011934483923937866,5.32709106364132,19.11783025974404,24.44492132338536
0.6000000000000004,-0.48951534259699464,-0.7249132604662516,-0.01048465740300536,5.353723782258596,19.187993738400557,24.541717520659155
0.6020000000000004,-0.49095719075988653,-0.7209240814459491,-0.00904280924011347,5.379919787609799,19.25773403397192,24.637653821581722
0.6040000000000004,-0.49239103205849705,-0.7169206493052703,-0.007608967941502953,5.405680281963054,19.327050268560118,24.732730550523172
0.6060000000000004,-0.49381683857344205,-0.7129032574724975,-0.006183161426557948,5.431006476782045,19.39594159698641,24.826948073768456
0.6080000000000004,-0.49523458297015277,-0.7088721983553516,-0.00476541702984723,5.455899602717662,19.464407206530566,24.920306809248228
0.6100000000000004,-0.49664423849685685,-0.7048277633520412,-0.003355761503143151,5.480360905648924,19.53244631666726,25.012807222316184
0.6120000000000004,-0.4980457789822515,-0.7007702426973212,-0.001954221017748503,5.504391646690603,19.600058178801945,25.104449825492548
0.6140000000000004,-0.4994391788346702,-0.6966999262093562,-0.0005608211653297945,5.527993100868629,19.667242076005326,25.195235176873958
0.6160000000000004,-0.5008244130383686,-0.6926171018491795,0.0008244130383685544,5.551166563061658,19.733997322750685,25.285163885812345
0.6180000000000004,-0.5022014571523522,-0.6885220569918233,0.002201457152352204,5.573913336328178,19.8003232646442,25.374236600972377
0.6200000000000004,-0.5035702873082236,-0.6844150779357144,0.0035702873082236186,5.596234742028675,19.866219278160884,25.462454020189558
0.6220000000000004,-0.5049308802080519,-0.6802964499141427,0.00493088020805188,5.61813211581466,19.93168477037758,25.54981688619224
0.6240000000000004,-0.5062832131222418,-0.6761664570949338,0.006283213122241782,5.639606807635217,19.9967191787059,25.636325986341117
0.6260000000000004,-0.5076272638873918,-0.6720253825749898,0.007627263887391766,5.660660181649142,20.061321970624874,25.721982152274016
0.6280000000000004,-0.5089630109038338,-0.6678735082209906,0.008963010903833779,5.681293616095589,20.125492643413452,25.80678625950904
0.6300000000000004,-0.5102904331346454,-0.6637111154058272,0.010290433134645394,5.701508501921276,20.18923072388208,25.890739225803355
0.6320000000000005,-0.5116095101018096,-0.6595384835820715,0.01160951010180955,5.721306248632433,20.252535768107606,25.97384201674004
0.6340000000000005,-0.5129202218848894,-0.6553558915399176,0.012920221884889393,5.740688272728954,20.31540736116158,26.056095633890532
0.6360000000000005,-0.5142225491187332,-0.6511636169219035,0.014222549118733219,5.759656007714916,20.37784511684462,26.137501124559538
0.6380000000000005,-0.5155164729912026,-0.6469619362347026,0.015516472991202623,5.778210900124557,20.43984867741836,26.218059577542917
0.6400000000000005,-0.5168019752409013,-0.6427511248493425,0.016801975240901323,5.796354409525725,20.501417713337755,26.29777212286348
0.6420000000000005,-0.5180790381548941,-0.6385314569964101,0.01807903815489409,5.814088008430793,20.562551922983598,26.376639931414392
0.6440000000000005,-0.5193476445661097,-0.634303205607784,0.019347644566109712,5.8314131821670445,20.623251032395157,26.4546642145622
0.6460000000000005,-0.5206077778522146,-0.6300666430524061,0.02060777785221457,5.84833142750666,20.683514795002573,26.531846222509234
0.6480000000000005,-0.5218594219316413,-0.6258220397133217,0.021859421931641254,5.864844258507832,20.743342991362837,26.608187249870667
0.6500000000000005,-0.5231025612621293,-0.6215696652440402,0.023102561262129284,5.880953194972224,20.80273542888966,26.683688623861887
0.6520000000000005,-0.5243371808382994,-0.6173097880850611,0.024337180838299388,5.896659772437493,20.861691941589612,26.758351714027107
0.6540000000000005,-0.5255632661892524,-0.6130426754765347,0.02556326618925242,5.911965538212464,20.92021238979675,26.832177928009212
0.6560000000000005,-0.5267808033761712,-0.6087685934594017,0.02678080337617117,5.926872051382374,20.97829665990751,26.905168711289885
0.6580000000000005,-0.5279897789899143,-0.604487806871547,0.027989778989914282,5.94138088272206,21.03594466411645,26.97732554683851
0.6600000000000005,-0.5291901801485982,-0.6002005793419396,0.0291901801485982,5.955493614568947,21.09315634015243,27.048649954721377
0.6620000000000005,-0.5303819944948652,-0.5959071731335266,0.030381994494865228,5.969211840679445,21.149931651015656,27.1191434916951
0.6640000000000005,-0.5315652101946156,-0.5916078498751841,0.031565210194615556,5.982537164862822,21.206270584714577,27.1888077495774
0.6660000000000005,-0.5327398159329125,-0.5873028691484711,0.03273981593291253,5.995471206786095,21.26217315400724,27.257644360793336
0.6680000000000005,-0.5339058009123872,-0.5829924897372873,0.03390580091238715,6.00801559050427,21.31763939613624,27.325654986640508
0.6700000000000005,-0.535063154850684,-0.5786769691484462,0.03506315485068401,6.020171954393785,21.372669372571114,27.3928413269649
0.6720000000000005,-0.5362118679779347,-0.5743565636253418,0.03621186797793474,6.03194194721493,21.42726316874905,27.459205115963982
0.6740000000000005,-0.5373519310342351,-0.5700315281501792,0.037351931034235064,6.043327228120124,21.481420893816615,27.52474812193674
0.6760000000000005,-0.5384833352671176,-0.5657021164412513,0.03848333526711756,6.054329466570836,21.535142680372452,27.589472146943287
0.6780000000000005,-0.539606072429014,-0.5613685809482133,0.03960607242901404,6.064950342214713,21.588428684211102,27.653379026425817
0.6800000000000005,-0.5407201347747073,-0.5570311728466183,0.04072013477470726,6.075191544746268,21.64127908406762,27.716470628813887
0.6820000000000005,-0.5418255150584729,-0.5526901418827892,0.04182551505847287,6.085054773761237,21.69369408136361,27.778748855124846
0.6840000000000005,-0.5429222065326763,-0.5483457371016975,0.04292220653267631,6.0945417374012285,21.74567389995327,27.8402156373545
0.6860000000000005,-0.544010202943566,-0.5439982054448103,0.044010202943565946,6.103654158120633,21.79721878587457,27.900872943995203
0.6880000000000005,-0.5450894985295502,-0.5396477929921435,0.04508949852955024,6.11239376130112,21.848329007094097,27.960722768395218
0.6900000000000005,-0.546160088018525,-0.5352947444873911,0.046160088018525,6.120762285119158,21.89900485325991,28.019767138379066
0.6920000000000005,-0.5472219666252304,-0.5309393033526703,0.04722196662523037,6.128761476640129,21.949246635453,28.07800811209313
0.6940000000000005,-0.5482751300486142,-0.5265817116919091,0.04827513004861417,6.136393091830577,21.999054685940237,28.135447777770814
0.6960000000000005,-0.5493195744691928,-0.5222222102893078,0.04931957446919277,6.14365889547984,22.04842935792842,28.192088253408258
0.6980000000000005,-0.5503552965464044,-0.5178610386057987,0.05035529654640436,6.1505606610821735,22.09737102531982,28.247931686401994
0.7000000000000005,-0.5513822934159539,-0.513498434774763,0.051382293415953906,6.157100170702564,22.145880082469205,28.302980253171768
0.7020000000000005,-0.552400562687149,-0.5091346355975191,0.05240056268714899,6.16327921483626,22.193956943941895,28.357236158778157
0.7040000000000005,-0.5534101024399298,-0.5047698763903994,0.05341010243992983,6.169099592266113,22.241602044273577,28.41070163653969
0.7060000000000005,-0.5544109112233472,-0.5004043917086732,0.05441091122334718,6.174563108720388,22.288815837730574,28.463378946450963
0.7080000000000005,-0.5554029880512582,-0.4960384139554871,0.055402988051258206,6.179671582603273,22.335598798075612,28.515270380678885
0.7100000000000005,-0.556386332400491,-0.4916721746163517,0.05638633240049096,6.184426833694225,22.381951418327183,28.56637825202141
0.7120000000000005,-0.5573609442080686,-0.48730590378881683,0.05736094420806859,6.188830692950452,22.427874210527666,28.616704903478116
0.7140000000000005,-0.5583268238684651,-0.48293983019828596,0.058326823868465105,6.192884998633279,22.47336770551015,28.666252704143428
0.7160000000000005,-0.5592839722308702,-0.4785741812025486,0.05928397223087023,6.196591596324891,22.518432452666975,28.715024048991864
0.7180000000000005,-0.560232390596453,-0.4742091827914077,0.06023239059645302,6.199952338855198,22.56306901971974,28.76302135857494
0.7200000000000005,-0.5611720807156216,-0.4698450595843089,0.061172080715621635,6.202969086189382,22.607277992491113,28.810247078680497
0.7220000000000005,-0.5621030447852761,-0.4654820348272171,0.06210304478527606,6.2056437052993365,22.651059974678052,28.85670367997739
0.7240000000000005,-0.5630252854460546,-0.46112033038925654,0.06302528544605457,6.20797807002878,22.694415587626935,28.902393657655715
0.7260000000000005,-0.5639388057795732,-0.45676016675931824,0.06393880577957323,6.209974060956235,22.737345470109915,28.94731953106615
0.7280000000000005,-0.564843609305364,-0.45240176289542067,0.06484360930536404,6.2116335652574755,22.779850278103332,28.991483843360808
0.7300000000000005,-0.565739699979253,-0.4480453369444598,0.065739699979253,6.212958475377927,22.821930684566624,29.03488915994455
0.7320000000000005,-0.5666270821889782,-0.4436911048626051,0.06662708218897817,6.213950694725798,22.863587379227468,29.077538073953267
0.7340000000000005,-0.5675057607522618,-0.4393392816418238,0.06750576075226178,6.214612126459968,22.904821068360047,29.119433194820015
0.7360000000000005,-0.5683757409139502,-0.4349900808442001,0.06837574091395016,6.214944683225061,22.945632474572804,29.160577157797867
0.7380000000000005,-0.5692370283431877,-0.4306437146187742,0.06923702834318768,6.214950283311607,22.986022336594857,29.200972619906466
0.7400000000000005,-0.570089629130602,-0.4263003937071801,0.07008962913060202,6.2146308506777,23.025991409064442,29.240622259742143
0.7420000000000005,-0.5709335497854908,-0.42196032744440376,0.07093354978549082,6.213988314881521,23.06554046231899,29.27952877720051
0.7440000000000005,-0.5717687972330059,-0.41762372375754914,0.07176879723300589,6.213024610974863,23.104670282186923,29.317694893161786
0.7460000000000006,-0.5725953788113336,-0.4132907891638471,0.0725953788113336,6.211741679380628,23.143381669781572,29.3551233491622
0.7480000000000006,-0.5734133022688704,-0.4089617287684204,0.07341330226887044,6.210141465764121,23.181675441296445,29.391816907060566
0.7500000000000006,-0.5742225757613945,-0.4046367462620075,0.07422257576139446,6.208225920902181,23.219552427802544,29.427778348704724
0.7520000000000006,-0.5750232078492319,-0.4003160439187278,0.07502320784923189,6.205997000551839,23.257013475047366,29.463010475599205
0.7540000000000006,-0.5758152074941276,-0.3959998224478557,0.07581520749412762,6.203456665319099,23.294059443255698,29.497516108574796
0.7560000000000006,-0.576598584057545,-0.3916882817086886,0.07659858405754505,6.2006068793479505,23.330691206931412,29.531298086279364
0.7580000000000006,-0.5773733472962324,-0.3873816193436741,0.07737334729623235,6.19744961597131,23.366909654665257,29.564359270636565
0.7600000000000006,-0.5781395073602239,-0.3830800319957733,0.0781395073602239,6.193986846598687,23.402715688936183,29.59670253553487
0.7620000000000006,-0.5788970747899196,-0.37878371484783846,0.07889707478991959,6.190220550375143,23.438110225922085,29.628330776297226
0.7640000000000006,-0.5796460605132004,-0.37449286164043627,0.07964606051320045,6.186152710379491,23.473094195309375,29.659246905688867
0.7660000000000006,-0.5803864758425575,-0.3702076646785611,0.08038647584255754,6.181785313651508,23.5076685401046,29.689453853756106
0.7680000000000006,-0.5811183324722246,-0.36592831483350496,0.08111833247222455,6.177120351130791,23.541834216447757,29.71895456757855
0.7700000000000006,-0.58184164247531,-0.36165500154274394,0.08184164247531,6.172159817557022,23.575592193427717,29.74775201098474
0.7720000000000006,-0.5825564183009282,-0.35738791280906845,0.08255641830092819,6.166905711354351,23.60894345289914,29.775849164253493
0.7740000000000006,-0.5832626727713272,-0.35312723519946454,0.08326267277132715,6.161360034509675,23.641888989301556,29.803249023811233
0.7760000000000006,-0.5839604190790151,-0.3488731538439498,0.08396041907901508,6.155524792448802,23.67442980947997,29.829954601928772
0.7780000000000006,-0.584649670783884,-0.34462585243444294,0.08464967078388397,6.1494019939122015,23.706566932507478,29.855968926419678
0.7800000000000006,-0.5853304418103313,-0.34038551322369853,0.08533044181033134,6.142993650830903,23.73830138950965,29.881295040340554
0.7820000000000006,-0.58600274644438,-0.3361523170243181,0.08600274644438,6.136301778202842,23.769634223490616,29.90593600169346
0.7840000000000006,-0.5866665993305075,-0.33192644306372626,0.08666659933050747,6.129328393969745,23.80056648916116,29.929894883130906
0.7860000000000006,-0.5873220154698889,-0.3277080696907297,0.08732201546988894,6.122075517730108,23.831099252767565,29.953174770497675
0.7880000000000006,-0.5879690102159452,-0.3234973730281138,0.08796901021594516,6.1145451763213945,23.861233591926734,29.975778768248126
0.7900000000000006,-0.5886075992722951,-0.31929452817495485,0.08860759927229511,6.106739392862718,23.890970595454554,29.997709988317272
0.7920000000000006,-0.5892377986898019,-0.3150997087533775,0.08923779868980186,6.098660196291443,23.92031136320388,30.018971559495323
0.7940000000000006,-0.5898596248636565,-0.3109130869273385,0.0898596248636565,6.090309617619095,23.949257005901174,30.03956662352027
0.7960000000000006,-0.5904730945304774,-0.3067348334104515,0.09047309453047736,6.081689689964968,23.977808644985302,30.05949833495027
0.7980000000000006,-0.5910782247654154,-0.3025651174690273,0.09107822476541538,6.072802448502706,24.00596741244786,30.078769860950565
0.8000000000000006,-0.5916750329792617,-0.2984041069231522,0.09167503297926172,6.063649930368834,24.033734450675574,30.097384381044407
0.8020000000000006,-0.5922635369155558,-0.29425196814701404,0.09226353691555578,6.0542341745556865,24.061110912294232,30.11534508684992
0.8040000000000006,-0.5928437546476938,-0.2901088660689785,0.09284375464769379,6.044557221798343,24.088097960014608,30.13265518181295
0.8060000000000006,-0.593415704576037,-0.28597496417161405,0.09341570457603698,6.034621114459579,24.11469676647986,30.14931788093944
0.8080000000000006,-0.5939794054250205,-0.2818504244917461,0.09397940542502048,6.024427896414392,24.140908514114905,30.165336410529296
0.8100000000000006,-0.5945348762402616,-0.2777354076205696,0.09453487624026158,6.013979612934788,24.166734394977397,30.180714007912187
0.8120000000000006,-0.5950821363856692,-0.2736300727038322,0.0950821363856692,6.00327831057502,24.192175610610434,30.195453921185454
0.8140000000000006,-0.5956212055405534,-0.2695345774420902,0.09562120554055342,5.992326037057426,24.217233371897034,30.209559408954462
0.8160000000000006,-0.5961521036967355,-0.2654490780910398,0.09615210369673555,5.9811248411588585,24.24190889891616,30.22303374007502
0.8180000000000006,-0.5966748511556594,-0.26137372946192267,0.09667485115565944,5.96967677259774,24.266203420800633,30.235880193398373
0.8200000000000006,-0.5971894685252206,-0.25730868478056274,0.09718946852522059,5.957983881921759,24.290118175596543,30.248102057518302
0.8220000000000006,-0.5976959767179849,-0.25325409638218443,0.09769597671798491,5.946048219253326,24.313654410123554,30.259702629376882
0.8240000000000006,-0.5981943969467657,-0.24921011439038507,0.09819439694676568,5.933871839776872,24.33681337984127,30.270685219618144
0.8260000000000006,-0.5986847507225626,-0.2451768878984565,0.09868475072256255,5.921456792993708,24.359596348708564,30.281053141702273
0.8280000000000006,-0.5991670598516144,-0.2411545645259265,0.09916705985161445,5.908805132090154,24.38200458905235,30.290809721142505
0.8300000000000006,-0.5996413464324911,-0.23714329043832824,0.09964134643249112,5.89591891027199,24.404039381435332,30.299958291707323
0.8320000000000006,-0.6001076328532036,-0.2331432103562125,0.10010763285320357,5.882800180806271,24.425702014524777,30.308502195331048
0.8340000000000006,-0.6005659417883225,-0.22915446755945978,0.10056594178832245,5.869450996977843,24.446993784963734,30.316444781941577
0.8360000000000006,-0.6010162961961018,-0.22517720388965864,0.10101629619610175,5.8558734120085765,24.467915997243235,30.323789409251813
0.8380000000000006,-0.6014587193156052,-0.22121155975174017,0.10145871931560524,5.842069478961339,24.488469963576385,30.330539442537724
0.8400000000000006,-0.6018932346638359,-0.21725767411536,0.10189323466383593,5.828041250638131,24.50865700377389,30.33669825441202
0.8420000000000006,-0.6023198660328684,-0.21331568451622318,0.10231986603286836,5.813790779476317,24.528478445121177,30.342269224597494
0.8440000000000006,-0.6027386374869832,-0.209385727057431,0.1027386374869832,5.79932011744452,24.547935622257036,30.347255739701556
0.8460000000000006,-0.6031495733598049,-0.20546793641087818,0.1031495733598049,5.784631315938776,24.56702987705364,30.351661192992413
0.8480000000000006,-0.6035526982514423,-0.20156244581871208,0.10355269825144231,5.769726425679222,24.585762558498274,30.355488984177498
0.8500000000000006,-0.603948037025632,-0.1976693870948566,0.10394803702563205,5.754607496607389,24.604135022576354,30.358742519183743
0.8520000000000006,-0.6043356148068852,-0.19378889062660296,0.10433561480688525,5.739276577784135,24.622148632155984,30.36142520994012
0.8540000000000006,-0.6047154569776377,-0.18992108537626545,0.10471545697763773,5.723735717288234,24.639804756873925,30.363540474162157
0.8560000000000006,-0.6050875891754035,-0.18606609888290385,0.1050875891754035,5.707986962115633,24.65710477302306,30.365091735138694
0.8580000000000007,-0.6054520372899317,-0.18222405726410956,0.10545203728993169,5.692032358079371,24.674050063441214,30.366082421520584
0.8600000000000007,-0.6058088274603673,-0.17839508521785666,0.10580882746036735,5.6758739497101445,24.69064201740128,30.366515967111425
0.8620000000000007,-0.6061579860724162,-0.1745793060244168,0.10615798607241622,5.659513780157547,24.706882030503035,30.36639581066058
0.8640000000000007,-0.6064995397552368,-0.17077684141032387,0.10649953975523685,5.642953891091983,24.722771504565927,30.36572539565791
0.8660000000000007,-0.6068335153796925,-0.16698781222782735,0.10683351537969255,5.626196321492065,24.738311847522482,30.36450816901455
0.8680000000000007,-0.6071599400540274,-0.16321233716744823,0.1071599400540274,5.60924311301032,24.753504473317836,30.362747586328155
0.8700000000000007,-0.6074788411218515,-0.1594505339120536,0.10747884112185146,5.592096299500682,24.768350801801134,30.360447101301816
0.8720000000000007,-0.6077902461592628,-0.15570251870567164,0.1077902461592628,5.574757916170487,24.78285225862703,30.357610174797518
0.8740000000000007,-0.6080941829720112,-0.1519684063742356,0.10809418297201123,5.557229996015885,24.797010275154726,30.35424027117061
0.8760000000000007,-0.6083906795926829,-0.14824831033582953,0.10839067959268289,5.539514569874334,24.810826288348775,30.35034085822311
0.8780000000000007,-0.6086797642778956,-0.14454234260633816,0.10867976427789561,5.521613666393952,24.824301740681193,30.345915407075147
0.8800000000000007,-0.608961465505502,-0.14085061380320144,0.10896146550550201,5.503529311966529,24.83743808003451,30.34096739200104
0.8820000000000007,-0.6092358119717989,-0.1371732331484334,0.10923581197179888,5.485263530645692,24.850236759606474,30.335500290252167
0.8840000000000007,-0.6095028325887416,-0.1335103084713835,0.1095028325887416,5.466818344059423,24.862699237815658,30.32951758187508
0.8860000000000007,-0.6097625564811645,-0.1298619462114347,0.10976255648116451,5.448195771320732,24.874826978208297,30.32302274952903
0.8880000000000007,-0.610015012984006,-0.12622825142071095,0.11001501298400596,5.429397828938058,24.88662144936642,30.316019278304477
0.8900000000000007,-0.6102602316395396,-0.12260932776682533,0.11026023163953957,5.410426530725926,24.8980841248169,30.308510655542825
0.8920000000000007,-0.6104982421946109,-0.11900527753567813,0.11049824219461091,5.3912838877161855,24.909216482941925,30.30050037065811
0.8940000000000007,-0.6107290745978795,-0.11541620163430803,0.1107290745978795,5.371971908069861,24.92002000689019,30.29199191496005
0.8960000000000007,-0.6109527589970671,-0.11184219959379876,0.11095275899706714,5.352492596989644,24.930496184489638,30.282988781479283
0.8980000000000007,-0.6111693257362116,-0.10828336957223912,0.11116932573621163,5.332847956633076,24.94064650816085,30.273494464793927
0.9000000000000007,-0.6113788053529271,-0.10473980835773784,0.1113788053529271,5.313039986026379,24.950472474831823,30.263512460858202
0.9020000000000007,-0.6115812285756701,-0.10121161137148994,0.1115812285756701,5.293070680978987,24.95997558585347,30.253046266832456
0.9040000000000007,-0.6117766263210119,-0.09769887267089739,0.11177662632101193,5.272942033998723,24.969157346916496,30.24209938091522
0.9060000000000007,-0.6119650296909174,-0.0942016849527406,0.11196502969091737,5.252656034207656,24.978019267968982,30.23067530217664
0.9080000000000007,-0.6121464699700302,-0.09072013955640154,0.1121464699700302,5.23221466725862,24.986562863135088,30.21877753039371
0.9100000000000007,-0.6123209786229644,-0.08725432646713778,0.11232097862296442,5.21161991525242,24.994789650634747,30.206409565887167
0.9120000000000007,-0.6124885872916033,-0.0838043343194061,0.11248858729160327,5.190873756655679,25.00270115270417,30.19357490935985
0.9140000000000007,-0.6126493277924038,-0.08037025040023607,0.11264932779240378,5.16997816621938,25.01029889551753,30.18027706173691
0.9160000000000007,-0.6128032321137091,-0.07695216065265265,0.11280323211370913,5.148935114898039,25.017584409109265,30.166519524007306
0.9180000000000007,-0.6129503324130674,-0.07355014967914691,0.1129503324130674,5.127746569769586,25.02455922729756,30.152305797067143
0.9200000000000007,-0.6130906610145578,-0.07016430074519527,0.11309066101455778,5.106414493955871,25.031224887608477,30.137639381564348
0.9220000000000007,-0.6132242504061234,-0.06679469578282551,0.11322425040612338,5.084940846543874,25.037582931201154,30.122523777745027
0.9240000000000007,-0.6133511332369118,-0.06344141539423012,0.11335113323691182,5.063327582507539,25.04363490279362,30.10696248530116
0.9260000000000007,-0.6134713423146226,-0.060104538855425625,0.11347134231462264,5.041576652630313,25.04938235058979,30.090959003220107
0.9280000000000007,-0.6135849106028626,-0.056784144119958045,0.11358491060286258,5.019690003428311,25.05482682620686,30.074516829635172
0.9300000000000007,-0.6136918712185079,-0.05348030782265377,0.11369187121850788,4.997669577074167,25.059969884603806,30.057639461677972
0.9320000000000007,-0.6137922574290747,-0.050193105283414655,0.11379225742907473,4.975517311321545,25.06481308401053,30.040330395332077
0.9340000000000007,-0.6138861026500968,-0.04692261051105849,0.1138861026500968,4.953235139430307,25.06935798585782,30.022593125288125
0.9360000000000007,-0.6139734404425112,-0.043668896207202025,0.11397344044251123,4.93082499009234,25.073606154708024,30.004431144800364
0.9380000000000007,-0.6140543045100516,-0.040432033770188155,0.11405430451005161,4.908288787358066,25.07755915818649,29.985847945544556
0.9400000000000007,-0.6141287286966497,-0.03721209329905615,0.1141287286966497,4.885628450563569,25.08121856691367,29.96684701747724
0.9420000000000007,-0.6141967469838449,-0.03400914359755331,0.11419674698384485,4.862845894258437,25.084585954438023,29.94743184869646
0.9440000000000007,-0.6142583934882012,-0.030823252178189226,0.11425839348820122,4.839943028134221,25.08766289716948,29.927605925303702
0.9460000000000007,-0.6143137024587338,-0.02765448526633138,0.11431370245873385,4.816921756953563,25.090450974313644,29.907372731267206
0.9480000000000007,-0.6143627082743426,-0.024502907804341365,0.11436270827434258,4.793783980480005,25.092951767806667,29.88673574828667
0.9500000000000007,-0.6144054454412541,-0.021368583455751527,0.11440544544125408,4.7705315934084345,25.095166862250682,29.865698455659118
0.9520000000000007,-0.6144419485904731,-0.018251574609482058,0.11444194859047307,4.747166485296176,25.097097844849934,29.84426433014611
0.9540000000000007,-0.6144722524752413,-0.015151942384097207,0.11447225247524129,4.723690540494779,25.09874630534749,29.82243684584227
0.9560000000000007,-0.6144963919685055,-0.012069746632100437,0.11449639196850547,4.700105638082429,25.10011383596254,29.80021947404497
0.9580000000000007,-0.614514402060394,-0.009005045944268795,0.11451440206039398,4.676413651797023,25.101202031328206,29.77761568312523
0.9600000000000007,-0.614526317855702,-0.005957897654024205,0.114526317855702,4.652616449969909,25.102012488430102,29.75462893840001
0.9620000000000007,-0.6145321745713856,-0.0029283578418440154,0.11453217457138565,4.628715895460274,25.102546806545163,29.731262702005438
0.9640000000000007,-0.6145320075340651,8.351866029229597e-05,0.11453200753406512,4.604713845590178,25.10280658718133,29.70752043277151
0.9660000000000007,-0.6145258521775363,0.003077678264419356,0.1145258521775363,4.580612152080266,25.102793434017403,29.68340558609767
0.9680000000000007,-0.6145137440402921,0.006054068622065942,0.11451374404029213,4.556412660986097,25.102508952843696,29.658921613829794
0.9700000000000008,-0.6144957187630528,0.009012638619698251,0.11449571876305276,4.532117212635158,25.101954751503033,29.63407196413819
0.9720000000000008,-0.6144718120863045,0.011953338374129104,0.11447181208630453,4.507727641564524,25.101132439832227,29.608860081396752
0.9740000000000008,-0.6144420598478487,0.014876119227890505,0.11444205984784872,4.483245776459148,25.100043629604045,29.583289406063194
0.9760000000000008,-0.6144064979803596,0.0177809337445732,0.11440649798035962,4.458673440090825,25.09868993446964,29.557363374560467
0.9780000000000008,-0.6143651625089513,0.02066773570413022,0.11436516250895135,4.434012449257799,25.097072969901298,29.531085419159098
0.9800000000000008,-0.614318089548755,0.023536480098148464,0.114318089548755,4.4092646147250125,25.095194353135923,29.504458967860934
0.9820000000000008,-0.6142653153025048,0.02638712312508517,0.11426531530250483,4.384431741165012,25.093055703118438,29.47748744428345
0.9840000000000008,-0.6142068760581338,0.029219622185472804,0.11420687605813384,4.359515627099512,25.09065864044603,29.450174267545542
0.9860000000000008,-0.6141428081863797,0.03203393587709058,0.11414280818637967,4.334518064841571,25.08800478731258,29.422522852154152
0.9880000000000008,-0.6140731481383994,0.03483002399010388,0.11407314813839942,4.309440840438462,25.085095767453446,29.394536607891908
0.9900000000000008,-0.6139979324433951,0.0376078475021725,0.11399793244339507,4.284285733615145,25.081933206090653,29.3662189397058
0.9920000000000008,-0.613917197706248,0.04036736857352625,0.11391719770624797,4.259054517718423,25.078518729878446,29.33757324759687
0.9940000000000008,-0.613830980605164,0.04310855054201162,0.11383098060516395,4.233748959661709,25.074853966849197,29.308602926510908
0.9960000000000008,-0.6137393178893278,0.045831357918105504,0.11373931788932778,4.208370819870465,25.07094054635946,29.279311366229926
0.9980000000000008,-0.613642246376568,0.04853575637990035,0.11364224637656795,4.182921852228267,25.06678009903662,29.24970195126489
1.0000000000000007,-0.6135398029510318,0.051221712768059265,0.11353980295103183,4.157403804023515,25.062374256725587,29.2197780607491
1.0020000000000007,-0.6134320245608703,0.053889195080741095,0.11343202456087031,4.131818415896799,25.057724652435972,29.18954306833277
1.0040000000000007,-0.6133189482159334,0.056538172468496954,0.11331894821593336,4.106167421788884,25.052832920289415,29.1590003420783
1.0060000000000007,-0.6132006109854751,0.05916861522913815,0.11320061098547507,4.080452548889359,25.047700695467206,29.128153244356564
1.0080000000000007,-0.6130770499958699,0.06178049480257529,0.11307704999586987,4.054675517585897,25.04232961415827,29.09700513174417
1.0100000000000007,-0.6129483024283386,0.06437378376563035,0.11294830242833864,4.028838041414192,25.036721313507208,29.0655593549214
1.0120000000000007,-0.612814405516685,0.0669484558268204,0.11281440551668498,4.002941827008502,25.030877431562732,29.033819258571235
1.0140000000000007,-0.6126753965450428,0.06950448582111463,0.11267539654504277,3.976988574052836,25.02479960722631,29.001788181279146
1.0160000000000007,-0.6125313128456334,0.07204184970466423,0.11253131284563345,3.950979975232794,25.01848948020096,28.969469455433753
1.0180000000000007,-0.6123821917965344,0.07456052454950626,0.11238219179653441,3.924917716188024,25.011948690940287,28.93686640712831
1.0200000000000007,-0.612228070819458,0.07706048853824131,0.11222807081945796,3.8988034754653267,25.00517888059774,28.903982356063068
1.0220000000000007,-0.6120689873775406,0.07954172095868495,0.11206898737754056,3.872638924472388,24.998181690976082,28.87082061544847
1.0240000000000007,-0.6119049789731436,0.0820042021984951,0.11190497897314355,3.846425727432143,24.990958764476954,28.8373844919091
1.0260000000000007,-0.611736083145664,0.08444791373977324,0.11173608314566397,3.8201655413377815,24.983511744050656,28.80367728538844
1.0280000000000007,-0.6115623374693567,0.08687283815364107,0.11156233746935673,3.793860015908373,24.97584227314622,28.769702289054592
1.0300000000000007,-0.6113837795511672,0.08927895909479404,0.11138377955116718,3.767510793545141,24.96795199566136,28.7354627892065
1.0320000000000007,-0.6112004470285751,0.09166626129602952,0.11120044702857512,3.741119509288335,24.9598425558929,28.700962065181237
1.0340000000000007,-0.6110123775674496,0.09403473056275266,0.11101237756744964,3.714687790774769,24.951515598487067,28.666203389261835
1.0360000000000007,-0.6108196088599147,0.09638435376745835,0.11081960885991471,3.688217258195964,24.942972768390074,28.63119002658604
1.0380000000000007,-0.6106221786222263,0.09871511884419061,0.11062217862222634,3.6617095242569215,24.93421571079885,28.59592523505577
1.0400000000000007,-0.6104201245926604,0.10102701478297965,0.11042012459266037,3.635166194135529,24.925246071111747,28.560412265247276
1.0420000000000007,-0.6102134845294118,0.10332003162425644,0.11021348452941182,3.6085888654425777,24.916065494879433,28.52465436032201
1.0440000000000007,-0.6100022962085053,0.10559416045324578,0.11000229620850532,3.581979128182421,24.90667562775608,28.4886547559385
1.0460000000000007,-0.6097865974217166,0.1078493933943385,0.10978659742171659,3.555338564714247,24.897078115450256,28.452416680164504
1.0480000000000007,-0.6095664259745057,0.11008572360544125,0.10956642597450572,3.5286687497139555,24.88727460367628,28.415943353390233
1.0500000000000007,-0.6093418196839611,0.11230314527230707,0.10934181968396106,3.501971250136699,24.87726673810549,28.37923798824219
1.0520000000000007,-0.6091128163767554,0.11450165360284512,0.1091128163767554,3.475247625179986,24.86705616431762,28.342303789497606
1.0540000000000007,-0.6088794538871126,0.1166812448214097,0.10887945388711262,3.448499426247455,24.856644527752213,28.305143953999668
1.0560000000000007,-0.6086417700547865,0.11884191616307074,0.10864177005478648,3.4217281969132274,24.84603347366027,28.2677616705735
1.0580000000000007,-0.6083998027230507,0.12098366586786444,0.10839980272305072,3.3949354728868935,24.83522464705576,28.230160119942653
1.0600000000000007,-0.6081535897367006,0.12310649317502541,0.10815358973670064,3.368122781979113,24.824219692667292,28.192342474646406
1.0620000000000007,-0.6079031689400662,0.12521039831719977,0.10790316894006624,3.341291644067822,24.813020254889857,28.15431189895768
1.0640000000000007,-0.6076485781750369,0.12729538251463998,0.10764857817503692,3.3144435710650515,24.801627977736626,28.116071548801678
1.0660000000000007,-0.6073898552790982,0.12936144796938281,0.10738985527909817,3.287580066884357,24.79004450479062,28.077624571674978
1.0680000000000007,-0.6071270380833793,0.13140859785940864,0.10712703808337931,3.260702627408864,24.778271479156878,28.038974106565743
1.0700000000000007,-0.6068601644107138,0.13343683633278433,0.10686016441071378,3.2338127404599035,24.766310543414004,28.000123283873908
1.0720000000000007,-0.6065892720737102,0.13544616850178937,0.10658927207371016,3.206911885766276,24.754163339566404,27.961075225332678
1.0740000000000007,-0.6063143988728361,0.1374366004370246,0.10631439887283611,3.1800015349340915,24.741831508996043,27.921833043930135
1.0760000000000007,-0.6060355825945131,0.13940813916150663,0.10603558259451307,3.1530831514172477,24.729316692414592,27.88239984383184
1.0780000000000007,-0.6057528610092235,0.14136079264474533,0.10575286100922354,3.1261581904884697,24.716620529815412,27.842778720303883
1.0800000000000007,-0.60546627186963,0.14329456979680577,0.10546627186962998,3.099228099210979,24.70374466042557,27.80297275963655
1.0820000000000007,-0.6051758529087052,0.1452094804623568,0.10517585290870524,3.072294316410753,24.690690722657965,27.762985039068717
1.0840000000000007,-0.6048816418378758,0.14710553541470245,0.10488164183787585,3.045358272649355,24.677460354063378,27.722818626712733
1.0860000000000007,-0.6045836763451763,0.148982746349802,0.10458367634517629,3.0184213901974144,24.664055191282625,27.68247658148004
1.0880000000000007,-0.6042819940934158,0.15084112588027396,0.10428199409341576,2.9914850830086355,24.650476869998588,27.641961953007225
1.0900000000000007,-0.603976632718357,0.15268068752938743,0.103976632718357,2.9645507566944387,24.636727024888437,27.601277781582876
1.0920000000000007,-0.6036676298269069,0.15450144572504043,0.10366762982690692,2.9376198084991803,24.622807289575725,27.560427098074904
1.0940000000000007,-0.6033550229953195,0.15630341579372495,0.10335502299531951,2.910693627275953,24.608719296582493,27.519412923858447
1.0960000000000008,-0.6030388497674105,0.15808661395447982,0.10303884976741051,2.8837735934629807,24.5944646772815,27.47823827074448
1.0980000000000008,-0.6027191476527849,0.15985105731283172,0.10271914765278489,2.856861079060582,24.580045061848345,27.436906140908928
1.1000000000000008,-0.6023959541250754,0.16159676385472424,0.1023959541250754,2.829957447608742,24.565462079213518,27.39541952682226
1.1020000000000008,-0.6020693066201945,0.1633237524404357,0.10206930662019453,2.8030640541652225,24.550717357014697,27.35378141117992
1.1040000000000008,-0.6017392425345975,0.16503204279848566,0.10173924253459754,2.7761822452842955,24.535812521548873,27.31199476683317
1.1060000000000008,-0.6014057992235585,0.16672165551953183,0.10140579922355852,2.7493133589960164,24.520749197724456,27.27006255672047
1.1080000000000008,-0.601069013999458,0.16839261205025544,0.101069013999458,2.7224587247860863,24.505529009013397,27.227987733799484
1.1100000000000008,-0.6007289241300835,0.17004493468723794,0.1007289241300835,2.6956196635762764,24.490153577403454,27.18577324097973
1.1120000000000008,-0.6003855668369419,0.17167864657082713,0.10038556683694189,2.6687974877054366,24.474624523350258,27.143422011055694
1.1140000000000008,-0.6000389792935839,0.173293771678995,0.10003897929358385,2.6419935009110587,24.458943465729458,27.100936966640518
1.1160000000000008,-0.5996891986239414,0.17489033482118677,0.09968919862394143,2.615208998311394,24.443112021788934,27.05832102010033
1.1180000000000008,-0.5993362619006771,0.1764683616321607,0.09933626190067713,2.588445266388163,24.42713180710082,27.015577073488984
1.1200000000000008,-0.5989802061435455,0.17802787856582097,0.09898020614354552,2.561703582969799,24.411004435513764,26.972708018483562
1.1220000000000008,-0.5986210683177674,0.17956891288904228,0.0986210683177674,2.534985217215253,24.394731519105008,26.929716736320263
1.1240000000000008,-0.5982588853324164,0.18109149267548716,0.09825888533241645,2.5082914295983576,24.378314668132465,26.886606097730823
1.1260000000000008,-0.5978936940388176,0.18259564679941664,0.09789369403881765,2.4816234718927603,24.361755490986997,26.843378962879758
1.1280000000000008,-0.5975255312289587,0.18408140492949393,0.09752553122895868,2.4549825871573727,24.345055594144476,26.80003818130185
1.1300000000000008,-0.5971544336339135,0.18554879752258285,0.09715443363391352,2.428370009722396,24.32821658211784,26.756586591840236
1.1320000000000008,-0.5967804379222784,0.18699785581753928,0.09678043792227842,2.401786965175878,24.311240057409385,26.713027022585262
1.1340000000000008,-0.5964035806986204,0.18842861182899773,0.09640358069862043,2.3752346703508227,24.29412762046277,26.669362290813595
1.1360000000000008,-0.5960238985019382,0.18984109834115281,0.09602389850193815,2.3487143333128353,24.276880869615294,26.625595202928128
1.1380000000000008,-0.5956414278041351,0.19123534890153637,0.09564142780413509,2.3222271533483037,24.25950140104995,26.581728554398254
1.1400000000000008,-0.5952562050085055,0.192611397814789,0.09525620500850551,2.2957743209531127,24.241990808747605,26.537765129700716
1.1420000000000008,-0.5948682664482327,0.19396928013642922,0.09486826644823265,2.2693570178219087,24.224350684439212,26.49370770226112
1.1440000000000008,-0.5944776483848995,0.1953090316666179,0.09447764838489947,2.2429764168378723,24.206582617557974,26.449559034395847
1.1460000000000008,-0.5940843870070116,0.19663068894391958,0.0940843870070116,2.2166336820630357,24.188688195191503,26.40532187725454
1.1480000000000008,-0.5936885184285334,0.19793428923906117,0.09368851842853343,2.190329968729108,24.170669002034067,26.360998970763177
1.1500000000000008,-0.5932900786874361,0.199219870548688,0.0932900786874361,2.1640664232288476,24.152526620338843,26.316593043567693
1.1520000000000008,-0.5928891037442579,0.20048747158911745,0.09288910374425785,2.13784418310794,24.134262629870086,26.272106812978027
1.1540000000000008,-0.5924856294806776,0.2017371317900909,0.09248562948067762,2.1116643770573744,24.11587860785551,26.227542984912883
1.1560000000000008,-0.5920796916981006,0.20296889128852447,0.0920796916981006,2.0855281249063777,24.097376128938404,26.182904253844782
1.1580000000000008,-0.5916713261162561,0.2041827909222583,0.09167132611625606,2.059436537615828,24.078756765130215,26.138193302746043
1.1600000000000008,-0.5912605683718084,0.2053788722238049,0.0912605683718084,2.0333907172721757,24.060022085762597,26.093412803034774
1.1620000000000008,-0.5908474540169802,0.20655717741409738,0.09084745401698024,2.007391757081897,24.041173657440066,26.048565414521963
1.1640000000000008,-0.5904320185181877,0.20771774939623772,0.09043201851818772,1.9814407413664308,24.0222130439922,26.00365378535863
1.1660000000000008,-0.5900142972546892,0.20886063174924474,0.09001429725468924,1.955538745557607,24.003141806426232,25.95868055198384
1.1680000000000008,-0.5895943255172457,0.20998586872180375,0.08959432551724567,1.9296868361936115,23.983961502879506,25.913648339073116
1.1700000000000008,-0.5891721385067936,0.21109350522601553,0.08917213850679362,1.9038860709153966,23.96467368857199,25.86855975948739
1.1720000000000008,-0.5887477713331313,0.2121835868311482,0.08874777133313128,1.8781374984636205,23.945279915758853,25.823417414222472
1.1740000000000008,-0.5883212590136165,0.21325615975739,0.08832125901361654,1.8524421586760653,23.925781733683234,25.7782238923593
1.1760000000000008,-0.5878926364718773,0.21431127086960425,0.08789263647187728,1.8268010824855414,23.90618068852868,25.73298177101422
1.1780000000000008,-0.587461938536535,0.21534896767108638,0.08746193853653506,1.8012152919182574,23.88647832337213,25.68769361529039
1.1800000000000008,-0.5870291999399404,0.21636929829732346,0.0870291999399404,1.7756858000927112,23.86667617813661,25.64236197822932
1.1820000000000008,-0.5865944553169209,0.21737231150975778,0.08659445531692089,1.7502136112190285,23.846775789544132,25.59698940076316
1.1840000000000008,-0.5861577392035417,0.21835805668955252,0.08615773920354175,1.7247997205987735,23.826778691068597,25.55157841166737
1.1860000000000008,-0.5857190860358791,0.21932658383136144,0.08571908603587908,1.6994451146252498,23.80668641288885,25.5061315275141
1.1880000000000008,-0.5852785301488048,0.22027794353710273,0.08527853014880482,1.6741507707842715,23.786500481841742,25.460651252626015
1.1900000000000008,-0.5848361057747854,0.22121218700973772,0.0848361057747854,1.648917657655371,23.766222421375232,25.415140079030603
1.1920000000000008,-0.5843918470426913,0.22212936604705272,0.08439184704269131,1.6237467349135142,23.745853751501794,25.369600486415308
1.1940000000000008,-0.5839457879766204,0.223029533035447,0.08394578797662045,1.5986389533312308,23.725395988751554,25.324034942082786
1.1960000000000008,-0.583497962494733,0.2239127409437258,0.08349796249473296,1.5735952547812417,23.704850646125834,25.278445900907077
1.1980000000000008,-0.5830484044080991,0.22477904331689863,0.08304840440809913,1.548616572239512,23.68421923305059,25.232835805290105
1.2000000000000008,-0.5825971474195591,0.22562849426998383,0.08259714741955915,1.5237038297887762,23.66350325533011,25.187207085118885
1.2020000000000008,-0.5821442251225956,0.22646114848181906,0.08214422512259556,1.4988579426224953,23.642704215100682,25.14156215772318
1.2040000000000008,-0.5816896710002178,0.22727706118887794,0.08168967100021784,1.47407981704927,23.62182361078433,25.095903427833598
1.2060000000000008,-0.5812335184238596,0.22807628817909464,0.08123351842385962,1.4493703504976903,23.600862937042887,25.05023328754058
1.2080000000000009,-0.5807758006522882,0.22885888578569455,0.08077580065228818,1.4247304315216276,23.57982368473199,25.00455411625362
1.2100000000000009,-0.5803165508305261,0.22962491088103248,0.08031655083052613,1.4001609398059707,23.55870734085516,24.958868280661132
1.2120000000000009,-0.5798558019887853,0.23037442087043905,0.07985580198878528,1.3756627461727855,23.537515388518173,24.91317813469096
1.2140000000000009,-0.5793935870414131,0.23110747368607437,0.07939358704141308,1.3512367125878988,23.516249306883495,24.867486019471393
1.2160000000000009,-0.5789299387858515,0.231824127780791,0.07892993878585153,1.3268836921679283,23.494910571124713,24.82179426329264
1.2180000000000009,-0.5784648899016075,0.23252444212200465,0.07846488990160749,1.302604529187733,23.473500652381347,24.77610518156908
1.2200000000000009,-0.5779984729492363,0.23320847618557414,0.07799847294923634,1.2784000590882625,23.45202101771353,24.730421076801793
1.2220000000000009,-0.577530720369337,0.23387628994969023,0.07753072036933695,1.2542711084848606,23.43047313005711,24.68474423854197
1.2240000000000009,-0.5770616644815594,0.2345279438887743,0.07706166448155938,1.230218495175956,23.408858448178638,24.639076943354596
1.2260000000000009,-0.5765913374836246,0.23516349896738653,0.07659133748362457,1.2062430281521808,23.387178426630737,24.593421454782916
1.2280000000000009,-0.5761197714503563,0.23578301663414397,0.07611977145035631,1.1823455076058904,23.365434515707427,24.54778002331332
1.2300000000000009,-0.575646998332725,0.23638655881564888,0.07564699833272504,1.1585267249411006,23.343628161399817,24.502154886340918
1.2320000000000009,-0.5751730499569042,0.23697418791042815,0.07517304995690421,1.1347874627838104,23.321760805351722,24.45654826813553
1.2340000000000009,-0.5746979580233385,0.23754596678288287,0.07469795802333845,1.1111284949927434,23.29983388481572,24.410962379808463
1.2360000000000009,-0.574221754105824,0.23810195875724913,0.07422175410582399,1.087550586670475,23.27784883260914,24.365399419279616
1.2380000000000009,-0.5737444696506009,0.2386422276115703,0.07374446965060089,1.0640544941749666,23.25580707707043,24.319861571245397
1.2400000000000009,-0.5732661359754575,0.23916683757168092,0.0732661359754575,1.040640965131473,23.233710042015534,24.274351007147008
1.2420000000000009,-0.5727867842688471,0.23967585330520258,0.0727867842688471,1.0173107384448528,23.21155914669457,24.22886988513942
1.2440000000000009,-0.572306445589016,0.24016933991555145,0.072306445589016,0.9940645443122635,23.189355805748743,24.183420350061006
1.2460000000000009,-0.5718251508631441,0.24064736293595873,0.07182515086314412,0.9709031042362284,23.16710142916726,24.13800453340349
1.2480000000000009,-0.5713429308864971,0.24110998832350347,0.07134293088649712,0.9478271310380948,23.14479742224465,24.092624553282747
1.2500000000000009,-0.5708598163215908,0.24155728245315783,0.07085981632159077,0.9248373288718572,23.122445185538215,24.04728251441007
1.252000000000001,-0.5703758376973671,0.24198931211184657,0.0703758376973671,0.9019343932383683,23.10004611482563,24.001980508063998
1.254000000000001,-0.5698910254083821,0.242406144492519,0.0698910254083821,0.8791190109999116,23.077601601062927,23.95672061206284
1.256000000000001,-0.5694054097140057,0.24280784718823442,0.06940540971400566,0.8563918603951322,23.055113030342433,23.911504890737564
1.258000000000001,-0.5689190207376331,0.24319448818626205,0.06891902073763312,0.8337536110543511,23.03258178385125,23.8663353949056
1.260000000000001,-0.5684318884659088,0.24356613586219486,0.06843188846590875,0.8112049240152284,23.010009237829692,23.82121416184492
1.262000000000001,-0.5679440427479606,0.2439228589740774,0.06794404274796062,0.7887464517387912,22.987396763530146,23.776143215268938
1.264000000000001,-0.5674555132946475,0.24426472665654822,0.0674555132946475,0.7663788381258057,22.964745727175973,23.73112456530178
1.266000000000001,-0.5669663296778175,0.24459180841499759,0.06696632967781746,0.7441027185335141,22.942057489920906,23.68616020845442
1.268000000000001,-0.5664765213295779,0.24490417411973964,0.06647652132957793,0.7219187197927177,22.91933340780845,23.641252127601167
1.270000000000001,-0.5659861175415776,0.24520189400019987,0.06598611754157757,0.6998274602252001,22.896574831731755,23.596402291956956
1.272000000000001,-0.5654951474642993,0.24548503863911783,0.0654951474642993,0.6778295496615039,22.87378310739345,23.551612657054953
1.274000000000001,-0.5650036401063657,0.24575367896676661,0.06500364010636572,0.6559255894590292,22.850959575266113,23.506885164725144
1.276000000000001,-0.5645116243338554,0.24600788625518646,0.06451162433385538,0.634116172520496,22.828105570552626,23.462221743073123
1.278000000000001,-0.5640191288696305,0.24624773211243586,0.06401912886963046,0.6124018833127234,22.805222423147153,23.417624306459878
1.280000000000001,-0.5635261822926767,0.2464732884768583,0.0635261822926767,0.5907832978857315,22.782311457596016,23.37309475548175
1.282000000000001,-0.563032813037454,0.24668462761136606,0.063032813037454,0.5692609838922018,22.759373993059228,23.32863497695143
1.284000000000001,-0.5625390493932585,0.24688182209773957,0.0625390493932585,0.5478355006072317,22.736411343271982,23.284246843879213
1.286000000000001,-0.5620449195035966,0.24706494483094504,0.062044919503596585,0.5265073989484232,22.713424816506663,23.239932215455084
1.288000000000001,-0.5615504513655697,0.24723406901346867,0.06155045136556969,0.505277221496303,22.690415715534986,23.19569293703129
1.290000000000001,-0.5610556728292704,0.24738926814966794,0.06105567282927038,0.4841455025150383,22.667385337590538,23.151530840105575
1.292000000000001,-0.5605606115971901,0.2475306160401404,0.06056061159719006,0.4631127679734717,22.644334974331503,23.107447742304974
1.294000000000001,-0.5600652952236378,0.24765818677611084,0.060065295223637793,0.44217953556647926,22.621265911803782,23.06344544737026
1.296000000000001,-0.5595697511141702,0.2477720547338355,0.05956975111417018,0.421346314736625,22.598179430404446,23.01952574514107
1.298000000000001,-0.5590740065250321,0.2478722945690253,0.05907400652503214,0.400613606696123,22.575076804845324,22.975690411541446
1.300000000000001,-0.5585780885626096,0.24795898121128607,0.0585780885626096,0.3799819044490833,22.551959304117087,22.93194120856617
1.302000000000001,-0.5580820241828924,0.2480321898585791,0.05808202418289243,0.3594516928140954,22.5288281914536,22.888279884267693
1.304000000000001,-0.557585840190949,0.2480919959716982,0.057585840190949034,0.33902344844706445,22.505684724296465,22.84470817274353
1.306000000000001,-0.5570895632404115,0.24813847526876728,0.05708956324041148,0.3186976398643757,22.48253015426013,22.801227794124504
1.308000000000001,-0.5565932198329719,0.248171703719756,0.05659321983297194,0.29847472746632087,22.459365727096994,22.757840454563315
1.310000000000001,-0.5560968363178899,0.24819175754101522,0.056096836317889864,0.2783551635608297,22.436192682663275,22.714547846224104
1.312000000000001,-0.5556004388915102,0.24819871318983133,0.05560043889151023,0.25833939238747283,22.41301225488479,22.671351647272264
1.314000000000001,-0.5551040535967923,0.24819264735900037,0.05510405359679227,0.2384278501417585,22.389825671723298,22.628253521865055
1.316000000000001,-0.5546077063228494,0.24817363697142167,0.05460770632284939,0.21862096499968775,22.36663415514316,22.585255120142847
1.318000000000001,-0.5541114228045,0.2481417591747116,0.05411142280449999,0.19891915714260233,22.34343892107828,22.542358078220882
1.320000000000001,-0.5536152286218283,0.24809709133583763,0.053615228621828326,0.1793228387823067,22.320241179399513,22.49956401818182
1.322000000000001,-0.5531191491997568,0.24803971103577138,0.0531191491997568,0.15983241418643201,22.297042133882258,22.45687454806869
1.324000000000001,-0.5526232098076285,0.24796969606416366,0.05262320980762847,0.1404482797041009,22.273842982174514,22.414291261878617
1.326000000000001,-0.5521274355588004,0.2478871244140388,0.052127435558800395,0.12117082379182942,22.250644915765285,22.371815739557114
1.328000000000001,-0.5516318514102474,0.24779207427651026,0.0516318514102474,0.10200042703970547,22.22744911995334,22.329449546993047
1.330000000000001,-0.5511364821621764,0.247684624035517,0.05113648216217637,0.08293746219781384,22.204256773816326,22.28719423601414
1.332000000000001,-0.5506413524576512,0.24756485226258063,0.05064135245765122,0.06398229420291868,22.18106905018024,22.24505134438316
1.334000000000001,-0.5501464867822281,0.24743283771158406,0.050146486782228106,0.045135280205403916,22.15788711558922,22.203022395794623
1.336000000000001,-0.549651909463601,0.24728865931357105,0.049651909463600985,0.026396769596451763,22.134712130275908,22.16110889987236
1.338000000000001,-0.5491576446712578,0.24713239617156751,0.04915764467125783,0.007767104035470984,22.111545248131883,22.119312352167352
1.340000000000001,-0.548663716416147,0.2469641275554243,0.048663716416146974,-0.010753382522227017,22.088387616678798,22.07763423415657
1.342000000000001,-0.5481701485503536,0.2467839328966813,0.04817014855035362,-0.029164363797515414,22.065240377039586,22.03607601324207
1.344000000000001,-0.5476769647667867,0.24659189178345461,0.047676964766786734,-0.04746552115930558,22.042104663910337,21.99463914275103
1.346000000000001,-0.5471841885988761,0.24638808395534414,0.047184188598876076,-0.06565654359616757,22.018981605532314,21.953325061936148
1.348000000000001,-0.5466918434202793,0.24617258929836455,0.04669184342027932,-0.08373712768771013,21.995872323664507,21.9121351959768
1.350000000000001,-0.5461999524445995,0.24594548783989775,0.04619995244459951,-0.10170697757574354,21.972777933556575,21.87107095598083
1.352000000000001,-0.5457085387251122,0.24570685974366852,0.04570853872511216,-0.11956580493520153,21.949699543922108,21.830133738986905
1.354000000000001,-0.5452176251545027,0.24545678530474216,0.04521762515450267,-0.1373133289448618,21.926638256912316,21.789324927967453
1.356000000000001,-0.5447272344646136,0.24519534494454442,0.044727234464613574,-0.1549492762578304,21.90359516809016,21.74864589183233
1.358000000000001,-0.5442373892262018,0.2449226192059056,0.044237389226201795,-0.17247338097181242,21.880571366404798,21.708097985432985
1.360000000000001,-0.5437481118487055,0.2446386887481259,0.04374811184870553,-0.18988538459917303,21.857567934166564,21.66768254956739
1.362000000000001,-0.5432594245800214,0.24434363434206535,0.04325942458002141,-0.20718503603678595,21.83458594702212,21.627400910985333
1.364000000000001,-0.5427713495062909,0.24403753686525528,0.04277134950629091,-0.2243720915356664,21.81162647393039,21.587254382394722
1.366000000000001,-0.5422839085516968,0.24372047729703505,0.042283908551696836,-0.24144631467040578,21.78869057713846,21.547244262468055
1.368000000000001,-0.5417971234782694,0.24339253671371075,0.04179712347826936,-0.258407476308407,21.765779312158237,21.50737183584983
1.370000000000001,-0.5413110158857019,0.24305379628373722,0.04131101588570185,-0.2752553545789116,21.742893727743343,21.467638373164434
1.372000000000001,-0.540825607211176,0.24270433726292487,0.04082560721117601,-0.29198973484182367,21.72003486586653,21.428045131024707
1.374000000000001,-0.5403409187291967,0.24234424098966978,0.04034091872919665,-0.30861040965635866,21.69720376169738,21.38859335204102
1.376000000000001,-0.5398569715514362,0.24197358888020706,0.03985697155143619,-0.3251171787494922,21.674401443580546,21.349284264831056
1.378000000000001,-0.5393737866265884,0.24159246242388904,0.039373786626588414,-0.3415098489842088,21.65162893301435,21.31011908403014
1.380000000000001,-0.5388913847402315,0.24120094317848698,0.03889138474023146,-0.3577882343275758,21.628887244629837,21.27109901030226
1.382000000000001,-0.5384097865147004,0.24079911276551724,0.038409786514700395,-0.3739521558186374,21.60617738617024,21.232225230351602
1.384000000000001,-0.5379290124089692,0.24038705286559148,0.037929012408969176,-0.39000144153612215,21.583500358470793,21.193498916934672
1.386000000000001,-0.5374490827185416,0.23996484521379144,0.03744908271854164,-0.4059359265659648,21.56085715543915,21.154921228873185
1.388000000000001,-0.5369700175753515,0.23953257159506802,0.036970017575351455,-0.421755452968666,21.538248764036016,21.11649331106735
1.390000000000001,-0.5364918369476721,0.23909031383966503,0.03649183694767211,-0.437459869746486,21.515676164256433,21.078216294509946
1.392000000000001,-0.5360145606400349,0.2386381538185678,0.03601456064003494,-0.45304903281043596,21.49314032911124,21.040091296300805
1.394000000000001,-0.535538208293157,0.2381761734389762,0.035538208293157014,-0.4685228049471446,21.4706422246092,21.002119419662055
1.396000000000001,-0.5350627993838775,0.23770445463980258,0.03506279938387746,-0.4838810557855291,21.448182809739478,20.96430175395395
1.398000000000001,-0.5345883532251031,0.23722307938719484,0.03458835322510312,-0.4991236617633221,21.42576303645438,20.92663937469106
1.400000000000001,-0.534114888965763,0.2367321296700844,0.03411488896576298,-0.5142505060934339,21.403383849652887,20.889133343559454
1.402000000000001,-0.5336424255907715,0.23623168749575912,0.03364242559077146,-0.5292614787301559,21.381046187164234,20.851784708434078
1.404000000000001,-0.5331709819210005,0.23572183488546197,0.03317098192100054,-0.5441564763352145,21.358750979732292,20.81459450339708
1.406000000000001,-0.5327005766132605,0.23520265387001402,0.032700576613260535,-0.5589354022436741,21.336499150999984,20.77756374875631
1.408000000000001,-0.5322312281602896,0.2346742264854638,0.03223122816028956,-0.5735981664296907,21.314291617494586,20.740693451064896
1.410000000000001,-0.531762954890752,0.23413663476876168,0.03176295489075198,-0.588144685472128,21.292129288613044,20.703984603140917
1.412000000000001,-0.5312957749692451,0.23358996075345914,0.03129577496924507,-0.6025748825200141,21.27001306660807,20.667438184088056
1.414000000000001,-0.5308297063963142,0.23303428646543475,0.030829706396314216,-0.6168886872578703,21.24794384657445,20.63105515931658
1.416000000000001,-0.5303647670084769,0.23246969391864503,0.0303647670084769,-0.6310860358709094,21.225922516435876,20.594836480564968
1.418000000000001,-0.5299009744782551,0.23189626511090145,0.029900974478255127,-0.6451668710100842,21.203949956932227,20.558783085922144
1.420000000000001,-0.5294383463142158,0.23131408201967257,0.029438346314215824,-0.6591311417570065,21.18202704160734,20.522895899850333
1.422000000000001,-0.52897689986102,0.23072322659791322,0.028976899861020033,-0.6729788035887476,21.160154636797042,20.487175833208294
1.424000000000001,-0.5285166522994802,0.23012378076991796,0.028516652299480194,-0.6867098183425044,21.138333601617838,20.451623783275334
1.426000000000001,-0.5280576206466258,0.22951582642720253,0.02805762064662576,-0.7003241541801359,21.116564787955845,20.416240633775708
1.428000000000001,-0.5275998217557769,0.22889944542440938,0.02759982175577691,-0.7138217855525899,21.094849040456445,20.381027254903856
1.430000000000001,-0.5271432723166264,0.2282747195752404,0.027143272316626388,-0.7272026931641986,21.07318719651396,20.34598450334976
1.432000000000001,-0.5266879888553295,0.2276417306484162,0.026687988855329525,-0.7404668639368677,21.05158008626222,20.311113222325353
1.434000000000001,-0.5262339877346022,0.22700056036366056,0.02623398773460217,-0.7536142909741486,21.030028532565225,20.276414241591077
1.436000000000001,-0.5257812851538267,0.22635129038771157,0.025781285153826716,-0.7666449735251977,21.008533351008467,20.24188837748327
1.438000000000001,-0.525329897149166,0.22569400233035927,0.025329897149166003,-0.7795589169486239,20.987095349890534,20.20753643294191
1.440000000000001,-0.524879839593685,0.22502877774051003,0.024879839593685005,-0.7923561326762341,20.965715330215314,20.17335919753908
1.442000000000001,-0.5244311281974805,0.22435569810227643,0.0244311281974805,-0.80503663817668,20.94439408568449,20.13935744750781
1.444000000000001,-0.5239837785078183,0.22367484483109443,0.0239837785078183,-0.8176004569189914,20.923132402690555,20.105531945771563
1.446000000000001,-0.5235378059092786,0.22298629926986643,0.023537805909278564,-0.8300476183360235,20.901931060310304,20.07188344197428
1.448000000000001,-0.5230932256239083,0.22229014268513167,0.023093225623908253,-0.8423781577877889,20.880790830298626,20.038412672510837
1.450000000000001,-0.5226500527113818,0.22158645626326268,0.022650052711381763,-0.8545921165247232,20.859712477082905,20.00512036055818
1.452000000000001,-0.5222083020691684,0.22087532110668856,0.02220830206916835,-0.8666895416508309,20.838696757757774,19.97200721610694
1.454000000000001,-0.5217679884327081,0.22015681823014474,0.021767988432708107,-0.8786704860867744,20.817744422080143,19.939073935993367
1.456000000000001,-0.5213291263755943,0.21943102855695026,0.021329126375594254,-0.8905350085328336,20.79685621246515,19.90632120393232
1.458000000000001,-0.5208917303097637,0.21869803291531062,0.020891730309763656,-0.902283173431832,20.77603286398191,19.873749690550078
1.460000000000001,-0.5204558144856943,0.21795791203464854,0.020455814485694335,-0.9139150509319387,20.75527510435025,19.841360053418313
1.462000000000001,-0.5200213929926104,0.21721074654196065,0.02002139299261041,-0.9254307168494149,20.73458365393747,19.809152937088054
1.464000000000001,-0.519588479758694,0.21645661695820229,0.019588479758694044,-0.9368302526312688,20.713959225755833,19.777128973124565
1.466000000000001,-0.5191570885513046,0.2156956036946977,0.019157088551304602,-0.9481137453178565,20.69340252546036,19.745288780142502
1.468000000000001,-0.5187272329772055,0.21492778704957818,0.018727232977205466,-0.9592812875053975,20.672914251346967,19.71363296384157
1.470000000000001,-0.518298926482797,0.2141532472042468,0.018298926482796962,-0.9703329773084068,20.65249509435129,19.682162117042886
1.472000000000001,-0.5178721823543572,0.21337206421987087,0.01787218235435717,-0.981268918322096,20.632145738047626,19.65087681972553
1.474000000000001,-0.5174470137182894,0.2125843180338999,0.017447013718289384,-0.9920892195846802,20.61186685864856,19.61977763906388
1.476000000000001,-0.5170234335413761,0.21179008845661215,0.017023433541376143,-1.002793995539624,20.59165912500487,19.588865129465248
1.478000000000001,-0.5166014546310408,0.21098945516768702,0.01660145463104079,-1.0133833659978515,20.57152319860594,19.55813983260809
1.480000000000001,-0.5161810896356152,0.2101824977128055,0.016181089635615153,-1.0238574560998646,20.551459733580515,19.52760227748065
1.482000000000001,-0.5157623510446147,0.20936929550027727,0.015762351044614653,-1.034216396277838,20.53146937669797,19.497252980420132
1.484000000000001,-0.5153452511890193,0.20854992779769457,0.015345251189019304,-1.044460322217632,20.511552767369945,19.467092445152314
1.486000000000001,-0.514929802241562,0.2077244737286139,0.01492980224156204,-1.0545893748207844,20.49171053765242,19.437121162831634
1.488000000000001,-0.5145160162170235,0.20689301226926435,0.014516016217023475,-1.0646037001664297,20.471943312248158,19.407339612081728
1.490000000000001,-0.5141039049725329,0.20605562224528304,0.014103904972532888,-1.0745034494731758,20.452251708509703,19.377748259036526
1.492000000000001,-0.513693480207876,0.20521238232847847,0.013693480207875974,-1.0842887790609488,20.4326363364426,19.34834755738165
1.494000000000001,-0.5132847534658087,0.20436337103362012,0.013284753465808707,-1.0939598503127888,20.413097798709238,19.31913794839645
1.496000000000001,-0.5128777361323782,0.20350866671525555,0.012877736132378192,-1.1035168296366127,20.393636690632913,19.2901198609963
1.498000000000001,-0.5124724394372491,0.20264834756455471,0.012472439437249072,-1.1129598884269167,20.374253600202415,19.261293711775497
1.500000000000001,-0.5120688744540367,0.20178249160618147,0.012068874454036704,-1.1222892030264748,20.35494910807698,19.232659905050504
1.5020000000000011,-0.5116670521006463,0.20091117669519265,0.011667052100646336,-1.1315049546879836,20.33572378759179,19.204218832903805
1.5040000000000011,-0.5112669831396184,0.2000344805139633,0.01126698313961838,-1.1406073295356878,20.316578204763573,19.175970875227886
1.5060000000000011,-0.5108686781784801,0.19915248056914037,0.01086867817848014,-1.1495965185269712,20.297512918296885,19.147916399769915
1.5080000000000011,-0.5104721476701028,0.19826525418862248,0.01047214767010285,-1.1584727174139173,20.27852847959076,19.120055762176843
1.5100000000000011,-0.5100774019130657,0.19737287851856763,0.01007740191306572,-1.1672361267048659,20.2596254327456,19.092389306040737
1.5120000000000011,-0.5096844510520249,0.19647543052042785,0.009684451052024867,-1.1758869516259123,20.240804314570624,19.064917362944712
1.5140000000000011,-0.5092933050780889,0.19557298696801104,0.009293305078088898,-1.184425402082428,20.2220656545916,19.03764025250917
1.5160000000000011,-0.5089039738291997,0.1946656244445695,0.008903973829199718,-1.1928516926205324,20.203409975059095,19.010558282438563
1.5180000000000011,-0.5085164669905199,0.19375341933991655,0.008516466990519889,-1.2011660423885673,20.184837790957015,18.983671748568447
1.5200000000000011,-0.5081307940948248,0.19283644784756973,0.008130794094824756,-1.2093686750985368,20.166349610011597,18.95698093491306
1.5220000000000011,-0.5077469645229009,0.19191478596192102,0.007746964522900912,-1.2174598189875676,20.1479459327007,18.930486113713133
1.5240000000000011,-0.5073649875039501,0.1909885094754346,0.007364987503950093,-1.2254397067793317,20.129627252263614,18.904187545484284
1.5260000000000011,-0.5069848721159983,0.19005769397587136,0.006984872115998297,-1.2333085756454731,20.11139405471111,18.878085479065636
1.5280000000000011,-0.5066066272863112,0.18912241484354064,0.0066066272863112285,-1.241066667167039,20.09324681883603,18.85218015166899
1.5300000000000011,-0.5062302617918141,0.18818274724857917,0.0062302617918140735,-1.248714227295876,20.075186016224112,18.826471788928238
1.5320000000000011,-0.5058557842595176,0.18723876614825663,0.005855784259517605,-1.2562515063160704,20.057212111265265,18.800960604949196
1.5340000000000011,-0.505483203166949,0.18629054628430938,0.005483203166948947,-1.2636787588053489,20.039325561165185,18.775646802359837
1.5360000000000011,-0.5051125268425883,0.1853381621802994,0.0051125268425883386,-1.2709962435965172,20.021526815957408,18.75053057236089
1.5380000000000011,-0.5047437634663103,0.18438168813900188,0.004743763466310336,-1.2782042237388616,20.00381631851566,18.7256120947768
1.5400000000000011,-0.5043769210698307,0.18342119823981906,0.004376921069830675,-1.2853029664596016,19.986194504566605,18.700891538107005
1.5420000000000011,-0.5040120075371582,0.18245676633622102,0.004012007537158246,-1.2922927431253255,19.968661802702947,18.67636905957762
1.5440000000000011,-0.5036490306050518,0.1814884660532136,0.0036490306050518395,-1.2991738292034383,19.951218634396966,18.652044805193526
1.5460000000000012,-0.5032879978634822,0.18051637078483276,0.003287997863482217,-1.3059465042236351,19.93386541401421,18.627918909790576
1.5480000000000012,-0.5029289167560989,0.17954055369166677,0.002928916756098854,-1.3126110517393734,19.916602548827875,18.6039914970885
1.5500000000000012,-0.502571794580702,0.17856108769840415,0.0025717945807020026,-1.31916775928938,19.89943043903319,18.58026267974381
1.5520000000000012,-0.5022166384897192,0.17757804549140888,0.0022166384897192026,-1.325616918359153,19.88234947776242,18.55673255940327
1.5540000000000012,-0.5018634554906866,0.1765914995163228,0.0018634554906865608,-1.331958824342503,19.86536005110007,18.533401226757565
1.5560000000000012,-0.5015122524467351,0.17560152197569398,0.0015122524467351406,-1.33819377650312,19.848462538098513,18.51026876159539
1.5580000000000012,-0.5011630360770819,0.17460818482663248,0.0011630360770819026,-1.3443220779361462,19.831657310793847,18.487335232857703
1.5600000000000012,-0.5008158129575249,0.1736115597784923,0.000815812957524864,-1.3503440355297838,19.81494473422234,18.464600698692557
1.5620000000000012,-0.5004705895209437,0.17261171829058009,0.0004705895209436983,-1.3562599599269438,19.79832516643687,18.442065206509927
1.5640000000000012,-0.5001273720578039,0.17160873156989093,0.00012737205780388727,-1.3620701654868927,19.78179895852407,18.41972879303718
1.5660000000000012,-0.49978616671666615,0.17060267056886982,-0.00021383328333385299,-1.367774970246972,19.76536645462148,18.397591484374505
1.5680000000000012,-0.49944697950469974,0.16959360598320022,-0.0005530204953002604,-1.3733746958843127,19.74902799193516,18.37565329605085
1.5700000000000012,-0.4991098162882005,0.16858160824961946,-0.0008901837117994971,-1.3788696676776122,19.732783900757855,18.353914233080243
1.5720000000000012,-0.498774682793113,0.16756674754375955,-0.001225317206887011,-1.3842602144689355,19.716634504487025,18.33237429001809
1.5740000000000012,-0.49844158460555693,0.1665490937780152,-0.001558415394443069,-1.3895466686255569,19.700580119643575,18.31103345101802
1.5760000000000012,-0.49811052717235804,0.16552871659943807,-0.0018894728276419581,-1.3947293660018443,19.684621055890773,18.28989168988893
1.5780000000000012,-0.49778151580158275,0.1645056853876569,-0.0022184841984172476,-1.399808645901183,19.668757616053473,18.26894897015229
1.5800000000000012,-0.4974545556630771,0.16348006925282446,-0.0025454443369228863,-1.404784851037945,19.652990096137696,18.24820524509975
1.5820000000000012,-0.4971296517890099,0.16245193703359034,-0.0028703482109900813,-1.4096583274995111,19.63731878535046,18.22766045785095
1.5840000000000012,-0.4968068090744197,0.16142135729510002,-0.0031931909255802915,-1.414429424708326,19.62174396611998,18.20731454141165
1.5860000000000012,-0.49648603227776567,0.16038839832702018,-0.0035139677222343346,-1.4190984953840118,19.60626591411615,18.187167418732137
1.5880000000000012,-0.4961673260214825,0.15935312814158956,-0.003832673978517498,-1.4236658955055348,19.59088489827133,18.167219002765794
1.5900000000000012,-0.4958506947925391,0.15831561447169645,-0.004149305207460874,-1.4281319842734164,19.575601180801424,18.147469196528007
1.5920000000000012,-0.4955361429430012,0.15727592476898195,-0.00446385705699881,-1.4324971240720066,19.560415017227264,18.127917893155256
1.5940000000000012,-0.49522367469059725,0.15623412620196886,-0.004776325309402751,-1.436761680431808,19.545326656396316,18.10856497596451
1.5960000000000012,-0.4949132941192888,0.1551902856542165,-0.005086705880711195,-1.440926021991861,19.530336340504597,18.089410318512737
1.5980000000000012,-0.4946050051798438,0.15414446972250176,-0.005394994820156207,-1.4449905204621798,19.515444305118976,18.070453784656795
1.6000000000000012,-0.49429881169041373,0.15309674471502527,-0.005701188309586269,-1.4489555505862624,19.500650779199674,18.05169522861341
1.6020000000000012,-0.4939947173371144,0.15204717664964348,-0.0060052826628855804,-1.452821490103653,19.48595598512314,18.03313449501949
1.6040000000000012,-0.49369272567461014,0.15099583125212676,-0.0063072743253898556,-1.456588719712571,19.47136013870514,18.01477141899257
1.6060000000000012,-0.49339284012670126,0.149942773954442,-0.00660715987329874,-1.4602576230326083,19.456863449224077,17.99660582619147
1.6080000000000012,-0.49309506398691516,0.14888806989306175,-0.006904936013084839,-1.4638285865674856,19.44246611944473,17.978637532877244
1.6100000000000012,-0.4927994004191006,0.14783178390729834,-0.007200599580899414,-1.4673019996678875,19.428168345642128,17.96086634597424
1.6120000000000012,-0.49250585245802525,0.1467739805376634,-0.007494147541974749,-1.4706782544943633,19.413970317625754,17.94329206313139
1.6140000000000012,-0.49221442300997675,0.14571472402425278,-0.007785576990023246,-1.4739577459802973,19.399872218763967,17.92591447278367
1.6160000000000012,-0.49192511485336643,0.14465407830515636,-0.00807488514663357,-1.4771408717949521,19.38587422600881,17.908733354213858
1.6180000000000012,-0.49163793063933664,0.14359210701489336,-0.00836206936066336,-1.4802280323065937,19.371976509920856,17.89174847761426
1.6200000000000012,-0.4913528728923709,0.1425288734828728,-0.008647127107629105,-1.4832196305456813,19.358179234694546,17.874959604148867
1.6220000000000012,-0.49106994401090714,0.1414644407318788,-0.008930055989092855,-1.4861160721681466,19.344482558183593,17.858366486015445
1.6240000000000012,-0.490789146267954,0.1403988714765807,-0.009210853732045998,-1.4889177654187447,19.330886631926752,17.841968866508008
1.6260000000000012,-0.49051048181170986,0.13933222812206847,-0.009489518188290136,-1.4916251210944855,19.317391601173796,17.82576648007931
1.6280000000000012,-0.490233952666185,0.13826457276241258,-0.009766047333814976,-1.4942385525081532,19.303997604911686,17.809759052403532
1.6300000000000012,-0.4899595607318265,0.13719596717924862,-0.010040439268173496,-1.4967584754518997,19.29070477589112,17.79394630043922
1.6320000000000012,-0.4896873077861457,0.13612647284038737,-0.01031269221385428,-1.4991853081609288,19.2775132406531,17.77832793249217
1.6340000000000012,-0.4894171954843488,0.1350561508984483,-0.01058280451565119,-1.5015194712772701,19.26442311955597,17.7629036482787
1.6360000000000012,-0.4891492253599698,0.13398506218951783,-0.010850774640030203,-1.503761387813634,19.251434526802537,17.747673138988905
1.6380000000000012,-0.48888339882550613,0.13291326723183328,-0.011116601174493868,-1.5059114831173508,19.23854757046741,17.73263608735006
1.6400000000000012,-0.48861971717305713,0.1318408262244895,-0.011380282826942867,-1.507970184834421,19.22576235252464,17.71779216769022
1.6420000000000012,-0.4883581815749648,0.1307677990461709,-0.0116418184250352,-1.5099379228736307,19.213078968875593,17.70314104600196
1.6440000000000012,-0.48809879308445697,0.1296942452539073,-0.011901206915543028,-1.5118151293707751,19.2004975093769,17.688682380006124
1.6460000000000012,-0.48784155263629325,0.12862022408185378,-0.012158447363706748,-1.5136022386529795,19.1880180578688,17.67441581921582
1.6480000000000012,-0.48758646104741304,0.12754579444009537,-0.012413538952586955,-1.5152996872031002,19.175640692203583,17.660341005000483
1.6500000000000012,-0.4873335190175861,0.12647101491347465,-0.012666480982413908,-1.5169079136242412,19.16336548427424,17.64645757065
1.6520000000000012,-0.48708272713006523,0.1253959437604438,-0.01291727286993477,-1.5184273586043535,19.151192500043425,17.632765141439073
1.6540000000000012,-0.48683408585224136,0.12432063891194083,-0.01316591414775864,-1.5198584648809412,19.139121799572443,17.619263334691503
1.6560000000000012,-0.48658759553630077,0.12324515797028864,-0.013412404463699235,-1.5212016772058723,19.1271534370506,17.605951759844725
1.6580000000000013,-0.4863432564198845,0.12216955820811873,-0.013656743580115482,-1.5224574423102784,19.115287460824664,17.592830018514384
1.6600000000000013,-0.4861010686267499,0.12109389656731748,-0.0138989313732501,-1.5236262088695691,19.103523913428592,17.579897704559023
1.6620000000000013,-0.4858610321674339,0.12001822965799719,-0.014138967832566074,-1.5247084274685438,19.09186283161331,17.567154404144766
1.6640000000000013,-0.4856231469399189,0.11894261375748902,-0.014376853060081074,-1.5257045505666205,19.080304246376798,17.55459969581018
1.6660000000000013,-0.4853874127303002,0.11786710480936059,-0.014612587269699773,-1.526615032463155,19.068848182994337,17.54223315053118
1.6680000000000013,-0.4851538292134553,0.11679175842245586,-0.01484617078654471,-1.5274403292628755,19.05749466104892,17.530054331786044
1.6700000000000013,-0.4849223959537154,0.11571662986995869,-0.01507760404628461,-1.5281808988414354,19.04624369446187,17.518062795620438
1.6720000000000013,-0.4846931124055384,0.11464177408847936,-0.015306887594461582,-1.5288372008110538,19.03509529152352,17.506258090712464
1.6740000000000013,-0.4844659779141841,0.113567245677164,-0.01553402208581589,-1.5294096964862982,19.02404945492426,17.494639758437962
1.6760000000000013,-0.48424099171639046,0.11249309889682653,-0.015759008283609544,-1.5298988488499476,19.01310618178556,17.483207332935613
1.6780000000000013,-0.48401815294105227,0.11141938766910427,-0.01598184705894773,-1.5303051225189939,19.002265463691295,17.471960341172302
1.6800000000000013,-0.483797460609901,0.11034616557563531,-0.016202539390099024,-1.5306289837107432,18.991527286719123,17.460898303008378
1.6820000000000013,-0.48357891363818645,0.10927348585725916,-0.016421086361813553,-1.5308709002090435,18.98089163147213,17.450020731263088
1.6840000000000013,-0.48336251083535997,0.10820140141323967,-0.01663748916464003,-1.5310313413306154,18.97035847311055,17.439327131779937
1.6860000000000013,-0.48314825090575897,0.10712996480051008,-0.01685174909424103,-1.5311107778915185,18.95992778138369,17.42881700349217
1.6880000000000013,-0.48293613244929307,0.10605922823294095,-0.017063867550706935,-1.5311096821737218,18.949599520661902,17.41848983848818
1.6900000000000013,-0.4827261539621318,0.10498924358063007,-0.01727384603786819,-1.531028527891805,18.939373649968893,17.408345122077087
1.6920000000000013,-0.4825183138373934,0.10392006236921418,-0.01748168616260659,-1.530867790159768,18.92925012301398,17.39838233285421
1.6940000000000013,-0.482312610365835,0.10285173577920358,-0.017687389634164996,-1.5306279454579772,18.919228888224602,17.388600942766626
1.6960000000000013,-0.48210904173654434,0.10178431464533745,-0.01789095826345566,-1.5303094716002286,18.90930988877892,17.37900041717869
1.6980000000000013,-0.48190760603763244,0.10071784945596261,-0.01809239396236756,-1.5299128477009258,18.899493062638616,17.36958021493769
1.7000000000000013,-0.4817083012569276,0.09965239035243233,-0.018291698743072404,-1.5294385541424034,18.88977834258169,17.360339788439287
1.7020000000000013,-0.48151112528267054,0.098587987128528,-0.018488874717329462,-1.528887072542355,18.880165656235587,17.351278583693233
1.7040000000000013,-0.4813160759042107,0.09752468922990196,-0.018683924095789284,-1.5282588857214026,18.870654926110227,17.342396040388824
1.7060000000000013,-0.4811231508127036,0.09646254575354236,-0.018876849187296374,-1.527554477670787,18.861246069631335,17.333691591960548
1.7080000000000013,-0.4809323476018091,0.09540160544725765,-0.019067652398190915,-1.5267743335201938,18.85193899917379,17.325164665653595
1.7100000000000013,-0.4807436637683907,0.09434191670918461,-0.019256336231609272,-1.5259189395056978,18.84273362209513,17.31681468258943
1.7120000000000013,-0.4805570967132161,0.09328352758731603,-0.019442903286783886,-1.524988782937848,18.833629840769156,17.30864105783131
1.7140000000000013,-0.480372643741658,0.09222648577905011,-0.019627356258342,-1.5239843521698837,18.82462755261967,17.300643200449787
1.7160000000000013,-0.4801903020643965,0.09117083863076014,-0.0198096979356035,-1.522906136566081,18.81572665015432,17.29282051358824
1.7180000000000013,-0.48001006879812175,0.09011663313738616,-0.019989931201878253,-1.521754626470221,18.806927020998447,17.285172394528225
1.7200000000000013,-0.47983194096623766,0.08906391594204628,-0.020168059033762342,-1.5205303131742194,18.798228547929234,17.277698234755015
1.7220000000000013,-0.4796559154995663,0.08801273333566943,-0.02034408450043368,-1.5192336888868638,18.789631108909763,17.2703974200229
1.7240000000000013,-0.47948198923705304,0.08696313125664808,-0.02051801076294696,-1.5178652467027027,18.78113457712328,17.263269330420577
1.7260000000000013,-0.479310158926472,0.08591515529051194,-0.020689841073528004,-1.5164254805710629,18.772738821007533,17.25631334043647
1.7280000000000013,-0.47914042122513273,0.0848688506696216,-0.02085957877486727,-1.5149148852652157,18.76444370428913,17.24952881902391
1.7300000000000013,-0.47897277270058697,0.08382426227288235,-0.02102722729941303,-1.5133339563516637,18.756249086018137,17.242915129666475
1.7320000000000013,-0.478807209831336,0.08278143462547916,-0.02119279016866399,-1.5116831901595802,18.748154820602533,17.236471630442953
1.7340000000000013,-0.47864372900753877,0.08174041189862963,-0.021356270992461235,-1.5099630837503928,18.74016075784305,17.230197674092658
1.7360000000000013,-0.47848232653172007,0.08070123790935965,-0.02151767346827993,-1.5081741348874864,18.732266742967752,17.224092608080266
1.7380000000000013,-0.47832299861947947,0.0796639561202959,-0.021677001380520533,-1.5063168420060744,18.724472616667,17.218155774660925
1.7400000000000013,-0.4781657414002005,0.07862860963948086,-0.021834258599799483,-1.5043917041831887,18.71677821512821,17.21238651094502
1.7420000000000013,-0.4780105509177601,0.077595241220205,-0.021989449082239876,-1.5023992211078263,18.709183370071,17.206784148963173
1.7440000000000013,-0.4778574231312384,0.07656389326086037,-0.022142576868761588,-1.500339893051235,18.70168790878205,17.201348015730815
1.7460000000000013,-0.47770635391562877,0.07553460780481236,-0.022293646084371233,-1.4982142208373466,18.69429165415034,17.196077433312993
1.7480000000000013,-0.47755733906254816,0.0745074265402915,-0.02244266093745184,-1.4960227058133482,18.686994424702224,17.190971718888875
1.7500000000000013,-0.47741037428094757,0.07348239080030378,-0.02258962571905243,-1.4937658498204056,18.67979603463676,17.186030184816353
1.7520000000000013,-0.47726545519782243,0.07245954156256078,-0.02273454480217757,-1.4914441551645274,18.672696293860863,17.181252138696337
1.7540000000000013,-0.47712257735892355,0.07143891944942818,-0.02287742264107645,-1.4890581245875891,18.66569500802474,17.17663688343715
1.7560000000000013,-0.47698173622946777,0.07042056472789318,-0.023018263770532232,-1.4866082612384834,18.658791978557247,17.172183717318763
1.7580000000000013,-0.47684292719484866,0.06940451730955131,-0.023157072805151335,-1.4840950686444347,18.651987002701347,17.16789193405691
1.7600000000000013,-0.47670614556134744,0.06839081675061079,-0.02329385443865256,-1.481519050682464,18.64527987354953,17.163760822867065
1.7620000000000013,-0.4765713865568436,0.06737950225191648,-0.023428613443156387,-1.4788807115509888,18.638670380079432,17.159789668528443
1.7640000000000013,-0.47643864533152563,0.06637061265899133,-0.023561354668474366,-1.4761805557415872,18.632158307189368,17.15597775144778
1.7660000000000013,-0.4763079169586014,0.06536418646209707,-0.02369208304139858,-1.4734190880109053,18.625743435733906,17.152324347723
1.7680000000000013,-0.4761791964350088,0.0643602617963121,-0.023820803564991222,-1.4705968133527199,18.61942554255957,17.148828729206848
1.7700000000000014,-0.4760524786821255,0.06335887644162817,-0.023947521317874476,-1.4677142369701457,18.61320440054049,17.145490163570344
1.7720000000000014,-0.4759277585464794,0.06236006782306504,-0.024072241453520604,-1.4647718642480045,18.607079778614093,17.14230791436609
1.7740000000000014,-0.4758050308004578,0.06136387301080269,-0.024194969199542227,-1.4617702007253444,18.601051441816853,17.13928124109151
1.7760000000000014,-0.4756842901430171,0.060370328720330796,-0.024315709856982892,-1.4587097520681107,18.59511915132012,17.13640939925201
1.7780000000000014,-0.47556553120039186,0.0593794713126172,-0.024434468799608144,-1.455591024041962,18.58928266446578,17.13369164042382
1.7800000000000014,-0.47544874852680324,0.05839133679429257,-0.024551251473196756,-1.4524145224852634,18.583541734802175,17.131127212316912
1.7820000000000014,-0.47533393660516754,0.05740596081785366,-0.02466606339483246,-1.4491807532822107,18.57789611211986,17.12871535883765
1.7840000000000014,-0.47522108984780376,0.056423378681882304,-0.024778910152196243,-1.4458902223361276,18.57234554248747,17.12645532015134
1.7860000000000014,-0.4751102025971412,0.05544362533128304,-0.024889797402858793,-1.442543435542908,18.566889768287574,17.124346332744665
1.7880000000000014,-0.47500126912642615,0.054466735357537405,-0.02499873087357385,-1.4391408987646161,18.56152852825254,17.122387629487925
1.7900000000000014,-0.4748942836404282,0.05349274299897463,-0.025105716359571817,-1.4356831178032532,18.556261557500434,17.12057843969718
1.7920000000000014,-0.47478924027614605,0.05252168214105999,-0.025210759723853948,-1.4321705983746698,18.551088587570806,17.118917989196138
1.7940000000000014,-0.47468613310351265,0.051553586316699124,-0.025313866896487347,-1.4286038460826378,18.546009346460718,17.11740550037808
1.7960000000000014,-0.4745849561260995,0.050588488706559624,-0.025415043873900478,-1.4249833663930869,18.541023558660516,17.11604019226743
1.7980000000000014,-0.4744857032818207,0.04962642213940855,-0.025514296718179286,-1.4213096646084962,18.53613094518969,17.114821280581193
1.8000000000000014,-0.4743883684436358,0.04866741909246694,-0.0256116315563642,-1.4175832458424398,18.531331223632968,17.113747977790528
1.8020000000000014,-0.47429294542025224,0.04771151169177992,-0.025707054579747757,-1.4138046149943035,18.52662410817584,17.112819493181537
1.8040000000000014,-0.474199427956827,0.046758731712603495,-0.025800572043172987,-1.4099742767241497,18.522009309640772,17.112035032916623
1.8060000000000014,-0.4741078097356674,0.04580911057980717,-0.025892190264332593,-1.4060927354277475,18.51748653552285,17.1113938000951
1.8080000000000014,-0.4740180843769308,0.04486267936829229,-0.025981915623069174,-1.402160495211761,18.513055490025657,17.110894994813897
1.8100000000000014,-0.473930245439324,0.04391946880342673,-0.026069754560676006,-1.3981780598691054,18.508715874097163,17.110537814228056
1.8120000000000014,-0.473844286420801,0.042979509261494936,-0.02615571357919899,-1.394145932854454,18.504467385465492,17.11032145261104
1.8140000000000014,-0.4737602007592607,0.042042830770163075,-0.026239799240739325,-1.3900646172599191,18.500309718674707,17.110245101414787
1.8160000000000014,-0.4736779818332428,0.041109463008960775,-0.02632201816675722,-1.3859346157908776,18.496242565120607,17.11030794932973
1.8180000000000014,-0.4735976229626232,0.040179435309777065,-0.0264023770373768,-1.3817564307419752,18.49226561308643,17.110509182344455
1.8200000000000014,-0.47351911740930847,0.03925277665737248,-0.026480882590691535,-1.3775305639732887,18.488378547778613,17.110847983805325
1.8220000000000014,-0.47344245837792864,0.03832951568990531,-0.026557541622071357,-1.3732575168866412,18.484581051362504,17.11132353447586
1.8240000000000014,-0.4733676390165297,0.03740968069947389,-0.026632360983470327,-1.3689377904020967,18.480872802997926,17.11193501259583
1.8260000000000014,-0.4732946524172643,0.03649329963267283,-0.026705347582735683,-1.3645718849346042,18.477253478874896,17.11268159394029
1.8280000000000014,-0.473223491617082,0.0355804000911648,-0.026776508382918007,-1.36016030037081,18.473722752249195,17.113562451878384
1.8300000000000014,-0.47315414959841745,0.03467100933226625,-0.02684585040158255,-1.3557035360460388,18.47028029347792,17.11457675743188
1.8320000000000014,-0.47308661928987833,0.0337651542695483,-0.02691338071012167,-1.351202090721432,18.466925770055,17.115723679333566
1.8340000000000014,-0.47302089356693144,0.032862861473451646,-0.026979106433068556,-1.3466564625612532,18.46365884664665,17.117002384085396
1.8360000000000014,-0.4729569652525876,0.031964157171915676,-0.027043034747412376,-1.3420671491103553,18.46047918512686,17.118412036016505
1.8380000000000014,-0.47289482711808556,0.03106906725102221,-0.02710517288191444,-1.3374346472718204,18.457386444612744,17.119951797340924
1.8400000000000014,-0.47283447188357425,0.030177617255652874,-0.027165528116425752,-1.3327594532847553,18.454380281499887,17.121620828215132
1.8420000000000014,-0.4727758922187939,0.029289832390160697,-0.027224107781206097,-1.3280420627022531,18.451460349497648,17.123418286795395
1.8440000000000014,-0.4727190807437558,0.028405737519055455,-0.027280919256244207,-1.3232829703695295,18.448626299664387,17.125343329294857
1.8460000000000014,-0.47266403002942037,0.02752535716770251,-0.027335969970579632,-1.318482670402212,18.44587778044265,17.12739511004044
1.8480000000000014,-0.4726107325983743,0.026648715523035455,-0.027389267401625728,-1.3136416561648054,18.443214437694362,17.129572781529557
1.8500000000000014,-0.4725591809255057,0.025775836434282613,-0.027440819074494305,-1.3087604202493128,18.44063591473581,17.131875494486497
1.8520000000000014,-0.4725093674386783,0.024906743413705915,-0.027490632561321726,-1.303839454454033,18.438141852372752,17.13430239791872
1.8540000000000014,-0.47246128451940356,0.02404145963735414,-0.027538715480596443,-1.2988792497625163,18.435731888935294,17.136852639172776
1.8560000000000014,-0.4724149245035119,0.023180007945828283,-0.027585075496488087,-1.2938802963226907,18.433405660312815,17.139525363990124
1.8580000000000014,-0.47237027968182177,0.022322410845060797,-0.02762972031817823,-1.2888430834261497,18.43116279998886,17.14231971656271
1.8600000000000014,-0.47232734230080753,0.0214686905071071,-0.02767265769919247,-1.2837680994876155,18.429002939075808,17.14523483958819
1.8620000000000014,-0.47228610456326564,0.020618868770950188,-0.02771389543673436,-1.2786558320245556,18.42692570634962,17.148269874325067
1.8640000000000014,-0.472246558628979,0.019772967143317593,-0.02775344137102098,-1.2735067676369758,18.42493072828446,17.15142396064748
1.8660000000000014,-0.47220869661538,0.018931006799511572,-0.027791303384619992,-1.26832139198738,18.423017629087255,17.154696237099873
1.8680000000000014,-0.4721725105982115,0.018093008584250687,-0.027827489401788474,-1.2631001897808922,18.421186030732134,17.15808584095124
1.8700000000000014,-0.4721379926121865,0.017258993012524693,-0.027862007387813525,-1.2578436447455446,18.419435552994905,17.16159190824936
1.8720000000000014,-0.47210513465164555,0.01642898027046111,-0.027894865348354447,-1.2525522396127386,18.417765813487318,17.165213573874578
1.8740000000000014,-0.47207392867121317,0.015602990216203592,-0.027926071328786828,-1.2472264560978668,18.416176427691376,17.16894997159351
1.8760000000000014,-0.47204436658645155,0.014781042380802988,-0.027955633413548453,-1.2418667748811019,18.41466700899345,17.172800234112348
1.8780000000000014,-0.4720164402745133,0.013963155969119793,-0.027983559725486717,-1.236473675588362,18.413237168718407,17.176763493130046
1.8800000000000014,-0.4719901415747918,0.013149349860738313,-0.0280098584252082,-1.231047636772427,18.411886516163584,17.180838879391157
1.8820000000000014,-0.47196546228957004,0.012339642610892241,-0.028034537710429963,-1.2255891358942346,18.410614658632696,17.18502552273846
1.8840000000000015,-0.4719423941846672,0.011534052451402859,-0.028057605815332787,-1.2200986493043364,18.409421201469765,17.18932255216543
1.8860000000000015,-0.471920928990084,0.010732597291626879,-0.028079071009916023,-1.2145766522245343,18.408305748092726,17.193729095868193
1.8880000000000015,-0.47190105840064517,0.009935294719416725,-0.028098941599354832,-1.209023618729656,18.407267900027165,17.19824428129751
1.8900000000000015,-0.471882774076641,0.009142162002091702,-0.028117225923359024,-1.2034400217295271,18.406307256939865,17.202867235210338
1.8920000000000015,-0.47186606764446615,0.008353216087420293,-0.028133932355533853,-1.1978263329510945,18.405423416672257,17.20759708372116
1.8940000000000015,-0.4718509306972569,0.007568473604612982,-0.02814906930274308,-1.1921830229207164,18.404615975273817,17.2124329523531
1.8960000000000015,-0.47183735479552624,0.0067879508653261745,-0.028162645204473757,-1.186510560946627,18.40388452703533,17.217373966088704
1.8980000000000015,-0.47182533146779687,0.006011663864676774,-0.02817466853220313,-1.1808094151015598,18.40322866452204,17.22241924942048
1.9000000000000015,-0.4718148522112323,0.005239628282267407,-0.028185147788767684,-1.1750800522055393,18.402647978606776,17.227567926401235
1.9020000000000015,-0.4718059084922659,0.004471859483221918,-0.02819409150773411,-1.1693229378088466,18.402142058502925,17.232819120694078
1.9040000000000015,-0.47179849174722743,0.0037083725192311157,-0.028201508252772567,-1.1635385361751398,18.40171049179726,17.23817195562212
1.9060000000000015,-0.4717925933829682,0.0029491821296091327,-0.028207406617031805,-1.1577273102647516,18.40135286448276,17.24362555421801
1.9080000000000015,-0.47178820477748346,0.002194302742359426,-0.028211795222516545,-1.1518897217181452,18.40106876099126,17.249179039273116
1.9100000000000015,-0.47178531728053297,0.0014437484752512055,-0.028214682719467032,-1.1460262308395373,18.40085776422599,17.25483153338645
1.9120000000000015,-0.47178392221425913,0.0006975331369052836,-0.028216077785740867,-1.1401372965806909,18.40071945559407,17.26058215901338
1.9140000000000015,-0.47178401087380334,-4.432977210986906e-05,-0.02821598912619666,-1.134223376524877,18.40065341503879,17.266430038513914
1.9160000000000015,-0.4717855745279197,-0.0007818270581726827,-0.028214425472080307,-1.1282849268709876,18.40065922107189,17.272374294200905
1.9180000000000015,-0.4717886044195867,-0.0015149458334934632,-0.0282113955804133,-1.1223224024178309,18.400736450805702,17.278414048387873
1.9200000000000015,-0.47179309176661666,-0.0022436735149900917,-0.028206908233383343,-1.1163362565485844,18.400884679985047,17.284548423436462
1.9220000000000015,-0.47179902776226296,-0.0029679978231541993,-0.028200972237737043,-1.110326941215413,18.40110348301925,17.290776541803837
1.9240000000000015,-0.47180640357582476,-0.003687906780907654,-0.028193596424175238,-1.104294906924248,18.401392433013825,17.297097526089576
1.9260000000000015,-0.4718152103532497,-0.004403388712451567,-0.028184789646750308,-1.0982406027197482,18.40175110180214,17.303510499082392
1.9280000000000015,-0.4718254392177339,-0.005114432242104685,-0.0281745607822661,-1.0921644761703997,18.402179059977072,17.310014583806673
1.9300000000000015,-0.47183708127032015,-0.005821026293133312,-0.028162918729679853,-1.0860669733538066,18.402675876922217,17.31660890356841
1.9320000000000015,-0.4718501275904933,-0.006523160086573586,-0.028149872409506727,-1.0799485388421277,18.403241120843344,17.323292582001216
1.9340000000000015,-0.47186456923677333,-0.007220823140043441,-0.028135430763226665,-1.0738096156876804,18.403874358799545,17.330064743111866
1.9360000000000015,-0.4718803972473064,-0.007914005266547165,-0.028119602752693595,-1.0676506454087191,18.404575156734204,17.336924511325485
1.9380000000000015,-0.47189760264045294,-0.00860269657327137,-0.02810239735954706,-1.0614720679753664,18.40534307950605,17.343871011530684
1.9400000000000015,-0.4719161764153737,-0.00928688746037293,-0.0280838235846263,-1.0552743217957115,18.40617769091984,17.35090336912413
1.9420000000000015,-0.4719361095526132,-0.009966568619757532,-0.028063890447386775,-1.0490578437020686,18.407078553757067,17.358020710054998
1.9440000000000015,-0.4719573930146809,-0.010641731033851696,-0.028042606985319074,-1.0428230689374107,18.408045229806547,17.365222160869138
1.9460000000000015,-0.4719800177466297,-0.011312365974365827,-0.028019982253370324,-1.0365704311419495,18.409077279894767,17.372506848752817
1.9480000000000015,-0.4720039746766318,-0.011978465001050185,-0.0279960253233682,-1.0303003623398863,18.41017426391624,17.379873901576353
1.9500000000000015,-0.47202925471655266,-0.012640019960442122,-0.02797074528344734,-1.0240132929263266,18.411335740863585,17.387322447937258
1.9520000000000015,-0.4720558487625219,-0.013297022984606898,-0.02794415123747812,-1.0177096516543567,18.412561268857598,17.39485161720324
1.9540000000000015,-0.4720837476955016,-0.013949466489869994,-0.0279162523044984,-1.0113898656222697,18.41385040517712,17.40246053955485
1.9560000000000015,-0.4721129423818527,-0.014597343175542203,-0.027887057618147304,-1.005054360260976,18.41520270628877,17.410148346027796
1.9580000000000015,-0.472143423673898,-0.0152406460226381,-0.027856576326102,-0.9987035593215545,18.4166177278766,17.417914168555043
1.9600000000000015,-0.4721751824104832,-0.01587936829258665,-0.027824817589516826,-0.9923378848629753,18.41809502487155,17.425757140008574
1.9620000000000015,-0.47220820941753505,-0.016513503525934715,-0.027791790582464948,-0.9859577572399798,18.419634151480796,17.433676394240816
1.9640000000000015,-0.47224249550861713,-0.017143045541044344,-0.027757504491382867,-0.9795635950911202,18.421234661216946,17.441671066125824
1.9660000000000015,-0.4722780314854827,-0.017767988432782173,-0.027721968514517303,-0.9731558153269599,18.42289610692709,17.44974029160013
1.9680000000000015,-0.4723148081386251,-0.01838832657120279,-0.027685191861374914,-0.9667348331184348,18.424618040821777,17.457883207703343
1.9700000000000015,-0.47235281624782555,-0.019004054600225362,-0.027647183752174453,-0.9603010618853742,18.426400014503724,17.46609895261835
1.9720000000000015,-0.4723920465826982,-0.019615167436303465,-0.027607953417301823,-0.9538549132851752,18.42824157899652,17.474386665711343
1.9740000000000015,-0.47243248990323233,-0.020221660267088607,-0.027567510096767667,-0.9473967972016452,18.43014228477305,17.482745487571407
1.9760000000000015,-0.4724741369603325,-0.020823528550087886,-0.027525863039667475,-0.9409271217339978,18.43210168178396,17.49117456004996
1.9780000000000015,-0.47251697849635516,-0.021420768011314678,-0.027483021503644844,-0.9344462931859959,18.434119319485685,17.49967302629969
1.9800000000000015,-0.47256100524564304,-0.022013374643933735,-0.02743899475435696,-0.9279547160552764,18.436194746868747,17.50824003081347
1.9820000000000015,-0.47260620793505687,-0.022601344706899704,-0.027393792064943134,-0.9214527930228085,18.438327512485433,17.516874719462624
1.9840000000000015,-0.47265257728450405,-0.02318467472359116,-0.02734742271549595,-0.9149409249425278,18.440517164477704,17.525576239535177
1.9860000000000015,-0.4727001040074649,-0.02376336148043686,-0.027299895992535073,-0.9084195108311087,18.44276325060479,17.534343739773682
1.9880000000000015,-0.472748778811516,-0.024337402025537944,-0.027251221188484,-0.901888947857908,18.445065318270657,17.54317637041275
1.9900000000000015,-0.4727985923988506,-0.02490679366728391,-0.02720140760114942,-0.8953496313350564,18.447422914551268,17.552073283216213
1.9920000000000015,-0.47284953546679653,-0.02547153397296295,-0.027150464533203467,-0.8888019547077055,18.44983558622184,17.561033631514135
1.9940000000000015,-0.47290159870833126,-0.026031620767366995,-0.02709840129166874,-0.8822463095444351,18.452302879783847,17.570056570239412
1.9960000000000016,-0.47295477281259407,-0.026587052131392466,-0.02704522718740593,-0.8756830855278136,18.454824341491808,17.579141255963993
1.9980000000000016,-0.4730090484653953,-0.027137826400634293,-0.02699095153460468,-0.8691126704450974,18.457399517380054,17.588286846934956
2.0000000000000013,-0.4730644163497233,-0.027683942163975385,-0.026935583650276707,-0.8625354501791128,18.460027953289384,17.59749250311027
2.002000000000001,-0.4731208671462476,-0.02822539826217261,-0.026879132853752374,-0.8559518086992652,18.46270919489327,17.606757386194005
2.004000000000001,-0.4731783915338205,-0.0287621937864356,-0.02682160846617948,-0.8493621280527142,18.465442787724285,17.61608065967157
2.0060000000000007,-0.4732369801899745,-0.029294328077002402,-0.02676301981002549,-0.8427667883556944,18.468228277200073,17.62546148884438
2.0080000000000005,-0.4732966237914179,-0.029821800721710028,-0.026703376208582097,-0.8361661677850004,18.471065208649417,17.63489904086442
2.0100000000000002,-0.47335731301452705,-0.03034461155456024,-0.026642686985472952,-0.8295606425696036,18.473953127337914,17.64439248476831
2.012,-0.4734190385358356,-0.030862760654281476,-0.026580961464164388,-0.8229505869824362,18.47689157849362,17.653940991511185
2.014,-0.47348179103252136,-0.03137624834288587,-0.02651820896747864,-0.8163363733323237,18.47988010733262,17.663543734000296
2.0159999999999996,-0.4735455611828898,-0.0318850751842221,-0.026454438817110182,-0.8097183719560587,18.482918259084173,17.673199887128114
2.0179999999999993,-0.47361033966685484,-0.03238924198252451,-0.02638966033314516,-0.8030969512106305,18.486005579016,17.682908627805368
2.019999999999999,-0.4736761171664168,-0.03288874978095789,-0.026323882833583223,-0.7964724774656102,18.48914161245921,17.6926691349936
2.021999999999999,-0.4737428843661371,-0.03338359986015814,-0.026257115633862904,-0.7898453150956658,18.492325904833198,17.702480589737533
2.0239999999999987,-0.4738106319536106,-0.03387379373676957,-0.026189368046389383,-0.783215826473251,18.495558001670194,17.71234217519694
2.0259999999999985,-0.4738793506199346,-0.034359333161978145,-0.02612064938006542,-0.7765843719614187,18.49883744863992,17.722253076678502
2.0279999999999982,-0.47394903106017466,-0.034840220120041065,-0.026050968939825336,-0.7699513099067916,18.50216379157384,17.732212481667048
2.029999999999998,-0.4740196639738283,-0.03531645682681306,-0.025980336026171724,-0.7633169966326849,18.50553657648939,17.742219579856705
2.031999999999998,-0.4740912400652848,-0.0357880457282688,-0.025908759934715198,-0.7566817864323645,18.508955349614016,17.752273563181653
2.0339999999999976,-0.47416375004428285,-0.0362549894990226,-0.02583624995571715,-0.7500460315624575,18.51241965740899,17.762373625846532
2.0359999999999974,-0.47423718462636455,-0.03671729104084421,-0.02576281537363545,-0.7434100822365052,18.51592904659314,17.772518964356635
2.037999999999997,-0.4743115345333269,-0.03717495348117155,-0.025688465466673083,-0.7367742866186644,18.51948306416644,17.782708777547775
2.039999999999997,-0.47438679049367016,-0.03762798017162118,-0.025613209506329837,-0.7301389908175508,18.523081257433248,17.792942266615697
2.0419999999999967,-0.47446294324304317,-0.038076374686495065,-0.025537056756956833,-0.723504538880224,18.52672317402567,17.803218635145445
2.0439999999999965,-0.47453998352468574,-0.03852014082128397,-0.025460016475314262,-0.7168712727863128,18.53040836192649,17.813537089140176
2.0459999999999963,-0.4746179020898681,-0.03895928259116947,-0.025382097910131907,-0.7102395324422988,18.534136369492117,17.82389683704982
2.047999999999996,-0.4746966896983271,-0.039393804229522364,-0.025303310301672877,-0.7036096556759205,18.537906745475254,17.834297089799335
2.049999999999996,-0.47477633711869993,-0.03982371018639836,-0.02522366288130007,-0.6969819782307362,18.54171903904749,17.844737060816755
2.0519999999999956,-0.474856835128954,-0.04024900512703193,-0.02514316487104601,-0.6903568337608159,18.545572799821652,17.855215966060836
2.0539999999999954,-0.47493817451681464,-0.04066969393032754,-0.025061825483185363,-0.6837345538255849,18.54946757787402,17.865733024048435
2.055999999999995,-0.47502034608018934,-0.04108578168734805,-0.024979653919810663,-0.6771154678847942,18.553402923766367,17.876287455881574
2.057999999999995,-0.47510334062758897,-0.041497273699801496,-0.024896659372411034,-0.6704999032936421,18.55737838856792,17.886878485274277
2.0599999999999947,-0.475187148978546,-0.04190417547852579,-0.024812851021453974,-0.6638881852980294,18.561393523876976,17.897505338578945
2.0619999999999945,-0.47527176196403,-0.04230649274197093,-0.024728238035970018,-0.6572806370299527,18.56544788184249,17.90816724481254
2.0639999999999943,-0.4753571704268593,-0.042704231414679786,-0.02464282957314068,-0.6506775795030333,18.569541015185465,17.918863435682432
2.065999999999994,-0.47544336522211084,-0.043097397625766275,-0.024556634777889164,-0.6440793316081889,18.573672477220168,17.929593145611978
2.067999999999994,-0.47553033721752563,-0.04348599770739306,-0.024469662782474366,-0.6374862101094363,18.57784182187515,17.940355611765714
2.0699999999999936,-0.47561807729391214,-0.04387003819324594,-0.024381922706087855,-0.6308985296398302,18.582048603714174,17.951150074074345
2.0719999999999934,-0.47570657634554614,-0.0442495258170082,-0.02429342365445386,-0.6243166026975466,18.586292377956834,17.961975775259287
2.073999999999993,-0.4757958252805678,-0.0446244675108325,-0.024204174719432203,-0.6177407396420889,18.590572700499173,17.972831960857086
2.075999999999993,-0.47588581502137545,-0.04499487040381183,-0.024114184978624553,-0.6111712486906281,18.594889127934053,17.983717879243425
2.0779999999999927,-0.47597653650501637,-0.0453607418204488,-0.024023463494983632,-0.6046084359144874,18.599241217571304,17.99463278165682
2.0799999999999925,-0.47606798068357464,-0.045722089279123954,-0.023932019316425357,-0.5980526052357549,18.60362852745783,18.005575922222075
2.0819999999999923,-0.47616013852455574,-0.04607892049056308,-0.023839861475444257,-0.5915040584240226,18.608050616397406,18.016546557973385
2.083999999999992,-0.47625300101126833,-0.04643124335630316,-0.02374699898873167,-0.5849630950932656,18.612507043970375,18.02754394887711
2.085999999999992,-0.4763465591432026,-0.04677906596715746,-0.02365344085679738,-0.5784300126988415,18.61699737055328,18.038567357854436
2.0879999999999916,-0.476440803936406,-0.0471223966016796,-0.023559196063594023,-0.5719051065346356,18.621521157338044,18.049616050803408
2.0899999999999914,-0.4765357264238552,-0.04746124372462747,-0.02346427357614478,-0.5653886697303241,18.626077966351367,18.060689296621042
2.091999999999991,-0.47663131765582606,-0.047795615985425484,-0.02336868234417394,-0.5588809932487714,18.63066736047353,18.07178636722476
2.093999999999991,-0.4767275687002593,-0.048125522216627005,-0.023272431299740715,-0.5523823658835538,18.635288903457408,18.082906537573855
2.0959999999999908,-0.47682447064312405,-0.04845097143237577,-0.023175529356875946,-0.5458930742566126,18.639942159947072,18.09404908569046
2.0979999999999905,-0.4769220145887778,-0.04877197282686719,-0.02307798541122219,-0.5394134028160317,18.64462669549634,18.105213292680308
2.0999999999999903,-0.47702019166032344,-0.04908853577280884,-0.022979808339676555,-0.5329436338339502,18.649342076587015,18.116398442753066
2.10199999999999,-0.4771189929999632,-0.049400669819880956,-0.022881007000036813,-0.5264840474045915,18.654087870647245,18.127603823242655
2.10399999999999,-0.4772184097693496,-0.04970838469319697,-0.022781590230650406,-0.5200349214424249,18.658863646069307,18.138828724626883
2.1059999999999897,-0.4773184331499331,-0.05001169029176331,-0.022681566850066892,-0.5135965316804405,18.663668972227608,18.150072440547167
2.1079999999999894,-0.477419054343307,-0.05031059668693982,-0.022580945656692997,-0.5071691516685692,18.66850341949627,18.161334267827698
2.109999999999989,-0.4775202645715488,-0.05060511412089938,-0.02247973542845122,-0.5007530527722013,18.673366559266597,18.172613506494397
2.111999999999989,-0.47762205507755895,-0.05089525300508891,-0.02237794492244105,-0.49434850417085374,18.678257963964484,18.18390945979363
2.1139999999999888,-0.4777244171253963,-0.05118102391868893,-0.022275582874603683,-0.48795577285693076,18.6831772070675,18.19522143421057
2.1159999999999886,-0.47782734200061044,-0.05146243760707486,-0.022172657999389556,-0.4815751236346359,18.688123863121895,18.20654873948726
2.1179999999999883,-0.477930821010571,-0.051739504980278066,-0.022069178989429006,-0.4752068191189833,18.69309750775944,18.217890688640455
2.119999999999988,-0.4780348454847939,-0.052012237111447056,-0.021965154515206087,-0.4688511197349357,18.698097717713964,18.229246597979028
2.121999999999988,-0.4781394067752645,-0.05228064523530961,-0.02186059322473549,-0.462508283716667,18.703124070838033,18.240615787121367
2.1239999999999877,-0.4782444962567578,-0.0525447407466357,-0.0217555037432422,-0.45617856710694277,18.708176146119026,18.251997579012084
2.1259999999999875,-0.4783501053271552,-0.052804535198700146,-0.021649894672844783,-0.4498622237566024,18.713253523695503,18.2633912999389
2.1279999999999872,-0.47845622540775873,-0.053060040301747165,-0.02154377459224127,-0.44355950532419014,18.718355784872987,18.274796279548795
2.129999999999987,-0.47856284794360165,-0.05331126792145492,-0.021437152056398345,-0.43727066127567354,18.723482512139825,18.286211850864152
2.131999999999987,-0.4786699644037565,-0.05355823007740127,-0.021330035596243524,-0.43099593888429444,18.728633289182916,18.297637350298622
2.1339999999999866,-0.47877756628163953,-0.05380093894153056,-0.021222433718360467,-0.4247355832305308,18.73380770090304,18.309072117672507
2.1359999999999864,-0.4788856450953128,-0.05403940683662116,-0.021114354904687216,-0.4184898372021742,18.739005333430242,18.32051549622807
2.137999999999986,-0.4789941923877823,-0.05427364623475458,-0.02100580761221771,-0.41225894149451936,18.744225774138915,18.331966832644394
2.139999999999986,-0.47910319972729387,-0.054503669755785376,-0.02089680027270613,-0.4060431346106717,18.74946861166284,18.34342547705217
2.1419999999999857,-0.47921265870762547,-0.05472949016581239,-0.020787341292374528,-0.39984265286196213,18.75473343590988,18.354890783047917
2.1439999999999855,-0.4793225609483768,-0.05495112037565135,-0.020677439051623225,-0.393657730368482,18.760019838076666,18.366362107708184
2.1459999999999853,-0.4794328980952554,-0.05516857343930901,-0.02056710190474459,-0.3874885990597182,18.76532741066309,18.37783881160337
2.147999999999985,-0.47954366182036035,-0.05538186255245871,-0.020456338179639655,-0.3813354886753115,18.770655747486515,18.389320258811203
2.149999999999985,-0.4796548438224622,-0.05559100105091738,-0.020345156177537793,-0.37519862676591653,18.77600444369597,18.400805816930056
2.1519999999999846,-0.47976643582728046,-0.055796002409124155,-0.020233564172719543,-0.36907823869417267,18.781373095786115,18.412294857091943
2.1539999999999844,-0.4798784295877577,-0.05599688023862116,-0.020121570412242273,-0.36297454763578846,18.78676130161098,18.423786753975193
2.155999999999984,-0.4799908168843308,-0.056193648286534933,-0.020009183115669182,-0.35688777458072163,18.792168660397692,18.435280885816972
2.157999999999984,-0.48010358952519894,-0.05638632043406082,-0.019896410474801063,-0.35081813833448783,18.79759477275986,18.446776634425373
2.1599999999999837,-0.4802167393465888,-0.05657491069494905,-0.019783260653411183,-0.34476585551955596,18.803039240710866,18.458273385191312
2.1619999999999835,-0.4803302582130168,-0.05675943321399228,-0.01966974178698322,-0.33873114057685494,18.808501667677124,18.46977052710027
2.1639999999999833,-0.4804441380175478,-0.05693990226551575,-0.019555861982452183,-0.3327142057673905,18.813981658510876,18.481267452743484
2.165999999999983,-0.48055837068205154,-0.05711633225186862,-0.01944162931794846,-0.3267152611739613,18.819478819503175,18.492763558329212
2.167999999999983,-0.48067294815745537,-0.057288737701918814,-0.01932705184254463,-0.32073451470298947,18.824992758396434,18.504258243693442
2.1699999999999826,-0.48078786242399446,-0.057457133269548794,-0.01921213757600554,-0.31477217208643465,18.830523084396887,18.515750912310452
2.1719999999999824,-0.48090310549145876,-0.05762153373215502,-0.01909689450854124,-0.3088284368838312,18.836069408186972,18.52724097130314
2.173999999999982,-0.48101866939943705,-0.05778195398914814,-0.01898133060056295,-0.30290351048440944,18.84163134193749,18.53872783145308
2.175999999999982,-0.48113454621755797,-0.05793840906045712,-0.018865453782442032,-0.2969975921093329,18.847208499319525,18.550210907210193
2.1779999999999817,-0.48125072804572805,-0.05809091408503475,-0.01874927195427195,-0.2911108788140243,18.852800495516362,18.56168961670234
2.1799999999999815,-0.4813672070143668,-0.05823948431936617,-0.018632792985633195,-0.28524356549060004,18.858406947235114,18.573163381744514
2.1819999999999813,-0.48148397528463877,-0.058384135135980286,-0.018516024715361235,-0.2793958448703985,18.86402747271821,18.584631627847813
2.183999999999981,-0.4816010250486827,-0.0585248820219632,-0.018398974951317315,-0.2735679075266071,18.86966169175484,18.59609378422823
2.185999999999981,-0.48171834852983764,-0.05866174057747533,-0.018281651470162363,-0.267759941876987,18.87530922569201,18.607549283815022
2.1879999999999806,-0.48183593798286617,-0.05879472651427032,-0.01816406201713383,-0.2619721341866919,18.880969697445682,18.61899756325899
2.1899999999999804,-0.48195378569417463,-0.05892385565421733,-0.01804621430582537,-0.2562046685711907,18.886642731511586,18.630438062940396
2.19199999999998,-0.48207188398203027,-0.05904914392782637,-0.01792811601796973,-0.25045772699927615,18.892327953975965,18.64187022697669
2.19399999999998,-0.48219022519677585,-0.05917060737277608,-0.017809774803224154,-0.24473148929617827,18.898024992526093,18.653293503229914
2.1959999999999797,-0.48230880172104074,-0.05928826213244515,-0.017691198278959264,-0.23902613314675752,18.903733476460705,18.664707343313946
2.1979999999999795,-0.48242760596994966,-0.059402124454446856,-0.017572394030050342,-0.23334183409880932,18.909453036700206,18.676111202601398
2.1999999999999793,-0.482546630391328,-0.059512210689165936,-0.017453369608671998,-0.22767876556643885,18.915183305796766,18.68750454023033
2.201999999999979,-0.4826658674659046,-0.05961853728829969,-0.01733413253409538,-0.22203709883355244,18.920923917944247,18.698886819110694
2.203999999999979,-0.48278530970751143,-0.05972112080340201,-0.017214690292488566,-0.21641700305741773,18.92667450898795,18.71025750593053
2.2059999999999786,-0.4829049496632803,-0.059819977884430255,-0.017095050336719708,-0.21081864527232658,18.932434716434262,18.721616071161936
2.2079999999999784,-0.4830247799138369,-0.05991512527829613,-0.01697522008616309,-0.2052421903933463,18.938204179460016,18.73296198906667
2.209999999999978,-0.48314479307349173,-0.06000657982741971,-0.01685520692650827,-0.19968780122015456,18.943982538921983,18.74429473770183
2.211999999999978,-0.4832649817904283,-0.06009435846828762,-0.016735018209571684,-0.1941556384409731,18.949769437365827,18.755613798924855
2.2139999999999778,-0.4833853387468883,-0.06017847823001339,-0.016614661253111673,-0.1886458606365664,18.95556451903515,18.766918658398584
2.2159999999999775,-0.48350585665935414,-0.06025895623290289,-0.01649414334064586,-0.1831586242843598,18.961367429880404,18.778208805596044
2.2179999999999773,-0.4836265282787282,-0.06033580968702235,-0.016373471721271793,-0.17769408376261137,18.96717781756752,18.78948373380491
2.219999999999977,-0.48374734639050976,-0.060409055890771,-0.016252653609490242,-0.1722523913546929,18.972995331486416,18.800742940131723
2.221999999999977,-0.48386830381496865,-0.06047871222945641,-0.016131696185031352,-0.16683369725344166,18.978819622759456,18.811985925506015
2.2239999999999767,-0.4839893934073164,-0.06054479617387494,-0.016010606592683607,-0.16143814956560282,18.984650344249612,18.82321219468401
2.2259999999999764,-0.4841106080578742,-0.060607325278895105,-0.015889391942125797,-0.15606589431634477,18.990487150568597,18.834421256252252
2.227999999999976,-0.4842319406922383,-0.060666317182044856,-0.015768059307761706,-0.15071707545387103,18.99632969808475,18.845612622630878
2.229999999999976,-0.4843533842714425,-0.060721789602103844,-0.015646615728557522,-0.1453918348541094,19.002177644930867,18.856785810076758
2.231999999999976,-0.48447493179211787,-0.06077376033769843,-0.015525068207882131,-0.14009031232547015,19.008030651011783,18.867940338686314
2.2339999999999756,-0.48459657628664965,-0.060822247265901616,-0.01540342371335035,-0.13481264561369782,19.01388837801189,18.879075732398192
2.2359999999999753,-0.48471831082333133,-0.06086726834083662,-0.015281689176668667,-0.1295589704068011,19.019750489402494,18.890191518995692
2.237999999999975,-0.4848401285065159,-0.06090884159228506,-0.015159871493484078,-0.12432942034005373,19.025616650448924,18.90128723010887
2.239999999999975,-0.4849620224767645,-0.06094698512429937,-0.01503797752323549,-0.11912412700108266,19.031486528217673,18.91236240121659
2.2419999999999747,-0.48508398591099217,-0.06098171711381885,-0.014916014089007834,-0.11394321993502465,19.037359791583235,18.92341657164821
2.2439999999999745,-0.48520601202261077,-0.0610130558092905,-0.014793987977389234,-0.10878682664976258,19.043236111234872,18.93444928458511
2.2459999999999742,-0.4853280940616694,-0.06104101952929451,-0.01467190593833062,-0.10365507262124535,19.049115159683204,18.94546008706196
2.247999999999974,-0.4854502253149917,-0.06106562666117374,-0.014549774685008288,-0.09854808129886872,19.054996611266724,18.956448529967854
2.249999999999974,-0.48557239910631106,-0.06108689565966741,-0.014427600893688941,-0.0934659741109416,19.060880142158055,18.967414168047114
2.2519999999999736,-0.48569460879640214,-0.0611048450455503,-0.014305391203597861,-0.08840887047021834,19.06676543037014,18.97835655989992
2.2539999999999734,-0.4858168477832107,-0.061119493404274895,-0.014183152216789285,-0.08337688777951208,19.072652155762317,18.989275267982805
2.255999999999973,-0.48593910950197994,-0.061130859384620206,-0.014060890498020062,-0.07837014143737225,19.07854000004616,19.00016985860879
2.257999999999973,-0.48606138742537464,-0.061138961697343425,-0.013938612574625364,-0.07338874484384084,19.084428646791274,19.011039901947434
2.2599999999999727,-0.4861836750636023,-0.06114381911383689,-0.013816324936397673,-0.06843280940626717,19.090317781430862,19.021884972024594
2.2619999999999725,-0.4863059659645319,-0.0611454504647898,-0.013694034035468095,-0.06350244454521176,19.096207091267203,19.032704646721992
2.2639999999999723,-0.4864282537138096,-0.06114387463885522,-0.0135717462861904,-0.05859775770040537,19.102096265477044,19.04349850777664
2.265999999999972,-0.4865505319349722,-0.06113911058132103,-0.013449468065027781,-0.05371885433677426,19.107984995116666,19.05426614077989
2.267999999999972,-0.4866727942895578,-0.06113117729278584,-0.013327205710442214,-0.048865837950543,19.11387297312711,19.065007135176565
2.2699999999999716,-0.48679503447721345,-0.0611200938278405,-0.01320496552278655,-0.044038810075401835,19.119759894338912,19.07572108426351
2.2719999999999714,-0.48691724623580096,-0.0611058792937537,-0.01308275376419904,-0.039237870288737986,19.125645455477038,19.0864075851883
2.273999999999971,-0.4870394233414993,-0.061088552849162994,-0.0129605766585007,-0.03446311621793202,19.131529355165434,19.0970662389475
2.275999999999971,-0.48716155960890484,-0.061068133702771206,-0.012838440391095163,-0.02971464354672404,19.137411293931553,19.107696650384828
2.2779999999999707,-0.4872836488911289,-0.06104464111204663,-0.012716351108871093,-0.024992546021636863,19.14329097421078,19.118298428189146
2.2799999999999705,-0.4874056850798928,-0.061018094381929885,-0.012594314920107208,-0.020296915458470677,19.149168100350597,19.128871184892127
2.2819999999999703,-0.4875276621056199,-0.06098851286354448,-0.012472337894380126,-0.015627841748849236,19.155042378614745,19.139414536865896
2.28399999999997,-0.4876495739375257,-0.06095591595291379,-0.012350426062474273,-0.010985412866849176,19.160913517187165,19.149928104320317
2.28599999999997,-0.4877714145837051,-0.06092032308968196,-0.012228585416294901,-0.006369714875660626,19.166781226175893,19.160411511300232
2.2879999999999696,-0.4878931780912168,-0.060881753755841525,-0.012106821908783205,-0.0017808319343403656,19.172645217616715,19.170864385682375
2.2899999999999694,-0.4880148585461657,-0.06084022747446453,-0.01198514145383428,0.002781153695403993,19.178505205476768,19.181286359172173
2.291999999999969,-0.4881364500737826,-0.06079576380844091,-0.01186354992621741,0.007316161642344998,19.184360905657986,19.19167706730033
2.293999999999969,-0.48825794683850104,-0.06074838235922016,-0.011742053161498955,0.011824113418830884,19.190212036000453,19.202036149419285
2.2959999999999687,-0.4883793430440322,-0.060698102765560494,-0.011620656955967812,0.01630493241380304,19.19605831628558,19.212363248699383
2.2979999999999685,-0.48850063293343676,-0.060644944702281676,-0.011499367066563237,0.020758543885771474,19.201899468239137,19.22265801212491
2.2999999999999683,-0.4886218107891948,-0.06058892787902423,-0.01137818921080519,0.025184874955723913,19.207735215534235,19.23292009048996
2.301999999999968,-0.48874287093327284,-0.060530072039013644,-0.011257129066727156,0.029583854599986248,19.213565283794143,19.24314913839413
2.303999999999968,-0.4888638077271885,-0.060468396957830316,-0.011136192272811485,0.0339554136430229,19.219389400594928,19.253344814237952
2.3059999999999676,-0.4889846155720729,-0.06040392244218549,-0.0110153844279271,0.03829948475018313,19.225207295468067,19.26350678021825
2.3079999999999674,-0.4891052889087303,-0.06033666832870165,-0.010894711091269715,0.04261600242039992,19.23101869990287,19.273634702323267
2.309999999999967,-0.48922582221769567,-0.060266654482699696,-0.010774177782304328,0.0469049029788246,19.236823347348782,19.283728250327606
2.311999999999967,-0.48934621001928963,-0.06019390079699092,-0.01065378998071037,0.05116612456942443,19.242620973217576,19.293787097787
2.3139999999999668,-0.48946644687367097,-0.06011842719067502,-0.010533553126329032,0.05539960714751252,19.248411314885463,19.303810922032977
2.3159999999999665,-0.48958652738088687,-0.06004025360794396,-0.010413472619113129,0.05960529247223889,19.25419411169498,19.313799404167217
2.3179999999999663,-0.48970644618092063,-0.05995940001689071,-0.01029355381907937,0.06378312409902653,19.259969104956863,19.323752229055888
2.319999999999966,-0.4898261979537373,-0.05987588640832515,-0.010173802046262725,0.06793304737195083,19.26573603795173,19.33366908532368
2.321999999999966,-0.4899457774193265,-0.05978973279459432,-0.01005422258067351,0.07205500941609216,19.271494655931697,19.34354966534779
2.3239999999999656,-0.4900651793377433,-0.05970095920840965,-0.009934820662256705,0.07614895912981412,19.27724470612182,19.353393665251634
2.3259999999999654,-0.49018439850914663,-0.05960958570167892,-0.009815601490853365,0.080214847177009,19.282985937721488,19.363200784898495
2.327999999999965,-0.49030342977383534,-0.05951563234434525,-0.009696570226164658,0.08425262597929678,19.288718101905566,19.372970727884862
2.329999999999965,-0.4904222680122818,-0.05941911922323097,-0.009577731987718219,0.0882622497081757,19.294440951825692,19.382703201533868
2.3319999999999648,-0.49054090814516355,-0.0593200664408877,-0.009459091854836454,0.09224367427711899,19.300154242611082,19.3923979168882
2.3339999999999645,-0.49065934513339243,-0.05921849411445291,-0.009340654866607567,0.09619685733364342,19.305857731369557,19.4020545887032
2.3359999999999643,-0.4907775739781415,-0.05911442237451191,-0.00922242602185852,0.10012175825132058,19.31155117718824,19.411672935439558
2.337999999999964,-0.4908955897208694,-0.05900787136396562,-0.009104410279130615,0.10401833812175443,19.317234341134306,19.42125267925606
2.339999999999964,-0.4910133874433432,-0.05889886123690488,-0.008986612556656781,0.10788655974650035,19.322906986255436,19.430793546001937
2.3419999999999637,-0.4911309622676582,-0.05878741215749057,-0.008869037732341822,0.1117263876289678,19.328568877580345,19.44029526520931
2.3439999999999634,-0.49124830935625585,-0.05867354429883981,-0.008751690643744148,0.11553778796625169,19.334219782119007,19.449757570085257
2.3459999999999632,-0.4913654239119397,-0.05855727784191842,-0.008634576088060286,0.11932072864095256,19.339859468863008,19.45918019750396
2.347999999999963,-0.4914823011778886,-0.058438632974438624,-0.008517698822111397,0.12307517921293593,19.34548770878549,19.468562887998427
2.349999999999963,-0.4915989364376681,-0.05831762988976428,-0.00840106356233189,0.12680111091105312,19.35110427484136,19.477905385752415
2.3519999999999626,-0.49171532501523973,-0.058194288785821474,-0.008284674984760265,0.13049849662483864,19.35670894196698,19.487207438591817
2.3539999999999623,-0.49183146227496777,-0.05806862986401453,-0.008168537725032232,0.13416731089616118,19.362301487080018,19.496468797976178
2.355999999999962,-0.49194734362162407,-0.05794067332815011,-0.008052656378375933,0.13780752991082695,19.36788168907922,19.505689218990046
2.357999999999962,-0.4920629645003908,-0.05781043938336552,-0.007937035499609224,0.14141913149016355,19.373449328843865,19.51486846033403
2.3599999999999617,-0.4921783203968609,-0.05767794823506487,-0.00782167960313912,0.14500209508255518,19.379004189233278,19.524006284315835
2.3619999999999615,-0.4922934068370366,-0.05754322008786008,-0.007706593162963404,0.14855640175495416,19.384546055086194,19.53310245684115
2.3639999999999612,-0.49240821938732565,-0.0574062751445193,-0.007591780612674348,0.15208203418434446,19.39007471322005,19.542156747404395
2.365999999999961,-0.4925227536545355,-0.057267133604921056,-0.007477246345464483,0.15557897664918047,19.395589952430072,19.551168929079253
2.367999999999961,-0.49263700528586557,-0.057125815665014595,-0.00736299471413443,0.1590472150207891,19.40109156348837,19.56013877850916
2.3699999999999606,-0.49275096996889717,-0.05698234151578688,-0.007249030031102832,0.16248673675473957,19.406579339142915,19.569066075897656
2.3719999999999604,-0.49286464343158165,-0.056836731342235734,-0.0071353565684183495,0.16589753088218173,19.412053074116372,19.577950604998552
2.37399999999996,-0.49297802144222636,-0.05668900532234926,-0.007021978557773645,0.1692795880011519,19.417512565104833,19.586792153105986
2.37599999999996,-0.4930910998094785,-0.05653918362609226,-0.006908900190521483,0.17263290026784828,19.422957610776525,19.595590511044374
2.3779999999999597,-0.49320387438230734,-0.0563872864143978,-0.006796125617692661,0.17595746138787877,19.428388011770323,19.6043454731582
2.3799999999999595,-0.4933163410499837,-0.056233333838166345,-0.006683658950016325,0.17925326660747598,19.433803570694216,19.61305683730169
2.3819999999999593,-0.4934284957420582,-0.056077346037270805,-0.006571504257941785,0.18252031270467778,19.439204092123717,19.621724404828395
2.383999999999959,-0.49354033442833734,-0.055919343139567805,-0.006459665571662665,0.18575859798049504,19.444589382600082,19.630347980580577
2.385999999999959,-0.4936518531188572,-0.055759345259916104,-0.006348146881142824,0.18896812225003584,19.449959250628496,19.63892737287853
2.3879999999999586,-0.49376304786385555,-0.05559737249920067,-0.006236952136144447,0.19214888683361586,19.45531350667615,19.647462393509763
2.3899999999999584,-0.49387391475374226,-0.055433444943363726,-0.00612608524625774,0.1953008945478275,19.460651963170267,19.655952857718095
2.391999999999958,-0.49398444991906715,-0.055267582662441965,-0.006015550080932852,0.19842414969660022,19.465974434495926,19.664398584192526
2.393999999999958,-0.4940946495304864,-0.05509980570961068,-0.005905350469513626,0.20151865806222163,19.471280736993933,19.672799395056153
2.3959999999999577,-0.4942045097987268,-0.05493013412023388,-0.005795490201273179,0.20458442689634038,19.476570688958457,19.681155115854796
2.3979999999999575,-0.4943140269745487,-0.0547585879109215,-0.0056859730254513186,0.20762146491094385,19.481844110634736,19.68946557554568
2.3999999999999573,-0.4944231973487059,-0.054585187078592355,-0.0055768026512941216,0.21062978226931928,19.487100824216544,19.697730606485862
2.401999999999957,-0.494532017251905,-0.054409951599544475,-0.005467982748095013,0.21360939057697398,19.49234065384364,19.705950044420614
2.403999999999957,-0.49464048305476205,-0.05423290142853142,-0.005359516945237952,0.2165603028725553,19.497563425599175,19.71412372847173
2.4059999999999566,-0.4947485911677577,-0.05405405649784572,-0.005251408832242288,0.21948253361873327,19.502768967506846,19.72225150112558
2.4079999999999564,-0.4948563380411905,-0.05387343671640772,-0.005143661958809498,0.22237609869307423,19.507957109528185,19.73033320822126
2.409999999999956,-0.49496372016512824,-0.053691061968862745,-0.00503627983487176,0.22524101537888186,19.513127683559624,19.738368698938505
2.411999999999956,-0.4950707340693576,-0.053506952114683023,-0.0049292659306424125,0.22807730235603157,19.51828052342949,19.74635782578552
2.4139999999999557,-0.49517737632333214,-0.0533211269872777,-0.004822623676667859,0.2308849796917677,19.523415464894878,19.754300444586647
2.4159999999999555,-0.49528364353611837,-0.053133606393108705,-0.004716356463881632,0.23366406883150725,19.528532345638606,19.762196414470115
2.4179999999999553,-0.49538953235634,-0.052944410110812946,-0.004610467643660021,0.23641459258960434,19.533631005265853,19.770045597855457
2.419999999999955,-0.49549503947212065,-0.05275355789033214,-0.004504960527879354,0.23913657514010273,19.538711285300938,19.77784786044104
2.421999999999955,-0.49560016161102477,-0.052561069452048095,-0.00439983838897523,0.24183004200748298,19.543773029183832,19.785603071191314
2.4239999999999546,-0.49570489553999664,-0.052366964485925566,-0.004295104460003363,0.24449502005737556,19.54881608226671,19.793311102324086
2.4259999999999544,-0.495809238065298,-0.05217126265066099,-0.004190761934702025,0.24713153748727001,19.553840291810378,19.800971829297648
2.427999999999954,-0.49591318603244366,-0.05197398357283878,-0.004086813967556335,0.24973962381720693,19.558845506980653,19.80858513079786
2.429999999999954,-0.49601673632613585,-0.05177514684609305,-0.003983263673864146,0.2523193098804568,19.563831578844557,19.816150888725012
2.4319999999999538,-0.4961198858701964,-0.05157477203027725,-0.0038801141298036024,0.2548706278141786,19.568798360366607,19.823668988180785
2.4339999999999535,-0.4962226316274977,-0.05137287865063937,-0.00377736837250231,0.2573936110500739,19.573745706404907,19.83113931745498
2.4359999999999533,-0.4963249705998917,-0.051169486197004635,-0.003675029400108276,0.2598882943050226,19.57867347370716,19.83856176801218
2.437999999999953,-0.49642689982813765,-0.05096461412296457,-0.0035731001718623534,0.26235471357170603,19.58358152090664,19.845936234478348
2.439999999999953,-0.49652841639182776,-0.05075828184507171,-0.003471583608172235,0.2647929061092224,19.588469708518204,19.853262614627425
2.4419999999999527,-0.4966295174093118,-0.05055050874204354,-0.003370482590688173,0.26720291043368427,19.593337898933918,19.860540809367603
2.4439999999999524,-0.49673020003761975,-0.05034131415397051,-0.0032697999623802487,0.2695847663088214,19.598185956418934,19.867770722727755
2.445999999999952,-0.4968304614723828,-0.05013071738153173,-0.0031695385276171995,0.2719385147365541,19.603013747107166,19.87495226184372
2.447999999999952,-0.49693029894775326,-0.04991873768521773,-0.0030697010522467427,0.27426419794756585,19.60782113899682,19.882085336944385
2.4499999999999518,-0.4970297097363224,-0.049705394284559015,-0.002970290263677622,0.2765618593918721,19.612608001946008,19.88916986133788
2.4519999999999516,-0.4971286911490371,-0.0494907063573624,-0.0028713088509628726,0.27883154372936725,19.617374207668124,19.896205751397492
2.4539999999999513,-0.497227240535115,-0.049274693038952815,-0.0027727594648849774,0.2810732968203843,19.622119629727337,19.90319292654772
2.455999999999951,-0.49732535528195787,-0.04905737342142261,-0.0026746447180421296,0.2832871657162234,19.62684414353381,19.910131309250033
2.457999999999951,-0.49742303281506367,-0.04883876655288742,-0.0025769671849363296,0.2854731986496957,19.63154762633907,19.917020824988768
2.4599999999999507,-0.4975202705979372,-0.04861889143674836,-0.0024797294020628136,0.2876314450256462,19.636229957231066,19.923861402256712
2.4619999999999505,-0.49761706613199913,-0.04839776703096133,-0.0023829338680008694,0.2897619554114743,19.640891017129405,19.93065297254088
2.4639999999999502,-0.49771341695649374,-0.04817541224731295,-0.002286583043506263,0.2918647815276559,19.64553068878035,19.937395470308008
2.46599999999995,-0.4978093206483951,-0.047951845950702336,-0.002190679351604885,0.2939399762382531,19.65014885675181,19.94408883299006
2.46799999999995,-0.497904774822312,-0.047727086958431114,-0.0020952251776880093,0.2959875935414233,19.654745407428287,19.95073300096971
2.4699999999999496,-0.497999777130391,-0.04750115403949873,-0.002000222869608992,0.29800768855992854,19.659320229005743,19.95732791756567
2.4719999999999493,-0.4980943252622188,-0.04727406591390468,-0.0019056747377811933,0.30000031753163015,19.663873211486376,19.963873529018006
2.473999999999949,-0.4981884169447227,-0.04704584125195831,-0.0018115830552772882,0.3019655377999897,19.66840424667334,19.97036978447333
2.475999999999949,-0.4982820499420699,-0.04681649867359399,-0.0017179500579300733,0.303903407804575,19.672913228165484,19.97681663597006
2.4779999999999487,-0.49837522205556534,-0.04658605674769409,-0.0016247779444346633,0.305813987071549,19.677400051351935,19.983214038423483
2.4799999999999485,-0.49846793112354815,-0.046354533991417764,-0.001532068876451853,0.30769733620416617,19.681864613406603,19.98956194961077
2.4819999999999482,-0.49856017502128724,-0.04612194886953682,-0.001439824978712756,0.309553516873268,19.686306813282744,19.995860330156013
2.483999999999948,-0.4986519516608748,-0.04588831979377783,-0.0013480483391252185,0.3113825918077843,19.690726551707392,20.002109143515177
2.485999999999948,-0.4987432589911191,-0.04565366512217181,-0.0012567410088809017,0.3131846247852139,19.695123731175684,20.0083083559609
2.4879999999999476,-0.4988340949974359,-0.04541800315840955,-0.0011659050025640827,0.3149596806221384,19.69949825594523,20.014457936567368
2.4899999999999474,-0.4989244577017383,-0.04518135215120385,-0.001075542298261678,0.3167078251647131,19.703850032030356,20.02055785719507
2.491999999999947,-0.4990143451623256,-0.044943730293658564,-0.0009856548376743768,0.31842912527916367,19.7081789671963,20.026608092475463
2.493999999999947,-0.4991037554737709,-0.044705155722644226,-0.0008962445262291063,0.32012364884229344,19.712484970953405,20.0326086197957
2.4959999999999467,-0.4991926867668073,-0.04446564651818044,-0.0008073132331927191,0.32179146473198955,19.716767954551173,20.038559419283164
2.4979999999999465,-0.49928113720821293,-0.0442252207028241,-0.0007188627917870671,0.32343264281773476,19.72102783097232,20.044460473790057
2.4999999999999463,-0.4993691050006951,-0.04398389624106523,-0.0006308949993049096,0.3250472539511101,19.725264514926817,20.050311768877926
2.501999999999946,-0.49945658838277257,-0.043741691038728964,-0.0005434116172274295,0.32663536995632547,19.729477922845696,20.05611329280202
2.503999999999946,-0.49954358562865736,-0.04349862294238393,-0.0004564143713426394,0.32819706362073453,19.73366797287511,20.061865036495846
2.5059999999999456,-0.4996300950481349,-0.043254709738757516,-0.00036990495186511874,0.32973240868536585,19.73783458487004,20.067566993555406
2.5079999999999454,-0.4997161149864432,-0.04300996915415773,-0.00028388501355680607,0.3312414798354554,19.741977680388114,20.07321916022357
2.509999999999945,-0.499801643824151,-0.04276441885390124,-0.00019835617584901266,0.3327243526909896,19.746097182683354,20.078821535374342
2.511999999999945,-0.4998866799770345,-0.04251807644174815,-0.00011332002296549071,0.3341811037972494,19.750193016699868,20.084374120497117
2.5139999999999447,-0.4999712218959532,-0.04227095945934364,-2.8778104046778274e-05,0.33561181061536555,19.754265109065457,20.089876919680822
2.5159999999999445,-0.5000552680667245,-0.042023085385666153,5.526806672451201e-05,0.337016551512878,19.75831338808522,20.0953299395981
2.5179999999999443,-0.5001388170099975,-0.04177447163648091,0.00013881700999751612,0.3383954057543097,19.762337783735088,20.100733189489397
2.519999999999944,-0.5002218672811252,-0.041525135563801704,0.0002218672811251654,0.3397484534917479,19.76633822765532,20.10608668114707
2.521999999999944,-0.5003044174700358,-0.041275094455358215,0.00030441747003584485,0.34107577575542025,19.77031465314398,20.1113904288994
2.5239999999999436,-0.5003864662011039,-0.04102436553406946,0.00038646620110394103,0.3423774544442995,19.774266995150285,20.116644449594585
2.5259999999999434,-0.500468012133019,-0.04077296595752514,0.00046801213301894684,0.34365357231671334,19.778195190268033,20.121848762584747
2.527999999999943,-0.5005490539586539,-0.04052091281747161,0.0005490539586539,0.34490421298095897,19.7820991767288,20.12700338970976
2.529999999999943,-0.5006295904049325,-0.040268223139305975,0.0006295904049324896,0.3461294608859289,19.78597889439538,20.13210835528131
2.5319999999999427,-0.5007096202326956,-0.040014913881575624,0.0007096202326956069,0.3473294013117474,19.789834284754903,20.13716368606665
2.5339999999999425,-0.5007891422365666,-0.03976100193548422,0.0007891422365665646,0.34850412036042927,19.793665290911967,20.142169411272395
2.5359999999999423,-0.5008681552448154,-0.03950650412440507,0.0008681552448154273,0.34965370494653636,19.79747185758198,20.147125562528515
2.537999999999942,-0.5009466581192222,-0.039251437203399596,0.0009466581192222323,0.35077824278785763,19.80125393108404,20.1520321738719
2.539999999999942,-0.5010246497549398,-0.03899581785874317,0.001024649754939766,0.35187782239608606,19.805011459334146,20.156889281730233
2.5419999999999416,-0.5011021290803547,-0.038739662707457226,0.0011021290803546746,0.352952533067536,19.808744391838204,20.16169692490574
2.5439999999999414,-0.5011790950569484,-0.03848298829684665,0.0011790950569483538,0.3540024648738448,19.81245267968493,20.166455144558775
2.545999999999941,-0.5012555466791564,-0.03822581110404543,0.001255546679156394,0.35502770865270733,19.816136275538895,20.1711639841916
2.547999999999941,-0.5013314829742276,-0.03796814753556733,0.0013314829742275824,0.3560283559986192,19.819795133633406,20.175823489632023
2.5499999999999408,-0.5014069030020813,-0.037710013926862816,0.00140690300208135,0.3570044992536419,19.82342920976332,20.18043370901696
2.5519999999999405,-0.5014818058551651,-0.03745142654188334,0.001481805855165108,0.35795623149815653,19.827038461277986,20.184994692776144
2.5539999999999403,-0.5015561906583104,-0.0371924015726507,0.0015561906583103635,0.35888364654167104,19.830622847073958,20.189506493615628
2.55599999999994,-0.5016300565685881,-0.036932955138833656,0.0016300565685880564,0.3597868389136201,19.83418232758779,20.19396916650141
2.55799999999994,-0.5017034027751627,-0.03667310328733023,0.0017034027751626768,0.3606659038541915,19.837716864788792,20.198382768642983
2.5599999999999397,-0.5017762284991464,-0.03641286199185666,0.0017762284991463817,0.3615209373051489,19.841226422171687,20.202747359476835
2.5619999999999394,-0.5018485329934514,-0.03615224715254246,0.001848532993451446,0.3623520359007085,19.844710964749314,20.207063000650024
2.563999999999939,-0.5019203155426425,-0.035891274595531444,0.0019203155426424923,0.36315929695839755,19.848170459045203,20.2113297560036
2.565999999999939,-0.5019915754627877,-0.03562996007258915,0.0019915754627877202,0.36394281846995125,19.851604873086266,20.215547691556218
2.5679999999999388,-0.5020623121013091,-0.03536831926071724,0.0020623121013091383,0.364702699092222,19.855014176395237,20.21971687548746
2.5699999999999386,-0.5021325248368327,-0.035106367761772235,0.0021325248368326832,0.36543903813810347,19.858398339983317,20.22383737812142
2.5719999999999383,-0.5022022130790369,-0.03484412110209257,0.0022022130790368966,0.3661519355674852,19.861757336342666,20.227909271910153
2.573999999999938,-0.5022713762685012,-0.03458159473212994,0.0022713762685011574,0.3668414919782164,19.865091139438825,20.231932631417042
2.575999999999938,-0.5023400138765534,-0.03431880402608807,0.0023400138765533596,0.3675078085970858,19.868399724703178,20.235907533300264
2.5779999999999377,-0.5024081254051165,-0.034055764281567376,0.002408125405116479,0.36815098727083895,19.871683069025426,20.239834056296264
2.5799999999999375,-0.5024757103865549,-0.033792490719214786,0.002475710386554919,0.36877113045719817,19.874941150745922,20.24371228120312
2.5819999999999372,-0.5025427683835196,-0.03352899848238075,0.0025427683835196335,0.36936834121591505,19.878173949648044,20.247542290863958
2.583999999999937,-0.5026092989887933,-0.033265302636782026,0.0026092989887932516,0.36994272319983135,19.88138144695055,20.25132417015038
2.585999999999937,-0.5026753018251336,-0.03300141817017003,0.002675301825133647,0.3704943806459863,19.88456362529987,20.255058005945855
2.5879999999999366,-0.5027407765451176,-0.03273735999200587,0.002740776545117618,0.3710234183667061,19.887720468762378,20.258743887129086
2.5899999999999364,-0.5028057228309839,-0.03247314293314114,0.0028057228309839033,0.37152994174075166,19.890851962816683,20.262381904557433
2.591999999999936,-0.5028701403944749,-0.032208781745504074,0.0028701403944748627,0.37201405670448523,19.893958094345876,20.265972151050363
2.593999999999936,-0.5029340289766785,-0.031944291101792914,0.0029340289766784933,0.3724758697430271,19.89703885162966,20.269514721372687
2.5959999999999357,-0.5029973883478689,-0.03167968559517452,0.00299738834786889,0.37291548788148304,19.900094224336634,20.273009712218116
2.5979999999999355,-0.5030602183073468,-0.03141497973898841,0.003060218307346818,0.37333301867615176,19.903124203516384,20.276457222192537
2.5999999999999353,-0.5031225186832797,-0.031150187966457816,0.003122518683279729,0.37372857020578,19.90612878159164,20.27985735179742
2.601999999999935,-0.5031842893325406,-0.030885324630405917,0.0031842893325405575,0.37410225106285167,19.90910795235046,20.28321020341331
2.603999999999935,-0.5032455301405465,-0.030620404002977764,0.0032455301405465153,0.3744541703448696,19.912061710938225,20.286515881283094
2.6059999999999346,-0.5033062410210972,-0.030355440275369176,0.0033062410210972226,0.3747844376456827,19.91499005384979,20.289774491495475
2.6079999999999344,-0.5033664219162124,-0.030090447557559723,0.003366421916212392,0.3750931630468423,19.9178929789215,20.292986141968342
2.609999999999934,-0.5034260727959685,-0.029825439878053108,0.0034260727959685155,0.3753804571089735,19.92077048532328,20.296150942432256
2.611999999999934,-0.5034851936583358,-0.029560431183622792,0.0034851936583357723,0.3756464308631655,19.92362257355055,20.299269004413716
2.6139999999999337,-0.5035437845290139,-0.029295435339063192,0.003543784529013938,0.37589119580241326,19.92644924541639,20.302340441218803
2.6159999999999335,-0.5036018454612678,-0.02903046612694637,0.0036018454612678497,0.37611486387306303,19.92925050404334,20.3053653679164
2.6179999999999333,-0.5036593765357626,-0.028765537247385304,0.0036593765357626484,0.376317547466285,19.932026353855466,20.308343901321752
2.619999999999933,-0.5037163778603982,-0.028500662317802284,0.0037163778603982456,0.37649935940958834,19.934776800570315,20.311276159979904
2.621999999999933,-0.5037728495701437,-0.02823585487270323,0.003772849570143677,0.37666041295834807,19.937501851190788,20.314162264149136
2.6239999999999326,-0.5038287918268706,-0.027971128363457325,0.00382879182687057,0.37680082178737295,19.9402015139971,20.317002335784473
2.6259999999999324,-0.5038842048191867,-0.02770649615808269,0.0038842048191867207,0.3769206999824814,19.94287579853865,20.319796498521132
2.627999999999932,-0.5039390887622688,-0.027441971541037245,0.003939088762268783,0.37702016203213035,19.945524715625943,20.322544877658075
2.629999999999932,-0.5039934438976948,-0.027177567713016243,0.003993443897694848,0.3770993228190493,19.948148277322364,20.325247600141413
2.6319999999999317,-0.5040472704932764,-0.02691329779075326,0.004047270493276356,0.3771582976119239,19.950746496936183,20.327904794548108
2.6339999999999315,-0.50410056884289,-0.026649174806829382,0.004100568842890007,0.3771972020570803,19.953319389012258,20.330516591069337
2.6359999999999313,-0.504153339266309,-0.02638521170948589,0.0041533392663090085,0.3772161521702353,19.95586696932395,20.333083121494184
2.637999999999931,-0.5042055821090339,-0.026121421362442977,0.0042055821090338785,0.3772152643282475,19.958389254864887,20.335604519193133
2.639999999999931,-0.5042572977421234,-0.025857816544724844,0.004257297742123356,0.37719465526089896,19.960886263840784,20.33808091910168
2.6419999999999306,-0.5043084865620243,-0.025594409950489023,0.004308486562024316,0.37715444204273296,19.963358015661235,20.34051245770397
2.6439999999999304,-0.504359148990402,-0.02533121418886186,0.0043591489904020175,0.3770947420848848,19.965804530931543,20.342899273016428
2.64599999999993,-0.5044092854739696,-0.02506824178377908,0.004409285473969571,0.3770156731269756,19.968225831444382,20.34524150457136
2.64799999999993,-0.5044588964843172,-0.02480550517383218,0.0044588964843171874,0.3769173532290155,19.970621940171654,20.34753929340067
2.6499999999999297,-0.5045079825177414,-0.024543016712119343,0.004507982517741427,0.3767999007633449,19.972992881256225,20.34979278201957
2.6519999999999295,-0.5045565440950737,-0.024280788666102854,0.004556544095073667,0.3766634344066118,19.97533868000356,20.352002114410173
2.6539999999999293,-0.5046045817615086,-0.02401883321747116,0.004604581761508575,0.3765080731317695,19.977659362873652,20.354167436005422
2.655999999999929,-0.5046520960864326,-0.023757162462005686,0.004652096086432578,0.37633393620011224,19.979954957472565,20.356288893672676
2.657999999999929,-0.5046990876632514,-0.023495788409454616,0.0046990876632514444,0.37614114315334857,19.982225492544234,20.358366635697582
2.6599999999999286,-0.5047455571092183,-0.023234722983409634,0.004745557109218312,0.3759298138056947,19.98447099796217,20.360400811767864
2.6619999999999284,-0.5047915050652607,-0.022973978021189945,0.004791505065260715,0.37570006823600954,19.986691504721158,20.36239157295717
2.663999999999928,-0.5048369321958082,-0.02271356527373048,0.0048369321958081635,0.37545202677994816,19.988887044928944,20.36433907170889
2.665999999999928,-0.5048818391886191,-0.022453496405475393,0.004881839188619064,0.3751858100221704,19.991057651797924,20.366243461820094
2.6679999999999278,-0.5049262267546076,-0.02219378299427647,0.004926226754607632,0.3749015387885657,19.99320335963682,20.368104898425386
2.6699999999999275,-0.5049700956276703,-0.021934436531297462,0.004970095627670257,0.37459933413851704,19.9953242038424,20.369923537980917
2.6719999999999273,-0.5050134465645121,-0.021675468420922724,0.005013446564512081,0.37427931735719,19.99742022089115,20.37169953824834
2.673999999999927,-0.5050562803444735,-0.021416889980671264,0.005056280344473474,0.373941609947865,19.99949144833085,20.373433058278717
2.675999999999927,-0.5050985977693557,-0.021158712441116053,0.005098597769355728,0.37358633362430904,20.00153792477237,20.37512425839668
2.6779999999999267,-0.5051403996632473,-0.02090094694580722,0.005140399663247308,0.3732136103031576,20.003559689881246,20.376773300184404
2.6799999999999264,-0.5051816868723498,-0.020643604551202337,0.005181686872349767,0.3728235620963501,20.005556784369393,20.378380346465743
2.681999999999926,-0.505222460264803,-0.020386696226599766,0.005222460264802997,0.37241631130360936,20.00752924998672,20.37994556129033
2.683999999999926,-0.5052627207305112,-0.02013023285407757,0.00526272073051115,0.371991980404918,20.00947712951282,20.381469109917738
2.685999999999926,-0.505302469180968,-0.01987422522843775,0.005302469180967995,0.37155069205306657,20.011400466748594,20.38295115880166
2.6879999999999256,-0.5053417065490823,-0.019618684057155004,0.005341706549082281,0.3710925690662218,20.013299306507967,20.384391875574188
2.6899999999999253,-0.505380433789003,-0.01936361996033019,0.005380433789002992,0.37061773442053125,20.015173694609445,20.385791429029975
2.691999999999925,-0.5054186518759443,-0.019109043470648936,0.005418651875944258,0.3701263112427612,20.017023677867837,20.387149989110597
2.693999999999925,-0.505456361806011,-0.01885496503334489,0.005456361806010945,0.3696184228029618,20.01884930408591,20.388467726888873
2.6959999999999247,-0.5054935645960232,-0.01860139500616839,0.005493564596023237,0.36909419250719694,20.02065062204599,20.38974481455319
2.6979999999999245,-0.505530261283342,-0.01834834365935855,0.005530261283341997,0.3685537438902766,20.022427681501668,20.390981425391946
2.6999999999999242,-0.5055664529256932,-0.018095821175621335,0.005566452925693244,0.3679972006085483,20.024180533169414,20.392177733777963
2.701999999999924,-0.5056021406009935,-0.01784383765011185,0.00560214060099351,0.36742468643270043,20.02590922872029,20.39333391515299
2.703999999999924,-0.5056373254071743,-0.01759240309042118,0.005637325407174321,0.36683632524063525,20.027613820771535,20.39445014601217
2.7059999999999236,-0.5056720084620074,-0.017341527416568345,0.0056720084620074385,0.36623224101034224,20.029294362878314,20.395526603888655
2.7079999999999234,-0.5057061909029295,-0.017091220460996374,0.005706190902929453,0.3656125578128443,20.03095090952526,20.396563467338105
2.709999999999923,-0.5057398738868666,-0.016841491968573406,0.005739873886866587,0.3649773998051491,20.03258351611831,20.39756091592346
2.711999999999923,-0.5057730585900598,-0.016592351596597686,0.005773058590059832,0.3643268912232507,20.03419223897619,20.39851913019944
2.7139999999999227,-0.5058057462078894,-0.016343808914808224,0.005805746207889428,0.36366115637517477,20.035777135322256,20.399438291697432
2.7159999999999225,-0.5058379379547002,-0.016095873405398954,0.005837937954700223,0.3629803196340429,20.037338263276048,20.400318582910092
2.7179999999999223,-0.5058696350636263,-0.015848554463038005,0.005869635063626255,0.36228450543120055,20.038875681845077,20.40116018727628
2.719999999999922,-0.505900838786416,-0.015601861394890879,0.005900838786416007,0.36157383824935424,20.04038945091642,20.401963289165774
2.721999999999922,-0.5059315503932573,-0.015355803420648507,0.005931550393257323,0.3608484426157673,20.041879631248495,20.402728073864264
2.7239999999999216,-0.5059617711726024,-0.015110389672560032,0.005961771172602437,0.36010844309548096,20.04334628446272,20.403454727558202
2.7259999999999214,-0.5059915024309933,-0.014865629195468943,0.005991502430993334,0.3593539642845777,20.044789473035205,20.40414343731978
2.727999999999921,-0.506020745492887,-0.014621530946854342,0.006020745492887003,0.3585851308034849,20.046209260288535,20.404794391092018
2.729999999999921,-0.5060495017004808,-0.01437810379687643,0.006049501700480797,0.35780206729031483,20.047605710383397,20.405407777673712
2.7319999999999207,-0.5060777724135377,-0.014135356528426582,0.006077772413537685,0.3570048983942433,20.048978888310433,20.405983786704677
2.7339999999999205,-0.5061055590092121,-0.013893297837180508,0.006105559009212058,0.35619374876892007,20.050328859881823,20.406522608650743
2.7359999999999203,-0.5061328628818754,-0.013651936331657176,0.006132862881875423,0.35536874306592636,20.051655691723166,20.407024434789093
2.73799999999992,-0.506159685442942,-0.013411280533280934,0.006159685442941987,0.3545300059282743,20.052959451265146,20.40748945719342
2.73999999999992,-0.5061860281206949,-0.013171338876448396,0.006186028120694909,0.3536776619839269,20.05424020673535,20.407917868719277
2.7419999999999196,-0.5062118923601121,-0.012932119708598772,0.0062118923601121034,0.3528118358393835,20.055498027149987,20.40830986298937
2.7439999999999194,-0.5062372796226927,-0.012693631290289706,0.006237279622692715,0.3519326520732743,20.056732982305736,20.40866563437901
2.745999999999919,-0.5062621913862833,-0.012455881795275098,0.006262191386283256,0.35104023523002625,20.05794514277146,20.408985378001486
2.747999999999919,-0.5062866291449044,-0.012218879310589244,0.00628662914490441,0.350134709813531,20.05913457988006,20.40926928969359
2.7499999999999187,-0.5063105944085777,-0.011982631836633192,0.00631059440857773,0.34921620028089034,20.06030136572026,20.40951756600115
2.7519999999999185,-0.5063340887031522,-0.011747147287266443,0.006334088703152219,0.34828483103617475,20.061445573128474,20.409730404164648
2.7539999999999183,-0.506357113570132,-0.01151243348990207,0.0063571135701320225,0.3473407264242203,20.062567275680568,20.40990800210479
2.755999999999918,-0.5063796705665032,-0.01127849818560561,0.006379670566503237,0.3463840107244974,20.063666547683738,20.410050558408237
2.757999999999918,-0.5064017612645616,-0.011045349029198135,0.006401761264561601,0.3454148081449744,20.06474346416842,20.410158272313392
2.7599999999999176,-0.5064233872517403,-0.010812993589363636,0.006423387251740298,0.3444332428160491,20.065798100880052,20.4102313436961
2.7619999999999174,-0.5064445501304378,-0.010581439348759214,0.006444550130437765,0.343439438784521,20.066830534271034,20.410269973055556
2.763999999999917,-0.506465251517846,-0.010350693704130089,0.006465251517846049,0.3424335200075843,20.06784084149261,20.410274361500196
2.765999999999917,-0.506485493045779,-0.01012076396642825,0.006485493045778945,0.34141561034688267,20.068829100386786,20.410244710733668
2.7679999999999167,-0.5065052763605008,-0.009891657360934322,0.0065052763605008,0.3403858335625838,20.06979538947818,20.410181223040766
2.7699999999999165,-0.5065246031225555,-0.009663381027384196,0.006524603122555539,0.3393443133075066,20.07073978796601,20.410084101273515
2.7719999999999163,-0.5065434750065957,-0.00943594202009838,0.006543475006595689,0.33829117312129514,20.071662375716087,20.409953548837382
2.773999999999916,-0.506561893701212,-0.009209347308115437,0.006561893701211963,0.33722653642461464,20.07256323325271,20.409789769677325
2.775999999999916,-0.5065798609087626,-0.00898360377532927,0.006579860908762614,0.336150526513402,20.073442441750657,20.40959296826406
2.7779999999999156,-0.5065973783452039,-0.008758718220630186,0.006597378345203908,0.33506326655313867,20.074300083027154,20.409363349580293
2.7799999999999154,-0.50661444773992,-0.0085346973580491,0.006614447739920037,0.3339648795731978,20.075136239533972,20.40910111910717
2.781999999999915,-0.5066310708355538,-0.008311547816905403,0.0066310708355538095,0.3328554884611943,20.075950994349377,20.408806482810572
2.783999999999915,-0.5066472493878377,-0.008089276141958621,0.006647249387837673,0.33173521595739563,20.07674443117013,20.408479647127525
2.7859999999999148,-0.5066629851654249,-0.007867888793563907,0.006662985165424851,0.33060418464917585,20.07751663430365,20.408120818952824
2.7879999999999145,-0.5066782799497205,-0.007647392147829982,0.006678279949720478,0.32946251696550527,20.078267688660027,20.407730205625533
2.7899999999999143,-0.5066931355347141,-0.00742779249678165,0.0066931355347140675,0.32831033517145897,20.078997679744074,20.407308014915532
2.791999999999914,-0.5067075537268111,-0.007209096048525523,0.0067075537268110885,0.32714776136281587,20.079706693647527,20.406854455010343
2.793999999999914,-0.5067215363446659,-0.006991308927418342,0.006721536344665879,0.3259749174606477,20.08039481704108,20.406369734501727
2.7959999999999137,-0.5067350852190143,-0.006774437174239512,0.006735085219014336,0.3247919252059819,20.081062137166526,20.40585406237251
2.7979999999999134,-0.506748202192507,-0.006558486746367422,0.006748202192507047,0.32359890615448955,20.081708741829022,20.405307647983513
2.7999999999999132,-0.506760889119543,-0.0063434635179573234,0.006760889119542979,0.32239598167122124,20.08233471938913,20.404730701060352
2.801999999999913,-0.5067731478661033,-0.006129373280124445,0.00677314786610328,0.32118327292537774,20.0829401587551,20.40412343168048
2.803999999999913,-0.5067849803095855,-0.0059162217411296335,0.00678498030958552,0.31996090088512674,20.083525149375024,20.403486050260152
2.8059999999999126,-0.5067963883386386,-0.005704014526567742,0.006796388338638604,0.3187289863124579,20.084089781229146,20.402818767541604
2.8079999999999123,-0.5068073738529977,-0.005492757179559839,0.006807373852997678,0.3174876497580861,20.084634144822008,20.402121794580093
2.809999999999912,-0.5068179387633196,-0.005282455160948573,0.006817938763319598,0.31623701155638584,20.085158331174775,20.40139534273116
2.811999999999912,-0.5068280849910186,-0.005073113849496035,0.0068280849910186125,0.3149771918203725,20.085662431817592,20.400639623637964
2.8139999999999117,-0.5068378144681028,-0.004864738542086247,0.006837814468102832,0.31370831043671277,20.086146538781787,20.3998548492185
2.8159999999999115,-0.5068471291370107,-0.00465733445392859,0.006847129137010688,0.31243048706080323,20.086610744592207,20.39904123165301
2.8179999999999112,-0.5068560309504482,-0.004450906718766207,0.0068560309504481776,0.3111438411118562,20.087055142259654,20.39819898337151
2.819999999999911,-0.5068645218712263,-0.0042454603890865455,0.006864521871226326,0.30984849176805673,20.087479825273203,20.39732831704126
2.821999999999911,-0.506872603872099,-0.004041000436335211,0.006872603872098981,0.3085445579617454,20.087884887592555,20.3964294455543
2.8239999999999106,-0.5068802789356013,-0.003837531751132294,0.0068802789356012806,0.30723215837464096,20.08827042364052,20.395502582015162
2.8259999999999104,-0.5068875490538882,-0.003635059143492209,0.00688754905388822,0.30591141143310957,20.088636528295446,20.394547939728554
2.82799999999991,-0.5068944162285743,-0.0034335873430463735,0.0068944162285743404,0.30458243530346646,20.08898329688358,20.393565732187046
2.82999999999991,-0.5069008824705729,-0.003233120999268541,0.0069008824705728555,0.3032453478873446,20.089310825171722,20.392556173059067
2.8319999999999097,-0.5069069497999362,-0.003033664681703287,0.006906949799936224,0.30190026681706256,20.089619209359515,20.39151947617658
2.8339999999999095,-0.5069126202456966,-0.0028352228801970963,0.00691262024569661,0.3005473094510753,20.08990854607213,20.390455855523207
2.8359999999999093,-0.5069178958457069,-0.002637800005132046,0.006917895845706901,0.29918659286944116,20.090178932352735,20.389365525222175
2.837999999999909,-0.5069227786464823,-0.002441400387662985,0.006922778646482275,0.29781823386933237,20.09043046565514,20.38824869952447
2.839999999999909,-0.5069272707030422,-0.0022460282799570412,0.006927270703042221,0.29644234896059485,20.09066324383623,20.387105592796825
2.8419999999999086,-0.5069313740787531,-0.002051687855435582,0.006931374078753105,0.29505905436134516,20.090877365148753,20.3859364195101
2.8439999999999084,-0.5069350908451712,-0.0018583832090191253,0.006935090845171188,0.29366846599360885,20.09107292823385,20.384741394227458
2.845999999999908,-0.506938423081886,-0.0016661183573752096,0.006938423081885969,0.29227069947900053,20.091250032113777,20.383520731592778
2.847999999999908,-0.5069413728763643,-0.001474897239168466,0.006941372876364316,0.29086587013444043,20.091408776184547,20.382274646318987
2.8499999999999077,-0.5069439423237949,-0.0012847237153133268,0.006943942323794916,0.28945409296792035,20.091549260208645,20.381003353176563
2.8519999999999075,-0.5069461335269334,-0.001095601569229784,0.006946133526933407,0.28803548267430323,20.091671584307775,20.37970706698208
2.8539999999999073,-0.5069479485959476,-0.0009075345071009658,0.006947948595947606,0.28661015363117454,20.091775848955635,20.378386002586808
2.855999999999907,-0.5069493896482639,-0.0007205261581338925,0.0069493896482638595,0.285178219894712,20.091862154970663,20.377040374865373
2.857999999999907,-0.5069504588084135,-0.0005345800748221344,0.0069504588084134955,0.28373979519562553,20.09193060350886,20.375670398704486
2.8599999999999066,-0.50695115820788,-0.00034969973321187747,0.006951158207879948,0.2822949929351169,20.091981296056616,20.374276288991734
2.8619999999999064,-0.5069514899849463,-0.00016588853316898248,0.006951489984946324,0.28084392618089293,20.09201433442359,20.372858260604485
2.863999999999906,-0.5069514562845436,1.6850201349976327e-05,0.006951456284543633,0.27938670766320484,20.092029820735576,20.37141652839878
2.865999999999906,-0.5069510592580996,0.00019851322202585174,0.006951059258099579,0.2779234497709455,20.09202785742744,20.369951307198384
2.8679999999999057,-0.5069503010633878,0.0003790973559010505,0.006950301063387787,0.27645426454777633,20.09200854723595,20.368462811783726
2.8699999999999055,-0.5069491838643776,0.0005585995051026005,0.006949183864377595,0.27497926368830305,20.09197199319291,20.36695125688121
2.8719999999999053,-0.5069477098310845,0.0007370166465624473,0.006947709831084503,0.273498558534283,20.091918298617998,20.36541685715228
2.873999999999905,-0.5069458811394211,0.0009143458317359378,0.006945881139421073,0.27201226007088053,20.091847567111863,20.363859827182743
2.875999999999905,-0.5069436999710485,0.0010905841863167842,0.006943699971048489,0.2705204789229554,20.091759902549136,20.36228038147209
2.8779999999999046,-0.5069411685132286,0.0012657289099516204,0.006941168513228568,0.2690233253514053,20.091655409071482,20.360678734422887
2.8799999999999044,-0.5069382889586767,0.001439777275951003,0.006938288958676653,0.26752090924952976,20.091534191080747,20.359055100330277
2.881999999999904,-0.5069350635054146,0.0016127266309987928,0.006935063505414618,0.2660133401394581,20.091396353232017,20.357409693371476
2.883999999999904,-0.5069314943566249,0.001784574394859245,0.006931494356624879,0.2645007271685944,20.091242000426806,20.355742727595402
2.8859999999999038,-0.5069275837205047,0.0019553180600822913,0.006927583720504726,0.2629831791061212,20.091071237806254,20.354054416912376
2.8879999999999035,-0.5069233338101213,0.0021249551917063344,0.006923333810121335,0.26146080433953073,20.090884170744232,20.352344975083764
2.8899999999999033,-0.5069187468432674,0.002293483426959317,0.0069187468432674315,0.2599337108712027,20.090680904840703,20.350614615711905
2.891999999999903,-0.5069138250423175,0.0024609004749579183,0.006913825042317523,0.25840200631502275,20.0904615459149,20.348863552229922
2.893999999999903,-0.5069085706340847,0.002627204116403775,0.006908570634084676,0.2568657978930376,20.090226199998618,20.347091997891656
2.8959999999999027,-0.5069029858496781,0.002792392203279305,0.006902985849678078,0.25532519243215684,20.089974973329618,20.345300165761774
2.8979999999999024,-0.506897072924361,0.0029564626585402687,0.006897072924361036,0.25378029636088867,20.089707972344797,20.343488268705688
2.899999999999902,-0.5068908340974094,0.0031194134758072583,0.006890834097409426,0.2522312157061193,20.08942530367376,20.341656519379878
2.901999999999902,-0.5068842716119714,0.003281242719054598,0.00688427161197136,0.250678056089919,20.08912707413209,20.339805130222008
2.9039999999999018,-0.5068773877149267,0.0034419485222979733,0.0068773877149267415,0.24912092272641762,20.088813390714808,20.337934313441227
2.9059999999999016,-0.5068701846567482,0.0036015290892801267,0.006870184656748157,0.24755992041868588,20.08848436058989,20.336044281008576
2.9079999999999013,-0.5068626646913619,0.003759982693154348,0.006862664691361875,0.24599515355568527,20.088140091091674,20.33413524464736
2.909999999999901,-0.5068548300760095,0.003917307676166863,0.0068548300760095104,0.2444267261092402,20.087780689714442,20.33220741582368
2.911999999999901,-0.5068466830711108,0.00407350244933678,0.006846683071110804,0.2428547416310455,20.08740626410592,20.330261005736965
2.9139999999999007,-0.5068382259401265,0.004228565492135229,0.006838225940126508,0.24127930324973793,20.087016922060933,20.32829622531067
2.9159999999999004,-0.5068294609494222,0.0043824953521614165,0.006829460949422161,0.23970051366797848,20.086612771514904,20.326313285182884
2.9179999999999002,-0.5068203903681325,0.004535290644818522,0.006820390368132534,0.2381184751595951,20.086193920537593,20.324312395697188
2.9199999999999,-0.5068110164680265,0.0046869500529871716,0.0068110164680265095,0.23653328956675318,20.085760477326723,20.322293766893477
2.9219999999999,-0.5068013415233731,0.004837472326697168,0.006801341523373083,0.234945058297163,20.085312550201664,20.320257608498828
2.9239999999998996,-0.5067913678108075,0.004986856282797808,0.006791367810807469,0.233353882321346,20.084850247597192,20.318204129918538
2.9259999999998993,-0.5067810976091982,0.0051351008046273345,0.006781097609198206,0.23175986216991631,20.084373678057222,20.31613354022714
2.927999999999899,-0.5067705331995148,0.005282204841679595,0.006770533199514817,0.23016309793090955,20.08388295022865,20.314046048159558
2.929999999999899,-0.5067596768646963,0.005428167409270093,0.006759676864696251,0.2285636892471559,20.08337817285511,20.311941862102266
2.9319999999998987,-0.5067485308895199,0.005572987588200355,0.006748530889519877,0.2269617353136893,20.082859454770848,20.309821190084538
2.9339999999998985,-0.506737097560471,0.0057166645244208685,0.006737097560471028,0.22535733487519224,20.082326904894625,20.307684239769817
2.9359999999998982,-0.5067253791656137,0.005859197428692385,0.006725379165613665,0.22375058622347418,20.08178063222363,20.305531218447104
2.937999999999898,-0.5067133779944611,0.006000585576245836,0.006713377994461145,0.22214158719500754,20.081220745827416,20.303362333022424
2.939999999999898,-0.5067010963378482,0.006140828306441594,0.006701096337848211,0.22053043516847912,20.08064735484183,20.301177790010307
2.9419999999998976,-0.5066885364878033,0.00627992502242625,0.0066885364878033204,0.2189172270623957,20.08006056846312,20.298977795525516
2.9439999999998974,-0.5066757007374217,0.006417875190788657,0.006675700737421741,0.2173020593327228,20.07946049594189,20.296762555274615
2.945999999999897,-0.5066625913807393,0.0065546783412151095,0.0066625913807393244,0.21568502797056038,20.078847246577244,20.294532274547805
2.947999999999897,-0.506649210712607,0.006690334066142374,0.0066492107126070454,0.2140662284998521,20.078220929710795,20.292287158210648
2.9499999999998967,-0.5066355610285662,0.006824842020410003,0.006635561028566217,0.2124457559751428,20.077581654720905,20.290027410696048
2.9519999999998965,-0.5066216446247244,0.0069582019209111935,0.0066216446247243654,0.21082370497936864,20.07692953101677,20.28775323599614
2.9539999999998963,-0.5066074637976319,0.007090413546243167,0.006607463797631885,0.20920016962168508,20.076264668032675,20.28546483765436
2.955999999999896,-0.5065930208441591,0.007221476736355231,0.0065930208441591365,0.20757524353533008,20.0755871752222,20.28316241875753
2.957999999999896,-0.5065783180613748,0.007351391392196124,0.006578318061374766,0.2059490198755236,20.07489716205248,20.280846181928002
2.9599999999998956,-0.506563357746424,0.007480157475361055,0.006563357746424026,0.20432159131742164,20.07419473799851,20.27851632931593
2.9619999999998954,-0.5065481421964085,0.0076077750077366705,0.006548142196408535,0.2026930500540726,20.073480012537498,20.27617306259157
2.963999999999895,-0.5065326737082663,0.007734244071144978,0.006532673708266268,0.20106348779444805,20.072753095143177,20.273816582937627
2.965999999999895,-0.5065169545786523,0.007859564806986866,0.006516954578652312,0.19943299576149087,20.072014095280235,20.271447091041725
2.9679999999998947,-0.5065009871038205,0.00798373741588411,0.006500987103820521,0.19780166469019755,20.07126312239874,20.269064787088936
2.9699999999998945,-0.5064847735795058,0.00810676215732087,0.0064847735795058314,0.19616958482574798,20.070500285928617,20.266669870754363
2.9719999999998943,-0.5064683163008072,0.00822863934928326,0.006468316300807242,0.1945368459216663,20.069725695274023,20.26426254119569
2.973999999999894,-0.5064516175620715,0.008349369367899286,0.0064516175620714655,0.19290353723802361,20.068939459808114,20.261842997046138
2.975999999999894,-0.5064346796567774,0.008468952647076772,0.006434679656777353,0.19126974753966433,20.06814168886736,20.259411436407024
2.9779999999998936,-0.5064175048774211,0.008587389678140869,0.0064175048774210985,0.18963556509447996,20.067332491746225,20.256968056840705
2.9799999999998934,-0.5064000955154021,0.008704681009470592,0.006400095515402104,0.18800107767171698,20.066511977691867,20.254513055363585
2.981999999999893,-0.5063824538609099,0.008820827246134672,0.0063824538609098536,0.18636637254031946,20.065680255898712,20.252046628439032
2.983999999999893,-0.5063645822028108,0.008935829049526502,0.006364582202810776,0.18473153646731677,20.064837435503147,20.249568971970465
2.9859999999998927,-0.5063464828285368,0.009049687136997843,0.006346482828536781,0.18309665571621903,20.06398362557829,20.24708028129451
2.9879999999998925,-0.5063281580239738,0.009162402281492796,0.0063281580239737956,0.1814618160454885,20.06311893512873,20.24458075117422
2.9899999999998923,-0.5063096100733514,0.009273975311179967,0.0063096100733514016,0.17982710270700947,20.06224347308529,20.242070575792297
2.991999999999892,-0.5062908412591333,0.009384407109084347,0.006290841259133262,0.17819260044461632,20.061357348299907,20.239549948744525
2.993999999999892,-0.5062718538619079,0.00949369861271835,0.006271853861907872,0.1765583934926557,20.060460669540472,20.237019063033127
2.9959999999998916,-0.5062526501602804,0.009601850813712603,0.006252650160280426,0.1749245655745681,20.059553545485695,20.234478111060263
2.9979999999998914,-0.5062332324307656,0.009708864757445878,0.006233232430765567,0.17329119990151623,20.05863608472007,20.231927284621587
2.999999999999891,-0.5062136029476803,0.00981474154267347,0.006213602947680252,0.17165837917105567,20.057708395728852,20.22936677489991
3.001999999999891,-0.506193763983038,0.009919482321156591,0.006193763983037948,0.17002618556582233,20.05677058689298,20.226796772458805
3.0039999999998908,-0.5061737178064434,0.01002308829729014,0.0061737178064433795,0.16839470075226518,20.05582276648416,20.224217467236425
3.0059999999998905,-0.506153466684988,0.010125560727729972,0.006153466684987952,0.16676400587941406,20.054865042659976,20.22162904853939
3.0079999999998903,-0.5061330128831459,0.010226900921019822,0.0061330128831459385,0.16513418157767829,20.05389752345884,20.219031705036517
3.00999999999989,-0.5061123586626715,0.010327110237217605,0.006112358662671458,0.16350530795767898,20.05292031679535,20.21642562475303
3.01199999999989,-0.5060915062824964,0.010426190087521409,0.0060915062824964394,0.16187746460911745,20.051933530455184,20.2138109950643
3.0139999999998897,-0.5060704579986286,0.010524141933895056,0.006070457998628598,0.1602507305996863,20.050937272090568,20.211188002690253
3.0159999999998894,-0.5060492160640512,0.010620967288692502,0.006049216064051177,0.15862518447398347,20.04993164921529,20.208556833689272
3.017999999999889,-0.5060277827286226,0.010716667714283073,0.006027782728622588,0.15700090425250707,20.04891676920013,20.205917673452635
3.019999999999889,-0.5060061602389773,0.010811244822674754,0.006006160238977265,0.15537796743063895,20.04789273926809,20.203270706698728
3.0219999999998888,-0.505984350838427,0.010904700275138525,0.005984350838426966,0.15375645097769258,20.046859666489716,20.20061611746741
3.0239999999998886,-0.5059623567668633,0.010997035781831373,0.005962356766863297,0.15213643133597043,20.04581765777852,20.197954089114493
3.0259999999998883,-0.5059401802606605,0.011088253101419787,0.005940180260660455,0.1505179844198809,20.04476681988639,20.195284804306272
3.027999999999888,-0.5059178235525791,0.011178354040701544,0.005917823552579082,0.14890118561505988,20.043707259398968,20.192608445014027
3.029999999999888,-0.5058952888716707,0.011267340454229101,0.005895288871670679,0.14728610977755094,20.042639082731185,20.189925192508735
3.0319999999998877,-0.5058725784431828,0.011355214243931152,0.0058725784431827854,0.14567283123299435,20.04156239612275,20.187235227355742
3.0339999999998875,-0.5058496944884653,0.011441977358734604,0.005849694488465285,0.1440614237758622,20.04047730563371,20.184538729409574
3.0359999999998872,-0.5058266392248769,0.011527631794186225,0.005826639224876917,0.14245196066873456,20.039383917140015,20.181835877808748
3.037999999999887,-0.5058034148656928,0.011612179592074136,0.005803414865692802,0.14084451464158687,20.03828233632916,20.179126850970746
3.039999999999887,-0.5057800236200127,0.011695622840048799,0.005780023620012731,0.139239157891119,20.03717266869579,20.176411826586907
3.0419999999998866,-0.5057564676926702,0.011777963671244441,0.005756467692670242,0.13763596208011886,20.036055019537407,20.173690981617526
3.0439999999998864,-0.5057327492841425,0.011859204263899503,0.005732749284142469,0.13603499833685415,20.034929493950095,20.17096449228695
3.045999999999886,-0.5057088705904605,0.011939346840977744,0.005708870590460546,0.1344363372545027,20.033796196824312,20.168232534078815
3.047999999999886,-0.505684833803121,0.012018393669788966,0.005684833803121014,0.13284004889059992,20.032655232840586,20.165495281731186
3.0499999999998857,-0.5056606411089978,0.012096347061609449,0.005660641108997777,0.13124620276652885,20.03150670646541,20.16275290923194
3.0519999999998855,-0.5056362946902552,0.012173209371302408,0.0056362946902551725,0.1296548678670355,20.0303507219471,20.160005589814137
3.0539999999998853,-0.5056117967242613,0.012248982996938535,0.005611796724261264,0.12806611263978762,20.029187383311637,20.157253495951423
3.055999999999885,-0.5055871493835025,0.012323670379416467,0.0055871493835024655,0.12648000499494227,20.028016794358646,20.154496799353588
3.057999999999885,-0.5055623548354983,0.01239727400208314,0.005562354835498273,0.12489661230476688,20.02683905865734,20.151735670962108
3.0599999999998846,-0.5055374152427176,0.012469796390354452,0.005537415242717558,0.1233160014032658,20.025654279542543,20.148970280945807
3.0619999999998844,-0.5055123327624949,0.01254124011133529,0.005512332762494854,0.12173823858586671,20.02446256011064,20.146200798696505
3.063999999999884,-0.505487109546948,0.01261160777344066,0.005487109546947977,0.12016338960911183,20.023264003215758,20.14342739282487
3.065999999999884,-0.505461747742896,0.012680902026015694,0.005461747742895984,0.11859151969039379,20.02205871146581,20.140650231156204
3.0679999999998837,-0.5054362494917781,0.012749125558956803,0.005436249491778122,0.1170226935077138,20.020846787218606,20.13786948072632
3.0699999999998835,-0.5054106169295735,0.0128162811023321,0.005410616929573453,0.11545697519947047,20.019628332578076,20.135085307777548
3.0719999999998833,-0.5053848521867215,0.012882371426002796,0.005384852186721467,0.11389442836428132,20.018403449390433,20.132297877754716
3.073999999999883,-0.5053589573880429,0.012947399339243978,0.005358957388042929,0.11233511606083632,20.01717223924049,20.129507355301328
3.075999999999883,-0.5053329346526622,0.013011367690365603,0.005332934652662158,0.11077910080776532,20.015934803447806,20.12671390425557
3.0779999999998826,-0.5053067860939295,0.013074279366334617,0.005306786093929539,0.1092264445835615,20.014691243063147,20.12391768764671
3.0799999999998824,-0.5052805138193448,0.013136137292396101,0.005280513819344801,0.10767720882650461,20.013441658864735,20.12111886769124
3.081999999999882,-0.5052541199304814,0.01319694443169502,0.005254119930481416,0.10613145443462323,20.012186151354644,20.11831760578927
3.083999999999882,-0.5052276065229117,0.013256703784898785,0.005227606522911654,0.10458924176569646,20.01092482075523,20.115514062520926
3.0859999999998817,-0.505200975686132,0.013315418389819453,0.005200975686131981,0.10305063063727589,20.009657767005553,20.11270839764283
3.0879999999998815,-0.5051742295034899,0.013373091321035962,0.005174229503489891,0.10151568032672362,20.008385089757954,20.10990077008468
3.0899999999998813,-0.5051473700521109,0.01342972568951774,0.005147370052110856,0.09998444957130795,20.007106888374462,20.10709133794577
3.091999999999881,-0.5051203994028264,0.013485324642247581,0.005120399402826381,0.09845699656829231,20.005823261923386,20.104280258491677
3.093999999999881,-0.5050933196201027,0.013539891361845219,0.005093319620102732,0.09693337897507459,20.004534309175913,20.101467688150986
3.0959999999998806,-0.5050661327619703,0.0135934290661915,0.005066132761970321,0.09541365390934753,20.00324012860277,20.098653782512116
3.0979999999998804,-0.5050388408799542,0.013645941008052456,0.0050388408799542095,0.09389787794928084,20.00194081837079,20.095838696320072
3.09999999999988,-0.5050114460190048,0.013697430474704118,0.005011446019004828,0.09238610713374873,20.000636476339686,20.093022583473434
3.10199999999988,-0.5049839502174297,0.013747900787557622,0.0049839502174297,0.09087839696256018,19.999327200058765,20.090205597021324
3.1039999999998797,-0.5049563555068262,0.013797355301784506,0.00495635550682616,0.08937480239672703,19.998013086763635,20.08738788916036
3.1059999999998795,-0.5049286639120143,0.013845797405942937,0.004928663912014297,0.08787537785877035,19.996694233373056,20.084569611231824
3.1079999999998793,-0.5049008774509711,0.013893230521604346,0.0049008774509711195,0.08638017723302839,19.995370736485803,20.08175091371883
3.109999999999879,-0.5048729981347652,0.013939658102979362,0.004872998134765161,0.08488925386601001,19.994042692377445,20.078931946243454
3.111999999999879,-0.5048450279674921,0.013985083636546316,0.004845027967492088,0.08340266056677154,19.992710196997276,20.07611285756405
3.1139999999998786,-0.5048169689462108,0.014029510640678576,0.0048169689462107534,0.081920449607313,19.99137334596529,20.073293795572603
3.1159999999998784,-0.5047888230608802,0.014072942665272769,0.004788823060880243,0.08044267272300153,19.99003223456909,20.07047490729209
3.117999999999878,-0.5047605922942975,0.014115383291378162,0.004760592294297483,0.07896938111302756,19.988686957760947,20.067656338873974
3.119999999999878,-0.5047322786220358,0.01415683613082559,0.004732278622035846,0.07750062544087404,19.98733761015482,20.064838235595694
3.1219999999998778,-0.5047038840123841,0.014197304825858162,0.004703884012384085,0.07603645583482911,19.985984286023374,20.062020741858202
3.1239999999998775,-0.5046754104262866,0.014236793048761293,0.004675410426286608,0.07457692188849811,19.984627079295173,20.05920400118367
3.1259999999998773,-0.5046468598172836,0.014275304501494468,0.004646859817283633,0.07312207266137398,19.983266083551747,20.05638815621312
3.127999999999877,-0.504618234131453,0.014312842915322721,0.004618234131453014,0.07167195667938957,19.981901392024824,20.053573348704212
3.129999999999877,-0.5045895353073521,0.014349412050449123,0.004589535307352066,0.07022662193553879,19.980533097593483,20.050759719529022
3.1319999999998767,-0.5045607652759607,0.01438501569564836,0.004560765275960721,0.06878611589048966,19.97916129278144,20.04794740867193
3.1339999999998764,-0.5045319259606249,0.014419657667900038,0.004531925960624905,0.06735048547324196,19.97778606975433,20.04513655522757
3.135999999999876,-0.5045030192770008,0.01445334181202331,0.004503019277000808,0.0659197770817959,19.976407520316933,20.042327297398728
3.137999999999876,-0.5044740471330001,0.01448607200031215,0.0044740471330001474,0.06449403658384585,19.975025735910627,20.039519772494472
3.139999999999876,-0.5044450114287358,0.014517852132171395,0.004445011428735768,0.0630733093175087,19.973640807610714,20.036714116928223
3.1419999999998756,-0.5044159140564682,0.014548686133752844,0.00441591405646824,0.061657640092059554,19.97225282612381,20.03391046621587
3.1439999999998753,-0.504386756900553,0.014578577957592997,0.004386756900553013,0.06024707318870684,19.970861881785332,20.031108954974037
3.145999999999875,-0.5043575418373885,0.014607531582251435,0.004357541837388457,0.058841652361376534,19.969468064556963,20.02830971691834
3.147999999999875,-0.5043282707353646,0.014635551011948845,0.00432827073536457,0.05744142083752679,19.968071464024145,20.025512884861673
3.1499999999998747,-0.5042989454548121,0.014662640276207528,0.004298945454812131,0.05604642131899204,19.96667216939363,20.02271859071262
3.1519999999998745,-0.5042695678479532,0.014688803429491115,0.004269567847953182,0.05465669598282501,19.965270269491132,20.019926965473957
3.1539999999998742,-0.5042401397588515,0.014714044550846503,0.004240139758851513,0.05327228648219835,19.96386585275875,20.01713813924095
3.155999999999874,-0.5042106630233644,0.014738367743545606,0.004210663023364369,0.05189323394728851,19.962459007252875,20.014352241200164
3.157999999999874,-0.5041811394690949,0.014761777134728132,0.00418113946909493,0.05051957898620993,19.961049820641634,20.011569399627845
3.1599999999998736,-0.5041515709153448,0.014784276875045809,0.004151570915344793,0.049151361685972145,19.959638380202772,20.008789741888744
3.1619999999998734,-0.5041219591730682,0.014805871138306375,0.004121959173068235,0.04778862161342526,19.95822477282125,20.006013394434675
3.163999999999873,-0.504092306044826,0.014826564121119698,0.004092306044826022,0.04643139781627839,19.956809084987178,20.003240482803456
3.165999999999873,-0.5040626133247409,0.01484636004254415,0.0040626133247408935,0.04507972882408329,19.955391402793474,20.00047113161756
3.1679999999998727,-0.5040328827984534,0.014865263143733218,0.004032882798453374,0.04373365264928254,19.953971811933833,19.997705464583117
3.1699999999998725,-0.5040031162430783,0.014883277687584878,0.004003116243078253,0.04239320678826923,19.95255039770052,19.99494360448879
3.1719999999998723,-0.5039733154271615,0.014900407958389707,0.003973315427161506,0.04105842822245109,19.951127244982327,19.99218567320478
3.173999999999872,-0.5039434821106386,0.01491665826148162,0.003943482110638552,0.03972935341934257,19.949702438262484,19.989431791681827
3.175999999999872,-0.5039136180447927,0.014932032922888685,0.003913618044792733,0.03840601833368912,19.94827606161669,19.986682079950377
3.1779999999998716,-0.5038837249722148,0.014946536288985459,0.003883724972214786,0.037088458408599825,19.946848198710985,19.983936657119585
3.1799999999998714,-0.5038538046267625,0.01496017272614544,0.003853804626762547,0.03577670857670777,19.945418932799992,19.9811956413767
3.181999999999871,-0.5038238587335218,0.014972946620395776,0.0038238587335217566,0.03447080326133836,19.94398834672481,19.97845914998615
3.183999999999871,-0.5037938890087676,0.014984862377071698,0.003793889008767648,0.03317077637770406,19.942556522911232,19.975727299288938
3.1859999999998707,-0.5037638971599268,0.014995924420473164,0.0037638971599267546,0.031876661334132333,19.94112354336778,19.97300020470191
3.1879999999998705,-0.5037338848855397,0.015006137193521408,0.0037338848855397178,0.03058849103328487,19.939689489683985,19.97027798071727
3.1899999999998703,-0.5037038538752249,0.01501550515741715,0.0037038538752248718,0.029306297873417445,19.938254443028498,19.967560740901916
3.19199999999987,-0.5036738058096423,0.015024032791300147,0.003673805809642272,0.028030113749657665,19.9368184841474,19.964848597897056
3.19399999999987,-0.5036437423604585,0.015031724591909029,0.0036437423604585018,0.02675997005528971,19.93538169336237,19.96214166341766
3.1959999999998696,-0.503613665190312,0.015038585073242884,0.003613665190312032,0.025495897683067842,19.933944150569065,19.959440048252134
3.1979999999998694,-0.5035835759527796,0.015044618766223507,0.003583575952779583,0.02423792702653821,19.932505935235433,19.95674386226197
3.199999999999869,-0.5035534762923428,0.015049830218358777,0.0035534762923428165,0.02298608798139526,19.931067126400023,19.954053214381418
3.201999999999869,-0.503523367844356,0.01505422399340792,0.003523367844356029,0.02174040994684244,19.929627802670435,19.95136821261728
3.2039999999998687,-0.503493252235014,0.015057804671046298,0.003493252235013955,0.020500921826977797,19.92818804222169,19.94868896404867
3.2059999999998685,-0.5034631310813209,0.015060576846533209,0.0034631310813209026,0.019267652032187818,19.926747922794757,19.946015574826944
3.2079999999998683,-0.5034330059910601,0.015062545130379254,0.003433005991060112,0.018040628480570434,19.925307521694926,19.943348150175495
3.209999999999868,-0.5034028785627641,0.015063714148015812,0.003402878562764111,0.01681987859937044,19.92386691579045,19.940686794389823
3.211999999999868,-0.5033727503856852,0.015064088539465687,0.003372750385685186,0.01560542932643795,19.922426181510975,19.938031610837413
3.2139999999998676,-0.5033426230397672,0.015063672959013686,0.0033426230397671786,0.01439730711168194,19.920985394846227,19.93538270195791
3.2159999999998674,-0.5033124980956174,0.015062472074880408,0.0033124980956174,0.013195537918577652,19.91954463134453,19.932740169263106
3.217999999999867,-0.5032823771144797,0.015060490568895475,0.003282377114479651,0.012000147225652735,19.918103966111474,19.930104113337126
3.219999999999867,-0.5032522616482074,0.015057733136172896,0.003252261648207355,0.010811160028022238,19.916663473808637,19.92747463383666
3.2219999999998667,-0.5032221532392378,0.015054204484787233,0.0032221532392378016,0.009628600838911039,19.915223228652177,19.92485182949109
3.2239999999998665,-0.5031920534205669,0.015049909335451674,0.0031920534205669426,0.008452493691214202,19.913783304411684,19.922235798102896
3.2259999999998663,-0.5031619637157245,0.015044852421195874,0.003161963715724525,0.007282862139064317,19.91234377440884,19.919626636547903
3.227999999999866,-0.5031318856387504,0.015039038487046762,0.0031318856387504423,0.0061197292594140085,19.91090471151627,19.917024440775684
3.229999999999866,-0.503101820694171,0.015032472289709794,0.003101820694170976,0.004963117653643601,19.909466188156337,19.914429305809982
3.2319999999998656,-0.5030717703769765,0.015025158597251025,0.0030717703769764793,0.0038130494491606798,19.90802827630002,19.91184132574918
3.2339999999998654,-0.503041736172599,0.015017102188781514,0.0030417361725989522,0.0026695463010509707,19.90659104746577,19.90926059376682
3.235999999999865,-0.5030117195568906,0.015008307854141981,0.003011719556890613,0.0015326293937059782,19.905154572718384,19.90668720211209
3.237999999999865,-0.5029817219961035,0.01499878039358927,0.0029817219961034702,0.0004023194424886689,19.90371892266807,19.90412124211056
3.2399999999998648,-0.5029517449468685,0.014988524617484332,0.002951744946868451,-0.0007213633045753537,19.90228416746925,19.901562804164676
3.2419999999998645,-0.5029217898561765,0.014977545345981183,0.0029217898561765265,-0.0018383990651366228,19.900850376819704,19.89901197775457
3.2439999999998643,-0.5028918581613591,0.014965847408716874,0.002891858161359062,-0.002948768520788403,19.899417619959525,19.896468851438737
3.245999999999864,-0.50286195129007,0.01495343564450344,0.0028619512900700528,-0.004052452815372504,19.897985965670173,19.8939335128548
3.247999999999864,-0.502832070660268,0.014940314901020931,0.002832070660268027,-0.005149433553225405,19.8965554822736,19.891406048720377
3.2499999999998637,-0.502802217680199,0.014926490034511712,0.0028022176801989485,-0.006239692797446378,19.895126237631324,19.888886544833877
3.2519999999998634,-0.50277239374838,0.014911965909475636,0.0027723937483800087,-0.007323213068135756,19.893698299143615,19.88637508607548
3.2539999999998632,-0.5027426002535833,0.014896747398367927,0.002742600253583305,-0.008399977340604742,19.892271733748643,19.883871756408038
3.255999999999863,-0.5027128385748207,0.014880839381297235,0.0027128385748207418,-0.00946996904361122,19.890846607921695,19.881376638878084
3.257999999999863,-0.5026831100813293,0.014864246745725125,0.002683110081329265,-0.01053317205754821,19.889422987674376,19.878889815616827
3.2599999999998626,-0.502653416132557,0.014846974386167411,0.002653416132556985,-0.011589570712630393,19.88800093855389,19.87641136784126
3.2619999999998623,-0.5026237580781492,0.014829027203897012,0.0026237580781491854,-0.012639149787059892,19.886580525642348,19.87394137585529
3.263999999999862,-0.5025941372579359,0.014810410106647432,0.0025941372579358912,-0.01368189450520868,19.885161813556046,19.871479919050838
3.265999999999862,-0.5025645550019192,0.014791128008318525,0.002564555001919211,-0.014717790535743805,19.88374486644484,19.869027075909095
3.2679999999998617,-0.5025350126302618,0.014771185828682937,0.0025350126302617904,-0.015746823989779765,19.882329747991445,19.866582924001666
3.2699999999998615,-0.5025055114532756,0.014750588493094274,0.0025055114532755995,-0.016768981418991885,19.880916521410974,19.864147539991983
3.2719999999998612,-0.5024760527714112,0.014729340932196968,0.0024760527714111635,-0.01778424981373021,19.87950524945021,19.861720999636482
3.273999999999861,-0.5024466378752479,0.014707448081637181,0.0024466378752479034,-0.0187926166011292,19.87809599438718,19.859303377786052
3.275999999999861,-0.5024172680454844,0.014684914881775141,0.0024172680454843665,-0.01979406964318131,19.876688818030573,19.85689474838739
3.2779999999998606,-0.5023879445529296,0.014661746277399286,0.002387944552929566,-0.02078859723482647,19.87528378171922,19.854495184484392
3.2799999999998604,-0.5023586686584947,0.01463794721744159,0.002358668658494656,-0.021776188102011637,19.873880946321748,19.852104758219735
3.28199999999986,-0.5023294416131853,0.014613522654694228,0.002329441613185268,-0.022756831399746477,19.872480372236012,19.849723540836266
3.28399999999986,-0.5023002646580942,0.01458847754552781,0.0023002646580941866,-0.023730516710143104,19.871082119388756,19.847351602678614
3.2859999999998597,-0.5022711390243949,0.014562816849611667,0.002271139024394908,-0.024697234040455013,19.869686247235226,19.84498901319477
3.2879999999998595,-0.5022420659333356,0.014536545529634393,0.0022420659333356463,-0.02565697382109701,19.86829281475881,19.842635840937714
3.2899999999998593,-0.5022130465962336,0.01450966855102682,0.002213046596233559,-0.026609726903649294,19.86690188047068,19.84029215356703
3.291999999999859,-0.5021840822144702,0.014482190881686743,0.0021840822144701955,-0.027555484558872204,19.865513502409506,19.837958017850635
3.293999999999859,-0.5021551739794868,0.014454117491703734,0.002155173979486835,-0.02849423847468613,19.8641277381412,19.835633499666514
3.2959999999998586,-0.5021263230727807,0.014425453353086695,0.0021263230727807114,-0.029425980754156464,19.86274464475865,19.833318664004494
3.2979999999998584,-0.5020975306659017,0.01439620343949301,0.0020975306659016812,-0.030350703913465102,19.861364278881453,19.831013574967987
3.299999999999858,-0.5020687979204498,0.014366372725957983,0.002068797920449783,-0.031268400879876826,19.859986696655813,19.828718295775936
3.301999999999858,-0.5020401259880726,0.014335966188627277,0.002040125988072572,-0.032179064989672546,19.85861195375424,19.826432888764568
3.3039999999998577,-0.5020115160104636,0.01430498880448964,0.0020115160104635654,-0.03308268998611534,19.857240105375535,19.82415741538942
3.3059999999998575,-0.5019829691193614,0.014273445551111874,0.0019829691193613552,-0.0339792700173745,19.855871206244526,19.82189193622715
3.3079999999998573,-0.5019544864365486,0.014241341406375401,0.001954486436548608,-0.034868799634440784,19.85450531061212,19.819636510977677
3.309999999999857,-0.5019260690738522,0.0142086813482133,0.0019260690738521768,-0.03575127378905889,19.853142472255122,19.817391198466062
3.311999999999857,-0.5018977181331434,0.014175470354350603,0.0018977181331434334,-0.03662668783161932,19.851782744476214,19.815156056644593
3.3139999999998566,-0.5018694347063394,0.014141713402044802,0.001869434706339379,-0.03749503750906749,19.850426180103963,19.812931142594895
3.3159999999998564,-0.5018412198754038,0.014107415467828248,0.0018412198754037545,-0.038356318962783256,19.849072831492798,19.810716512530014
3.317999999999856,-0.5018130747123493,0.014072581527252086,0.0018130747123492608,-0.039210528726475805,19.847722750523005,19.80851222179653
3.319999999999856,-0.50178500027924,0.014037216554632331,0.001785000279240001,-0.04005766372404626,19.846375988600844,19.8063183248768
3.3219999999998557,-0.5017569976281944,0.014001325522796442,0.0017569976281943678,-0.04089772126745861,19.8450325966586,19.804134875391142
3.3239999999998555,-0.5017290678013887,0.013964913402832447,0.0017290678013887062,-0.04173069905459682,19.843692625154667,19.80196192610007
3.3259999999998553,-0.501701211831061,0.013927985163838807,0.001701211831060978,-0.04255659516711133,19.842356124073675,19.799799528906565
3.327999999999855,-0.5016734307395156,0.013890545772676718,0.0016734307395156467,-0.04337540806827134,19.841023142926648,19.797647734858376
3.329999999999855,-0.5016457255391282,0.013852600193723029,0.0016457255391282288,-0.04418713660078788,19.83969373075119,19.795506594150403
3.3319999999998546,-0.501618097232351,0.013814153388625766,0.0016180972323509568,-0.044991779984655075,19.838367936111638,19.793376156126982
3.3339999999998544,-0.5015905468117189,0.013775210316060164,0.0015905468117188848,-0.045789337814967856,19.837045807099308,19.791256469284342
3.335999999999854,-0.5015630752598559,0.013735775931487667,0.001563075259855884,-0.04657981005972592,19.83572739133275,19.789147581273024
3.337999999999854,-0.5015356835494821,0.01369585518691474,0.0015356835494820809,-0.04736319705766598,19.83441273595801,19.787049538900344
3.3399999999998538,-0.5015083726434207,0.013655453030654482,0.0015083726434207412,-0.04813949951603469,19.83310188764886,19.784962388132826
3.3419999999998535,-0.5014811434946066,0.013614574407090258,0.001481143494606596,-0.04890871850840621,19.83179489260721,19.782886174098802
3.3439999999998533,-0.5014539970460937,0.013573224256439467,0.0014539970460937246,-0.049670855472458225,19.830491796563344,19.780820941090884
3.345999999999853,-0.5014269342310647,0.013531407514520193,0.0014269342310646582,-0.05042591220776675,19.82919264477636,19.77876673256859
3.347999999999853,-0.5013999559728396,0.013489129112518289,0.001399955972839595,-0.05117389087357521,19.827897482034462,19.776723591160888
3.3499999999998527,-0.5013730631848861,0.013446393976757716,0.0013730631848860586,-0.05191479398656251,19.82660635265545,19.774691558668888
3.3519999999998524,-0.5013462567708291,0.013403207028470763,0.0013462567708291129,-0.05264862441861938,19.825319300487102,19.772670676068483
3.353999999999852,-0.501319537624462,0.013359573183571147,0.0013195376244620194,-0.053375385394601585,19.824036368907606,19.770660983513004
3.355999999999852,-0.5012929066297571,0.013315497352427546,0.001292906629757118,-0.054095080490088404,19.822757600826034,19.768662520335944
3.3579999999998518,-0.5012663646608778,0.013270984439640303,0.0012663646608778167,-0.054807713629135654,19.82148303868288,19.766675325053747
3.3599999999998515,-0.5012399125821901,0.013226039343818108,0.0012399125821901391,-0.055513289082009754,19.820212724450485,19.764699435368474
3.3619999999998513,-0.5012135512482754,0.01318066695735764,0.0012135512482753796,-0.0562118114629393,19.818946699633653,19.762734888170712
3.363999999999851,-0.501187281503943,0.013134872166223766,0.001187281503942983,-0.056903285727845934,19.817685005270143,19.760781719542297
3.365999999999851,-0.5011611041842435,0.013088659849732587,0.0011611041842435332,-0.05758771717207081,19.81642768193128,19.75883996475921
3.3679999999998507,-0.5011350201144829,0.013042034880334558,0.0011350201144828542,-0.05826511142811937,19.81517476972254,19.75690965829442
3.3699999999998504,-0.5011090301102361,0.012995002123400422,0.0011090301102361089,-0.058935474463362295,19.81392630828416,19.7549908338208
3.3719999999998502,-0.5010831349773621,0.012947566437008496,0.0010831349773621213,-0.05959881257775902,19.812682336791802,19.753083524214045
3.37399999999985,-0.5010573355120187,0.012899732671733471,0.0010573355120186978,-0.06025513240158312,19.811442893957167,19.751187761555585
3.37599999999985,-0.5010316325006778,0.012851505670436978,0.001031632500677837,-0.06090444089311986,19.810208018028693,19.749303577135574
3.3779999999998496,-0.5010060267201417,0.012802890268059385,0.0010060267201417172,-0.06154674533638234,19.808977746792287,19.747431001455904
3.3799999999998493,-0.5009805189375589,0.012753891291414,0.0009805189375589052,-0.06218205333880639,19.807752117572015,19.74557006423321
3.381999999999849,-0.5009551099104409,0.012704513558981848,0.0009551099104408989,-0.0628103728289558,19.8065311672308,19.743720794401845
3.383999999999849,-0.5009298003866794,0.012654761880709726,0.0009298003866794469,-0.06343171205421883,19.80531493217125,19.741883220117032
3.3859999999998487,-0.5009045911045639,0.012604641057807607,0.0009045911045638677,-0.06404607957849993,19.804103448336434,19.740057368757935
3.3879999999998485,-0.5008794827927988,0.012554155882549952,0.0008794827927988136,-0.06465348427990615,19.80289675121061,19.738243266930706
3.3899999999998482,-0.5008544761705227,0.012503311138076944,0.0008544761705227,-0.06525393534844708,19.801694875820125,19.736440940471677
3.391999999999848,-0.5008295719473264,0.012452111598198777,0.0008295719473263574,-0.06584744228370755,19.800497856734168,19.73465041445046
3.393999999999848,-0.5008047708232719,0.012400562027200399,0.0008047708232719053,-0.06643401489253592,19.7993057280657,19.732871713173164
3.3959999999998476,-0.5007800734889126,0.012348667179648476,0.0007800734889126248,-0.06701366328672698,19.798118523472276,19.73110486018555
3.3979999999998474,-0.5007554806253123,0.012296431800199945,0.000755480625312277,-0.06758639788068281,19.79693627615702,19.729349878276338
3.399999999999847,-0.5007309929040654,0.012243860623412508,0.0007309929040654195,-0.06815222938910848,19.79575901886939,19.72760678948028
3.401999999999847,-0.5007066109873183,0.01219095837355593,0.0007066109873182791,-0.06871116882468328,19.794586783906247,19.725875615081563
3.4039999999998467,-0.5006823355277894,0.012137729764425655,0.0006823355277894017,-0.06926322749571627,19.79341960311276,19.724156375617042
3.4059999999998465,-0.5006581671687911,0.012084179499158205,0.0006581671687910795,-0.06980841700382917,19.792257507883342,19.72244909087951
3.4079999999998463,-0.500634106544251,0.012030312270047392,0.0006341065442510008,-0.07034674924162246,19.791100529162648,19.720753779921026
3.409999999999846,-0.5006101542787342,0.011976132758363409,0.0006101542787342318,-0.0708782363903391,19.7899486974466,19.719070461056262
3.411999999999846,-0.5005863109874659,0.011921645634172267,0.0005863109874658656,-0.071402890917538,19.788802042783416,19.717399151865877
3.4139999999998456,-0.5005625772763536,0.011866855556157893,0.0005625772763535597,-0.07192072557474351,19.78766059477457,19.71573986919983
3.4159999999998454,-0.5005389537420106,0.011811767171445135,0.0005389537420106283,-0.07243175339512076,19.786524382575923,19.7140926291808
3.417999999999845,-0.5005154409717798,0.011756385115424945,0.0005154409717798014,-0.07293598769113595,19.785393434898808,19.712457447207672
3.419999999999845,-0.5004920395437567,0.011700714011580775,0.0004920395437566505,-0.0734334420522075,19.784267780011056,19.71083433795885
3.4219999999998447,-0.500468750026814,0.01164475847131734,0.00046875002681401323,-0.07392413034238018,19.78314744573811,19.70922331539573
3.4239999999998445,-0.5004455729806264,0.011588523093789709,0.0004455729806264186,-0.07440806669797818,19.782032459464197,19.70762439276622
3.4259999999998443,-0.500422508955695,0.011532012465735583,0.0004225089556949557,-0.07488526552526092,19.780922848133443,19.706037582608182
3.427999999999844,-0.5003995584933724,0.01147523116130825,0.00039955849337236504,-0.07535574149808644,19.779818638250983,19.704462896752897
3.429999999999844,-0.5003767221258886,0.011418183741911083,0.00037672212588857334,-0.0758195095555714,19.778719855884226,19.702900346328654
3.4319999999998436,-0.5003540003763765,0.011360874756034551,0.000354000376376451,-0.07627658489974573,19.777626526663973,19.701349941764228
3.4339999999998434,-0.5003313937588982,0.011303308739093944,0.0003313937588982352,-0.07672698299321837,19.776538675785616,19.699811692792398
3.435999999999843,-0.5003089027784717,0.011245490213268924,0.0003089027784717313,-0.07717071955682214,19.7754563280104,19.698285608453578
3.437999999999843,-0.5002865279310971,0.011187423687345738,0.0002865279310970692,-0.07760781056728214,19.77437950766667,19.696771697099386
3.4399999999998427,-0.5002642697037839,0.011129113656559124,0.0002642697037839037,-0.07803827225488313,19.77330823865106,19.69526996639618
3.4419999999998425,-0.5002421285745791,0.011070564602437659,0.00024212857457905912,-0.07846212110111685,19.772242544429773,19.693780423328654
3.4439999999998423,-0.5002201050125937,0.011011780992649994,0.00022010501259372983,-0.0788793738363389,19.77118244803993,19.69230307420359
3.445999999999842,-0.500198199478032,0.01095276728085222,0.00019819947803201288,-0.07929004743745076,19.77012797209079,19.69083792465334
3.447999999999842,-0.5001764124222189,0.010893527906537992,0.00017641242221888565,-0.07969415912553725,19.7690791387651,19.689384979639563
3.4499999999998416,-0.5001547442876291,0.01083406729488945,0.00015474428762907166,-0.08009172636354851,19.768035969820428,19.68794424345688
3.4519999999998414,-0.5001331955079158,0.010774389856629913,0.00013319550791579537,-0.08048276685395274,19.766998486590463,19.68651571973651
3.453999999999841,-0.5001117665079401,0.010714499987878157,0.00011176650794009202,-0.08086729853640749,19.7659667099864,19.685099411449993
3.455999999999841,-0.5000904577038001,0.010654402070005106,9.045770380011753e-05,-0.08124533958542157,19.764940660498347,19.683695320912925
3.4579999999998408,-0.5000692695028611,0.010594100469490386,6.926950286112454e-05,-0.08161690840803615,19.76392035819662,19.682303449788584
3.4599999999998405,-0.5000482023037855,0.010533599537782417,4.820230378554946e-05,-0.08198202364147811,19.76290582273319,19.680923799091715
3.4619999999998403,-0.5000272564965632,0.010472903611158903,2.7256496563210497e-05,-0.08234070415083736,19.761897073343135,19.679556369192298
3.46399999999984,-0.5000064324625421,0.010412017010589593,6.432462542060868e-06,-0.08269296902674281,19.76089412884601,19.67820115981927
3.46599999999984,-0.4999857305744589,0.01035094404159992,-1.4269425541113545e-05,-0.0830388375830343,19.759897007647268,19.676858170064232
3.4679999999998397,-0.4999651511964706,0.010289688994137042,-3.484880352938591e-05,-0.0833783293544439,19.758905727739812,19.675527398385366
3.4699999999998394,-0.49994469468418573,0.010228256142437095,-5.530531581426912e-05,-0.08371146409427177,19.75792030670535,19.67420884261108
3.471999999999839,-0.4999243613846959,0.010166649744893914,-7.563861530407445e-05,-0.08403826177206752,19.75694076171591,19.67290249994384
3.473999999999839,-0.49990415163660806,0.01010487404392962,-9.584836339193714e-05,-0.08435874257131429,19.755967109535376,19.671608366964062
3.4759999999998388,-0.4998840657700763,0.010042933265866994,-0.00011593422992367541,-0.08467292688711445,19.754999366520934,19.67032643963382
3.4779999999998386,-0.49986410410683474,0.009980831620802492,-0.00013589589316526096,-0.08498083532388297,19.75403754862461,19.669056713300726
3.4799999999998383,-0.49984426696022977,0.00991857330248236,-0.0001557330397702339,-0.08528248869303037,19.75308167139481,19.667799182701778
3.481999999999838,-0.4998245546352534,0.009856162488178898,-0.0001754453647466181,-0.08557790801066824,19.752131749977895,19.666553841967225
3.483999999999838,-0.4998049674285762,0.009793603338569002,-0.00019503257142378105,-0.08586711449529591,19.7511877991196,19.6653206846243
3.4859999999998377,-0.499785505628581,0.009730899997614256,-0.00021449437141901617,-0.08615012956550326,19.75024983316678,19.664099703601277
3.4879999999998375,-0.4997661695153961,0.00966805659244268,-0.000233830484603903,-0.0864269748376747,19.749317866068882,19.662890891231207
3.4899999999998372,-0.4997469593609296,0.009605077233231882,-0.00025304063907038987,-0.08669767212369756,19.7483919113795,19.6616942392558
3.491999999999837,-0.4997278754289034,0.009541966013093591,-0.00027212457109659915,-0.08696224342867065,19.747471982258112,19.660509738829443
3.493999999999837,-0.4997089179748875,0.00947872700796024,-0.00029108202511252124,-0.0872207109486127,19.746558091471574,19.65933738052296
3.4959999999998366,-0.4996900872463345,0.009415364276472741,-0.00030991275366548665,-0.08747309706818276,19.74565025139575,19.658177154327568
3.4979999999998364,-0.49967138348261475,0.009351881859870176,-0.00032861651738524955,-0.0877194243584014,19.744748474017236,19.657029049658835
3.499999999999836,-0.499652806915051,0.009288283781880504,-0.0003471930849490157,-0.08795971557437139,19.743852770934918,19.655893055360547
3.501999999999836,-0.49963435776695375,0.009224574048613186,-0.0003656422330462483,-0.08819399365300466,19.74296315336167,19.654769159708668
3.5039999999998357,-0.49961603625365686,0.009160756648453465,-0.0003839637463431411,-0.08842228171075542,19.742079632125986,19.65365735041523
3.5059999999998355,-0.49959784258255296,0.009096835551958081,-0.0004021574174470355,-0.08864460304135337,19.74120221767373,19.65255761463238
3.5079999999998353,-0.49957977695312944,0.009032814711752457,-0.00042022304687056034,-0.08886098111354607,19.74033092006972,19.651469938956176
3.509999999999835,-0.49956183955700456,0.008968698062429278,-0.0004381604429954389,-0.08907143956884207,19.73946574899952,19.65039430943068
3.511999999999835,-0.49954403057796365,0.008904489520449123,-0.0004559694220363508,-0.08927600221925178,19.73860671377111,19.64933071155186
3.5139999999998346,-0.49952635019199554,0.008840192984041931,-0.00047364980800446155,-0.08947469304504702,19.73775382331661,19.64827913027156
3.5159999999998344,-0.4995087985673293,0.00877581233311089,-0.0004912014326706737,-0.08966753619251391,19.73690708619396,19.647239550001444
3.517999999999834,-0.49949137586447107,0.008711351429136911,-0.0005086241355289345,-0.08985455597171407,19.73606651058877,19.646211954617055
3.519999999999834,-0.4994740822362409,0.008646814115085163,-0.0005259177637590984,-0.09003577685425267,19.73523210431596,19.645196327461704
3.5219999999998337,-0.49945691782781027,0.008582204215313017,-0.000543082172189735,-0.09021122347104524,19.734403874821542,19.644192651350497
3.5239999999998335,-0.4994398827767393,0.008517525535479513,-0.0005601172232607143,-0.09038092061009353,19.73358182918444,19.643200908574347
3.5259999999998333,-0.4994229772130144,0.008452781862456486,-0.0005770227869856259,-0.09054489321426468,19.732765974118198,19.642221080903933
3.527999999999833,-0.4994062012590859,0.008387976964240824,-0.0005937987409140866,-0.09070316637907692,19.73195631597283,19.641253149593755
3.529999999999833,-0.4993895550299062,0.008323114589868615,-0.0006104449700938264,-0.09085576535049006,19.73115286073651,19.64029709538602
3.5319999999998326,-0.4993730386329675,0.008258198469330224,-0.0006269613670324969,-0.09100271552270198,19.73035561403747,19.63935289851477
3.5339999999998324,-0.4993566521683405,0.00819323231348786,-0.0006433478316594798,-0.09114404243594167,19.729564581145784,19.63842053870984
3.535999999999832,-0.4993403957287125,0.00812821981399375,-0.0006596042712874728,-0.09127977177428208,19.72877976697519,19.63749999520091
3.537999999999832,-0.4993242693994261,0.008063164643209945,-0.0006757306005739094,-0.09140992936344891,19.728001176084845,19.636591246721398
3.5399999999998317,-0.49930827325851784,0.007998070454129973,-0.0006917267414821571,-0.09153454116863594,19.7272288126813,19.635694271512666
3.5419999999998315,-0.49929240737675723,0.00793294088030163,-0.0007075926232427698,-0.09165363329232606,19.726462680620195,19.63480904732787
3.5439999999998313,-0.4992766718176857,0.007867779535751152,-0.0007233281823142979,-0.09176723197212383,19.72570278340821,19.633935551436085
3.545999999999831,-0.4992610666376559,0.007802590014909371,-0.0007389333623440963,-0.09187536357858113,19.724949124204855,19.633073760626274
3.547999999999831,-0.4992455918858708,0.007737375892539053,-0.0007544081141291903,-0.09197805461303882,19.724201705824424,19.632223651211383
3.5499999999998306,-0.49923024760442347,0.00767214072366297,-0.0007697523955765284,-0.09207533170548005,19.723460530737725,19.631385199032245
3.5519999999998304,-0.4992150338283365,0.007606888043495253,-0.0007849661716635148,-0.0921672216123649,19.722725601074128,19.630558379461764
3.55399999999983,-0.49919995058560174,0.007541621367371914,-0.0008000494143982628,-0.09225375121450262,19.721996918623304,19.6297431674088
3.55599999999983,-0.4991849978972204,0.007476344190684501,-0.0008150021027796273,-0.09233494751490583,19.721274484837217,19.62893953732231
3.5579999999998297,-0.49917017577724276,0.00741105998881463,-0.0008298242227572361,-0.09241083763666111,19.720558300831982,19.628147463195322
3.5599999999998295,-0.49915548423280864,0.007345772217069771,-0.0008445157671913561,-0.09248144882080649,19.71984836738977,19.627366918568963
3.5619999999998293,-0.4991409232641874,0.007280484310620683,-0.0008590767358125917,-0.09254680842421242,19.719144684960707,19.626597876536493
3.563999999999829,-0.4991264928648185,0.007215199684440272,-0.0008735071351814727,-0.09260694391746913,19.71844725366486,19.62584030974739
3.565999999999829,-0.499112193021352,0.007149921733243607,-0.000887806978647987,-0.09266188288278109,19.71775607329409,19.62509419041131
3.5679999999998286,-0.49909802371368917,0.007084653831430121,-0.0009019762863108349,-0.09271165301186834,19.71707114331404,19.624359490302172
3.5699999999998284,-0.4990839849150231,0.0070193993330259245,-0.0009160150849769066,-0.09275628210387436,19.716392462866004,19.62363618076213
3.571999999999828,-0.49907007659187985,0.006954161571628472,-0.000929923408120148,-0.09279579806328367,19.7157200307689,19.622924232705614
3.573999999999828,-0.49905629870415913,0.00688894386035256,-0.0009437012958408708,-0.0928302288978337,19.715053845521307,19.622223616623472
3.5759999999998278,-0.49904265120517555,0.006823749491777741,-0.000957348794824453,-0.09285960271645531,19.714393905303247,19.62153430258679
3.5779999999998275,-0.49902913404169974,0.006758581737896223,-0.0009708659583002599,-0.09288394772720004,19.713740207978308,19.62085626025111
3.5799999999998273,-0.4990157471539996,0.006693443850063621,-0.0009842528460003996,-0.09290329223518018,19.713092751095516,19.620189458860334
3.581999999999827,-0.4990024904758817,0.006628339058949768,-0.0009975095241183118,-0.09291766464052495,19.7124515318913,19.619533867250777
3.583999999999827,-0.4989893639347327,0.006563270574491747,-0.0010106360652673008,-0.09292709343633063,19.711816547291548,19.618889453855218
3.5859999999998267,-0.498976367451561,0.006498241585847774,-0.001023632548439013,-0.09293160720662601,19.711187793913517,19.61825618670689
3.5879999999998264,-0.4989635009410383,0.0064332552613533345,-0.001036499058961693,-0.09293123462434272,19.71056526806783,19.617634033443487
3.589999999999826,-0.49895076431154134,0.006368314748476515,-0.0010492356884586607,-0.09292600444929439,19.70994896576047,19.61702296131118
3.591999999999826,-0.49893815746519377,0.006303423173777568,-0.0010618425348062344,-0.09291594552615855,19.70933888269476,19.6164229371686
3.593999999999826,-0.498925680297908,0.00623858364286765,-0.001074319702091986,-0.09290108678246992,19.70873501427343,19.61583392749096
3.5959999999998256,-0.4989133326994273,0.006173799240369879,-0.001086667300572719,-0.09288145722662064,19.70813735560051,19.61525589837389
3.5979999999998253,-0.4989011145533675,0.006109073029881478,-0.0010988854466325026,-0.09285708594586779,19.707545901483417,19.614688815537548
3.599999999999825,-0.49888902573725963,0.006044408053937341,-0.0011109742627403718,-0.09282800210435194,19.706960646434954,19.614132644330603
3.601999999999825,-0.4988770661225917,0.005979807333974228,-0.0011229338774083053,-0.0927942349411136,19.706381584675277,19.613587349734164
3.6039999999998247,-0.4988652355748511,0.0059152738702978385,-0.0011347644251489264,-0.09275581376812603,19.705808710133983,19.613052896365858
3.6059999999998245,-0.49885353395356696,0.005850810642049327,-0.0011464660464330367,-0.09271276796833977,19.70524201645203,19.61252924848369
3.6079999999998242,-0.4988419611123526,0.005786420607174396,-0.0011580388876473724,-0.09266512699371608,19.704681496983923,19.612016369990208
3.609999999999824,-0.49883051689894786,0.0057221067023932645,-0.0011694831010521378,-0.09261292036329007,19.704127144799568,19.611514224436277
3.611999999999824,-0.4988192011552615,0.005657871843171843,-0.0011807988447384843,-0.09255617766123163,19.703578952686392,19.61102277502516
3.6139999999998236,-0.4988080137174141,0.005593718923694475,-0.0011919862825858774,-0.09249492853491412,19.703036913151397,19.610541984616482
3.6159999999998234,-0.4987969544157804,0.005529650816837412,-0.0012030455842195753,-0.0924292026929909,19.70250101842314,19.610071815730148
3.617999999999823,-0.4987860230750321,0.005465670374144259,-0.0012139769249678856,-0.0923590299034823,19.701971260453792,19.60961223055031
3.619999999999823,-0.4987752195141805,0.005401780425802395,-0.0012247804858194766,-0.0922844399918695,19.701447630921198,19.60916319092933
3.6219999999998227,-0.4987645435466193,0.005337983780619898,-0.00123545645338069,-0.09220546283919823,19.700930121230904,19.608724658391704
3.6239999999998225,-0.4987539949801673,0.005274283226005408,-0.0012460050198326855,-0.09212212838018678,19.700418722518233,19.608296594138046
3.6259999999998223,-0.4987435736171114,0.005210681527947519,-0.0012564263828885869,-0.09203446660135069,19.699913425650283,19.607878959048932
3.627999999999822,-0.49873327925424943,0.005147181430996258,-0.0012667207457505714,-0.09194250753912363,19.699414221227983,19.60747171368886
3.629999999999822,-0.49872311168293293,0.005083785658245822,-0.0012768883170670708,-0.09184628127799291,19.698921099588265,19.607074818310274
3.6319999999998216,-0.4987130706891103,0.005020496911318298,-0.001286929310889695,-0.09174581794864942,19.69843405080593,19.60668823285728
3.6339999999998214,-0.4987031560533696,0.004957317870348758,-0.0012968439466303772,-0.09164114772613419,19.69795306469583,19.606311916969698
3.635999999999821,-0.4986933675509817,0.004894251193971133,-0.0013066324490182968,-0.09153230082800515,19.697478130814932,19.605945829986926
3.637999999999821,-0.4986837049519431,0.004831299519306134,-0.0013162950480569147,-0.09141930751250094,19.697009238464318,19.605589930951815
3.6399999999998207,-0.49867416802101916,0.004768465461949644,-0.0013258319789808404,-0.09130219807672565,19.696546376691266,19.60524417861454
3.6419999999998205,-0.49866475651778724,0.004705751615962548,-0.0013352434822127557,-0.09118100285483077,19.696089534291335,19.604908531436504
3.6439999999998203,-0.4986554701966795,0.004643160553861867,-0.0013445298033205044,-0.09105575221621061,19.69563869981042,19.60458294759421
3.64599999999982,-0.49864630880702626,0.004580694826612589,-0.0013536911929737383,-0.09092647656371511,19.695193861546805,19.60426738498309
3.64799999999982,-0.498637272093099,0.004518356963621459,-0.0013627279069010068,-0.09079320633185024,19.694755007553262,19.603961801221413
3.6499999999998196,-0.49862835979415354,0.004456149472731465,-0.0013716402058464583,-0.09065597198501193,19.694322125639047,19.603666153654036
3.6519999999998194,-0.4986195716444731,0.004394074840217114,-0.0013804283555268748,-0.09051480401571005,19.693895203372076,19.603380399356364
3.653999999999819,-0.49861090737341157,0.004332135530781822,-0.0013890926265884285,-0.0903697329428119,19.693474228080895,19.603104495138084
3.655999999999819,-0.49860236670543645,0.00427033398755536,-0.0013976332945635495,-0.09022078930979172,19.693059186856814,19.60283839754702
3.6579999999998187,-0.49859394936017226,0.004208672632093505,-0.0014060506398277384,-0.09006800368298486,19.69265006655595,19.602582062872965
3.6599999999998185,-0.4985856550524435,0.004147153864378076,-0.0014143449475564895,-0.08991140664985758,19.69224685380129,19.602335447151432
3.6619999999998183,-0.4985774834923179,0.004085780062818116,-0.0014225165076821034,-0.0897510288172842,19.69184953498476,19.60209850616748
3.663999999999818,-0.4985694343851494,0.004024553584252848,-0.0014305656148506096,-0.08958690080982906,19.691458096269344,19.601871195459516
3.665999999999818,-0.4985615074316215,0.003963476763954775,-0.0014384925683785243,-0.08941905326804717,19.691072523591078,19.601653470323033
3.6679999999998176,-0.4985537023277902,0.003902551915635127,-0.0014462976722097731,-0.08924751684677917,19.690692802661207,19.601445285814428
3.6699999999998174,-0.49854601876512733,0.003841781331448573,-0.00145398123487267,-0.08907232221347194,19.690318918968146,19.601246596754674
3.671999999999817,-0.4985384564305633,0.0037811672820014905,-0.001461543569436674,-0.08889350004649538,19.689950857779667,19.601057357733172
3.673999999999817,-0.49853101500653063,0.0037207120163587435,-0.0014689849934693688,-0.08871108103347888,19.689588604144884,19.600877523111404
3.6759999999998167,-0.4985236941710065,0.0036604177620538957,-0.001476305828993496,-0.0885250958696447,19.689232142896365,19.60070704702672
3.6779999999998165,-0.4985164935975563,0.0036002867250983757,-0.0014835064024437128,-0.088335575256171,19.68888145865216,19.600545883395988
3.6799999999998163,-0.4985094129553763,0.0035403210899932046,-0.0014905870446236813,-0.08814254989853551,19.688536535817924,19.60039398591939
3.681999999999816,-0.49850245190933684,0.003480523019741215,-0.0014975480906631589,-0.08794605050489289,19.688197358588923,19.60025130808403
3.683999999999816,-0.49849561012002513,0.0034208946558604283,-0.0015043898799748656,-0.08774610778445607,19.687863910952167,19.600117803167713
3.6859999999998156,-0.4984888872437883,0.0033614381183983072,-0.0015111127562116855,-0.08754275244587806,19.687536176688383,19.599993424242506
3.6879999999998154,-0.4984822829327764,0.0033021555059472157,-0.0015177170672235896,-0.08733601519565387,19.687214139374184,19.59987812417853
3.689999999999815,-0.4984757968349851,0.003243048895661197,-0.0015242031650148924,-0.08712592673652131,19.68689778238404,19.599771855647518
3.691999999999815,-0.49846942859429855,0.003184120343272842,-0.001530571405701453,-0.08691251776588527,19.68658708889239,19.599674571126506
3.6939999999998148,-0.49846317785053235,0.0031253718831121243,-0.0015368221494676537,-0.08669581897424086,19.686282041875675,19.599586222901433
3.6959999999998145,-0.4984570442394761,0.0030668055281260374,-0.0015429557605238786,-0.08647586104360314,19.685982624114438,19.599506763070835
3.6979999999998143,-0.49845102739293634,0.0030084232698986686,-0.001548972607063659,-0.08625267464596345,19.685688818195285,19.599436143549323
3.699999999999814,-0.498445126938779,0.0029502270786732946,-0.001554873061220985,-0.08602629044173571,19.685400606513042,19.599374316071305
3.701999999999814,-0.49843934250097227,0.002892218903374384,-0.0015606574990277289,-0.08579673907822576,19.685117971272774,19.599321232194548
3.7039999999998137,-0.498433673699629,0.0028344006716309908,-0.0015663263003710126,-0.08556405118810423,19.684840894491796,19.59927684330369
3.7059999999998134,-0.49842812015104937,0.002776774289802027,-0.0015718798489506303,-0.08532825738788843,19.684569358001752,19.599241100613863
3.7079999999998132,-0.49842268146776336,0.00271934164300053,-0.0015773185322366379,-0.08508938827644143,19.68430334345069,19.59921395517425
3.709999999999813,-0.4984173572585731,0.002662104595121036,-0.0015826427414268873,-0.08484747443346975,19.68404283230504,19.59919535787157
3.711999999999813,-0.4984121471285954,0.0026050649888662396,-0.0015878528714046158,-0.08460254641804378,19.68378780585168,19.599185259433636
3.7139999999998126,-0.49840705067930385,0.0025482246457755645,-0.0015929493206961465,-0.08435463476711455,19.683538245200015,19.599183610432902
3.7159999999998123,-0.49840206750857136,0.002491585366254401,-0.0015979324914286441,-0.08410376999405038,19.683294131283944,19.599190361289892
3.717999999999812,-0.49839719721071213,0.002435148929604211,-0.0016028027892878716,-0.08384998258718097,19.683055444863932,19.59920546227675
3.719999999999812,-0.498392439376524,0.00237891709405366,-0.001607560623476001,-0.08359330300834855,19.682822166529057,19.599228863520707
3.7219999999998117,-0.4983877935933304,0.002322891596790281,-0.0016122064066695918,-0.08333376169146932,19.682594276698982,19.59926051500751
3.7239999999998115,-0.49838325944502243,0.0022670741539941356,-0.0016167405549775693,-0.08307138904110592,19.682371755626054,19.59930036658495
3.7259999999998112,-0.4983788365121007,0.0022114664608707947,-0.001621163487899313,-0.08280621543105586,19.682154583397214,19.599348367966158
3.727999999999811,-0.4983745243717173,0.002156070191686695,-0.001625475628282691,-0.08253827120293888,19.681942739936154,19.599404468733216
3.729999999999811,-0.4983703225977177,0.0021008869998041706,-0.0016296774022823146,-0.0822675866648012,19.681736205005222,19.59946861834042
3.7319999999998106,-0.49836623076068226,0.00204591851771875,-0.0016337692393177394,-0.08199419208972594,19.681534958207465,19.599540766117737
3.7339999999998104,-0.49836224842796806,0.001991166357095417,-0.0016377515720319424,-0.08171811771445958,19.681338978988663,19.599620861274204
3.73599999999981,-0.4983583751637504,0.0019366321088077401,-0.0016416248362495778,-0.08143939373804103,19.681148246639314,19.599708852901273
3.73799999999981,-0.4983546105290645,0.0018823173429769226,-0.00164538947093551,-0.08115805032044503,19.68096274029662,19.599804689976175
3.7399999999998097,-0.4983509540818465,0.001828223609011192,-0.0016490459181535133,-0.08087411758123578,19.680782438946515,19.59990832136528
3.7419999999998095,-0.4983474053769752,0.0017743524356470504,-0.0016525946230248056,-0.08058762559823007,19.680607321425637,19.600019695827406
3.7439999999998093,-0.4983439639663132,0.0017207053309907486,-0.001656036033686803,-0.08029860440616862,19.680437366423302,19.600138762017135
3.745999999999809,-0.49834062939874807,0.0016672837825607943,-0.0016593706012519305,-0.0800070839953981,19.680272552483526,19.60026546848813
3.747999999999809,-0.4983374012202334,0.001614089257331228,-0.0016625987797665998,-0.07971309431056357,19.680112858007018,19.600399763696455
3.7499999999998086,-0.49833427897382987,0.001561123201776118,-0.0016657210261701305,-0.07941666524931382,19.67995826125307,19.600541596003755
3.7519999999998084,-0.49833126219974605,0.0015083870419137996,-0.00166873780025395,-0.07911782666101416,19.679808740341628,19.600690913680612
3.753999999999808,-0.4983283504353793,0.0014558821833531032,-0.0016716495646206808,-0.07881660834546839,19.679664273255234,19.600847664909764
3.755999999999808,-0.49832554321535666,0.001403610011339729,-0.0016744567846433411,-0.07851304005165206,19.679524837840983,19.60101179778933
3.7579999999998077,-0.49832284007157507,0.0013515718908038443,-0.0016771599284249317,-0.07820715147645148,19.679390411812413,19.60118326033596
3.7599999999998075,-0.49832024053324225,0.0012997691664076536,-0.0016797594667577465,-0.07789897226342803,19.67926097275163,19.601362000488205
3.7619999999998073,-0.49831774412691704,0.0012482031625948953,-0.0016822558730829607,-0.07758853200157109,19.679136498111077,19.601547966109507
3.763999999999807,-0.4983153503765498,0.001196875183639981,-0.0016846496234502184,-0.07727586022407759,19.679016965215602,19.601741104991525
3.765999999999807,-0.4983130588035224,0.001145786513698824,-0.0016869411964776093,-0.07696098640712859,19.678902351264362,19.601941364857232
3.7679999999998066,-0.4983108689266887,0.00109493841685967,-0.0016891310733113118,-0.07664393996869497,19.678792633332712,19.60214869336402
3.7699999999998064,-0.4983087802624143,0.001044332137195523,-0.0016912197375856808,-0.07632475026732984,19.67868778837425,19.602363038106922
3.771999999999806,-0.49830679232461667,0.0009939688988162471,-0.0016932076753833347,-0.07600344660099141,19.678587793222633,19.60258434662164
3.773999999999806,-0.4983049046248048,0.0009438499059223264,-0.001695095375195188,-0.07568005820586336,19.678492624593574,19.602812566387712
3.7759999999998057,-0.4983031166721191,0.0008939763428588667,-0.001696883327880927,-0.07535461425518614,19.678402259086702,19.603047644831516
3.7779999999998055,-0.49830142797337074,0.0008443493741702389,-0.0016985720266292637,-0.07502714385810802,19.67831667318748,19.603289529329373
3.7799999999998053,-0.4982998380330814,0.0007949701446563383,-0.0017001619669185786,-0.07469767605853246,19.67823584326922,19.603538167210687
3.781999999999805,-0.49829834635352255,0.0007458397794279381,-0.0017016536464774523,-0.07436623983399385,19.6781597455948,19.60379350576081
3.783999999999805,-0.49829695243475464,0.0006969593839642298,-0.0017030475652453636,-0.0740328640945216,19.678088356318742,19.60405549222422
3.7859999999998046,-0.4982956557746663,0.0006483300441705996,-0.0017043442253337204,-0.07369757768152838,19.678021651488955,19.604324073807426
3.7879999999998044,-0.4982944558690134,0.0005999528264363546,-0.0017055441309866137,-0.07336040936671362,19.677959607048724,19.60459919768201
3.789999999999804,-0.498293352211458,0.0005518287776945242,-0.001706647788542015,-0.07302138785095538,19.677902198838513,19.60488081098756
3.791999999999804,-0.498292344293607,0.0005039589254805795,-0.0017076557063929743,-0.0726805417632368,19.677849402597914,19.605168860834677
3.7939999999998038,-0.498291431605051,0.0004563442779938283,-0.0017085683949489838,-0.07233789965956361,19.677801193967483,19.60546329430792
3.7959999999998035,-0.4982906136334027,0.00040898582415775425,-0.0017093863665972875,-0.07199349002190998,19.677757548490554,19.605764058468644
3.7979999999998033,-0.49828988986433537,0.0003618845336817793,-0.001710110135664633,-0.07164734125715354,19.67771844161519,19.606071100358037
3.799999999999803,-0.49828925978162114,0.00031504135712387475,-0.001710740218378859,-0.07129948169603956,19.677683848695928,19.606384366999887
3.801999999999803,-0.49828872286716924,0.00026845722595327274,-0.0017112771328307574,-0.07094993959214535,19.677653744995737,19.60670380540359
3.8039999999998027,-0.498288278601064,0.00022213305261373928,-0.0017117213989359947,-0.07059874312085648,19.677628105687738,19.60702936256688
3.8059999999998024,-0.4982879264616028,0.00017606973058823032,-0.0017120735383971963,-0.0702459203783497,19.677606905857157,19.607360985478806
3.807999999999802,-0.49828766592533386,0.0001302681344635302,-0.0017123340746661442,-0.06989149938059369,19.67759012050307,19.607698621122477
3.809999999999802,-0.49828749646709386,8.472911999576663e-05,-0.00171250353290614,-0.069535508062354,19.67757772454022,19.608042216477866
3.8119999999998018,-0.4982874175600455,3.945352417585317e-05,-0.0017125824399544798,-0.06917797427621174,19.677569692800912,19.6083917185247
3.8139999999998015,-0.4982874286757149,-5.557834702985077e-06,-0.0017125713242850948,-0.06881892579158602,19.677566000036713,19.608747074245127
3.8159999999998013,-0.49828752928402886,-5.0304156978723685e-05,-0.0017124707159711372,-0.06845839029377991,19.677566620920324,19.609108230626543
3.817999999999801,-0.498287718853352,-9.478466155263984e-05,-0.0017122811466480092,-0.06809639538301569,19.677571530047384,19.60947513466437
3.819999999999801,-0.4982879968505236,-0.0001389985858210314,-0.0017120031494763932,-0.06773296857349925,19.677580701938204,19.609847733364706
3.8219999999998007,-0.49828836274089483,-0.00018294518560572367,-0.0017116372591051698,-0.06736813729248747,19.67759411103955,19.610225973747063
3.8239999999998004,-0.498288815988365,-0.0002266237350854256,-0.001711184011635003,-0.067001928879361,19.677611731726522,19.61060980284716
3.8259999999998002,-0.49828935605541846,-0.00027003352672535705,-0.0017106439445815358,-0.06663437058471672,19.677633538304153,19.610999167719438
3.8279999999998,-0.49828998240316086,-0.00031317387120674946,-0.0017100175968391418,-0.06626548956945857,19.677659505009355,19.611394015439895
3.8299999999998,-0.49829069449135555,-0.0003560440973552935,-0.0017093055086444542,-0.06589531290391168,19.677689606012528,19.611794293108616
3.8319999999997996,-0.49829149177845966,-0.00039864355207033727,-0.001708508221540339,-0.06552386756693582,19.677723815419352,19.612199947852417
3.8339999999997993,-0.4982923737216602,-0.0004409716002520485,-0.0017076262783398133,-0.06515118044505086,19.677762107272592,19.612610926827543
3.835999999999799,-0.49829333977690965,-0.0004830276247294122,-0.0017066602230903505,-0.06477727833157615,19.677804455553726,19.61302717722215
3.837999999999799,-0.49829438939896203,-0.0005248110261865385,-0.0017056106010379657,-0.06440218792577872,19.677850834184753,19.613448646258973
3.8399999999997987,-0.4982955220414082,-0.0005663212230887703,-0.001704477958591799,-0.06402593583202631,19.677901217029913,19.613875281197885
3.8419999999997985,-0.4982967371567114,-0.0006075576516092741,-0.0017032628432885888,-0.0636485485589618,19.6779555778973,19.614307029338338
3.8439999999997982,-0.4982980341962425,-0.0006485197655539238,-0.001701965803757477,-0.06327005251866936,19.678013890540694,19.614743838022026
3.845999999999798,-0.4982994126103151,-0.0006892070362857299,-0.0017005873896849266,-0.06289047402586768,19.67807612866121,19.615185654635344
3.847999999999798,-0.49830087184822036,-0.0007296189526503154,-0.0016991281517796386,-0.06250983929711122,19.67814226590898,19.61563242661187
3.8499999999997976,-0.49830241135826214,-0.0007697550208986273,-0.0016975886417378572,-0.06212817444998302,19.678212275884842,19.616084101434858
3.8519999999997974,-0.4983040305877914,-0.0008096147646112497,-0.00169596941220862,-0.06174550550232527,19.678286132141988,19.61654062663966
3.853999999999797,-0.4983057289832406,-0.0008491977246210295,-0.0016942710167593966,-0.0613618583714548,19.67836380818775,19.617001949816295
3.855999999999797,-0.4983075059901585,-0.000888503458935608,-0.0016924940098415053,-0.06097725887340763,19.678445277485064,19.617468018611657
3.8579999999997967,-0.4983093610532438,-0.0009275315426596046,-0.0016906389467561955,-0.06059173272217535,19.67853051345433,19.617938780732153
3.8599999999997965,-0.49831129361637966,-0.0009662815679161901,-0.001688706383620342,-0.060205305528970986,19.67861948947495,19.61841418394598
3.8619999999997963,-0.4983133031226672,-0.0010047531437684571,-0.001686696877332805,-0.05981800280148416,19.67871217888696,19.618894176085476
3.863999999999796,-0.4983153890144595,-0.0010429458961400335,-0.0016846109855405134,-0.059429849943164546,19.678808554992685,19.61937870504952
3.865999999999796,-0.49831755073339495,-0.001080859467735802,-0.0016824492666050461,-0.059040872252500265,19.6789085910584,19.6198677188059
3.8679999999997956,-0.4983197877204309,-0.0011184935179613608,-0.0016802122795691043,-0.05865109492231543,19.679012260315893,19.62036116539358
3.8699999999997954,-0.4983220994158766,-0.0011558477228431167,-0.0016779005841234262,-0.058260543039073284,19.6791195359641,19.62085899292503
3.871999999999795,-0.49832448525942646,-0.0011929217749472919,-0.001675514740573536,-0.057869241582192116,19.679230391170673,19.62136114958848
3.873999999999795,-0.49832694469019306,-0.0012297153832986287,-0.0016730553098069367,-0.05747721542336311,19.679344799073654,19.621867583650292
3.8759999999997947,-0.49832947714673964,-0.0012662282732988,-0.0016705228532603589,-0.05708448932588844,19.679462732782945,19.622378243457057
3.8779999999997945,-0.49833208206711294,-0.0013024601866445822,-0.0016679179328870641,-0.05669108794402396,19.67958416538201,19.622893077437986
3.8799999999997943,-0.4983347588888754,-0.0013384108812453878,-0.0016652411111245935,-0.05629703582232591,19.679709069929345,19.62341203410702
3.881999999999794,-0.4983375070491377,-0.001374080131140744,-0.0016624929508622932,-0.05590235739502064,19.67983741946009,19.62393506206507
3.883999999999794,-0.49834032598459055,-0.0014094677264169173,-0.0016596740154094514,-0.05550707698536578,19.679969186987552,19.624462110002188
3.8859999999997936,-0.4983432151315368,-0.0014445734731239775,-0.0016567848684632125,-0.055111218805042717,19.6801043455048,19.62499312669976
3.8879999999997934,-0.4983461739259232,-0.001479397193191676,-0.0016538260740768251,-0.05471480695353668,19.680242867986166,19.62552806103263
3.889999999999793,-0.4983492018033719,-0.0015139387243453472,-0.0016507981966281116,-0.0543178654175396,19.680384727388773,19.626066861971232
3.891999999999793,-0.49835229819921195,-0.0015481979200218387,-0.0016477018007880484,-0.053920418070361686,19.680529896654047,19.626609478583685
3.8939999999997927,-0.49835546254851054,-0.0015821746492840469,-0.0016445374514894584,-0.05352248867134723,19.680678348709293,19.627155860037945
3.8959999999997925,-0.498358694286104,-0.0016158687967369892,-0.0016413057138959797,-0.05312410086530596,19.680830056469116,19.62770595560381
3.8979999999997923,-0.4983619928466289,-0.0016492802624414383,-0.0016380071533710905,-0.05272527818194327,19.68098499283697,19.628259714655027
3.899999999999792,-0.4983653576645526,-0.0016824089618285565,-0.0016346423354474116,-0.052326044035312116,19.68114313070666,19.628817086671347
3.901999999999792,-0.4983687881742038,-0.0017152548256140995,-0.001631211825796175,-0.05192642172326801,19.681304442963757,19.629378021240488
3.9039999999997916,-0.49837228380980325,-0.0017478177997118968,-0.0016277161901967485,-0.051526434426934206,19.681468902487126,19.629942468060193
3.9059999999997914,-0.49837584400549356,-0.0017800978451472894,-0.0016241559945064377,-0.051126105210174765,19.681636482150395,19.630510376940222
3.907999999999791,-0.4983794681953695,-0.0018120949379706282,-0.0016205318046305095,-0.05072545701907919,19.681807154823364,19.631081697804284
3.909999999999791,-0.49838315581350784,-0.0018438090691696041,-0.0016168441864921612,-0.05032451268145535,19.681980893373495,19.63165638069204
3.9119999999997908,-0.498386906293997,-0.001875240244582381,-0.0016130937060029882,-0.049923294906329616,19.6821576706673,19.632234375760973
3.9139999999997905,-0.4983907190709666,-0.0019063884848096442,-0.0016092809290333965,-0.04952182628346048,19.682337459571855,19.632815633288395
3.9159999999997903,-0.4983945935786169,-0.0019372538251265477,-0.0016054064213831265,-0.04912012928285871,19.682520232956144,19.633400103673285
3.91799999999979,-0.49839852925124767,-0.0019678363153953814,-0.0016014707487523316,-0.04871822625431268,19.682705963692488,19.633987737438176
3.91999999999979,-0.4984025255232876,-0.001998136019975908,-0.0015974744767123794,-0.048316139426930214,19.682894624657987,19.634578485231057
3.9219999999997897,-0.4984065818293229,-0.0020281530176379354,-0.0015934181706770967,-0.04791389090868792,19.68308618873588,19.635172297827193
3.9239999999997894,-0.4984106976041258,-0.0020578874014714637,-0.0015893023958741814,-0.04751150268598038,19.68328062881693,19.63576912613095
3.925999999999789,-0.49841487228268344,-0.002087339278798234,-0.001585127717316559,-0.04710899662319555,19.68347791780084,19.636368921177645
3.927999999999789,-0.4984191053002256,-0.0021165087710821396,-0.0015808946997744044,-0.046706394462276486,19.683678028597598,19.63697163413532
3.9299999999997888,-0.4984233960922533,-0.0021453960138397344,-0.0015766039077467209,-0.04630371782231906,19.68388093412882,19.6375772163065
3.9319999999997886,-0.49842774409456636,-0.0021740011565508244,-0.0015722559054336394,-0.04590098819915096,19.68408660732912,19.63818561912997
3.9339999999997883,-0.4984321487432915,-0.0022023243625677886,-0.0015678512567084968,-0.04549822696493898,19.684295021147488,19.63879679418255
3.935999999999788,-0.49843660947490953,-0.0022303658090259584,-0.001563390525090469,-0.04509545536779756,19.6845061485486,19.639410693180803
3.937999999999788,-0.498441125726283,-0.0022581256867533987,-0.0015588742737169814,-0.04469269453141109,19.68471996251408,19.64002726798267
3.9399999999997877,-0.4984456969346834,-0.0022856042001801187,-0.00155430306531662,-0.04428996545465207,19.684936436043962,19.64064647058931
3.9419999999997875,-0.49845032253781785,-0.002312801567247304,-0.001549677462182153,-0.04388728901122385,19.68515554215785,19.641268253146627
3.9439999999997872,-0.4984550019738565,-0.002339718019316809,-0.001544998026143496,-0.04348468594930768,19.6853772538963,19.64189256794699
3.945999999999787,-0.49845973468145865,-0.002366353801079681,-0.001540265318541345,-0.04308217689120536,19.685601544322104,19.6425193674309
3.947999999999787,-0.4984645200997996,-0.0023927091704655044,-0.0015354799002004205,-0.04267978233301635,19.685828386521592,19.643148604188575
3.9499999999997866,-0.4984693576685967,-0.00241878439855038,-0.0015306423314033202,-0.042277522644292784,19.686057753605834,19.64378023096154
3.9519999999997864,-0.4984742468281356,-0.0024445797694660257,-0.0015257531718643746,-0.041875418067729764,19.68628961871199,19.64441420064426
3.953999999999786,-0.4984791870192962,-0.0024700955803079283,-0.0015208129807037785,-0.04147348871884678,19.686523955004482,19.645050466285635
3.955999999999786,-0.49848417768357833,-0.002495332141043276,-0.0015158223164216666,-0.04107175458568771,19.686760735676327,19.64568898109064
3.9579999999997857,-0.4984892182631272,-0.0025202897744195005,-0.0015107817368728016,-0.04067023552852046,19.68699993395036,19.64632969842184
3.9599999999997855,-0.49849430820075896,-0.002544968815872004,-0.001505691799241038,-0.040268951279556056,19.687241523080377,19.64697257180082
3.9619999999997852,-0.4984994469399858,-0.0025693696134318506,-0.0015005530600141759,-0.03986792144266549,19.68748547635243,19.64761755490976
3.963999999999785,-0.4985046339250411,-0.002593492527633846,-0.001495366074958926,-0.03946716549311223,19.68773176708607,19.64826460159296
3.965999999999785,-0.4985098686009039,-0.002617337931423948,-0.0014901313990960952,-0.03906670277728627,19.687980368635507,19.64891366585822
3.9679999999997846,-0.49851515041332406,-0.002640906210066506,-0.0014848495866759404,-0.038666552512452226,19.688231254390743,19.64956470187829
3.9699999999997844,-0.49852047880884615,-0.002664197761052056,-0.0014795211911538542,-0.038266733786505566,19.688484397778897,19.65021766399239
3.971999999999784,-0.49852585323483417,-0.0026872129940044556,-0.001474146765165829,-0.037867265557737714,19.68873977226525,19.650872506707515
3.973999999999784,-0.49853127313949536,-0.002709952330587997,-0.0014687268605046433,-0.03746816665459752,19.688997351354484,19.651529184699886
3.9759999999997837,-0.4985367379719042,-0.0027324162044149052,-0.0014632620280958242,-0.037069455775481756,19.68925710859184,19.65218765281636
3.9779999999997835,-0.49854224718202605,-0.0027546050609519373,-0.0014577528179739452,-0.03667115148851373,19.689519017564223,19.65284786607571
3.9799999999997833,-0.4985478002207409,-0.0027765193574276984,-0.001452199779259089,-0.03627327223134231,19.689783051901408,19.653509779670067
3.981999999999783,-0.4985533965398664,-0.0027981595627392655,-0.0014466034601335886,-0.035875836310941975,19.69004918527709,19.654173348966147
3.983999999999783,-0.4985590355921811,-0.0028195261573593705,-0.0014409644078188788,-0.03547886190342942,19.690317391410066,19.654838529506637
3.9859999999997826,-0.4985647168314476,-0.002840619633242969,-0.0014352831685524037,-0.03508236705388019,19.69058764406535,19.655505277011468
3.9879999999997824,-0.4985704397124351,-0.0028614404937339533,-0.0014295602875649127,-0.03468636967615239,19.69085991705523,19.65617354737908
3.989999999999782,-0.498576203690942,-0.0028819892534719107,-0.0014237963090579786,-0.034290887552724886,19.69113418424043,19.656843296687704
3.991999999999782,-0.4985820082238186,-0.002902266438298742,-0.0014179917761814043,-0.03389593833454386,19.691410419531113,19.657514481196568
3.9939999999997817,-0.4985878527689889,-0.0029222725851656074,-0.0014121472310110739,-0.03350153954086624,19.691688596888028,19.658187057347163
3.9959999999997815,-0.49859373678547303,-0.002942008242038698,-0.0014062632145269705,-0.0331077085591181,19.691968690323577,19.65886098176446
3.9979999999997813,-0.49859965973340864,-0.0029614739678066964,-0.00140034026659136,-0.03271446264476924,19.692250673902798,19.65953621125803
3.999999999999781,-0.498605621074073,-0.0029806703321869107,-0.0013943789259269757,-0.032321818921200826,19.69253452174452,19.66021270282332
4.001999999999781,-0.4986116202699043,-0.002999597915631399,-0.0013883797300957013,-0.03192979437958374,19.69282020802234,19.660890413642758
4.003999999999781,-0.49861765678452274,-0.0030182573092343993,-0.0013823432154772552,-0.03153840587877686,19.693107706965634,19.661569301086857
4.005999999999781,-0.498623730082752,-0.0030366491146380198,-0.0013762699172479853,-0.031147670145215016,19.693396992860656,19.66224932271544
4.007999999999781,-0.4986298396306399,-0.0030547739439389073,-0.0013701603693601072,-0.030757603772815254,19.693688040051505,19.66293043627869
4.00999999999978,-0.49863598489547906,-0.0030726324195952705,-0.0013640151045209437,-0.03036822322289303,19.693980822941093,19.6636125997182
4.01199999999978,-0.4986421653458277,-0.0030902251743324958,-0.0013578346541722741,-0.029979544824075582,19.69427531599225,19.664295771168174
4.01399999999978,-0.4986483804515298,-0.0031075528510503066,-0.0013516195484701843,-0.029591584772231,19.69457149372859,19.664979908956358
4.01599999999978,-0.49865462968373525,-0.00312461610272941,-0.001345370316264749,-0.02920435913040492,19.694869330735546,19.665664971605143
4.0179999999997795,-0.49866091251491995,-0.0031414155923374194,-0.0013390874850800483,-0.028817883828754682,19.69516880166139,19.666350917832634
4.019999999999779,-0.49866722841890543,-0.0031579519927360158,-0.0013327715810945717,-0.028432174664502576,19.69546988121805,19.667037706553547
4.021999999999779,-0.4986735768708786,-0.0031742259865873783,-0.0013264231291214013,-0.028047247301894743,19.69577254418221,19.667725296880313
4.023999999999779,-0.4986799573474111,-0.0031902382662606955,-0.001320042652588893,-0.027663117272157024,19.696076765396178,19.66841364812402
4.025999999999779,-0.4986863693264786,-0.0032059895337390888,-0.0013136306735214154,-0.02727979997347016,19.69638251976884,19.66910271979537
4.027999999999778,-0.49869281228747964,-0.003221480500526218,-0.0013071877125203635,-0.026897310670943905,19.69668978227654,19.669792471605597
4.029999999999778,-0.49869928571125477,-0.003236711887553279,-0.0013007142887452305,-0.026515664496604797,19.696998527964077,19.670482863467473
4.031999999999778,-0.49870578908010493,-0.0032516844250854507,-0.0012942109198950669,-0.02613487644938299,19.697308731945498,19.671173855496114
4.033999999999778,-0.49871232187781017,-0.0032663988526292235,-0.0012876781221898281,-0.02575496139511907,19.697620369405136,19.671865408010017
4.0359999999997775,-0.49871888358964783,-0.0032808559188393076,-0.0012811164103521677,-0.025375934066559337,19.697933415598342,19.672557481531783
4.037999999999777,-0.49872547370241066,-0.003295056381425545,-0.00127452629758934,-0.024997809063372248,19.698247845852507,19.673250036789135
4.039999999999777,-0.4987320917044248,-0.0033090010070596708,-0.0012679082955752152,-0.024620600852169244,19.698563635567833,19.673943034715663
4.041999999999777,-0.4987387370855674,-0.003322690571283266,-0.001261262914432626,-0.024244323766531243,19.698880760218245,19.674636436451713
4.043999999999777,-0.49874540933728423,-0.0033361258584145874,-0.001254590662715771,-0.02386899200703891,19.6991991953522,19.675330203345162
4.045999999999776,-0.49875210795260716,-0.003349307661456099,-0.00124789204739284,-0.023494619641314142,19.699518916593583,19.676024296952267
4.047999999999776,-0.49875883242617114,-0.0033622367820017726,-0.0012411675738288608,-0.023121220604064813,19.69983989964248,19.676718679038416
4.049999999999776,-0.49876558225423145,-0.003374914030144562,-0.0012344177457685457,-0.02274880869714025,19.700162120276055,19.677413311578913
4.051999999999776,-0.49877235693468025,-0.0033873402243842997,-0.00122764306531975,-0.022377397589585332,19.700485554349356,19.67810815675977
4.053999999999776,-0.49877915596706335,-0.0033995161915353015,-0.0012208440329366521,-0.022007000817715606,19.700810177796104,19.678803176978388
4.055999999999775,-0.4987859788525966,-0.0034114427666343734,-0.0012140211474033769,-0.021637631785183672,19.701135966629472,19.67949833484429
4.057999999999775,-0.4987928250941823,-0.0034231207928484,-0.0012071749058176762,-0.021269303763060087,19.70146289694294,19.68019359317988
4.059999999999775,-0.4987996941964251,-0.0034345511213829077,-0.001200305803574886,-0.020902029889919845,19.701790944910996,19.680888915021075
4.061999999999775,-0.4988065856656479,-0.0034457346113901735,-0.0011934143343521053,-0.020535823171932175,19.70212008678999,19.681584263618056
4.0639999999997745,-0.4988134990099076,-0.0034566721298770957,-0.0011865009900923762,-0.020170696482962824,19.702450298918833,19.68227960243587
4.065999999999774,-0.49882043373901086,-0.003467364551614342,-0.00117956626098914,-0.019806662564678282,19.702781557719746,19.682974895155066
4.067999999999774,-0.498827389364529,-0.0034778127590445423,-0.0011726106354710275,-0.019443734026650863,19.703113839699075,19.683670105672423
4.069999999999774,-0.49883436539981335,-0.003488017642190687,-0.001165634600186649,-0.01908192334648476,19.703447121447958,19.684365198101474
4.071999999999774,-0.4988413613600105,-0.00349798009856598,-0.0011586386399894955,-0.01872124286994047,19.703781379643083,19.685060136773142
4.073999999999773,-0.49884837676207666,-0.0035077010330818335,-0.0011516232379233382,-0.01836170481105198,19.7041165910474,19.685754886236346
4.075999999999773,-0.4988554111247926,-0.0035171813579577276,-0.0011445888752074085,-0.01800332125227886,19.704452732510788,19.686449411258508
4.077999999999773,-0.49886246396877787,-0.003526421992630087,-0.0011375360312221305,-0.01764610414463452,19.704789780970877,19.687143676826242
4.079999999999773,-0.4988695348165052,-0.003535423863661902,-0.0011304651834947999,-0.017290065307844524,19.7051277134536,19.687837648145756
4.0819999999997725,-0.4988766231923145,-0.003544187904652384,-0.0011233768076854833,-0.016935216430496777,19.705466507073943,19.688531290643446
4.083999999999772,-0.4988837286224268,-0.003552715056146911,-0.001116271377573197,-0.01658156907020026,19.705806139036632,19.68922456996643
4.085999999999772,-0.4988908506349579,-0.0035610062655467914,-0.0011091493650420836,-0.01622913465375259,19.706146586636773,19.68991745198302
4.087999999999772,-0.49889798875993197,-0.003569062487019389,-0.0011020112400680349,-0.015877924477309013,19.706487827260503,19.690609902783194
4.089999999999772,-0.4989051425292948,-0.0035768846814082716,-0.0010948574707052017,-0.015527949706566284,19.7068298383857,19.691301888679135
4.091999999999771,-0.4989123114769271,-0.003584473816144256,-0.0010876885230728939,-0.015179221376941894,19.70717259758248,19.691993376205538
4.093999999999771,-0.4989194951386574,-0.0035918308651553287,-0.0010805048613425905,-0.014831750393761708,19.707516082514005,19.692684332120244
4.095999999999771,-0.49892669305227494,-0.0035989568087781746,-0.0010733069477250612,-0.01448554753246099,19.70786027093701,19.69337472340455
4.097999999999771,-0.4989339047575423,-0.0036058526336688935,-0.0010660952424577097,-0.014140623438777051,19.708205140702386,19.69406451726361
4.0999999999997705,-0.4989411297962077,-0.0036125193327141503,-0.001058870203792306,-0.01379698862895724,19.708550669755883,19.694753681126926
4.10199999999977,-0.49894836771201756,-0.003618957904942773,-0.0010516322879824402,-0.013454653489979033,19.7088968361386,19.69544218264862
4.10399999999977,-0.4989556180507284,-0.003625169355437435,-0.001044381949271589,-0.013113628279755426,19.70924361798767,19.696129989707917
4.10599999999977,-0.4989628803601189,-0.0036311546952463563,-0.0010371196398811233,-0.012773923127364077,19.709590993536775,19.69681707040941
4.10799999999977,-0.49897015419000146,-0.00363691494129525,-0.001029845809998542,-0.012435548033274083,19.709938941116732,19.69750339308346
4.109999999999769,-0.4989774390922341,-0.0036424511162996844,-0.0010225609077659237,-0.012098512869579678,19.710287439156083,19.6981889262865
4.111999999999769,-0.49898473462073145,-0.0036477642486777836,-0.0010152653792685484,-0.011762827380239472,19.710636466181615,19.698873638801377
4.113999999999769,-0.49899204033147637,-0.0036528553724624823,-0.001007959668523628,-0.011428501181319668,19.710986000818913,19.699557499637592
4.115999999999769,-0.4989993557825308,-0.0036577255272148244,-0.0010006442174692043,-0.011095543761245264,19.711336021792903,19.700240478031656
4.1179999999997685,-0.4990066805340467,-0.003662375757936698,-0.000993319465953324,-0.010763964481049576,19.711686507928377,19.700922543447327
4.119999999999768,-0.4990140141482766,-0.003666807114984498,-0.000985985851723381,-0.010433772574639375,19.71203743815054,19.7016036655759
4.121999999999768,-0.4990213561895846,-0.003671020653982534,-0.0009786438104154027,-0.010104977149059259,19.712388791485466,19.702283814336408
4.123999999999768,-0.49902870622445605,-0.003675017435736889,-0.0009712937755439466,-0.009777587184755836,19.712740547060655,19.702962959875897
4.125999999999768,-0.49903606382150834,-0.0036787985261492475,-0.0009639361784916645,-0.009451611535862752,19.71309268410551,19.70364107256965
4.127999999999767,-0.4990434285515006,-0.0036823649961318866,-0.0009565714484994214,-0.009127058930472599,19.713445181951823,19.70431812302135
4.129999999999767,-0.49905079998734364,-0.0036857179215215433,-0.0009492000126563593,-0.008803937970921764,19.71379802003424,19.70499408206332
4.131999999999767,-0.49905817770410965,-0.0036888583829942354,-0.0009418222958903488,-0.008482257134082027,19.714151177890763,19.70566892075668
4.133999999999767,-0.4990655612790416,-0.0036917874659805486,-0.000934438720958386,-0.00816202477166007,19.714504635163177,19.706342610391516
4.1359999999997665,-0.4990729502915628,-0.0036945062605807377,-0.0009270497084372109,-0.00784324911049105,19.714858371597547,19.707015122487057
4.137999999999766,-0.49908034432328574,-0.0036970158614802024,-0.0009196556767142594,-0.0075259382528425345,19.715212367044597,19.707686428791753
4.139999999999766,-0.4990877429580215,-0.0036993173678656127,-0.0009122570419785037,-0.007210100176728757,19.715566601460242,19.708356501283514
4.141999999999766,-0.49909514578178815,-0.003701411883340518,-0.000904854218211848,-0.006895742736215245,19.715921054905934,19.709025312169718
4.143999999999766,-0.4991025523828198,-0.0037033005158419842,-0.0008974476171801915,-0.006582873661749776,19.716275707549137,19.709692833887388
4.145999999999765,-0.4991099623515749,-0.003704984377556712,-0.0008900376484251016,-0.006271500560471786,19.71663053966368,19.710359039103206
4.147999999999765,-0.49911737528074457,-0.0037064645848386545,-0.0008826247192554315,-0.005961630916550366,19.716985531630264,19.711023900713712
4.149999999999765,-0.49912479076526084,-0.003707742258125538,-0.0008752092347391605,-0.005653272091508024,19.717340663936742,19.711687391845235
4.151999999999765,-0.49913220840230454,-0.003708818521856101,-0.0008677915976954553,-0.0053464313245621155,19.717695917178606,19.712349485854045
4.1539999999997645,-0.4991396277913133,-0.003709694504388269,-0.0008603722086866772,-0.005041115732969406,19.718051272059316,19.713010156326348
4.155999999999764,-0.49914704853398917,-0.003710371337916961,-0.0008529514660108317,-0.004737332312360936,19.71840670939067,19.71366937707831
4.157999999999764,-0.4991544702343059,-0.003710850158391998,-0.0008455297656940752,-0.004435087937097581,19.71876221009321,19.714327122156114
4.159999999999764,-0.4991618924985168,-0.0037111321054372013,-0.0008381075014832207,-0.0041343893606270235,19.719117755196535,19.71498336583591
4.161999999999764,-0.4991693149351613,-0.003711218322268309,-0.0008306850648386876,-0.003835243215831216,19.719473325839694,19.71563808262386
4.1639999999997634,-0.49917673715507255,-0.00371110995561296,-0.0008232628449274526,-0.0035376560154010347,19.719828903271498,19.7162912472561
4.165999999999763,-0.4991841587713838,-0.00371080815562949,-0.0008158412286162209,-0.003241634152194424,19.720184468850842,19.71694283469865
4.167999999999763,-0.49919157939953546,-0.003710314075827087,-0.0008084206004645433,-0.0029471838996129145,19.720540004047095,19.71759282014748
4.169999999999763,-0.4991989986572814,-0.0037096288729851854,-0.0008010013427185991,-0.002654311411965038,19.72089549044034,19.718241179028375
4.171999999999763,-0.4992064161646956,-0.0037087537070742424,-0.0007935838353044233,-0.002363022724862482,19.72125090972174,19.718887886996878
4.173999999999762,-0.4992138315441779,-0.0037076897411759957,-0.0007861684558220783,-0.002073323755582994,19.721606243693834,19.719532919938253
4.175999999999762,-0.49922124442046073,-0.0037064381414043408,-0.0007787555795392698,-0.0017852203034751657,19.72196147427083,19.720176253967356
4.177999999999762,-0.49922865442061437,-0.0037050000768269163,-0.0007713455793856294,-0.0014987180503360648,19.72231658347883,19.720817865428494
4.179999999999762,-0.49923606117405317,-0.0037033767193860954,-0.0007639388259468305,-0.0012138225608098463,19.72267155345624,19.72145773089543
4.1819999999997615,-0.4992434643125408,-0.003701569243820947,-0.0007565356874592033,-0.0009305392827844566,19.72302636645393,19.722095827171145
4.183999999999761,-0.499250863470196,-0.003699578827589702,-0.0007491365298040176,-0.0006488735478005561,19.72338100483555,19.72273213128775
4.185999999999761,-0.49925825828349757,-0.0036974066507914466,-0.0007417417165024309,-0.00036883057144308784,19.7237354510778,19.723366620506358
4.187999999999761,-0.49926564839128973,-0.0036950538960896797,-0.0007343516087102708,-9.041545376566387e-05,19.72408968777063,19.723999272316863
4.189999999999761,-0.499273033434787,-0.0036925217486347066,-0.0007269665652129831,0.0001863668203066042,19.724443697617552,19.724630064437857
4.19199999999976,-0.499280413057579,-0.003689811395987805,-0.0007195869424210244,0.00046151138055832916,19.72479746343578,19.725258974816338
4.19399999999976,-0.4992877869056351,-0.0036869240280441606,-0.0007122130943649219,0.0007350134710614638,19.725150968156584,19.725885981627645
4.19599999999976,-0.499295154627309,-0.0036838608369571795,-0.0007048453726909987,0.0010068684497564102,19.725504194825398,19.726511063275154
4.19799999999976,-0.4993025158733431,-0.0036806230170631188,-0.0006974841266568776,0.0012770717880174892,19.725857126602094,19.72713419839011
4.1999999999997595,-0.49930987029687274,-0.003677211764805599,-0.0006901297031272624,0.0015456190702298443,19.726209746761203,19.72775536583143
4.201999999999759,-0.49931721755343006,-0.0036736282786603864,-0.0006827824465699406,0.001812505993354297,19.726562038692038,19.72837454468539
4.203999999999759,-0.49932455730094816,-0.00366987375906144,-0.0006754426990518425,0.002077728366485468,19.726913985898967,19.728991714265455
4.205999999999759,-0.4993318891997648,-0.003665949408325801,-0.000668110800235211,0.002341282110417821,19.727265572001563,19.72960685411198
4.207999999999759,-0.49933921291262595,-0.003661856430580029,-0.0006607870873740485,0.00260316325719797,19.72761678073479,19.73021994399199
4.209999999999758,-0.4993465281046893,-0.003657596031686969,-0.0006534718953106755,0.002863367949678293,19.727967595949156,19.730830963898836
4.211999999999758,-0.49935383444352766,-0.0036531694191718946,-0.0006461655564723445,0.0031218924410687313,19.72831800161089,19.73143989405196
4.213999999999758,-0.499361131599132,-0.003648577802149718,-0.0006388684008680201,0.003378733094481376,19.728667981802126,19.732046714896608
4.215999999999758,-0.4993684192439145,-0.003643822391252781,-0.0006315807560854925,0.0036338863824769384,19.729017520720994,19.73265140710347
4.2179999999997575,-0.4993756970527116,-0.0036389043985579532,-0.0006243029472883799,0.0038873488866025506,19.72936660268182,19.733253951568425
4.219999999999757,-0.49938296470278665,-0.003633825037515339,-0.000617035297213353,0.004139117296928431,19.729715212115206,19.733854329412136
4.221999999999757,-0.4993902218738324,-0.003628585522876541,-0.0006097781261675816,0.004389188411588592,19.73006333356823,19.73445252197982
4.223999999999757,-0.49939746824797365,-0.0036231870706233934,-0.0006025317520263473,0.004637559136309061,19.730410951704506,19.735048510840816
4.225999999999757,-0.49940470350976945,-0.0036176308978970373,-0.0005952964902305458,0.004884226483933253,19.73075805130432,19.735642277788255
4.227999999999756,-0.4994119273462153,-0.0036119182229280215,-0.0005880726537846881,0.005129187573954468,19.731104617264748,19.7362338048387
4.229999999999756,-0.49941913944674526,-0.003606050264965818,-0.0005808605532547362,0.005372439632036648,19.73145063459975,19.736823074231786
4.231999999999756,-0.4994263395032337,-0.003600028244208528,-0.0005736604967663261,0.005613979989537096,19.731796088440262,19.7374100684298
4.233999999999756,-0.4994335272099971,-0.0035938533817344086,-0.000566472790002881,0.005853806083015178,19.732140964034283,19.737994770117297
4.2359999999997555,-0.499440702263796,-0.0035875268994324397,-0.0005592977362040008,0.006091915453760029,19.732485246746975,19.738577162200734
4.237999999999755,-0.49944786436383587,-0.00358105001993349,-0.0005521356361641305,0.0063283057472994855,19.732828922060715,19.739157227808015
4.239999999999755,-0.49945501321176894,-0.003574423966542381,-0.0005449867882310611,0.006562974712902698,19.73317197557516,19.739734950288064
4.241999999999755,-0.4994621485116953,-0.0035676499631695775,-0.0005378514883047081,0.006795920203096606,19.73351439300734,19.740310313210436
4.243999999999755,-0.49946926997016383,-0.0035607292342639163,-0.0005307300298361683,0.007027140173168297,19.733856160191706,19.740883300364874
4.245999999999754,-0.49947637729617334,-0.0035536630047452384,-0.000523622703826665,0.007256632680664597,19.73419726308014,19.741453895760806
4.247999999999754,-0.49948347020117323,-0.0035464524999375656,-0.0005165297988267703,0.007484395884895308,19.734537687742023,19.742022083626917
4.249999999999754,-0.49949054839906426,-0.0035390989455027885,-0.0005094516009357397,0.007710428046429713,19.734877420364313,19.742587848410743
4.251999999999754,-0.499497611606199,-0.003531603567374494,-0.0005023883938010121,0.00793472752659272,19.735216447251496,19.743151174778088
4.2539999999997535,-0.49950465954138235,-0.00352396759169223,-0.0004953404586176546,0.00815729278695547,19.735554754825667,19.74371204761262
4.255999999999753,-0.4995116919258718,-0.003516192244736089,-0.0004883080741281964,0.008378122388831656,19.735892329626523,19.744270452015353
4.257999999999753,-0.49951870848337754,-0.003508278752862003,-0.00048129151662246183,0.008597214992760855,19.736229158311385,19.744826373304146
4.259999999999753,-0.49952570894006243,-0.0035002283424371314,-0.0004742910599375705,0.00881456935799755,19.73656522765518,19.74537979701318
4.261999999999753,-0.499532693024542,-0.0034920422397752638,-0.0004673069754579928,0.009030184341994232,19.736900524550496,19.74593070889249
4.263999999999752,-0.4995396604678842,-0.0034837216710735933,-0.0004603395321158277,0.009244058899882397,19.737235036007483,19.746479094907365
4.265999999999752,-0.49954661100360886,-0.0034752678623486064,-0.0004533889963911353,0.00945619208395564,19.737568749153915,19.74702494123787
4.267999999999752,-0.4995535443676876,-0.003466682039373823,-0.0004464556323123814,0.00966658304314344,19.73790165123517,19.74756823427831
4.269999999999752,-0.49956046029854284,-0.00345796542761633,-0.0004395397014571589,0.009875231022495327,19.738233729614137,19.748108960636632
4.2719999999997516,-0.4995673585370472,-0.003449119252175108,-0.0004326414629527986,0.010082135362644282,19.73856497177125,19.748647107133895
4.273999999999751,-0.49957423882652263,-0.0034401447377189376,-0.0004257611734773681,0.010287295499288921,19.738895365304415,19.749182660803704
4.275999999999751,-0.4995811009127395,-0.0034310431084248524,-0.00041889908726050473,0.010490710962656778,19.739224897929,19.749715608891655
4.277999999999751,-0.4995879445439153,-0.003421815587916696,-0.0004120554560846923,0.01069238137697863,19.739553557477738,19.750245938854718
4.279999999999751,-0.49959476947071374,-0.0034124633992049735,-0.00040523052928626013,0.010892306459945877,19.73988133190072,19.750773638360666
4.2819999999997505,-0.499601575446243,-0.0034029877646263532,-0.00039842455375699304,0.011090486022189382,19.740208209265276,19.751298695287467
4.28399999999975,-0.4996083622260546,-0.0033933899057833144,-0.000391637773945408,0.011286919966731104,19.740534177755983,19.751821097722715
4.28599999999975,-0.4996151295681416,-0.0033836710434849773,-0.0003848704318584195,0.011481608288450195,19.74085922567452,19.75234083396297
4.28799999999975,-0.49962187723293694,-0.003373832397687717,-0.00037812276706306047,0.011674551073543038,19.741183341439626,19.75285789251317
4.28999999999975,-0.4996286049833118,-0.0033638751874365378,-0.00037139501668820296,0.011865748498979319,19.74150651358702,19.753372262086
4.291999999999749,-0.4996353125845734,-0.0033538006308067485,-0.0003646874154266122,0.012055200831964184,19.74182873076929,19.75388393160125
4.293999999999749,-0.49964199980446306,-0.003343609944845371,-0.00035800019553694495,0.0122429084293895,19.742149981755823,19.754392890185212
4.295999999999749,-0.4996486664131541,-0.0033333043455145107,-0.0003513335868459144,0.012428871737285171,19.74247025543267,19.754899127169956
4.297999999999749,-0.4996553121832494,-0.0033228850476333684,-0.00034468781675062177,0.012613091290279509,19.74278954080247,19.75540263209275
4.2999999999997485,-0.499661936889779,-0.0033123532648218885,-0.00033806311022099855,0.012795567711042077,19.74310782698432,19.755903394695363
4.301999999999748,-0.4996685403101979,-0.0033017102094440743,-0.00033145968980208274,0.012976301709735166,19.743425103213678,19.756401404923412
4.303999999999748,-0.49967512222438304,-0.0032909570925518674,-0.00032487777561696074,0.013155294083469285,19.743741358842204,19.756896652925672
4.305999999999748,-0.4996816824146307,-0.003280095123830005,-0.000318317585369321,0.01333254571573651,19.744056583337667,19.757389129053404
4.307999999999748,-0.49968822066565377,-0.0032691255115404683,-0.0003117793343462294,0.013508057575867202,19.744370766283787,19.757878823859652
4.309999999999747,-0.4996947367645787,-0.003258049462467685,-0.00030526323542129363,0.01368183071847457,19.744683897380128,19.758365728098603
4.311999999999747,-0.49970123050094245,-0.003246868181864171,-0.00029876949905754957,0.013853866282889735,19.74499596644191,19.7588498327248
4.313999999999747,-0.49970770166668926,-0.003235582873396516,-0.0002922983333107365,0.014024165492611384,19.7453069633999,19.759331128892512
4.315999999999747,-0.4997141500561674,-0.0032241947390917063,-0.00028584994383257234,0.014192729654742667,19.745616878300236,19.759809607954978
4.3179999999997465,-0.49972057546612597,-0.003212704979283899,-0.00027942453387402866,0.014359560159430757,19.745925701304245,19.760285261463675
4.319999999999746,-0.4997269776957111,-0.003201114792561605,-0.0002730223042888835,0.014524658479310046,19.746233422688352,19.760758081167662
4.321999999999746,-0.49973335654646256,-0.003189425375715648,-0.0002666434535374407,0.0146880261689375,19.746540032843818,19.761228059012755
4.323999999999746,-0.4997397118223099,-0.00317763792368659,-0.0002602881776900823,0.014849664864227556,19.746845522276647,19.761695187140873
4.325999999999746,-0.49974604332956896,-0.0031657536295133654,-0.00025395667043104364,0.015009576281889429,19.74714988160735,19.76215945788924
4.327999999999745,-0.49975235087693753,-0.0031537736842819943,-0.00024764912306246556,0.015167762218865177,19.747453101570784,19.76262086378965
4.329999999999745,-0.49975863427549166,-0.0031416992770751167,-0.0002413657245083356,0.015324224551757332,19.747755173015957,19.763079397567715
4.331999999999745,-0.4997648933386815,-0.0031295315949211784,-0.0002351066613184849,0.01547896523626751,19.74805608690581,19.763535052142075
4.333999999999745,-0.499771127882327,-0.0031172718227444507,-0.00022887211767297355,0.01563198630663003,19.748355834317103,19.763987820623733
4.3359999999997445,-0.49977733772461364,-0.0031049211433158697,-0.00022266227538636496,0.015783289875036664,19.748654406440096,19.76443769631513
4.337999999999744,-0.49978352268608806,-0.003092480737203452,-0.0002164773139119447,0.01593287813107236,19.748951794578407,19.764884672709478
4.339999999999744,-0.4997896825896535,-0.0030799517827237084,-0.00021031741034649443,0.016080753341149827,19.749247990148803,19.765328743489953
4.341999999999744,-0.49979581726056527,-0.0030673354558931275,-0.00020418273943473286,0.01622691784792989,19.74954298468095,19.76576990252888
4.343999999999744,-0.499801926526426,-0.0030546329303799313,-0.00019807347357397864,0.016371374069755706,19.749836769817204,19.76620814388696
4.345999999999743,-0.4998080102171809,-0.003041845377457646,-0.00019198978281909085,0.016514124500080305,19.75012933731241,19.76664346181249
4.347999999999743,-0.4998140681651128,-0.0030289739659563057,-0.00018593183488718745,0.016655171706897533,19.750420679033603,19.7670758507405
4.349999999999743,-0.49982010020483725,-0.00301601986221707,-0.00017989979516275234,0.016794518332162948,19.750710786959857,19.76750530529202
4.351999999999743,-0.4998261061732973,-0.0030029842300450882,-0.00017389382670268683,0.016932167091226465,19.750999653181967,19.767931820273194
4.3539999999997425,-0.49983208590975864,-0.0029898682306639265,-0.00016791409024136117,0.017068120772253233,19.75128726990226,19.768355390674515
4.355999999999742,-0.499838039255804,-0.002976673022669696,-0.00016196074419599915,0.017202382235656965,19.751573629434326,19.76877601166998
4.357999999999742,-0.499843966055328,-0.002963399761986368,-0.00015603394467200715,0.017334954413517602,19.751858724202727,19.769193678616244
4.359999999999742,-0.49984986615453164,-0.0029500496018204873,-0.00015013384546835873,0.017465840309010657,19.752142546742817,19.76960838705183
4.361999999999742,-0.49985573940191685,-0.0029366236926175256,-0.00014426059808314573,0.01759504299582955,19.752425089700406,19.770020132696235
4.363999999999741,-0.49986158564828087,-0.002923123182017382,-0.00013841435171912941,0.017722565617614375,19.752706345831538,19.77042891144915
4.365999999999741,-0.4998674047467105,-0.002909549214811109,-0.0001325952532895136,0.01784841138737388,19.7529863080022,19.770834719389573
4.367999999999741,-0.4998731965525763,-0.0028959029328976525,-0.00012680344742371785,0.017972583586908328,19.75326496918806,19.771237552774966
4.369999999999741,-0.49987896092352674,-0.0028821854752413725,-0.00012103907647326162,0.018095085566232506,19.753542322474154,19.771637408040387
4.3719999999997405,-0.4998846977194824,-0.0028683979778296835,-0.00011530228051759295,0.018215920743000515,19.75381836105465,19.772034281797648
4.37399999999974,-0.4998904068026297,-0.002854541573631137,-0.0001095931973703057,0.01833509260193375,19.75409307823255,19.772428170834484
4.37599999999974,-0.4998960880374148,-0.0028406173925535675,-0.00010391196258519031,0.018452604694236867,19.75436646741936,19.772819072113595
4.37799999999974,-0.4999017412905376,-0.0028266265614038137,-9.825870946239545e-05,0.018568460637020928,19.75463852213484,19.77320698277186
4.37999999999974,-0.4999073664309453,-0.0028125702038460858,-9.263356905470088e-05,0.01868266411273469,19.754909236006682,19.773591900119417
4.381999999999739,-0.49991296332982604,-0.002798449440362498,-8.703667017395667e-05,0.01879521886858065,19.7551786027702,19.77397382163878
4.383999999999739,-0.4999185318606025,-0.002784265388212879,-8.146813939752251e-05,0.018906128715941717,19.755446616268074,19.774352744984014
4.385999999999739,-0.4999240718989253,-0.0027700191613948457,-7.592810107470704e-05,0.019015397529802133,19.75571327044996,19.774728667979762
4.387999999999739,-0.4999295833226665,-0.002755711870605595,-7.041667733348467e-05,0.019123029248170484,19.755978559372224,19.775101588620394
4.3899999999997386,-0.4999350660119129,-0.0027413446232027257,-6.493398808710138e-05,0.019229027871505374,19.756242477197645,19.775471505069152
4.391999999999738,-0.4999405198489592,-0.002726918523165917,-5.948015104079163e-05,0.01933339746213775,19.75650501819501,19.775838415657148
4.393999999999738,-0.49994594471830134,-0.0027124346710591597,-5.4055281698661695e-05,0.01943614214369567,19.756766176738907,19.776202318882603
4.395999999999738,-0.4999513405066293,-0.0026978941639934423,-4.865949337068409e-05,0.01953726610052681,19.757025947309295,19.776563213409823
4.397999999999738,-0.4999567071028205,-0.0026832980955894307,-4.329289717952545e-05,0.019636773577120174,19.75728432449121,19.77692109806833
4.3999999999997375,-0.49996204439793235,-0.002668647555941109,-3.795560206765192e-05,0.019734668877534427,19.757541302974424,19.77727597185196
4.401999999999737,-0.4999673522851955,-0.002653943631579207,-3.2647714804490136e-05,0.019830956364822794,19.757796877553112,19.777627833917936
4.403999999999737,-0.49997263066000636,-0.0026391874054356745,-2.736933999364366e-05,0.01992564046045405,19.758051043125526,19.77797668358598
4.405999999999737,-0.49997787941991995,-0.002624379956807788,-2.212058008005391e-05,0.02001872564373965,19.758303794693596,19.778322520337337
4.407999999999737,-0.4999830984646426,-0.002609522361323264,-1.6901535357383146e-05,0.020110216451260148,19.75855512736262,19.77866534381388
4.409999999999736,-0.49998828769602444,-0.0025946156909060604,-1.1712303975563998e-05,0.020200117476290785,19.758805036340906,19.779005153817195
4.411999999999736,-0.49999344701805193,-0.0025796610137413293,-6.5529819480714124e-06,0.020288433368225924,19.75905351693943,19.779341950307657
4.413999999999736,-0.4999985763368404,-0.0025646593942418717,-1.4236631595831994e-06,0.020375168832007778,19.75930056457143,19.779675733403437
4.415999999999736,-0.5000036755606264,-0.0025496118930150593,3.675560626414942e-06,0.020460328627551646,19.759546174752074,19.780006503379624
4.4179999999997355,-0.5000087445997601,-0.0025345195668291754,8.744599760079907e-06,0.020543917569177072,19.759790343098096,19.780334260667274
4.419999999999735,-0.5000137833666972,-0.002519383468581031,1.378336669721758e-05,0.0206259405250366,19.76003306532743,19.780659005852467
4.421999999999735,-0.5000187917759917,-0.0025042046472634524,1.8791775991733317e-05,0.02070640241653695,19.760274337258828,19.780980739675364
4.423999999999735,-0.5000237697442876,-0.0024889841479335964,2.376974428763834e-05,0.02078530821777695,19.760514154811474,19.781299463029253
4.425999999999735,-0.5000287171903111,-0.0024737230116815083,2.871719031105613e-05,0.020862662954974305,19.760752514004633,19.78161517695961
4.427999999999734,-0.5000336340348622,-0.0024584222755987596,3.363403486222882e-05,0.020938471705894312,19.760989410957226,19.78192788266312
4.429999999999734,-0.5000385202008077,-0.002443082972747826,3.852020080774565e-05,0.02101273959927923,19.76122484188749,19.78223758148677
4.431999999999734,-0.500043375613072,-0.0024277061321318918,4.3375613071994223e-05,0.021085471814292434,19.76145880311258,19.78254427492687
4.433999999999734,-0.5000482001986293,-0.0024122927786648573,4.8200198629277935e-05,0.021156673579934903,19.76169129104816,19.782847964628093
4.4359999999997335,-0.5000529938864956,-0.0023968439331415858,5.299388649560033e-05,0.021226350174489976,19.761922302208006,19.783148652382497
4.437999999999733,-0.50005775660772,-0.0023813606122090906,5.775660772000535e-05,0.0212945069249567,19.76215183320368,19.783446340128638
4.439999999999733,-0.5000624882953767,-0.002365843828337359,6.248829537669476e-05,0.02136114920647294,19.762379880744014,19.783741029950487
4.441999999999733,-0.5000671888845563,-0.002350294589791505,6.718888455625738e-05,0.021426282441766663,19.762606441634816,19.78403272407658
4.443999999999733,-0.5000718583123575,-0.002334713900603248,7.185831235745344e-05,0.021489912100582334,19.76283151277839,19.78432142487897
4.445999999999732,-0.5000764965178786,-0.002319102760543712,7.649651787855483e-05,0.021552043699124123,19.763055091173182,19.784607134872306
4.447999999999732,-0.5000811034422088,-0.00230346216509586,8.11034422087964e-05,0.02161268279949189,19.76327717391335,19.784889856712844
4.449999999999732,-0.5000856790284196,-0.0022877931054278993,8.567902841960517e-05,0.021671835009118737,19.763497758188336,19.785169593197455
4.451999999999732,-0.5000902232215564,-0.0022720965683667754,9.022322155638474e-05,0.0217295059802074,19.763716841282452,19.78544634726266
4.4539999999997315,-0.5000947359686291,-0.002256373536372027,9.473596862907829e-05,0.021785701409189593,19.763934420574525,19.785720121983715
4.455999999999731,-0.5000992172186041,-0.0022406249875101462,9.921721860406407e-05,0.021840427036139348,19.764150493537393,19.785990920573532
4.457999999999731,-0.5001036669223949,-0.002224851895429247,0.00010366692239494046,0.021893688644243733,19.76436505773754,19.786258746381783
4.459999999999731,-0.5001080850328536,-0.0022090552293342865,0.00010808503285364424,0.021945492059231596,19.76457811083463,19.786523602893862
4.461999999999731,-0.5001124715047616,-0.0021932359539622985,0.00011247150476156875,0.02199584314882006,19.764789650581108,19.786785493729926
4.46399999999973,-0.5001168262948207,-0.002177395029558227,0.00011682629482068219,0.022044747822161138,19.76499967482178,19.78704442264394
4.46599999999973,-0.5001211493616444,-0.002161533411851195,0.00012114936164442369,0.022092212029293103,19.765208181493342,19.787300393522635
4.46799999999973,-0.5001254406657485,-0.0021456520520314326,0.00012544066574848856,0.022138241760586506,19.765415168623996,19.787553410384582
4.46999999999973,-0.500129700169542,-0.0021297518967265438,0.0001297001695419464,0.022182843046191003,19.76562063433297,19.78780347737916
4.4719999999997295,-0.5001339278373179,-0.002113833887979375,0.00013392783731791535,0.022226021955490206,19.765824576830095,19.788050598785585
4.473999999999729,-0.5001381236352443,-0.002097898963225466,0.00013812363524434712,0.022267784596551612,19.76602699441538,19.78829477901193
4.475999999999729,-0.5001422875313549,-0.0020819480552711485,0.00014228753135492322,0.022308137115577612,19.76622788547856,19.788536022594137
4.477999999999729,-0.5001464194955395,-0.0020659820922721834,0.00014641949553950706,0.022347085696366117,19.766427248498655,19.788774334195022
4.479999999999729,-0.5001505194995349,-0.002050001997712414,0.00015051949953492905,0.02238463655975775,19.76662508204348,19.789009718603236
4.481999999999728,-0.5001545875169157,-0.002034008690382773,0.00015458751691566075,0.022420795963096474,19.76682138476928,19.789242180732376
4.483999999999728,-0.5001586235230844,-0.0020180030843613478,0.000158623523084378,0.022455570199688614,19.767016155420208,19.789471725619897
4.485999999999728,-0.5001626274952624,-0.002001986088992793,0.00016262749526241294,0.022488965598265902,19.767209392827915,19.789698358426183
4.487999999999728,-0.5001665994124802,-0.001985958608868904,0.00016659941248020615,0.02252098852243886,19.76740109591107,19.789922084433506
4.4899999999997275,-0.5001705392555679,-0.0019699215438090424,0.00017053925556786975,0.022551645370159478,19.76759126367491,19.79014290904507
4.491999999999727,-0.5001744470071455,-0.0019538757888415514,0.0001744470071455284,0.02258094257318713,19.767779895210793,19.790360837783982
4.493999999999727,-0.5001783226516139,-0.0019378222341845754,0.0001783226516138825,0.022608886596553548,19.767966989695722,19.790575876292277
4.495999999999727,-0.5001821661751443,-0.0019217617652282778,0.0001821661751443271,0.022635483938031904,19.76815254639191,19.790788030329942
4.497999999999727,-0.5001859775656694,-0.0019056952625165823,0.00018597756566940404,0.022660741127599304,19.76833656464629,19.79099730577389
4.499999999999726,-0.5001897568128728,-0.001889623601729977,0.00018975681287281,0.022684664726908818,19.76851904389004,19.79120370861695
4.501999999999726,-0.5001935039081802,-0.001873547653668046,0.00019350390818018148,0.022707261328752216,19.768699983638164,19.791407244966916
4.503999999999726,-0.5001972188447487,-0.00185746828423277,0.00019721884474865892,0.022728537556551628,19.76887938348898,19.791607921045532
4.505999999999726,-0.5002009016174574,-0.001841386354411941,0.0002009016174574496,0.02274850006380852,19.76905724312368,19.79180574318749
4.507999999999726,-0.500204552222898,-0.0018253027202631792,0.00020455222289794683,0.022767155533593514,19.769233562305814,19.792000717839407
4.509999999999725,-0.5002081706593637,-0.0018092182328981001,0.0002081706593637378,0.022784510678023305,19.76940834088088,19.7921928515589
4.511999999999725,-0.5002117569268407,-0.0017931337384670223,0.00021175692684072267,0.022800572237734313,19.769581578775814,19.79238215101355
4.513999999999725,-0.500215311026997,-0.0017770500781434857,0.00021531102699701155,0.022815346981365087,19.76975327599849,19.792568622979854
4.515999999999725,-0.5002188329631733,-0.0017609680881100944,0.0002188329631732655,0.022828841705028347,19.769923432637302,19.79275227434233
4.5179999999997245,-0.5002223227403724,-0.0017448885995436732,0.00022232274037237154,0.022841063231811377,19.770092048860626,19.792933112092438
4.519999999999724,-0.5002257803652496,-0.00172881243860163,0.00022578036524956158,0.02285201841124425,19.77025912491639,19.793111143327632
4.521999999999724,-0.5002292058461024,-0.001712740426407961,0.00022920584610242045,0.022861714118795503,19.770424661131557,19.793286375250354
4.523999999999724,-0.5002325991928604,-0.0016966733790401685,0.00023259919286044983,0.022870157255360506,19.770588657911652,19.793458815167014
4.525999999999724,-0.5002359604170755,-0.0016806121075159833,0.0002359604170755203,0.02287735474673934,19.77075111574028,19.79362847048702
4.527999999999723,-0.5002392895319111,-0.0016645574177811045,0.00023928953191110214,0.022883313543148678,19.770912035178682,19.79379534872183
4.529999999999723,-0.5002425865521325,-0.0016485101106961553,0.00024258655213249547,0.02288804061869292,19.771071416865166,19.793959457483858
4.531999999999723,-0.5002458514940965,-0.0016324709820259907,0.0002458514940965051,0.02289154297086906,19.771229261514677,19.794120804485544
4.533999999999723,-0.5002490843757413,-0.0016164408224265314,0.00024908437574133746,0.022893827620068127,19.771385569918273,19.79427939753834
4.5359999999997225,-0.5002522852165762,-0.001600420417434642,0.00025228521657616465,0.02289490160906575,19.7715403429427,19.794435244551767
4.537999999999722,-0.5002554540376711,-0.0015844105474566385,0.0002554540376711323,0.02289477200252372,19.771693581529824,19.794588353532347
4.539999999999722,-0.5002585908616467,-0.0015684119877576739,0.0002585908616467014,0.0228934458864984,19.77184528669619,19.79473873258269
4.541999999999722,-0.5002616957126637,-0.001552425508451562,0.00026169571266365654,0.022890930367929448,19.7719954595325,19.79488638990043
4.543999999999722,-0.5002647686164127,-0.0015364518744907915,0.00026476861641266947,0.022887232574158756,19.77214410120314,19.7950313337773
4.545999999999721,-0.500267809600104,-0.0015204918456566223,0.00026780960010397425,0.022882359652433112,19.772291212945667,19.7951735725981
4.547999999999721,-0.500270818692457,-0.0015045461765502315,0.00027081869245704215,0.02287631876941195,19.772436796070345,19.795313114839757
4.549999999999721,-0.5002737959236903,-0.0014886156165832846,0.0002737959236902565,0.02286911711068354,19.772580851959603,19.795449969070287
4.551999999999721,-0.5002767413255101,-0.0014727009099697362,0.00027674132551014363,0.02286076188027654,19.772723382067586,19.795584143947863
4.5539999999997205,-0.5002796549311016,-0.0014568027957168436,0.0002796549311016028,0.022851260300163635,19.772864387919594,19.79571564821976
4.55599999999972,-0.5002825367751168,-0.0014409220076177065,0.000282536775116804,0.02284061960979886,19.773003871111687,19.795844490721485
4.55799999999972,-0.5002853868936653,-0.0014250592742433522,0.000285386893665307,0.022828847065613812,19.77314183331005,19.795970680375664
4.55999999999972,-0.5002882053243032,-0.001409215318935286,0.00028820532430318124,0.022815949940559098,19.7732782762506,19.79609422619116
4.56199999999972,-0.5002909921060228,-0.0013933908597986,0.0002909921060227916,0.02280193552360954,19.77341320173845,19.79621513726206
4.563999999999719,-0.5002937472792421,-0.0013775866096948353,0.0002937472792421403,0.022786811119300462,19.773546611647397,19.796333422766697
4.565999999999719,-0.5002964708857947,-0.0013618032762361778,0.00029647088579465297,0.022770584047244295,19.77367850791943,19.796449091966675
4.567999999999719,-0.5002991629689182,-0.0013460415617788978,0.0002991629689181874,0.022753261641675543,19.77380889256421,19.796562154205887
4.569999999999719,-0.500301823573245,-0.0013303021634173866,0.0003018235732450414,0.022734851250958678,19.773937767658612,19.79667261890957
4.5719999999997185,-0.500304452744791,-0.00131458577297907,0.00030445274479096174,0.02271536023714075,19.774065135346166,19.796780495583306
4.573999999999718,-0.500307050530945,-0.001298893077019017,0.0003070505309450411,0.022694795975471027,19.77419099783658,19.796885793812052
4.575999999999718,-0.5003096169804586,-0.001283224756814843,0.00030961698045861574,0.022673165853953778,19.774315357405264,19.796988523259216
4.577999999999718,-0.5003121521434354,-0.0012675814883626596,0.00031215214343538467,0.022650477272863373,19.774438216392728,19.79708869366559
4.579999999999718,-0.5003146560713201,-0.001251963942372119,0.0003146560713200852,0.022626737644316663,19.774559577204222,19.79718631484854
4.581999999999717,-0.5003171288168886,-0.001236372784263079,0.00031712881688861216,0.02260195439178036,19.774679442309065,19.797281396700846
4.583999999999717,-0.5003195704342369,-0.0012208086741612254,0.00031957043423691545,0.02257613494964912,19.774797814240294,19.797373949189943
4.585999999999717,-0.5003219809787707,-0.0012052722668953273,0.0003219809787706751,0.02254928676276642,19.77491469559404,19.797463982356806
4.587999999999717,-0.5003243605071946,-0.0011897642119939708,0.00032436050719464316,0.022521417285989623,19.775030089029066,19.797551506315056
4.5899999999997165,-0.500326709077502,-0.0011742851536825265,0.0003267090775019854,0.022492533983737493,19.7751439972663,19.79763653125004
4.591999999999716,-0.5003290267489637,-0.0011588357308807407,0.0003290267489637344,0.02246264432953963,19.775256423088248,19.797719067417788
4.593999999999716,-0.5003313135821181,-0.0011434165772007284,0.0003313135821181312,0.022431755805595303,19.775367369338543,19.797799125144138
4.595999999999716,-0.50033356963876,-0.001128028320944998,0.00033356963875996737,0.022399875902331078,19.775476838921385,19.797876714823715
4.597999999999716,-0.5003357949819301,-0.0011126715851046663,0.00033579498193014867,0.022367012117958676,19.775584834801116,19.797951846919073
4.599999999999715,-0.5003379896759048,-0.0010973469873580039,0.0003379896759048151,0.022333171958043276,19.775691360001627,19.79802453195967
4.601999999999715,-0.5003401537861849,-0.001082055140069937,0.00034015378618490466,0.022298362935056635,19.77579641760589,19.798094780540946
4.603999999999715,-0.5003422873794855,-0.0010667966502907766,0.00034228737948549526,0.02226259256795568,19.775900010755446,19.7981626033234
4.605999999999715,-0.500344390523725,-0.0010515721197557931,0.00034439052372503554,0.022225868381746023,19.776002142649897,19.798228011031643
4.6079999999997145,-0.5003464632880148,-0.001036382144885444,0.00034646328801479775,0.022188197907047767,19.77610281654639,19.79829101445344
4.609999999999714,-0.5003485057426483,-0.0010212273167847091,0.0003485057426483307,0.02214958867967546,19.7762020357591,19.798351624438773
4.611999999999714,-0.5003505179590908,-0.001006108221243982,0.0003505179590908014,0.0221100482402109,19.776299803658734,19.798409851898946
4.613999999999714,-0.5003525000099682,-0.0009910254387394968,0.0003525000099682263,0.02206958413358391,19.776396123672054,19.798465707805637
4.615999999999714,-0.5003544519690571,-0.0009759795444344016,0.0003544519690571457,0.022028203908645023,19.776490999281283,19.798519203189926
4.6179999999997134,-0.5003563739112735,-0.0009609711081795873,0.000356373911273522,0.021985915117761042,19.776584434023686,19.798570349141446
4.619999999999713,-0.5003582659126625,-0.0009460006945156669,0.0003582659126625254,0.02194272531637758,19.776676431491016,19.798619156807394
4.621999999999713,-0.5003601280503879,-0.0009310688626740618,0.00036012805038787565,0.02189864206262635,19.776766995328995,19.798665637391622
4.623999999999713,-0.5003619604027211,-0.0009161761665796376,0.0003619604027210732,0.02185367291690752,19.776856129236844,19.798709802153752
4.625999999999713,-0.5003637630490307,-0.0009013231548525375,0.00036376304903074086,0.02180782544148003,19.776943836966755,19.798751662408236
4.627999999999712,-0.5003655360697724,-0.0008865103708103689,0.0003655360697724097,0.021761107200049933,19.777030122323367,19.798791229523417
4.629999999999712,-0.5003672795464773,-0.0008717383524717914,0.000367279546477306,0.02171352575737934,19.777114989163298,19.79882851492068
4.631999999999712,-0.5003689935617425,-0.000857007632558878,0.00036899356174247,0.02166508867886657,19.77719844139459,19.798863530073454
4.633999999999712,-0.5003706781992194,-0.0008423187385007733,0.0003706781992194319,0.021615803530169824,19.77728048297626,19.79889628650643
4.6359999999997115,-0.5003723335436043,-0.0008276721924373056,0.0003723335436043307,0.021565677876783464,19.777361117917714,19.798926795794497
4.637999999999711,-0.5003739596806268,-0.0008130685112223472,0.00037395968062681195,0.02151471928367167,19.777440350278326,19.798955069562
4.639999999999711,-0.5003755566970397,-0.00079850820642831,0.00037555669703970285,0.021462935314851255,19.777518184166883,19.798981119481734
4.641999999999711,-0.5003771246806084,-0.0007839917843502595,0.0003771246806083539,0.021410333533014594,19.77759462374109,19.799004957274107
4.643999999999711,-0.5003786637201004,-0.0007695197460104564,0.00037866372010042504,0.021356921499136233,19.777669673207047,19.799026594706184
4.64599999999971,-0.5003801739052748,-0.000755092587163202,0.00038017390527478323,0.021302706772100652,19.777743336818787,19.799046043590888
4.64799999999971,-0.5003816553268714,-0.0007407107983002171,0.0003816553268713996,0.021247696908296945,19.777815618877746,19.799063315786043
4.64999999999971,-0.5003831080766007,-0.0007263748646553402,0.00038310807660069113,0.02119189946125772,19.777886523732242,19.7990784231935
4.65199999999971,-0.5003845322471331,-0.0007120852662104618,0.00038453224713308476,0.021135321981270366,19.777956055776997,19.799091377758266
4.6539999999997095,-0.5003859279320885,-0.0006978424777012829,0.0003859279320884701,0.021077972015007086,19.778024219452625,19.799102191467632
4.655999999999709,-0.5003872952260258,-0.0006836469686232772,0.0003872952260257634,0.021019857105149066,19.778091019245167,19.799110876350316
4.657999999999709,-0.5003886342244322,-0.0006694992032380508,0.0003886342244322494,0.020960984790016752,19.778156459685505,19.79911744447552
4.659999999999709,-0.5003899450237134,-0.0006553996405796851,0.00038994502371336726,0.020901362603194383,19.778220545348933,19.799121907952127
4.661999999999709,-0.5003912277211823,-0.0006413487344616489,0.00039122772118227456,0.02084099807317217,19.77828328085464,19.799124278927813
4.663999999999708,-0.5003924824150492,-0.0006273469334839076,0.000392482415049189,0.020779898722984174,19.77834467086521,19.799124569588194
4.665999999999708,-0.5003937092044113,-0.0006133946810395812,0.00039370920441128554,0.02071807206983882,19.778404720086105,19.799122792155945
4.667999999999708,-0.5003949081892419,-0.0005994924153228065,0.00039490818924192705,0.02065552562476807,19.77846343326519,19.79911895888996
4.669999999999708,-0.5003960794703806,-0.0005856405693362963,0.00039607947038056146,0.020592266892259535,19.778520815192216,19.799113082084475
4.6719999999997075,-0.5003972231495224,-0.0005718395708994697,0.00039722314952239657,0.020528303369912827,19.778576870698352,19.799105174068263
4.673999999999707,-0.5003983393292077,-0.0005580898426562372,0.00039833932920774195,0.02046364254809162,19.778631604655665,19.799095247203756
4.675999999999707,-0.5003994281128119,-0.0005443918020834791,0.00039942811281190593,0.020398291909559576,19.778685021976607,19.799083313886165
4.677999999999707,-0.5004004896045349,-0.000530745861499499,0.0004004896045348705,0.02033225892914407,19.778737127613578,19.799069386542723
4.679999999999707,-0.500401523909391,-0.0005171524280728443,0.00040152390939096616,0.02026555107339081,19.778787926558373,19.799053477631762
4.681999999999706,-0.5004025311331987,-0.0005036119038314656,0.0004025311331986581,0.020198175800221402,19.778837423841747,19.799035599641968
4.683999999999706,-0.50040351138257,-0.0004901246856719466,0.00040351138256999874,0.020130140558598048,19.77888562453285,19.79901576509145
4.685999999999706,-0.5004044647649007,-0.0004766911653684056,0.0004044647649007471,0.020061452788175522,19.77893253373882,19.798993986526998
4.687999999999706,-0.5004053913883599,-0.0004633117295828959,0.0004053913883599325,0.01999211991897713,19.77897815660421,19.79897027652319
4.6899999999997055,-0.5004062913618796,-0.000449986759874738,0.00040629136187964043,0.019922149371060467,19.779022498310574,19.798944647681633
4.691999999999705,-0.500407164795145,-0.00043671663271058284,0.0004071647951450208,0.019851548554183522,19.779065564075925,19.798917112630107
4.693999999999705,-0.500408011798584,-0.00042350171947491255,0.00040801179858396264,0.019780324867485495,19.779107359154274,19.79888768402176
4.695999999999705,-0.5004088324833569,-0.000410342386480471,0.00040883248335688016,0.019708485699157806,19.779147888835123,19.79885637453428
4.697999999999705,-0.5004096269613468,-0.00039723899497894755,0.00040962696134683174,0.019636038426118975,19.779187158443023,19.79882319686914
4.699999999999704,-0.5004103953451492,-0.0003841919011715951,0.00041039534514919485,0.01956299041370485,19.779225173337036,19.79878816375074
4.701999999999704,-0.5004111377480617,-0.000371201456220626,0.000411137748061674,0.019489349015340555,19.77926193891028,19.798751287925622
4.703999999999704,-0.5004118542840742,-0.0003582680062603201,0.0004118542840741979,0.01941512157223197,19.77929746058947,19.798712582161702
4.705999999999704,-0.500412545067859,-0.00034539189240869166,0.0004125450678590381,0.019340315413050476,19.77933174383435,19.7986720592474
4.7079999999997035,-0.5004132102147606,-0.00033257345077881414,0.0004132102147605954,0.019264937853631058,19.779364794137354,19.798629731990985
4.709999999999703,-0.5004138498407856,-0.0003198130124910062,0.0004138498407856295,0.019188996196654328,19.77939661702299,19.798585613219643
4.711999999999703,-0.500414464062593,-0.00030711090368452785,0.00041446406259304513,0.019112497731353227,19.77942721804743,19.798539715778784
4.713999999999703,-0.5004150529974841,-0.0002944674455301236,0.00041505299748412217,0.01903544973319803,19.779456602798042,19.79849205253124
4.715999999999703,-0.5004156167633926,-0.00028188295424255944,0.0004156167633926344,0.018957859463605876,19.77948477689288,19.798442636356484
4.717999999999702,-0.5004161554788749,-0.0002693577410930022,0.0004161554788748578,0.01887973416964585,19.779511745980223,19.798391480149867
4.719999999999702,-0.5004166692630997,-0.00025689211242152884,0.0004166692630996893,0.01880108108373833,19.779537515738113,19.79833859682185
4.721999999999702,-0.500417158235839,-0.0002444863696509808,0.00041715823583898803,0.018721907423359805,19.779562091873885,19.798283999297244
4.723999999999702,-0.5004176225174576,-0.00023214080929906012,0.00041762251745758316,0.018642220390767367,19.779585480123664,19.79822770051443
4.7259999999997016,-0.5004180622289036,-0.0002198557229926006,0.0004180622289036151,0.018562027172695807,19.779607686251946,19.79816971342464
4.727999999999701,-0.5004184774916985,-0.00020763139748017925,0.0004184774916985434,0.018481334940085407,19.77962871605108,19.798110050991163
4.729999999999701,-0.5004188684279278,-0.00019546811464700586,0.000418868427927821,0.01840015084778317,19.77964857534083,19.79804872618861
4.731999999999701,-0.5004192351602309,-0.00018336615152768706,0.0004192351602309019,0.018318482034288885,19.77966726996793,19.79798575200222
4.733999999999701,-0.5004195778117916,-0.00017132578032068847,0.0004195778117915827,0.018236335621457572,19.779684805805548,19.797921141427004
4.7359999999997004,-0.5004198965063283,-0.00015934726840256816,0.0004198965063283433,0.018153718714228818,19.779701188752913,19.79785490746714
4.7379999999997,-0.500420191368085,-0.00014743087834233863,0.0004201913680850211,0.018070638400354277,19.779716424734783,19.797787063135136
4.7399999999997,-0.5004204625218208,-0.00013557686791600858,0.0004204625218208191,0.017987101750139553,19.779730519701033,19.797717621451174
4.7419999999997,-0.5004207100928011,-0.00012378549012134423,0.00042071009280109095,0.017903115816160834,19.779743479626173,19.797646595442334
4.7439999999997,-0.5004209342067875,-0.00011205699319259559,0.00042093420678745996,0.01781868763301439,19.779755310508882,19.797573998141896
4.745999999999699,-0.5004211349900287,-0.0001003916206156476,0.00042113499002871535,0.017733824217039163,19.779766018371575,19.797499842588614
4.747999999999699,-0.500421312569251,-8.878961114332318e-05,0.0004213125692510422,0.017648532566073794,19.779775609259936,19.79742414182601
4.749999999999699,-0.5004214670716487,-7.725119881030934e-05,0.0004214670716486957,0.017562819659188274,19.779784089242483,19.79734690890167
4.751999999999699,-0.5004215986248746,-6.577661294912725e-05,0.000421598624874564,0.017476692456430302,19.779791464410078,19.797268156866508
4.7539999999996985,-0.500421707357031,-5.4366078205580386e-05,0.00042170735703095374,0.01739015789857558,19.779797740875516,19.79718789877409
4.755999999999698,-0.50042179339666,-4.3019814555017284e-05,0.0004217933966600418,0.01730322290688279,19.779802924773062,19.797106147679944
4.757999999999698,-0.5004218568727347,-3.173803731721427e-05,0.00042185687273466055,0.01721589438284181,19.779807022258005,19.79702291664085
4.759999999999698,-0.500421897914649,-2.0520957173640234e-05,0.0004218979146489721,0.017128179207924137,19.779810039506224,19.796938218714146
4.761999999999698,-0.5004219166522094,-9.368780183310647e-06,0.00042191665220936425,0.017040084243348005,19.779811982713692,19.79685206695704
4.763999999999697,-0.500421913215625,1.718292201072413e-06,0.0004219132156250138,0.016951616329841056,19.779812858096122,19.796764474425963
4.765999999999697,-0.5004218877354988,1.2740063116428687e-05,0.00042188773549878267,0.016862782287391975,19.779812671888468,19.796675454175862
4.767999999999697,-0.5004218403428182,2.3696340272096956e-05,0.0004218403428182249,0.01677358891501988,19.77981143034448,19.7965850192595
4.769999999999697,-0.5004217711689464,3.458693593349825e-05,0.0004217711689463721,0.01668404299055222,19.779809139736294,19.796493182726845
4.7719999999996965,-0.5004216803456125,4.541166690525648e-05,0.00042168034561251844,0.0165941512703869,19.77980580635399,19.796399957624377
4.773999999999696,-0.5004215680049034,5.617035451374849e-05,0.0004215680049034498,0.016503920489258684,19.779801436505156,19.796305356994417
4.775999999999696,-0.5004214342792542,6.686282459016801e-05,0.00042143427925422916,0.016413357360028004,19.779796036514448,19.796209393874477
4.777999999999696,-0.5004212793014393,7.748890745265885e-05,0.0004212793014393146,0.016322468573447824,19.77978961272317,19.79611208129662
4.779999999999696,-0.5004211032045636,8.804843788922235e-05,0.00042110320456356654,0.016231260797951313,19.779782171488836,19.796013432286788
4.781999999999695,-0.5004209061220533,9.854125513999408e-05,0.00042090612205325506,0.01613974067942888,19.77977371918476,19.795913459864188
4.783999999999695,-0.5004206881876475,0.00010896720287939014,0.00042068818764751104,0.01604791484101025,19.779764262199585,19.795812177040595
4.785999999999695,-0.5004204495353891,0.00011932612919822524,0.00042044953538911134,0.01595578988286532,19.77975380693694,19.79570959681981
4.787999999999695,-0.5004201902996159,0.00012961788658543045,0.00042019029961593013,0.01586337238197865,19.779742359814918,19.795605732196897
4.7899999999996945,-0.5004199106149521,0.00013984233191048764,0.00041991061495205706,0.015770668891953762,19.779729927265752,19.795500596157705
4.791999999999694,-0.5004196106162992,0.00014999932640459728,0.00041961061629924856,0.01567768594279838,19.779716515735313,19.79539420167811
4.793999999999694,-0.5004192904388279,0.0001600887356425664,0.00041929043882793504,0.015584430040733165,19.77970213168275,19.795286561723483
4.795999999999694,-0.5004189502179689,0.00017011042952417768,0.0004189502179688942,0.01549090766797687,19.779686781580057,19.795177689248035
4.797999999999694,-0.5004185900894044,0.00018006428225547774,0.00041859008940436926,0.015397125282562346,19.779670471911643,19.795067597194205
4.799999999999693,-0.5004182101890597,0.00018995017233032837,0.0004182101890597423,0.015303089318130948,19.779653209173944,19.794956298492075
4.801999999999693,-0.5004178106530948,0.00019976798251126365,0.0004178106530947634,0.015208806183747064,19.779634999875007,19.794843806058754
4.803999999999693,-0.5004173916178951,0.0002095175998106691,0.00041739161789511314,0.015114282263700426,19.779615850534064,19.794730132797763
4.805999999999693,-0.5004169532200642,0.00021919891547131744,0.0004169532200641868,0.015019523917319174,19.779595767681165,19.794615291598486
4.8079999999996925,-0.5004164955964143,0.00022881182494786915,0.00041649559641432354,0.01492453747879693,19.779574757856714,19.794499295335513
4.809999999999692,-0.5004160188839586,0.0002383562278868278,0.000416018883958591,0.014829329256989989,19.779552827611134,19.794382156868124
4.811999999999692,-0.5004155232199023,0.00024783202810771203,0.0004155232199023473,0.014733905535249017,19.779529983504407,19.794263889039655
4.813999999999692,-0.5004150087416351,0.000257239133583353,0.0004150087416351367,0.014638272571232196,19.77950623210572,19.794144504676954
4.815999999999692,-0.5004144755867223,0.0002665774564199624,0.0004144755867222516,0.014542436596738643,19.779481579993035,19.794024016589773
4.817999999999691,-0.5004139238928966,0.00027584691283797394,0.00041392389289662823,0.014446403817530365,19.779456033752705,19.793902437570235
4.819999999999691,-0.5004133537980503,0.00028504742315180084,0.0004133537980502977,0.014350180413161337,19.779429599979114,19.793779780392274
4.821999999999691,-0.5004127654402268,0.00029417891174980546,0.0004127654402268366,0.014253772536797502,19.779402285274216,19.793656057811013
4.823999999999691,-0.5004121589576127,0.000303241307075128,0.00041215895761270716,0.01415718631507502,19.77937409624719,19.793531282562263
4.8259999999996905,-0.5004115344885295,0.00031223454160448727,0.0004115344885294858,0.014060427847907262,19.779345039514077,19.793405467361985
4.82799999999969,-0.5004108921714259,0.0003211585518287825,0.00041089217142586953,0.013963503208343536,19.77931512169732,19.793278624905664
4.82999999999969,-0.5004102321448695,0.00033001327823237316,0.00041023214486946014,0.013866418442404521,19.779284349425456,19.79315076786786
4.83199999999969,-0.5004095545475389,0.00033879866527279824,0.00040955454753888176,0.01376917956891942,19.779252729332697,19.793021908901615
4.83399999999969,-0.5004088595182161,0.0003475146613606996,0.0004088595182161203,0.013671792579372885,19.779220268058523,19.792892060637897
4.835999999999689,-0.5004081471957784,0.0003561612188385938,0.00040814719577841885,0.013574263437759216,19.779186972247377,19.792761235685138
4.837999999999689,-0.5004074177191905,0.00036473829396047616,0.00040741771919050596,0.013476598080428004,19.77915284854823,19.792629446628656
4.839999999999689,-0.5004066712274967,0.0003732458468714904,0.00040667122749671325,0.01337880241593643,19.77911790361422,19.792496706030157
4.841999999999689,-0.5004059078598135,0.0003816838415867157,0.00040590785981353683,0.013280882324896607,19.77908214410229,19.792363026427186
4.8439999999996886,-0.5004051277553216,0.00039005224597043857,0.0004051277553216437,0.013182843659847747,19.77904557667282,19.79222842033267
4.845999999999688,-0.5004043310532582,0.00039835103171523127,0.00040433105325821117,0.013084692245102239,19.779008207989243,19.792092900234344
4.847999999999688,-0.5004035178929096,0.00040658017432057775,0.0004035178929095995,0.012986433876606597,19.77897004471769,19.791956478594294
4.849999999999688,-0.5004026884136035,0.0004147396530723908,0.0004026884136034692,0.012888074321819359,19.7789310935266,19.79181916784842
4.851999999999688,-0.5004018427547015,0.00042282945102104045,0.0004018427547014536,0.012789619319559641,19.778891361086423,19.79168098040598
4.8539999999996875,-0.5004009810555915,0.00043084955496103933,0.0004009810555914983,0.01269107457988982,19.778850854069198,19.79154192864909
4.855999999999687,-0.5004001034556806,0.00043879995540877637,0.00040010345568064487,0.012592445783971618,19.778809579148195,19.791402024932168
4.857999999999687,-0.5003992100943875,0.0004466806465817107,0.000399210094387481,0.012493738583955584,19.778767542997613,19.79126128158157
4.859999999999687,-0.5003983011111347,0.0004544916263765834,0.00039830111113470235,0.012394958602845554,19.778724752292174,19.791119710895018
4.861999999999687,-0.500397376645342,0.00046223289634829553,0.0003973766453420069,0.012296111434375426,19.778681213706793,19.790977325141167
4.863999999999686,-0.5003964368364187,0.000469904461687803,0.00039643683641865657,0.012197202642893912,19.778636933916218,19.790834136559113
4.865999999999686,-0.5003954818237563,0.0004775063312009435,0.00039548182375626073,0.01209823776324384,19.778591919594707,19.79069015735795
4.867999999999686,-0.5003945117467217,0.0004850385172860984,0.0003945117467216708,0.01199922230064288,19.778546177415638,19.79054539971628
4.869999999999686,-0.5003935267446499,0.0004925010359132438,0.0003935267446498747,0.011900161730578044,19.778499714051218,19.790399875781794
4.8719999999996855,-0.5003925269568367,0.0004998939066013765,0.0003925269568366696,0.011801061498689036,19.778452536172097,19.790253597670787
4.873999999999685,-0.5003915125225319,0.0005072171523968509,0.0003915125225318894,0.011701927020655773,19.778404650447044,19.7901065774677
4.875999999999685,-0.5003904835809322,0.00051447079985175,0.00039048358093218827,0.011602763682100769,19.778356063542617,19.78995882722472
4.877999999999685,-0.5003894402711742,0.0005216548790013394,0.00038944027117415736,0.011503576838473532,19.77830678212284,19.789810358961315
4.879999999999685,-0.5003883827323274,0.0005287694233424003,0.00038838273232744136,0.011404371814955579,19.77825681284884,19.789661184663796
4.881999999999684,-0.5003873111033879,0.0005358144698109634,0.0003873111033878551,0.011305153906358452,19.778206162378503,19.789511316284862
4.883999999999684,-0.5003862255232704,0.0005427900587601807,0.0003862255232703893,0.011205928377026497,19.77815483736621,19.789360765743236
4.885999999999684,-0.5003851261308025,0.0005496962339381311,0.00038512613080254887,0.011106700460734125,19.77810284446246,19.789209544923192
4.887999999999684,-0.5003840130647176,0.0005565330424654287,0.000384013064717581,0.011007475360596906,19.77805019031353,19.789057665674125
4.8899999999996835,-0.5003828864636479,0.0005633005348131318,0.00038288646364792456,0.01090825824897981,19.77799688156122,19.788905139810197
4.891999999999683,-0.5003817464661183,0.0005699987647802417,0.00038174646611832674,0.010809054267411928,19.77794292484247,19.788751979109882
4.893999999999683,-0.5003805932105394,0.0005766277894714966,0.00038059321053940387,0.010709868526491136,19.777888326789054,19.788598195315544
4.895999999999683,-0.5003794268352009,0.0005831876692748578,0.00037942683520086895,0.010610706105804182,19.77783309402729,19.788443800133095
4.897999999999683,-0.5003782474782652,0.0005896784678384851,0.00037824747826520344,0.010511572053835894,19.7777772331777,19.788288805231538
4.899999999999682,-0.5003770552777611,0.000596100252049568,0.0003770552777611069,0.010412471387900257,19.777720750854712,19.788133222242614
4.901999999999682,-0.5003758503715771,0.000602453092010284,0.0003758503715770578,0.010313409094047734,19.777663653666345,19.787977062760394
4.903999999999682,-0.500374632897455,0.000608737061016253,0.00037463289745498507,0.01021439012700004,19.77760594821389,19.78782033834089
4.905999999999682,-0.5003734029929839,0.0006149522355334455,0.00037340299298394,0.010115419410069378,19.77754764109162,19.78766306050169
4.9079999999996815,-0.5003721607955935,0.0006210986951757561,0.00037216079559354576,0.010016501835090036,19.777488738886507,19.787505240721597
4.909999999999681,-0.5003709064425482,0.000627176522682136,0.00037090644254822447,0.009917642262335782,19.777429248177853,19.78734689044019
4.911999999999681,-0.5003696400709404,0.0006331858038936976,0.0003696400709404246,0.009818845520471891,19.777369175537093,19.787188021057563
4.913999999999681,-0.500368361817685,0.0006391266277317753,0.000368361817684959,0.009720116406467404,19.777308527527378,19.787028643933844
4.915999999999681,-0.5003670718195126,0.0006449990861743822,0.0003670718195125655,0.009621459685544159,19.777247310703387,19.78686877038893
4.91799999999968,-0.5003657702129641,0.0006508032742336415,0.0003657702129641338,0.009522880091107563,19.777185531610957,19.786708411702065
4.91999999999968,-0.5003644571343843,0.0006565392899330636,0.0003644571343842662,0.00942438232469622,19.777123196786867,19.786547579111563
4.92199999999968,-0.5003631327199157,0.0006622072342846668,0.0003631327199157264,0.00932597105590614,19.777060312758476,19.78638628381438
4.92399999999968,-0.5003617971054932,0.0006678072112661585,0.0003617971054932223,0.00922765092235172,19.77699688604348,19.786224536965832
4.9259999999996795,-0.5003604504268376,0.0006733393277978311,0.00036045042683763295,0.009129426529599624,19.77693292314962,19.78606234967922
4.927999999999679,-0.5003590928194502,0.0006788036937199889,0.0003590928194502352,0.009031302451122668,19.776868430574396,19.78589973302552
4.929999999999679,-0.5003577244186067,0.0006842004217697077,0.00035772441860670856,0.008933283228249496,19.776803414804807,19.785736698033055
4.931999999999679,-0.5003563453593516,0.0006895296275581819,0.0003563453593515842,0.00883537337011068,19.77673788231701,19.785573255687122
4.933999999999679,-0.5003549557764925,0.0006947914295476418,0.00035495577649247156,0.008737577353597911,19.77667183957615,19.78540941692975
4.935999999999678,-0.5003535558045944,0.0006999859490284079,0.0003535558045943965,0.008639899623317729,19.776605293035995,19.785245192659314
4.937999999999678,-0.5003521455779742,0.0007051133100957651,0.00035214557797424995,0.008542344591548597,19.776538249138717,19.785080593730267
4.939999999999678,-0.500350725230695,0.0007101736396274679,0.0003507252306950148,0.008444916638203877,19.776470714314616,19.78491563095282
4.941999999999678,-0.5003492948965605,0.0007151670672601525,0.000349294896560548,0.00834762011078085,19.776402694981805,19.784750315092584
4.9439999999996775,-0.5003478547091098,0.0007200937253664227,0.0003478547091098072,0.008250459324340702,19.776334197546028,19.78458465687037
4.945999999999677,-0.5003464048016117,0.0007249537490321594,0.0003464048016117438,0.008153438561460906,19.77626522840032,19.78441866696178
4.947999999999677,-0.5003449453070596,0.0007297472760334811,0.0003449453070596409,0.008056562072212477,19.77619579392482,19.784252355997033
4.949999999999677,-0.500343476358166,0.000734474446813162,0.0003434763581660061,0.007959834074117787,19.776125900486456,19.784085734560573
4.951999999999677,-0.5003419980873571,0.0007391354044582989,0.00034199808735713155,0.007863258752134946,19.776055554438717,19.78391881319085
4.953999999999676,-0.5003405106267678,0.0007437302946767662,0.0003405106267677649,0.007766840258618871,19.77598476212139,19.783751602380008
4.955999999999676,-0.5003390141082362,0.0007482592657746443,0.00033901410823622413,0.007670582713296466,19.77591352986031,19.783584112573607
4.957999999999676,-0.500337508663299,0.0007527224686327933,0.0003375086632989577,0.007574490203251811,19.775841863967138,19.783416354170388
4.959999999999676,-0.5003359944231855,0.0007571200566836525,0.0003359944231855483,0.007478566782895961,19.77576977073906,19.783248337521957
4.961999999999676,-0.5003344715188137,0.000761452185889065,0.00033447151881371706,0.007382816473952712,19.775697256458592,19.783080072932545
4.963999999999675,-0.5003329400807843,0.0007657190147163145,0.00033294008078432746,0.007287243265436162,19.775624327393313,19.78291157065875
4.965999999999675,-0.5003314002393761,0.0007699207041154894,0.0003314002393760562,0.007191851113642582,19.77555098979566,19.782742840909304
4.967999999999675,-0.5003298521245411,0.0007740574174965665,0.0003298521245410635,0.007096643942118334,19.775477249902607,19.782573893844727
4.969999999999675,-0.5003282958658997,0.0007781293207060941,0.00032829586589966375,0.007001625641670008,19.775403113935553,19.782404739577224
4.9719999999996745,-0.5003267315927357,0.0007821365820046902,0.0003267315927356629,0.0069068000703377975,19.775328588099967,19.782235388170303
4.973999999999674,-0.5003251594339916,0.000786079372043334,0.0003251594339915842,0.006812171053388993,19.77525367858523,19.78206584963862
4.975999999999674,-0.5003235795182639,0.0007899578638411012,0.00032357951826389453,0.006717742383316696,19.775178391564403,19.78189613394772
4.977999999999674,-0.5003219919737983,0.0007937722327615222,0.0003219919737983412,0.006623517819826972,19.775102733193965,19.78172625101379
4.979999999999674,-0.5003203969284854,0.0007975226564902616,0.00032039692848540025,0.006529501089841471,19.775026709613623,19.781556210703464
4.981999999999673,-0.5003187945098554,0.0008012093150117674,0.00031879450985539126,0.006435695887493917,19.774950326946076,19.78138602283357
4.983999999999673,-0.5003171848450743,0.0008048323905864018,0.0003171848450742587,0.006342105874121511,19.774873591296775,19.781215697170897
4.985999999999673,-0.5003155680609388,0.0008083920677276316,0.00031556806093879786,0.006248734678279134,19.774796508753752,19.781045243432033
4.987999999999673,-0.5003139442838724,0.00081188853317874,0.000313944283872436,0.006155585895730862,19.774719085387343,19.780874671283073
4.9899999999996725,-0.5003123136399207,0.0008153219758907621,0.0003123136399206805,0.0060626630894675205,19.774641327250063,19.78070399033953
4.991999999999672,-0.5003106762547467,0.0008186925869987273,0.0003106762547466779,0.005969969789701123,19.774563240376292,19.78053321016599
4.993999999999672,-0.5003090322536271,0.0008220005597992496,0.0003090322536271062,0.005877509493877299,19.774484830782125,19.780362340276003
4.995999999999672,-0.5003073817614476,0.0008252460897278899,0.00030738176144762264,0.00578528566669025,19.774406104465175,19.780191390131865
4.997999999999672,-0.500305724902699,0.0008284293743358709,0.00030572490269897834,0.005693301740081786,19.774327067404325,19.780020369144406
4.999999999999671,-0.5003040618014725,0.0008315506132675985,0.0003040618014724661,0.0056015611132721665,19.774247725559572,19.779849286672846
