time_s,desired_position_rad,desired_velocity_rad_s,desired_acceleration_rad_s2,actual_position_rad,actual_velocity_rad_s,position_error_rad,pd_torque_Nm,feedforward_torque_Nm,command_torque_Nm,gravity_torque_Nm,inertia_feedforward_Nm,dynamic_bias_Nm
0.002,-0.5,0.7853981633974483,-0.0,-0.5004169927994864,-0.20849639974319914,0.0004169927994863709,15.707963267948966,20.832197169310167,36.54016043725913,20.832197169310167,0.0,20.832197169310167
0.004,-0.4984292140086103,0.7853826603101113,-0.015503036333789666,-0.5009136052419161,-0.24830622121483487,0.002484391233305794,20.275136959241422,20.786354279728176,41.061491238969595,20.836307964139102,-0.04584288958199055,20.832197169310167
0.006,-0.4968584900291618,0.7853361516601358,-0.031005460634250324,-0.5014702595223833,-0.2783271402336279,0.004611769493221507,21.483870500050262,20.77606649790835,42.25993699795861,20.841259296931653,-0.09170758878544281,20.867774086693792
0.008,-0.49528789007114793,0.7852586392836037,-0.046506660892214995,-0.5020706090489082,-0.30017476326241876,0.0067827189777602825,22.508189480591714,20.539614493783883,43.0478039743756,20.846619895959563,-0.13762945020692777,20.67724394399081
0.01,-0.4937174761391656,0.7851501262405708,-0.062006025146839804,-0.5026997624862254,-0.3145767186585977,0.008982286347059776,23.37712437200831,20.05283582478454,43.42996019679285,20.852034751884574,-0.18363534528092665,20.236471170065467
0.012,-0.4921473102304679,0.7850106168149463,-0.07750294150976313,-0.5033454427270705,-0.32284012042255034,0.011198132496602564,24.102237160622373,19.467250048502507,43.56948720912488,20.85718978358488,-0.22974500180197843,19.696995050304483
0.014,-0.49057745433251637,0.7848401165143234,-0.09299679818926194,-0.5039973228487568,-0.3259400608431538,0.013419868516240385,24.707202417648297,18.895736432155424,43.60293884980372,20.861842003795477,-0.27597131055855784,19.17170774271398
0.016,-0.4890079704205338,0.784638632069762,-0.10848698351440426,-0.5046461422805057,-0.3244097158745181,0.01563817185997196,25.20944434390291,18.381270594770236,43.590714938673145,20.865795071532112,-0.32232282614832436,18.70359342091856
0.018000000000000002,-0.4874389204550576,0.7844061714355232,-0.12397288595919691,-0.5053307435520129,-0.34230063575360087,0.017891823096955306,25.617762111290457,17.94145170302248,43.55921381431294,20.868871089547387,-0.36880474833856264,18.31025645136104
0.020000000000000004,-0.4858703663794939,0.7841427437887544,-0.1394538941667275,-0.5060272238114684,-0.3482401297277024,0.020156857431974484,26.42094302535091,17.59597144515811,44.01691447050902,20.871409404757745,-0.41541862739326274,18.01139007255137
0.022000000000000006,-0.48430237011767163,0.7838483595291283,-0.15492939697329963,-0.5067158291555535,-0.34430267204253906,0.022413459037881833,26.986740523895964,17.425723771014543,44.41246429491051,20.87305765427814,-0.46217121836630876,17.88789498938085
0.024000000000000007,-0.48273499357139854,0.7835230302784315,-0.17039878343256096,-0.5073805154760096,-0.3323431602280468,0.024645521904611056,27.352681163250395,17.337916389462478,44.69059755271287,20.873518144924827,-0.5090571624627764,17.846973551925256
0.02600000000000001,-0.4811682986180168,0.7831667688801055,-0.1858614428396218,-0.5080084087721449,-0.3139466480676386,0.026840110154128127,27.552641953761608,17.32670967546661,44.87935162922822,20.8725458092227,-0.5560681864891939,17.882777861955805
0.02800000000000001,-0.4796023471079606,0.7827795893987404,-0.20131676475516505,-0.5085893285065798,-0.2904598672174291,0.02898698139861916,27.61573708216444,17.38298776282031,44.99872484498475,20.86994098137881,-0.6031936895664054,17.986181452386717
0.030000000000000013,-0.4780372008623142,0.7823615071195192,-0.21676413902954533,-0.5091153726769394,-0.26302208517979125,0.03107817181462519,27.56685301559208,17.49545343476843,45.06230645036051,20.86554320203299,-0.6504212723498816,18.14587470711831
0.032000000000000015,-0.4764729216703714,0.7819125385476144,-0.23220295582687636,-0.5095805584829928,-0.2325929030267073,0.033107636812621355,27.427182675861708,17.65158813710222,45.078770812963924,20.859225946118336,-0.6977372182028013,18.34932535530502
0.034000000000000016,-0.47490957128719624,0.7814327014075365,-0.24763260564910652,-0.509980540278181,-0.1999908975941066,0.03507096899098472,27.214709527844178,17.838529775562826,45.053239303407004,20.850892122351265,-0.7451269281930626,18.58365670375589
0.03600000000000002,-0.473347211431185,0.7809220146424342,-0.2630524793600805,-0.5103127671320894,-0.16611342695423387,0.03696555570090437,26.944924014130002,18.043821363639747,44.988745377769746,20.840471446299148,-0.7925753099493162,18.836396673589064
0.03800000000000002,-0.47178590378162955,0.7803804984133462,-0.27846196820958746,-0.5105756293114895,-0.1314310897000618,0.03878972552985993,26.63525117744357,18.2549365338312,44.89018771127477,20.827936394834904,-0.8400672933313359,19.095003827162536
0.04000000000000002,-0.47022570997628255,0.7798081740984065,-0.29386046385739273,-0.5107683174658301,-0.09634407717027513,0.04054260748954752,26.294769143010754,18.44552870899572,44.74029785200648,20.81327256375338,-0.8875910424862171,19.333119751481938
0.04200000000000002,-0.46866669160892394,0.7792050642919989,-0.3092473583972546,-0.5108906729450028,-0.0611777395863607,0.04222398133607885,25.931308000626707,18.615336545796417,44.546644546423124,20.79647777270982,-0.9351349415344309,19.55047148733085
0.044000000000000025,-0.46710891022692935,0.7785711928038657,-0.3246220443809232,-0.5109430622039371,-0.02619462946720101,0.043834151977007796,25.551331191419216,18.764229928857564,44.31556112027678,20.77755989693525,-0.9826876565900043,19.74691758544757
0.04600000000000003,-0.46555242732884045,0.777906584658168,-0.3399839148421217,-0.5109262746758924,0.008393764022403417,0.04537384734705191,25.16015125752672,18.89225013283413,44.05240139036085,20.756535038070833,-1.0302381801420322,19.92248831297616
0.04800000000000003,-0.4639973043619369,0.7772112660924975,-0.3553323633205078,-0.5108414260638489,0.04242430602174348,0.046844121701911934,24.76214410419297,18.999603172362086,43.761747276555056,20.733426077370034,-1.0777758618032163,20.077379034165304
0.05000000000000003,-0.4624436027198107,0.7764852645568404,-0.3706667838856166,-0.5106898870918019,0.07576948602349422,0.04824628437199113,24.360783839509565,19.086582427817696,43.44736626732726,20.70826113540407,-1.1252904496587723,20.21187287747647
0.05200000000000003,-0.46089138373994226,0.7757286087124945,-0.38598657116078067,-0.5104732213550837,0.10833286835911295,0.0495818376151414,23.958883124151924,19.153751836774276,43.1126349609262,20.681072544091098,-1.1727720573186091,20.326523894092887
0.054000000000000034,-0.4593407087012791,0.7749413284309367,-0.40129112034703024,-0.5101931336602517,0.1400438474160059,0.050852424958972575,23.558671732197393,19.201730371438543,42.76040210363594,20.65189591284237,-1.22021117399666,20.421941545435203
0.056000000000000036,-0.4577916388218165,0.7741234547926445,-0.416579827246969,-0.5098514264245211,0.17085361786530917,0.05205978760270458,23.161891115219802,19.2312091482973,42.3931002635171,20.6207693495766,-1.267598658333244,20.498807806630545
0.05800000000000004,-0.45624423525618096,0.7732750200858688,-0.4318520882886269,-0.5094498555399518,0.20078544228461098,0.05320562028377085,22.769866278079217,19.242929671105454,42.01279594918467,20.587732778118447,-1.3149257280682003,20.557855399173654
0.06000000000000004,-0.45469855909321566,0.7723960578053589,-0.4471073005492885,-0.5089902578202372,0.22979885985730958,0.05429169872702155,22.382471599762187,19.237675132250754,41.62014673201294,20.55282295387893,-1.3621839380086498,20.599859070259402
0.06200000000000004,-0.4531546713535688,0.7714866026510409,-0.4623448617792946,-0.508474722639949,0.2577675901441288,0.05532005128638018,22.000872149208305,19.21734883529497,41.218220984503276,20.516078849988418,-1.4093639870061843,20.626712822301155
0.06400000000000004,-0.45161263298728493,0.7705466905266468,-0.4775641704258189,-0.5079057730188835,0.28447481053270346,0.056293140031598576,21.627999938183166,19.181798393789663,40.80979833197283,20.477559259389157,-1.4564570101837353,20.6382554039734
0.06600000000000004,-0.4500725048713982,0.769576358538298,-0.49276462565661566,-0.507302509102268,0.30163195830774553,0.057230004230869824,21.268684589608952,19.12865017085822,40.397334760467174,20.437336019083453,-1.5034593103258684,20.632109481184088
0.06800000000000005,-0.44853434780752965,0.7685756449930398,-0.5079456273837397,-0.5066644357878981,0.3190366571849777,0.05813008798036845,21.092505992653564,19.059576905033797,40.152082897687364,20.395644661416867,-1.5503718075856596,20.609948712619456
0.07000000000000005,-0.4469982225194863,0.7675445893973297,-0.5231065762872368,-0.5059918951314827,0.33627032820772385,0.058993672611996395,20.903401297929406,18.98845649162189,39.891857789551295,20.352459952857025,-1.5972046972526706,20.58566118887456
0.07200000000000005,-0.4454641896508643,0.7664832324554769,-0.538246873838804,-0.5052846228525183,0.3536361394821698,0.05982043320165398,20.709799181078736,18.908869977347027,39.61866915842576,20.307854942652884,-1.6439429223120938,20.55281289965912
0.07400000000000005,-0.4439323097626547,0.7653916160680364,-0.5533659223254184,-0.5045428513823083,0.37088573510504724,0.06061054161965357,20.505572149690053,18.81918740367298,39.32475955336304,20.261805352004224,-1.6905981860074868,20.50978558968047
0.07600000000000005,-0.44240264333085233,0.7642697833301538,-0.5684631248729335,-0.5037642076277813,0.3893218772634823,0.06136156429692896,20.295722574793317,18.721786831056235,39.01750940584955,20.214359715925298,-1.7371545851721675,20.458941416228402
0.07800000000000006,-0.4408752507440688,0.7631177785298648,-0.5835378854696435,-0.5029488334599794,0.4076870839009223,0.062073582715910625,20.053709402070147,18.619112142065443,38.67282154413559,20.165402665771246,-1.7836172136740964,20.402729355739538
0.08000000000000006,-0.43935019230114813,0.7619356471463465,-0.5985896089898118,-0.5020969138986622,0.42595978065863876,0.06274672159751404,19.804699496674743,18.49305854682207,38.29775804349681,20.1149542437742,-1.8299355958278543,20.322994142649925
0.08200000000000006,-0.43782752820878623,0.7607234358481215,-0.6136177012171671,-0.501208686840165,0.444113529248611,0.06338115863137872,19.549150241764846,18.350061122755704,37.89921136452055,20.063036791114314,-1.8761017292056434,20.226162851961348
0.08400000000000006,-0.4363073185791544,0.7594811924912165,-0.62862156886836,-0.5002844398397838,0.4621235001905868,0.06397712126062938,19.28762691705422,18.19088528122758,37.4785121982818,20.009674505406103,-1.922107828781962,20.11299311000954
0.08600000000000006,-0.4347896234275257,0.7582089661172721,-0.6436006196163865,-0.49932450513224474,0.47996735376950467,0.06453488170471905,19.02067260098532,18.01628151874567,37.03695411973099,19.95489328865694,-1.9679463144273162,19.984227833172987
0.08800000000000006,-0.4332745026699061,0.756906806951607,-0.6585542621139713,-0.4983361141789891,0.49419547662781105,0.06506161150908302,18.748789556109777,17.82698427227096,36.57577382838073,19.89872061512055,-2.0136098098498985,19.84059408212086
0.09000000000000007,-0.43176201612066867,0.7555747664012353,-0.6734819060169133,-0.49731951576860756,0.5082992051907699,0.06555749964793889,18.54240540713257,17.62371245821172,36.16611786534429,19.841525295031534,-2.059091144566412,19.682803602778133
0.09200000000000007,-0.43025222349019265,0.7542128970528376,-0.6883829620073917,-0.496274838925207,0.5223384217002701,0.06602261543501436,18.331732292924336,17.569149181166722,35.90088147409106,19.78331622236977,-2.104524315422303,19.673673496589025
0.09400000000000007,-0.4287451843825059,0.7528212526706833,-0.7032568418172304,-0.49520227475360545,0.5362820858007866,0.06645709037109954,18.115587527948485,17.50583784903645,35.62142537698493,19.72409521840692,-2.1499052116556068,19.655743060692057
0.09600000000000007,-0.42724095829293196,0.7513998881945103,-0.7181029582511226,-0.4941020589904435,0.5501078815809628,0.06686110069751156,17.89461934000917,17.435098006937945,35.32971734694712,19.663866187964707,-2.1952298721815895,19.630327879119534
0.09800000000000007,-0.42573960460574123,0.7499488597373538,-0.7329207252098124,-0.4929744561709291,0.5638014097572086,0.06723485156518788,17.66931044006828,17.35788524738779,35.02719568745607,19.602634544005152,-2.240494314962569,19.59837956235036
0.10000000000000007,-0.42424118259180643,0.7484682245833333,-0.747709557713232,-0.4918197601703215,0.5773480003038212,0.06757857757851504,17.43999101234703,17.274917974161998,34.71490898650903,19.540406570658,-2.2856944226465834,19.56061239680858
0.10200000000000008,-0.4227457514062631,0.7469580411853889,-0.7624688719235971,-0.49063830084029303,0.5907296650142095,0.06789254943402995,17.207002570443034,17.186659308840078,34.393661879283115,19.47718952445135,-2.3308257319520234,19.517485040792103
0.10400000000000008,-0.42125337008617375,0.7454183691629755,-0.7771980851684545,-0.48943044608048286,0.6039273799050848,0.06817707599430911,16.970760233799176,17.093582664936978,34.06434289873616,19.41299199296589,-2.37588352460921,19.46946618954619
0.10600000000000008,-0.41976409754819755,0.7438492692997084,-0.7918966159636858,-0.4881966009842068,0.6169225481380132,0.06843250343600926,16.731707494349536,16.9962350743563,33.727942568705835,19.347824021681426,-2.4208630469802,19.4170981213365
0.10800000000000008,-0.4182779925862643,0.7422508035409632,-0.8065638840364628,-0.4869372053581515,0.6296978130276495,0.06865921277188719,16.490286787647502,16.89515038213675,33.385437169784254,19.281697097557625,-2.465759642064442,19.360910024201193
0.11000000000000008,-0.4167951138692533,0.7406230349914312,-0.8211993103481567,-0.4856527304485556,0.6422374547979298,0.06885761657930234,16.24692273705528,16.790811142779255,33.03773387983453,19.214624056247285,-2.510568823538626,19.30137996631788
0.11200000000000009,-0.4153155199386771,0.7389660279126274,-0.8358023171171965,-0.48434367538031026,0.6545275341226676,0.06902815544163315,16.002013564269653,16.683636961390373,32.68565052566002,19.146618954281372,-2.5552863130691246,19.2389232744595
0.11400000000000009,-0.4138392692063707,0.7372798477203543,-0.8503723278418793,-0.4830105635979278,0.6665558911912064,0.06917129439155711,15.755927506741642,16.573985938559847,32.329913445301486,19.07769693032705,-2.5999080554329383,19.173893993992785
0.11600000000000009,-0.4123664199521852,0.7355645609821184,-0.8649087673231296,-0.48165393945991797,0.6783120690049206,0.06928751950773276,15.509002124966763,16.462161682662412,31.971163807629175,19.00787406855182,-2.6444302209035104,19.10659190356592
0.11800000000000009,-0.4108970303216873,0.7338202354145031,-0.879411061687207,-0.4802743650561786,0.6897872018696831,0.06937733473449131,15.261545155837789,16.348421915086064,31.60996707092385,18.937167270401666,-2.688849200738835,19.0372711158249
0.12000000000000009,-0.4094311583238635,0.7320469398804953,-0.893878638408362,-0.47887241727213725,0.7009738920206721,0.06944125894827374,15.01383610667926,16.23298675823381,31.24682286491307,18.86559413726564,-2.7331615991831875,18.966148357416998
0.1220000000000001,-0.4079688618288304,0.7302447443867661,-0.908310926331438,-0.4774486850994594,0.711866086338901,0.06947982327062902,14.76612813598325,16.11604592627434,30.88217406225759,18.793172864468733,-2.777364223863099,18.893410150137438
0.1240000000000001,-0.4065101985655498,0.7284137200809077,-0.9227073556944196,-0.47600376727092103,0.7224589142692073,0.06949356870537121,14.518649981622053,15.997764617315442,30.516414598937494,18.719922146066082,-2.8214540755472886,18.81921869286273
0.12600000000000008,-0.40505522611954964,0.7265539392486247,-0.9370673581509267,-0.47453847521398945,0.7326460284657853,0.06948324909443981,14.271608729862624,15.878288174319096,30.14989690418172,18.645861093236476,-2.865428337730024,18.74371651204912
0.12800000000000009,-0.4036040019306508,0.7246654753108797,-0.95139036679265,-0.4730533741435967,0.742550535196361,0.06944937221294589,14.027283593569612,15.757746849407166,29.785030442976776,18.571017549143498,-2.9092843686020973,18.667031218009264
0.1300000000000001,-0.40215658329069937,0.7227484028209955,-0.9656758161717338,-0.4715490451334905,0.752164505053123,0.06939246184279113,13.783315523072158,15.638927353785759,29.422242876857915,18.495409233090193,-2.953025220246127,18.591952574031886
0.1320000000000001,-0.40071302734130476,0.7208027974617113,-0.9799231423230972,-0.4700260802502672,0.7614824416116481,0.06931305290896245,13.539969406608913,15.518707973004762,29.058677379613677,18.419054510480294,-2.9966476219965794,18.515355595001342
0.1340000000000001,-0.39927339107158427,0.7188287360421954,-0.9941317827866984,-0.4684850776092863,0.7705013204904542,0.06921168653770204,13.297463724347534,15.397349687964702,28.694813412312236,18.34197228270365,-3.040148721875558,18.43749840984026
0.1360000000000001,-0.39783773131591266,0.7168262964950126,-1.0083011766297418,-0.4669266380233385,0.7792197929739103,0.06908890670742585,13.055968778765902,15.27503563881717,28.331004417583074,18.26418181278555,-3.0835259610712753,18.358561599888446
0.1380000000000001,-0.3964061047516789,0.7147955578730474,-1.0224307644688198,-0.46535136249354314,0.7876377648976868,0.06894525774186422,12.815621952314658,15.151909266170115,27.967531218484773,18.185702599271956,-3.126777013625965,18.27868627979608
0.1400000000000001,-0.3949785678970484,0.7127366003463833,-1.0365199884919987,-0.46375985025027566,0.7957561216337508,0.06878128235322728,12.576535628272882,15.028084308003598,27.604619936276478,18.106554281181815,-3.1698997388997214,18.19798404690332
0.1420000000000001,-0.3935551771087318,0.7106495051991383,-1.0505682924808382,-0.4621526971954483,0.803576527413657,0.06859752008671655,12.338802299616527,14.903652098923068,27.242454398539593,18.026756565341387,-3.2128921441523777,18.116544243075445
0.1440000000000001,-0.3921359885797602,0.7085343548262547,-1.0645751218323516,-0.4605304946539127,0.8111012707678122,0.06839450607415254,12.102498271389583,14.7786869336875,26.88118520507708,17.94632917045508,-3.255752355066566,18.034439288754065
0.1460000000000001,-0.39072105833726667,0.7063912327302476,-1.0785399235809,-0.458893828369303,0.8183331423048721,0.06817277003203631,11.867686502577918,14.653250042736847,26.520936545314765,17.86529178391456,-3.298478592475721,17.951728635212568
0.1480000000000001,-0.38931044224027456,0.704220223517908,-1.092462146420021,-0.45724327769613027,0.8252753365863442,0.06793283545585571,11.634418850066403,14.527392565914356,26.161811415980758,17.783664028396185,-3.3410691539329047,17.86846171984726
0.1500000000000001,-0.3879041959774919,0.7020214128969621,-1.1063412407241966,-0.4555794160715998,0.8319308122652315,0.06767522009410792,11.402737869940037,14.401157796722215,25.80389566666225,17.701465436030656,-3.38352239905816,17.784680195780375
0.1520000000000001,-0.3865023750651132,0.699794887672688,-1.1201766585705477,-0.4539028107811356,0.83830264523211,0.06740043571602239,11.172689709446452,14.274582890429972,25.447272599876424,17.618715470863272,-3.4258367378409633,17.700419628270936
0.1540000000000001,-0.385105034844628,0.6975407357444896,-1.1339678537604683,-0.4522140159747125,0.8443974032115322,0.06710898113008451,10.944316997549112,14.147714993066309,25.09203199061542,17.53543352160037,-3.4680106564944353,17.615725649560744
0.1560000000000001,-0.38371223048063535,0.695259046102425,-1.1477142818411863,-0.4505135200267494,0.8502479739815684,0.06680128954611403,10.717589956633285,14.020601128457717,24.738191085091003,17.45163877952951,-3.5100427204547673,17.530643848912483
0.1580000000000001,-0.3823240169586668,0.6929499088236943,-1.161415400127259,-0.44880175953354445,0.8558802466024542,0.06647774257487765,10.491939310459035,13.893261928179164,24.3852012386382,17.36734972991499,-3.5519315132071236,17.445193441386287
0.16000000000000011,-0.38094044908301516,0.6906134150690837,-1.1750706677219964,-0.44707914770875906,0.8613059123926905,0.0661386986257439,10.266925459438447,13.765690979434789,24.032616438873234,17.282584314159344,-3.5936755637369715,17.35936654317176
0.16200000000000012,-0.3795615814745711,0.6882496570793656,-1.188679545538815,-0.44534609514672424,0.8665262810174206,0.06578451367215316,10.042388140571097,13.637884419956881,23.68027256052798,17.197360224787133,-3.635273352930144,17.273157772887025
0.16400000000000012,-0.37818746856866686,0.6858587281716584,-1.2022414963225212,-0.4436030240590109,0.8715355438566542,0.06541555549034406,9.818374258696233,13.509848513723764,23.32822277242,17.111695112686256,-3.6767233408891036,17.18657185461287
0.16600000000000012,-0.37681816461292705,0.683440722735741,-1.2157559846705202,-0.4418503768067332,0.8763236261388359,0.06503221219380617,9.595075466798509,13.381597485971366,22.976672952769874,17.0256067205492,-3.7180239887384827,17.09962147470985
0.16800000000000012,-0.3754537236651272,0.680995736230328,-1.229222477053952,-0.44008862172545893,0.8808775406371406,0.06463489806033174,9.37277283015105,13.253151490701791,22.62592432085284,16.939112953819766,-3.7591737751653707,17.01232526586716
0.17000000000000012,-0.3740941995910597,0.6785238651793002,-1.2426404418387553,-0.43831826575302624,0.8851779862163522,0.06422406616196652,9.151810917723035,13.124534649068544,22.276345566791576,16.852231920712025,-3.8001712077658847,16.92470585683443
0.17200000000000013,-0.37273964606240706,0.676025207167894,-1.2560093493066564,-0.43653984174348065,0.8892120047728017,0.06380019568107359,8.932668357154672,12.99577419913231,21.92844255628698,16.76498203278625,-3.8410148322507434,16.836789031383052
0.17400000000000013,-0.3713901165546233,0.6734998608388494,-1.2693286716760792,-0.4347538944234768,0.8929736600019399,0.0633637778688535,8.715702159092427,12.866903809481585,21.58260596857401,16.67738185822317,-3.8817032515269716,16.748607061008556
0.17600000000000013,-0.37004566434482256,0.6709479258885153,-1.282597883122983,-0.43296097015165463,0.8964621359110738,0.06291530580683208,8.501131333462354,12.737952383475852,21.239083716938204,16.589449968981736,-3.922235112758239,16.66018749623409
0.17800000000000013,-0.368706342509676,0.6683695030629141,-1.2958164598016206,-0.43116160975444806,0.8996801986032864,0.06245526724477207,8.289072871432534,12.608943193329234,20.89801606476177,16.501204832032766,-3.962609091553665,16.571552284882898
0.18000000000000013,-0.3673722039233164,0.6657646941537637,-1.3089838798652182,-0.42935634373435755,0.902633010045249,0.06198413981104117,8.079571077235883,12.479895321103736,20.55946639833962,16.412664735706425,-4.002823880011402,16.482719201115138
0.18200000000000013,-0.36604330125525075,0.66313360199446,-1.3220996234865785,-0.42754568924374636,0.9053272453055946,0.06150238798849561,7.87262033480558,12.350824841330883,20.223445176136465,16.323847742696934,-4.042878177992861,16.393703019323745
0.18400000000000014,-0.36471968696828094,0.6604763304560161,-1.3351631728786002,-0.42573014833501954,0.9077704543634182,0.0610104613667386,7.668182158101513,12.221745744312173,19.889927902413685,16.234771662600362,-4.082770686966757,16.30451643127893
0.18600000000000014,-0.3634014133164326,0.6577929844429624,-1.3481740123147226,-0.4239102071105036,0.9099706122579888,0.06050879379407098,7.46619760530827,12.092670630682772,19.558868235991042,16.14545403833319,-4.122500105821646,16.21517073650442
0.18800000000000014,-0.3620885323428924,0.655083669889205,-1.361131628149282,-0.42208633549127067,0.9119358096164476,0.05999780314837827,7.266596106146562,11.963611218875762,19.230207325022324,16.055912142130573,-4.1620651281435554,16.12567634701932
0.19000000000000014,-0.36078109587795293,0.6523484937538432,-1.3740355088377934,-0.42025898740070794,0.9136740452813665,0.05947789152275501,7.069301605411461,11.834578707011941,18.903880312423404,15.96616297795112,-4.201464440559652,16.036043147571593
0.19200000000000014,-0.3594791555369673,0.6495875640169475,-1.3868851449571409,-0.41842860121709,0.9151930918089474,0.058949445680122725,6.874236747459748,11.705584025485864,18.579820772945613,15.876223288002105,-4.240696721843138,15.946280747329002
0.19400000000000014,-0.3581827627183108,0.6468009896752965,-1.3996800292256937,-0.41659560039268057,0.9165004122047372,0.05841283767436978,6.68132565708283,11.576638009624663,18.257963666707493,15.78610956177042,-4.279760642552934,15.856398652177598
0.19600000000000015,-0.3568919686013522,0.6439888807380738,-1.4124196565233287,-0.4147603941681868,0.9176031122468976,0.05786842556683458,6.490495728932407,11.447751515066777,17.938247243999186,15.69583804643727,-4.318654865043377,15.766406380110155
0.19800000000000015,-0.355606824144433,0.6411513482225252,-1.4251035239113736,-0.41292337248677496,0.9185108407059063,0.057316548342341955,6.301678724263304,11.318935492719978,17.620614216983284,15.605424757908724,-4.357378043725637,15.676313536445615
0.20000000000000015,-0.3543273800828559,0.6382885041495756,-1.4377311306524627,-0.4110849202262571,0.9192261302589417,0.056757540143401175,6.114751749657197,11.190201035527824,17.304952785185023,15.514885330767589,-4.395928825497054,15.58612986102488
0.20200000000000015,-0.35305368692688166,0.6354004615394073,-1.4503019782303037,-0.4092454099097208,0.9197551582681393,0.05619172298283914,5.9297332854843985,11.061483300780043,16.991216586264443,15.424235404254539,-4.434305620926999,15.495788921707042
0.20400000000000015,-0.35178579495973505,0.6324873344069971,-1.462815570369359,-0.40740520250896545,0.9201037003776746,0.05561940754923039,5.746566512774307,10.932891869346582,16.679458382120888,15.333490408074503,-4.472507123991706,15.405398993338288
0.20600000000000016,-0.3505237542356202,0.6295492377576165,-1.4752714130544373,-0.405564648268948,0.9202771200087185,0.05504089403332779,5.565200402267886,10.804432571434692,16.36963297370258,15.242665570746837,-4.510532007576778,15.31496457901147
0.20800000000000016,-0.3492676145777437,0.6265862875822901,-1.487669014550198,-0.403724087451585,0.9202804086815023,0.05445647287384131,5.385590089712293,10.676112890452885,16.06170298016518,15.151775932286952,-4.548378927894605,15.22449181834749
0.21000000000000016,-0.3480174255763485,0.6235986008532175,-1.5000078854205614,-0.4018838510149265,0.9201182183292489,0.053866425438578,5.207696218481601,10.547941608889777,15.755637827371379,15.060836355085677,-4.586046528045024,15.133988136934802
0.21200000000000016,-0.3467732365867558,0.620586295519155,-1.5122875385480328,-0.400044261234603,0.919794890161752,0.05327102464784722,5.031484429432267,10.41992852496735,15.451412954399618,14.969861533377145,-4.623533440886029,15.04346196585338
0.21400000000000016,-0.34553509672741634,0.6175494905007594,-1.524507489152934,-0.398205632271931,0.9193144813359903,0.052670535544514674,4.856924908217484,10.292084231486218,15.1490091397037,14.878866001517197,-4.660838291361299,14.952922522847516
0.21600000000000016,-0.34430305487797175,0.614488305685893,-1.536667254812538,-0.3963682706924259,0.918680789752554,0.05206521581445417,4.683991965789906,10.16441994369021,14.848411909480115,14.787864141228088,-4.697959698401127,14.862379642091337
0.21800000000000017,-0.3430771596773248,0.6114028619248905,-1.548766355480118,-0.3945324759383287,0.9178973770486084,0.051455316261003914,4.512663646466958,10.03694736525117,14.549611011718127,14.696870187933925,-4.734896276488399,14.771843641739569
0.22000000000000017,-0.3418574595217188,0.6082932810257886,-1.560804313503896,-0.3926985407587144,0.9169675898071259,0.0508410812369956,4.34292136286558,9.909678583738362,14.252599946603942,14.605898236291498,-4.771646636961505,14.681325220699868
0.22200000000000017,-0.34064400256282745,0.6051596857495168,-1.5727806536459024,-0.3908667516007045,0.9158945790049512,0.050222749037877046,4.17474955802521,9.78262598884615,13.95737554687136,14.514962245007354,-4.80820938911046,14.590835377956608
0.22400000000000017,-0.3394368367058538,0.6020021998050509,-1.5846949031007345,-0.3890373888702653,0.9146813652196092,0.049600552164411504,4.008135394972136,9.655802208179566,13.663937603151702,14.424076041021301,-4.844583141110049,14.500385349289614
0.22600000000000017,-0.33823600960763883,0.5988209478445297,-1.5965465915142245,-0.3872107270310409,0.9133309196121765,0.04897471742340209,3.8430675050237006,9.529220056590294,13.372287561613994,14.333253322259077,-4.880766500824667,14.40998655741496
0.22800000000000017,-0.3370415686747802,0.5956160554583331,-1.608335251002007,-0.38538703498730326,0.9118460218688423,0.04834546631252307,3.679534388175278,9.402892451335838,13.082426839511115,14.242507658758523,-4.916758076353791,14.319650527689628
0.23000000000000018,-0.3358535610617608,0.5923876491701252,-1.6200604161679912,-0.3835665765748966,0.9102292062033045,0.04771301551313584,3.5175273311341506,9.276832317924438,12.794359649058588,14.151852496350093,-4.952556476270637,14.229388794195074
0.23200000000000018,-0.33467203366908693,0.5891358564318581,-1.6317216241227328,-0.38174961125231166,0.9084826612924896,0.04707757758322473,3.3570415857330094,9.151052708907464,12.508094294640474,14.061301162867789,-4.988160310304736,14.1392130192122
0.23400000000000018,-0.33349703314143697,0.5858608056187412,-1.643318414501709,-0.3799363456288456,0.9066328117330266,0.046439312487408624,3.198078508699971,9.025568423957058,12.22364693265703,13.970866878833998,-5.023568195740833,14.04913661969789
0.23600000000000018,-0.3323286058658199,0.582562626024173,-1.6548503294834924,-0.3781270474544727,0.9046490871864568,0.04579844158865276,3.0401442384280646,8.900398951700268,11.940543190128333,13.880561719913262,-5.058778774601323,13.95917772630159
0.23800000000000018,-0.3311667979697438,0.5792414478546362,-1.6663169138078255,-0.37632197691311015,0.9025352706812547,0.04515517894336635,2.8838971103093627,8.774952044662253,11.658849154971616,13.790399080480835,-5.093788527723345,13.868740572385597
0.24000000000000019,-0.33001165531939514,0.5758974022245584,-1.6777177147935929,-0.3745213868129708,0.9002950500696737,0.04450973149357568,2.729306949609077,8.650059651521989,11.379366601131066,13.7003921732783,-5.128596815766348,13.778656467288338
0.2420000000000002,-0.3288632235178277,0.5725306211511351,-1.6890522823566931,-0.372725523505983,0.8979316534939165,0.04386229998815527,2.576344080657849,8.525687673785455,11.102031754443304,13.610554002427124,-5.163202856776929,13.688890530562384
0.2440000000000002,-0.32772154790316277,0.5691412375491182,-1.7003201690278067,-0.3709346275924096,0.8954479567867111,0.043213079689246814,2.4249868016680765,8.40180968447001,10.826796486138086,13.520897385321197,-5.197605748856453,13.599415433326463
0.2460000000000002,-0.32658667354679866,0.5657293852255686,-1.7115209299700616,-0.36914893450178077,0.8928465453144101,0.04256226095498211,2.275219377899335,8.278406036317943,10.553625414217278,13.43143496949249,-5.231804490144616,13.510210526462558
0.2480000000000002,-0.3254586452516317,0.5622951988745744,-1.7226541229965944,-0.3673686749845975,0.8901297585916155,0.041910029732965814,2.1270309212330964,8.15546296766367,10.282493888896767,13.342179246117759,-5.265797996267268,13.421260963930937
0.25000000000000017,-0.32433750755028756,0.5588388140719319,-1.7337193085880078,-0.36559407553153683,0.8872997265303418,0.04125656798124927,1.9804145964683215,8.032971775001666,10.013386371469988,13.253142560927131,-5.299585115513899,13.332556890515566
0.25200000000000017,-0.323223304703363,0.5553603672697954,-1.7447160499097207,-0.3638253587308799,0.8843584003284698,0.040602054027516876,1.8353669804238333,7.910928063032462,9.746295043456296,13.164337122972686,-5.333164641992211,13.244092705024674
0.25400000000000017,-0.3221160806976786,0.5518599957912884,-1.7556439128292156,-0.3620627435724479,0.8813075792160007,0.03994666287476928,1.6918875158966316,7.789331074102477,9.48121858999911,13.075775011595502,-5.366535326984308,13.155866401086785
0.25600000000000017,-0.3210158792445421,0.548337837825083,-1.7665024659331763,-0.36030644570502973,0.8781489337090879,0.03929056646048762,1.549978037762803,7.668183094848956,9.218161132611758,12.987468181869403,-5.399695888706582,13.067878983555538
0.2580000000000002,-0.3199227437780232,0.5447940324199453,-1.777291280544518,-0.3585566776533873,0.8748840258212167,0.03863393387536407,1.409642359618453,7.5474889357730985,8.957131295391552,12.899428468758153,-5.432645020656602,12.9801339564297
0.2600000000000002,-0.31883671745323827,0.5412287194792443,-1.7880099307393147,-0.35681364900019796,0.8715143265946698,0.03797693154695969,1.2708859131903534,7.427255478375933,8.698141391566287,12.811667590191009,-5.465381398712509,12.892636877088442
0.2620000000000002,-0.31775784314464706,0.5376420397554302,-1.7986579933636089,-0.35507756653766404,0.8680412312669733,0.03731972339301698,1.1337154343253912,7.307491283972791,8.441206718298183,12.724197149233621,-5.4979036871355,12.80539497110829
0.2640000000000002,-0.3166861634443599,0.5340341348444773,-1.8092350480501207,-0.35334863439295894,0.8644660723525581,0.036662470948599035,0.9981386902109062,7.1882062581423245,8.18634494835323,12.637028635507516,-5.53021054361154,12.718416801753865
0.2660000000000002,-0.31562172066045646,0.5304051471802936,-1.8197406772348421,-0.35162705413117584,0.8607901308915417,0.03600533347071938,0.864164243055205,7.069411364843768,7.933575607898973,12.550173425989593,-5.562300623456084,12.631711988299852
0.2680000000000002,-0.31456455681531514,0.5267552200290984,-1.8301744661735215,-0.34991302483899084,0.8570146460925079,0.035348468023675694,0.7318012459232737,6.951118384474359,7.682919630397633,12.463642785304932,-5.594172583092616,12.545290967566975
0.2700000000000002,-0.31351471364395433,0.5230844974837657,-1.8405360029580373,-0.34820674319184425,0.8531408235732949,0.03469202954788991,0.6010592668324577,6.833339710480682,7.43439897731314,12.377447865608925,-5.625825082905291,12.459164793385973
0.2720000000000002,-0.312472232592385,0.5193931244581366,-1.8508248785326582,-0.34650840350707907,0.8491698423826022,0.034036170914694075,0.4719481375886847,6.716088179543286,7.188036317131971,12.29159970614063,-5.657256789554742,12.373344969098028
0.2740000000000002,-0.31143715481597395,0.5156812466812972,-1.8610406867101947,-0.34481819778514805,0.8451028609654974,0.0333810429691741,0.34447782419492423,6.599376930792351,6.943854754987275,12.20610923251671,-5.688466377836255,12.287843308628606
0.2760000000000002,-0.31040952117781945,0.5119490106918266,-1.8711830241880318,-0.34313631574071296,0.8409410222175353,0.03272679456289351,0.21865831599230567,6.483219289960001,6.701877605952307,12.120987255823483,-5.719452532150658,12.20267182211066
0.2780000000000002,-0.3093893722471379,0.5081965638320111,-1.8812514905640527,-0.34146294482520256,0.8366854577551911,0.032073572578064646,0.09449953100452468,6.3676286748157525,6.462128205820277,12.036244471556287,-5.750213947648979,12.117842622464732
0.2800000000000002,-0.3083767482976625,0.5044240542420273,-1.8912456883524444,-0.3397982702421733,0.8323372915146253,0.03142152194451081,-0.027988764755259687,6.2526185186546215,6.224629753899362,11.95189145844606,-5.780749331105017,12.033367849759639
0.2820000000000002,-0.30737168930605263,0.5006316308540945,-1.9011652229993914,-0.3381424749566204,0.8278976427764502,0.03077078565056779,-0.14879702598648503,6.138202209003191,5.989405183016706,11.867938677206709,-5.811057401562179,11.94925961056537
0.2840000000000002,-0.30637423495031646,0.49681944338659406,-1.9110097028986506,-0.33649573969921814,0.8233676287011292,0.030121504748901684,-0.2679159865363303,6.024393039075172,5.756477052538842,11.784396469230824,-5.8411368907948775,11.86552992987005
0.2860000000000002,-0.30538442460824405,0.49298764233815995,-1.9207787394070122,-0.3348582429663224,0.8187483664478803,0.02947381835807833,-0.38533670906456763,5.911204169840533,5.525867460775966,11.70127505525604,-5.870986543618998,11.782190713459531
0.2880000000000002,-0.3044022973558529,0.48913637898173634,-1.9304719468596419,-0.33323016101644354,0.814040974939435,0.028827863660590647,-0.5010506272289801,5.798648600871678,5.297597973642698,11.618584534020487,-5.900605118080838,11.699253718952516
0.2900000000000002,-0.3034278919658452,0.48526580535860625,-1.9400889425853072,-0.3316116678637922,0.8092465763256648,0.028183775897947017,-0.6150495814969039,5.6867391483973195,5.071689566900416,11.536334880921977,-5.92999138554931,11.61673053394663
0.2920000000000002,-0.30246124690607734,0.48137607427238865,-1.9496293469214834,-0.3300029352694105,0.8043662971908598,0.02754168836333315,-0.7273258495225496,5.575488429229976,4.848162579707426,11.454535946692928,-5.959144130732534,11.53463255996251
0.2940000000000002,-0.3015024003380411,0.4774673392830067,-1.9590927832293432,-0.328404132730326,0.7994012695422645,0.026901732392284883,-0.8378721718831841,5.464908849440451,4.627036677557267,11.373197456100545,-5.988062151636119,11.45297100107657
0.2960000000000002,-0.30055139011535714,0.47353975470062487,-1.9684788779086253,-0.32681542746710346,0.7943526316112568,0.026264037351746317,-0.9466817738390256,5.3550125968323545,4.408330822993329,11.292329006679662,-6.0167442594778535,11.371756856310208
0.2980000000000002,-0.29960825378228073,0.4695934755795574,-1.9777872604123836,-0.325236984410117,0.7892215284932259,0.02562873062783627,-1.0537483836694426,5.24581163642612,4.192063252756677,11.211940067504479,-6.045189278570489,11.291000914996609
0.3000000000000002,-0.29867302857221945,0.46562865771214684,-1.9870175632616147,-0.32366896618482166,0.7840091126476763,0.024995937612602215,-1.1590662480420697,5.137317708296114,3.978251460254044,11.132039978003643,-6.073396046182707,11.210713754478821
0.3020000000000002,-0.297745751406263,0.4616454576226137,-1.9961694220597672,-0.3221115330962691,0.778716544276281,0.024365781690006083,-1.262630144789524,5.029542327219736,3.766912182430212,11.05263794682249,-6.1013634123857985,11.130905739605534
0.3040000000000002,-0.29682645889172643,0.4576440325608773,-2.0052424755071265,-0.3205648431130822,0.7733449915934509,0.02373838422135577,-1.3644353933995372,4.922496783695215,3.558061390295678,10.97374305073522,-6.12909023989251,11.051587023587725
0.3060000000000002,-0.29591518732070393,0.45362454049634765,-2.0142363654150777,-0.3190290518510794,0.7678956310013985,0.02311386453037545,-1.4644778634664117,4.8161921459679755,3.351714282501564,10.89536423360931,-6.156575403893025,10.972767549861
0.3080000000000002,-0.2950119726686368,0.4495871401116887,-2.0231507367202477,-0.31750431255672024,0.7623696471795829,0.022492339888083412,-1.5627539813056837,4.710639262775354,3.1478852814696703,10.817510305423701,-6.183817791891883,10.894457054667237
0.3100000000000002,-0.29411685059289305,0.44553199079655464,-2.0319852374985206,-0.31599077609052667,0.7567682330967692,0.021873925497633617,-1.6592607348951276,4.605848766578135,2.9465880316830075,10.740189941342035,-6.210816303548728,10.816665070126863
0.3120000000000002,-0.29322985643135946,0.4414592526412969,-2.040739518978933,-0.3144885909309116,0.7510925798075558,0.021258734499552123,-1.7539956772760048,4.501831077096212,2.7478353998202074,10.663411680842117,-6.2375698505251025,10.739400927621315
0.3140000000000002,-0.2923510252010467,0.43736908643064426,-2.0494132355574424,-0.31299790320556775,0.7453438626719039,0.02064687800452103,-1.8469567215652596,4.39859640500609,2.551639683440831,10.587183927076605,-6.264077356338918,10.662673761345008
0.3160000000000002,-0.29148039159670713,0.4332616536373551,-2.058006044810569,-0.31151885666628726,0.7395232696402432,0.020038465069580125,-1.9381418589188524,4.296154763698445,2.358012904779593,10.511514946513081,-6.2903377562706035,10.586492519969049
0.3180000000000002,-0.2906179899894645,0.429137116415843,-2.0665176075089176,-0.31005159266184845,0.7336320022194028,0.019433602672383976,-2.0275497291234466,4.194515983616851,2.1669662544934045,10.436412868111695,-6.316349997338806,10.510865980955657
0.32000000000000023,-0.2897638544254576,0.42499563759577536,-2.0749475876305663,-0.3085962501121666,0.7276712748409235,0.018832395686709025,-2.115179645194379,4.093689693541707,1.978510048347328,10.361885682543894,-6.342113038167199,10.435802731708906
0.32200000000000023,-0.2889180186244962,0.4208373806756445,-2.0832956523743347,-0.307152965483903,0.7216423141318166,0.018234946859406798,-2.2010315857714904,3.9936853231383527,1.7926537373668623,10.287941241481708,-6.36762584885517,10.361311171993522
0.32400000000000023,-0.2880805159787291,0.4166625098163136,-2.091561472172921,-0.3057218727676881,0.715546358107439,0.017641356788959006,-2.2851061852752808,3.894512106546765,1.6094059212714842,10.214587256958163,-6.392887410858695,10.28739951740546
0.32600000000000023,-0.28725137955132696,0.41247118983453573,-2.099744720705913,-0.3043031034570818,0.7093846553031482,0.017051723905754823,-2.367404722185841,3.79617908584414,1.4287743636582992,10.141831300798898,-6.4178967168815015,10.214075802725642
0.32800000000000024,-0.2864306420751761,0.40826358619644687,-2.10784507491267,-0.30289678652936214,0.7031584638598335,0.016466144454186038,-2.447929105752891,3.698695114359653,1.250766008606762,10.069680804124555,-6.442652770776363,10.141347885136016
0.33000000000000024,-0.2856183359515868,0.4040398650110343,-2.1158622150050785,-0.30150304842820813,0.6968690505770095,0.01588471247662132,-2.5266818614209186,3.6020688598277673,1.0753869984068487,9.9981430569235,-6.467154587456342,10.06922344728411
0.33200000000000024,-0.284814493249014,0.399800193023578,-2.123795824480175,-0.3001220130483166,0.690517689945764,0.015307519799302616,-2.6036661152298,3.5063088073731183,0.9026426921433184,9.927225207693768,-6.491401192815587,9.997710000188706
0.33400000000000024,-0.2840191457017911,0.3955447376090688,-2.131645590132642,-0.29875380172197163,0.6841056631724841,0.014734656020180537,-2.678885577428806,3.411423262324165,0.7325376848953593,9.856934263153214,-6.515391623659415,9.92681488598358
0.33600000000000024,-0.2832323247088774,0.3912736667656,-2.1394112020671723,-0.29739853320756576,0.6776342572029448,0.014166208498688382,-2.752344525518832,3.3174203528569803,0.5650758273381484,9.787277088016415,-6.539124927643162,9.856545280500143
0.33800000000000024,-0.2824540613326185,0.3869871491077349,-2.147092353710704,-0.29605632368005563,0.6711047637550549,0.01360226234743711,-2.82404778691475,3.224308032473126,0.40026024555837614,9.718260404836869,-6.562600163219392,9.786908195692519
0.34000000000000025,-0.2816843862975199,0.38268535385985125,-2.154688741824522,-0.294727286723321,0.6645184783673282,0.013042900425801085,-2.894000721396928,3.1320940823180363,0.23809336092110822,9.649890793912734,-6.585816399592898,9.717910481910934
0.34200000000000025,-0.280923329989034,0.37836845084945947,-2.162200066516231,-0.29341153332438297,0.6578766994689997,0.012488203335348946,-2.9622092034999814,3.0407861133473846,0.07857690984740318,9.582174693254437,-6.608772716683048,9.649558830030433
0.34400000000000025,-0.28017092245236086,0.37403661050049886,-2.169626031251593,-0.2921091718694297,0.6511807274766428,0.011938249417068836,-3.028679604965596,2.95039156835057,-0.07828803661502626,9.515118398612241,-6.631468205093048,9.581859773443618
0.34600000000000025,-0.2794271933912616,0.3696900038266088,-2.1769663428662365,-0.2908203081415874,0.6444318639211691,0.011393114750325783,-3.0934187773670594,2.860917723840811,-0.2325010535262484,9.448728063561784,-6.65390196608545,9.514819689926261
0.34800000000000025,-0.27869217216688613,0.3653288024243784,-2.1842207115772267,-0.28954504532037095,0.6376314106082139,0.010852873153484821,-3.156434034995566,2.772371691821731,-0.3840623431738348,9.383009699645811,-6.676073111563519,9.44844480338525
0.35000000000000026,-0.2779658877966138,0.36095317846657127,-2.191388850994509,-0.2882834839827427,0.6307806688141167,0.01031759618612893,-3.2177331380814227,2.6847604214406786,-0.5329727166407441,9.317969176569962,-6.697980764058064,9.382741185498743
0.35200000000000026,-0.27724836895290794,0.35656330469532915,-2.198470478132213,-0.2870357221057047,0.6238809385190193,0.009787353152796774,-3.277324276408793,2.5980907005388083,-0.6792335758699846,9.253612222450752,-6.719624056719075,9.317714757257884
0.35400000000000026,-0.276539643962184,0.35215935441535207,-2.205465313419824,-0.2858018550703487,0.6169335176779843,0.00926221110816472,-3.3352160533692006,2.512369157107713,-0.8228468962614874,9.189944424113731,-6.741002133311941,9.253371290419654
0.35600000000000026,-0.27583974080369095,0.34774150148705585,-2.212373080713223,-0.2845819756672877,0.609939701530518,0.008742234863596765,-3.391417470487015,2.4276022606623053,-0.9638152098247095,9.12697122743989,-6.762114148217701,9.189716408880006
0.35800000000000026,-0.2751486871084071,0.34330992031970975,-2.2191935073055853,-0.28337617410339083,0.6029007819484293,0.008227486994983713,-3.445937912440047,2.343796323538964,-1.102141588901083,9.064697937758488,-6.782959266436942,9.126755589975906
0.36000000000000026,-0.2744665101579492,0.33886478586455016,-2.2259263239381464,-0.2821845380097477,0.5958180468215821,0.007718027851798481,-3.4987871325892583,2.2609575021277317,-1.2378296304615266,9.003129720284235,-6.80353666359706,9.064494165724792
0.36200000000000027,-0.273793236883495,0.33440627360787406,-2.2325712648108356,-0.2810071524507861,0.5886927794807849,0.007213915567291118,-3.5499752390236226,2.179091798046633,-1.3708834409769897,8.942271600597373,-6.823845525962437,9.00293732400907
0.36400000000000027,-0.2731288938647207,0.3299345595641114,-2.2391280675927634,-0.2798440999344725,0.5815262581568119,0.006715206069751789,-3.599512681120393,2.098205059265924,-1.501307621854469,8.882128465164413,-6.843885050447298,8.942090109713222
0.36600000000000027,-0.272473507328751,0.32544982026887537,-2.2455964734325846,-0.27869546042352383,0.574319755474349,0.0062219530947728585,-3.6474102366144234,2.0183029811891906,-1.6291072554252328,8.822705061898322,-6.863654444630855,8.881957425820046
0.36800000000000027,-0.27182710314912417,0.32095223277199453,-2.251976226968712,-0.27756131134756484,0.567074537979506,0.005734208198440671,-3.693678999167157,1.9393911076980306,-1.7542878914691262,8.764006000756076,-6.883152926774555,8.822544034472585
0.3700000000000003,-0.2711897068447705,0.3164419746305221,-2.258267076339399,-0.276441727616166,0.5597918656994288,0.005252020771395471,-3.738330366420811,1.8614748321662296,-1.8768555342545814,8.706035754372296,-6.902379725841095,8.763854558007324
0.3720000000000003,-0.27056134357900463,0.3119192239017268,-2.264468773192685,-0.27533678163270103,0.5524729917324648,0.004775438053696401,-3.781376028521771,1.7845593984490122,-1.9968166300727588,8.648798658727223,-6.92133408151502,8.705893479964033
0.3740000000000003,-0.26994203815853235,0.30738415913606304,-2.2705810726961966,-0.2742465433089664,0.5451191618672948,0.004304505150434068,-3.8228279570942982,1.7086499018522652,-2.114178055242033,8.592298913847696,-6.94001524422467,8.648665146076935
0.3760000000000003,-0.2693318150324712,0.30283695937012256,-2.2766037335468163,-0.27317108008050756,0.537731614229425,0.0038392650480363333,-3.862698394644406,1.633751290086443,-2.228947104557963,8.536540584539617,-6.9584224751652135,8.592173765251657
0.3780000000000003,-0.2687306982913854,0.298277804119566,-2.2825365179802053,-0.27211045692260066,0.5303115789534343,0.003379758631215257,-3.9009998443727487,1.5598683642089286,-2.34113148016382,8.48152760115062,-6.9765550463227575,8.536423410531686
0.3800000000000003,-0.2681387116663346,0.29370687337203627,-2.288379191780193,-0.27106473636684186,0.5228602778793976,0.0029260247005072904,-3.937745060374742,1.487005779558821,-2.450739280815921,8.427263760361539,-6.9944122404991145,8.481418020057935
0.3820000000000003,-0.26755587852793705,0.2891243475800527,-2.2941315242880216,-0.27003397851829797,0.5153789242719371,0.0024780999903609158,-3.972947038205936,1.4151680466869694,-2.557778991518967,8.373752726005513,-7.011993351337368,8.427161398024337
0.3840000000000003,-0.2669822218854472,0.28453040765388665,-2.299793288411454,-0.2690182410731772,0.5078687225604059,0.0020360191877299982,-4.006619005790851,1.3443595322845292,-2.662259473506322,8.320998029913486,-7.029297683347811,8.37365721563234
0.3860000000000003,-0.2664177643858469,0.27992523495442057,-2.305364260633737,-0.26801757933697967,0.5003308680987624,0.0015998149511327608,-4.038774414653654,1.2745844601122585,-2.7641899545413953,8.269003072784933,-7.046324551934321,8.32090901204658
0.3880000000000003,-0.2658625283129519,0.2753090112859872,-2.3108442210224256,-0.2670320462430922,0.49276654694375693,0.001169517930140307,-4.069426931449943,1.2058469119326798,-2.863580019517263,8.217771125082708,-7.063073283421099,8.268920195353779
0.3900000000000003,-0.2653165355865314,0.27068191888919285,-2.3162329532380674,-0.26606169237179195,0.485176935650125,0.0007451567852605478,-4.098590429779126,1.1381508284473236,-2.960439601331802,8.16730532795096,-7.0795432150794175,8.217694043526741
0.3920000000000003,-0.26477980776144355,0.2660441404337226,-2.3215302445427417,-0.26510656596962884,0.4775632010815452,0.0003267582081852849,-4.126278982258369,1.0715000102402792,-3.05477897201809,8.117608694155104,-7.095733695154585,8.167233705394864
0.3940000000000003,-0.2642523660267838,0.26139585901112833,-2.3267358858084575,-0.26416671296915645,0.4699265002362012,-8.565305762736619e-05,-4.152506852839332,1.0058981187296858,-3.1466087341096465,8.068684109042833,-7.111644082892822,8.117542201622507
0.3960000000000003,-0.2637342312050487,0.2567372581276018,-2.331849671525412,-0.2632421770089847,0.46226798008585435,-0.0004920541960639624,-4.1772884893504365,0.9413486771281381,-3.2359398122222984,8.020534331525251,-7.127273748568173,8.068622425696311
0.3980000000000003,-0.26322542375131386,0.2520685216967289,-2.3368713998101005,-0.2623329994541299,0.45458877742741005,-0.0008924242971839469,-4.200638516248336,0.8778550714130331,-3.322783444835303,7.973161995077142,-7.142622073509217,8.02047714492225
0.4000000000000003,-0.2627259637524263,0.24738983403223005,-2.3418008724132893,-0.26143921941663784,0.44689001874603107,-0.001286744335788459,-4.222571727562877,0.815420551307585,-3.407151176255292,7.926569608755705,-7.157688450125556,7.973109001433141
0.4020000000000003,-0.26223587092621153,0.24270137984068268,-2.346637894727841,-0.2605608737766432,0.43917281999732144,-0.0016749971495683136,-4.243103080021708,0.7540482312731136,-3.4890548487485944,7.8807595582365355,-7.1724722819342,7.926520513207314
0.4040000000000003,-0.26175516462069526,0.23800334421423053,-2.351382275796396,-0.2596979972029425,0.43143828685035135,-0.0020571674177527477,-4.262247684472225,0.6937410915130062,-3.568506592959219,7.83573410686623,-7.186972983585475,7.880714075098481
0.4060000000000003,-0.2612838638133392,0.23329591262327584,-2.3560338283189144,-0.258850622174785,0.42368751407876437,-0.0024332416385541844,-4.280020806620843,0.6345019790645869,-3.6455188275562564,7.7914953967315626,-7.201189980889775,7.835691959954362
0.4080000000000003,-0.2608219871102923,0.2285792709091573,-2.360592368660066,-0.25801877900332193,0.4159215857315229,-0.0028032081069703785,-4.296437850493604,0.5763336085274098,-3.720104241966194,7.748045449742754,-7.215122710840022,7.791456319367432
0.4100000000000003,-0.260369552745656,0.2238536052768139,-2.365057716856485,-0.2572024958532805,0.40814157502071674,-0.0031670568923755082,-4.311514357560991,0.5192385635273062,-3.792275794033685,7.705386168731572,-7.22877062163908,7.748009185166386
0.4120000000000003,-0.2599265785807642,0.21911910228743273,-2.36942969662387,-0.25640179876482266,0.40034854422889643,-0.0035247798159415145,-4.32526600016242,0.46321929753619795,-3.8620467026262224,7.66351933856302,-7.242133172723922,7.70535247026012
0.4140000000000003,-0.25949308210347843,0.21437594885108527,-2.373708135363946,-0.2556167116755658,0.3925435446284253,-0.003876370427912612,-4.337708575287378,0.4082781349583833,-3.9294304403289946,7.622446627259877,-7.255209834789558,7.663487969747941
0.4160000000000003,-0.25906908042749754,0.2096243322193476,-2.3778928641712764,-0.2548472564426514,0.38472761645721576,-0.0042218239848461625,-4.348857998567898,0.35441727221551655,-3.994440726352382,7.582169587139628,-7.268000089812623,7.6224173620281395
0.4180000000000003,-0.2586545902916815,0.20486443997790824,-2.3819837178399346,-0.25409345286532253,0.3769017886644263,-0.004561137426358941,-4.358730299392169,0.3016387788385835,-4.057091520553586,7.542689655962937,-7.280503431074556,7.5821422099131395
0.4200000000000003,-0.25824962805939117,0.2000964600391628,-2.385980534870022,-0.2533553187070902,0.3690670791161477,-0.004894309352300952,-4.367341611318997,0.2499445985348867,-4.11739701278411,7.504008158092702,-7.292719363183707,7.542663961718594
0.4220000000000003,-0.2578542097178422,0.19532058063479488,-2.3898831574740456,-0.2526328697182988,0.3612244943957128,-0.005221339999543384,-4.374708171777449,0.1993365504381126,-4.175371621339337,7.466126305663964,-7.304647402099029,7.5039839525371415
0.4240000000000003,-0.25746835087747344,0.19053699030834592,-2.393691431583148,-0.2519261196587651,0.353375029766845,-0.005542231218708338,-4.380846313582268,0.1498163300350006,-4.231029983547267,7.429045199763261,-7.316287075150465,7.466103405185466
0.4260000000000003,-0.25709206677133145,0.18574587790777117,-2.397405206853187,-0.2512350803204984,0.34551966913334337,-0.005856986450833046,-4.385772459694746,0.10138551040912525,-4.28438694928562,7.392765831617077,-7.327637921060238,7.429023431469363
0.4280000000000003,-0.25672537225446834,0.18094743257798465,-2.401024336670675,-0.25055976155049864,0.337659384999894,-0.006165610703969704,-4.389503117901162,0.054045543373272054,-4.33545757452789,7.357289083788814,-7.338699489963611,7.392745033336883
0.4300000000000003,-0.2563682818033557,0.17614184375339142,-2.404548678158563,-0.24990017127362724,0.32979513843569963,-0.006468110529728455,-4.392054875501462,0.007797760619133065,-4.384257114882329,7.322615731383783,-7.349471343428945,7.357269104048078
0.43200000000000033,-0.2560208095153131,0.17132930115040998,-2.4079780921818847,-0.2492563155155443,0.3219278790414613,-0.006764493999768778,-4.393444394042962,-0.037356625121178766,-4.430801019164141,7.288746443261495,-7.359953054477329,7.3225964293561505
0.43400000000000033,-0.2556829691079516,0.16650999475998188,-2.411312443353246,-0.2486281984257047,0.3140585449198067,-0.007054770682246886,-4.393688404111042,-0.0814165189038265,-4.475104923014868,7.255681783254904,-7.370144207601477,7.288727688697651
0.43600000000000033,-0.2553547739186319,0.1616841148400714,-2.4145516000381715,-0.24801582230050231,0.30618806260118814,-0.007338951618129613,-4.3928037001801545,-0.12438094239329711,-4.517184642573452,7.223422211395867,-7.380044398784309,7.255663456391012
0.43800000000000033,-0.25503623690393823,0.15685185190815476,-2.417695434360302,-0.2474191876060861,0.29831734720809516,-0.007617049297852119,-4.390807134547851,-0.16624903267429847,-4.557056167222149,7.191968085146344,-7.389653235516706,7.223404202842407
0.44000000000000034,-0.2547273706391664,0.15201339673369801,-2.420743822206442,-0.2468382930017352,0.2904473021754542,-0.007889077637431186,-4.387715616104,-0.2070200410291676,-4.5947356571331675,7.16131966063537,-7.398970336815546,7.191950295786379
0.44200000000000034,-0.2544281873178278,0.14716894033062683,-2.4236966432314584,-0.2462731353629898,0.2825788193726997,-0.008155051954837983,-4.383546100115065,-0.2466933318427067,-4.630239431957771,7.131477093900177,-7.40799533323888,7.161302001396173
0.44400000000000034,-0.25413869875116757,0.14231867394978498,-2.4265537808630335,-0.24572370980483124,0.2747127790792832,-0.008414988946336327,-4.378315586093846,-0.28526838124129306,-4.663583967335139,7.102440442131967,-7.416727866903521,7.131459485662228
0.44600000000000034,-0.25385891636769864,0.13746278907138423,-2.4293151223062655,-0.24519000970489271,0.26685004996927053,-0.008668906662805925,-4.372041112731459,-0.3227447759616773,-4.694785888693136,7.07420966492542,-7.425167591500607,7.1024228155389295
0.44800000000000034,-0.25358885121275043,0.13260147739744507,-2.4319805585481227,-0.24467202672668992,0.25899148910139397,-0.008916824486060515,-4.3647397530080525,-0.3591222121226769,-4.723861965130729,7.046784625531661,-7.4333141723105784,7.0741919601879015
0.45000000000000034,-0.2533285139480329,0.1277349308442282,-2.4345499843617464,-0.2441697508428641,0.2511379419129123,-0.009158763105168805,-4.356428609411913,-0.39440049399671473,-4.750829103408628,7.0201650921140555,-7.441167286217816,7.046766792221101
0.45200000000000035,-0.25307791485121556,0.12286334153465883,-2.4370232983106046,-0.243683170358431,0.24329024221654866,-0.009394744492784546,-4.34712480923536,-0.42857953277870564,-4.775704342014065,6.994350739006482,-7.448726621724687,7.020147088945981
0.45400000000000035,-0.25283706381552146,0.11798690179074141,-2.4394004027524976,-0.24321227193403067,0.23544921220017256,-0.00962479188149079,-4.336845499934235,-0.46165934535134223,-4.798504845285577,6.9693411479736715,-7.455991878964942,6.9943325336135995
0.45600000000000035,-0.2526059703493372,0.1131058041259674,-2.441681203843413,-0.24275704060917255,0.22761566242906087,-0.00984892974016463,-4.325607844545407,-0.49364005304723513,-4.819247897592642,6.945135809473118,-7.462962769716797,6.969322716669562
0.45800000000000035,-0.2523846435758371,0.10822024123771448,-2.4438656115412276,-0.24231745982547126,0.2197903918506434,-0.01006718375036586,-4.313429017159841,-0.5245218804078009,-4.837950897567642,6.921734123918142,-7.469639017415294,6.945117137007493
0.46000000000000035,-0.2521730922326233,0.10333040599964025,-2.4459535396092673,-0.24189351144986793,0.21197418780167201,-0.010279580782755371,-4.30032619845047,-0.5543051539395174,-4.854631352389988,6.8991354029418135,-7.476020357164104,6.921715203224586
0.46200000000000035,-0.2519713246713805,0.09843649145406712,-2.4479449056197065,-0.2414851757978324,0.20416782601776406,-0.010486148873548096,-4.286316571254613,-0.5829903008679915,-4.869306872122604,6.877338870661136,-7.482106535746964,6.8991162348789725
0.46400000000000036,-0.25177934885754655,0.09353869080436165,-2.449839630956825,-0.24109243165654184,0.19637207064527734,-0.010686917201004703,-4.271417316210876,-0.6105778478901183,-4.881995164100994,6.8563436649412814,-7.487897311638355,6.877319463748237
0.46600000000000036,-0.2515971723699979,0.08863719740730731,-2.45163764082011,-0.24071525630803087,0.1885876742554823,-0.010881916061967034,-4.255645607450612,-0.6370684199249341,-4.892714027375546,6.836148838659428,-7.493392455013809,6.856324035088875
0.46800000000000036,-0.25142480240075027,0.08373220476547034,-2.453338864227212,-0.24035362555230888,0.1808153778609946,-0.011071176848441389,-4.23901860834412,-0.662462738863403,-4.901481347207523,6.816753360967789,-7.498591747759575,6.836129008896172
0.47000000000000036,-0.25126224575467493,0.07882390651956174,-2.4549432340167434,-0.24000751373044002,0.17305591093443587,-0.01125473202423491,-4.221553467301867,-0.6867616223177748,-4.9083150896196415,6.798156118555511,-7.503494983481836,6.8167333611640615
0.47200000000000036,-0.25110950884923,0.07391249644079188,-2.456450686850932,-0.23967689374758144,0.16530999142929392,-0.011432615101648558,-4.203267313630876,-0.7099659823706599,-4.913233296001536,6.780355916909102,-7.50810196751528,6.79813598514462
0.47400000000000037,-0.2509665977142068,0.068998168423221,-2.4578611632181206,-0.23936173709597555,0.15757832580294892,-0.011604860618231266,-4.184177253446533,-0.7320768243244817,-4.916254077771015,6.763351481570972,-7.51241251693129,6.780335692606808
0.47600000000000037,-0.2508335179914925,0.06408111647610473,-2.4591746074351177,-0.23906201387789186,0.14986160904184084,-0.011771504113600645,-4.164300365640274,-0.7530952454514495,-4.917395611091724,6.747141459395845,-7.516426460545437,6.763331215093988
0.47800000000000037,-0.2507102749348465,0.059161534716234275,-2.460390967649395,-0.23877769282851435,0.14216052468874732,-0.011932582106332135,-4.143653697903057,-0.7730224337446687,-4.916676131647725,6.731724419804597,-7.520143638924622,6.747121205179953
0.48000000000000037,-0.25059687340969367,0.05423961736027398,-2.4615101958411336,-0.23850874133877006,0.13447574487214672,-0.012088132070923602,-4.122254262805329,-0.7918596666705255,-4.914113929475855,6.717098856035319,-7.523563904393521,6.731704237722996
0.4820000000000004,-0.25049331789293205,0.04931555871709341,-2.462532247825121,-0.2382551254780948,0.12680793033763774,-0.012238192414837257,-4.100119033933464,-0.8096083099229139,-4.909727343856378,6.70326318639116,-7.526687121040673,6.7170788111177595
0.4840000000000004,-0.2503996124727562,0.044389553180096616,-2.4634570832524947,-0.238016810017132,0.1191577304813907,-0.012382802455624203,-4.077264942083106,-0.826269816179483,-4.903534758262589,6.690215755484782,-7.529513164723869,6.703243348544386
0.4860000000000004,-0.2503157608484956,0.039461795219547194,-2.4642846656123356,-0.2377937584503608,0.11152578338560279,-0.012522002398134807,-4.053708871509588,-0.8418457238604562,-4.895554595370045,6.677954835478986,-7.5320419230752576,6.690196199214801
0.4880000000000004,-0.2502417663304688,0.03453247937489192,-2.4650149622331092,-0.23758593301864894,0.10391271585593252,-0.012655833311819853,-4.029467656235817,-0.8563376558900613,-4.885805312125878,6.666478627323376,-7.534273295505657,6.677935639615596
0.4900000000000004,-0.25017763183985264,0.029601800247079996,-2.465647944283956,-0.23739329473172718,0.09631914346088624,-0.01278433710812546,-4.004558076417791,-0.8697473184611999,-4.8743053948789905,6.655785261986589,-7.536207193208598,6.666459874747398
0.4920000000000004,-0.2501233599085671,0.02466995249088072,-2.4661835867758275,-0.23721580339058093,0.08874567057313137,-0.012907556517986168,-3.978996854768094,-0.8820764998035298,-4.861073354571624,6.6458728016839865,-7.537843539163719,6.655767039360189
0.4940000000000004,-0.250078952679175,0.019737130807199008,-2.466621868562476,-0.2370534176097555,0.08119289041270955,-0.013025535069419503,-3.952800653037464,-0.893327068955208,-4.846127721992672,6.636739241100459,-7.539182268139672,6.645855199184464
0.4960000000000004,-0.25004441190479776,0.014803529935388231,-2.466962772341287,-0.23690609483957126,0.07366138509212457,-0.013138317065226501,-3.9259860685548755,-0.9035009745387299,-4.829487043093605,6.628382508608087,-7.540223326696561,6.636722352157831
0.4980000000000004,-0.25001973894904594,0.009869344645563308,-2.4672062846539626,-0.2367737913882447,0.06615172566327776,-0.013245947560801247,-3.8985696308261626,-0.9126002435410703,-4.811169874367232,6.6208004674783965,-7.540966673187829,6.628366429646759
0.5000000000000003,-0.25000493478596575,0.0049347697309108035,-2.467352395887054,-0.23665646244391225,0.05866447216622502,-0.013348472342053497,-3.870567798191549,-0.9206269800984863,-4.791194778290036,6.613990917089019,-7.541412277761724,6.620785297663238
0.5020000000000003,-0.25,-8.238753571591132e-16,-2.4674011002723395,-0.2365540620965528,0.05120017367972885,-0.013445937903447197,-3.8419969545420667,-0.927583364286062,-4.769580318828129,6.607951594124421,-7.541560122362109,6.613976758076047
0.5040000000000003,-0.25000493478596575,-0.0049347697309124515,-2.467352395887054,-0.23646654335980566,0.04375936837357827,-0.01353839142616009,-3.812873406095415,-0.9334716509125869,-4.746345057008002,6.602680173770587,-7.541410200728937,6.6079385498163505
0.5060000000000003,-0.25001973894904594,-0.009869344645564956,-2.4672062846539626,-0.23639385819268036,0.03634258356265046,-0.013625880756365588,-3.7832133782309216,-0.9382941683206978,-4.721507546551619,6.598174270903321,-7.5409625183981595,6.602668350077462
0.5080000000000003,-0.25004441190479776,-0.01480352993538988,-2.4669627723412866,-0.236335957521155,0.028950335762685738,-0.013708454383642765,-3.7530330123842877,-0.9420533171927348,-4.695086329577022,6.59443144127004,-7.5402170927010825,6.598163775508348
0.5100000000000003,-0.250078952679175,-0.019737130807200656,-2.466621868562476,-0.2362927912596595,0.02158313074775038,-0.013786161419515525,-3.722348363001732,-0.9447515693625235,-4.6670999323642555,6.591449182664791,-7.539173952763367,6.594422383400843
0.5120000000000003,-0.25012335990856716,-0.02466995249088255,-2.4661835867758275,-0.23626430833244078,0.01424146360935789,-0.01385905157612638,-3.6911753945541914,-0.946391466633199,-4.63756686118739,6.589224936096288,-7.537833139503394,6.591441672870195
0.5140000000000003,-0.2501776318398527,-0.029601800247081648,-2.4656479442839556,-0.23625045669480632,0.006925818817222261,-0.013927175145046378,-3.6595299786111752,-0.946975619601508,-4.606505598212683,6.587756086948829,-7.536194705630248,6.58921908602874
0.5160000000000003,-0.2502417663304688,-0.034532479374893565,-2.4650149622331092,-0.23625118335424308,-0.00036332971838491136,-0.013990582976225713,-3.627427890974811,-0.9465067064885746,-4.573934597463386,6.587039966135801,-7.534258715641143,6.5877520091525685
0.5180000000000003,-0.2503157608484956,-0.03946179521954884,-2.464284665612335,-0.2362664343914085,-0.007625518582701542,-0.014049326457087119,-3.5948848088737826,-0.9449874719775622,-4.539872280851345,6.587073851245731,-7.532025245818399,6.587037773840837
0.5200000000000004,-0.2503996124727562,-0.04438955318009826,-2.4634570832524942,-0.2362961549809905,-0.014860294790996011,-0.014103457491765725,-3.5619163082174805,-0.9424207260582218,-4.504337034275702,6.587854967680523,-7.529494384225929,6.587073658167707
0.5220000000000004,-0.25049331789293217,-0.049315558717095226,-2.4625322478251204,-0.23634028941243362,-0.022067215721567356,-0.014153028480498542,-3.528537860910319,-0.9388093428786837,-4.467347203789003,6.589380489785905,-7.5266662307051755,6.587856887826492
0.5240000000000004,-0.2505968734096937,-0.054239617360275626,-2.461510195841133,-0.23639878111052814,-0.029245849047256606,-0.014198092299165577,-3.494764832226185,-0.9341562596046993,-4.428921091830884,6.59164754197374,-7.523540896870757,6.589384637266058
0.5260000000000004,-0.25071027493484654,-0.05916153471623591,-2.4603909676493947,-0.23647157265585914,-0.03639577266549574,-0.014238702278987408,-3.460612478243266,-0.9284644752862734,-4.389076953529539,6.594653199836184,-7.520118506105372,6.5916540308190985
0.5280000000000004,-0.25083351799149256,-0.06408111647610638,-2.4591746074351173,-0.23655860580511298,-0.04351657462692493,-0.01427491218637958,-3.4260959433388978,-0.9217370497322159,-4.347832993071114,6.598394491251433,-7.5163991935544585,6.594662143822243
0.5300000000000004,-0.25096659771420693,-0.06899816842322282,-2.45786116321812,-0.23665982151123818,-0.050607853062606074,-0.014306776202968746,-3.391230257744747,-0.9139771023924279,-4.3052073601371745,6.6028683974809805,-7.512383106120195,6.598406003727767
0.5320000000000004,-0.25110950884923,-0.07391249644079351,-2.456450686850931,-0.2367751599434579,-0.057669216109862545,-0.014334348905772093,-3.356030335162112,-0.905187811248398,-4.26121814641051,6.608071854258208,-7.508070402455152,6.602882591206754
0.5340000000000004,-0.251262245754675,-0.07882390651956338,-2.454943234016743,-0.23690456050713146,-0.0647002818367746,-0.014357685247543522,-3.320510970437432,-0.8953724117118567,-4.215883382149288,6.614001752868175,-7.503461252955444,6.608088841243587
0.5360000000000004,-0.25142480240075027,-0.08373220476547198,-2.4533388642272116,-0.2370479618634622,-0.07170067816535969,-0.014376840537288077,-3.2846868372977087,-0.8845341955317867,-4.169221032829496,6.6206549412184685,-7.498555839753365,6.6140216442215785
0.5380000000000004,-0.2515971723699979,-0.08863719740730895,-2.4516376408201097,-0.23720530194904912,-0.07867004279346818,-0.014391870420948777,-3.2485724861461267,-0.87267650970995,-4.121248995856076,6.628028224901017,-7.49335435670955,6.6206778469996
0.5400000000000004,-0.2517793488575466,-0.09353869080436347,-2.449839630956824,-0.23737651799527998,-0.08560802311542413,-0.014402830862266625,-3.212182341917402,-0.8598027554251297,-4.071985097342532,6.636118368244729,-7.4878570094047605,6.628054253979631
0.5420000000000004,-0.2519713246713806,-0.09843649145406874,-2.4479449056197056,-0.23756154654756287,-0.09251427614144114,-0.014409778123817746,-3.1755307019930195,-0.8459163869660467,-4.021447088959066,6.644922095358826,-7.48206401513108,6.636147628165033
0.5440000000000004,-0.2521730922326234,-0.10333040599964187,-2.445953539609267,-0.23776032348439455,-0.0993884684158435,-0.01441276874822886,-3.1386317341761223,-0.8310209106732698,-3.969652644849392,6.654436091166756,-7.475975602882748,6.644954692209478
0.5460000000000004,-0.25238464357583723,-0.10822024123771612,-2.4438656115412267,-0.2379727840362628,-0.10623027593412339,-0.01441185953957444,-3.1014994747259887,-0.8151198838901106,-3.9166193586160993,6.664657002430649,-7.469592013346443,6.654472129456332
0.5480000000000004,-0.2526059703493373,-0.11310580412596903,-2.441681203843412,-0.23819886280438052,-0.11303938405886482,-0.014407107544956776,-3.064147826451814,-0.7982169139226096,-3.8623647403744235,6.675581438766104,-7.462913498891141,6.664696584968532
0.5500000000000004,-0.2528370638155215,-0.11798690179074323,-2.4394004027524967,-0.23843849377924964,-0.11981548743456372,-0.014398570036271874,-3.026590556865767,-0.7803156570088738,-3.806906213874641,6.687205973647309,-7.455940323557537,6.675624666548663
0.5520000000000004,-0.2530779148512156,-0.12286334153466046,-2.4370232983106037,-0.2386916103590524,-0.12655828990137716,-0.014386304492163215,-2.9888412963951296,-0.7614198172976359,-3.7502611136927655,6.69952714540233,-7.44867276304693,6.687252945749294
0.5540000000000004,-0.253328513948033,-0.12773493084422985,-2.4345499843617455,-0.23895814536786805,-0.13326750440783053,-0.014370368580164966,-2.950913536653178,-0.7415331458363363,-3.692446682489514,6.712541458198562,-7.441111104709713,6.699577958873377
0.5560000000000004,-0.25358885121275054,-0.1326014773974467,-2.431980558548122,-0.23923803107371308,-0.13994285292251482,-0.014350820139037462,-2.912820628768822,-0.7206594395687009,-3.633480068337523,6.726245383018142,-7.433255647533391,6.71259620796469
0.5580000000000004,-0.2538589163676987,-0.137462789071386,-2.4293151223062646,-0.2395311992064027,-0.14658406634480547,-0.014327717161295994,-2.8745757817745465,-0.6988025403419735,-3.57337832211652,6.7406353586233765,-7.425106702130134,6.7263041617881605
0.5600000000000004,-0.2541386987511676,-0.14231867394978662,-2.4265537808630326,-0.23983758097523197,-0.15319088441463255,-0.014301117775935651,-2.8361920610526075,-0.6759663339237374,-3.512158394976345,6.75570779251202,-7.4166645907237925,6.740698256800055
0.5620000000000004,-0.2544281873178279,-0.14716894033062847,-2.4236966432314575,-0.24015710708647464,-0.15976305562133544,-0.014271080231353261,-2.797682386839104,-0.6521547490286546,-3.4498371358677584,6.7714590618623784,-7.407929647136618,6.755774898107964
0.5640000000000004,-0.2547273706391665,-0.15201339673369962,-2.420743822206441,-0.24048970776069792,-0.16630033711163256,-0.014237662878468588,-2.7590595327856566,-0.6273717563549877,-3.3864312891406443,6.7878855144681225,-7.3989022167754275,6.77153046042044
0.5660000000000004,-0.25503623690393834,-0.15685185190815637,-2.417695434360301,-0.2408353127498914,-0.17280249459673713,-0.014200924154046946,-2.7203361245785604,-0.6016213676309636,-3.321957492209524,6.80498346966284,-7.3895826566172484,6.787961288986285
0.5680000000000004,-0.25535477391863204,-0.1616841148400732,-2.41455160003817,-0.2411938513544087,-0.1792693022586522,-0.014160922564223327,-2.68152463861485,-0.5749076346712299,-3.2564322732860798,6.822749219234157,-7.379971335194665,6.805063700523435
0.5700000000000004,-0.2556829691079517,-0.16650999475998346,-2.4113124433532445,-0.24156525243972007,-0.1857005426556744,-0.014117716668231611,-2.6426374007352202,-0.5472346484432533,-3.1898720491784736,6.8411790283274945,-7.37006863258057,6.822833984137317
0.5720000000000004,-0.25602080951531325,-0.1713293011504116,-2.4079780921818834,-0.24194944445297437,-0.19209600662714066,-0.014071365062338886,-2.6036865850133797,-0.5186065381438816,-3.1222931231572613,6.860269136339266,-7.359874940372606,6.8412684022287245
0.5740000000000004,-0.2563682818033558,-0.17614184375339306,-2.404548678158562,-0.24234635543936925,-0.1984554931974472,-0.014021926363986553,-2.564684212601335,-0.48902747028592586,-3.053711682887261,6.880015757799628,-7.34939066167695,6.860363191391024
0.5760000000000004,-0.25672537225446845,-0.18094743257798626,-2.4010243366706736,-0.242755913058328,-0.2047788094793747,-0.013969459196140455,-2.525642150630622,-0.45850164779502656,-2.9841437984256487,6.900415083244636,-7.338616211091848,6.8801145632968215
0.5780000000000004,-0.25709206677133156,-0.18574587790777292,-2.3974052068531857,-0.2431780445994815,-0.2110657705767498,-0.01391402217185006,-2.4865721111686767,-0.4270333091167142,-2.913605420285391,6.921463280077802,-7.327552014690619,6.900518705573905
0.5800000000000004,-0.2574683508774736,-0.19053699030834753,-2.3936914315831466,-0.24361267699845446,-0.2173161994864764,-0.013855673879019148,-2.4474856502303757,-0.39462672733368365,-2.8421123775640593,6.943156493420987,-7.316198510004192,6.921571782670508
0.5820000000000004,-0.2578542097178423,-0.1953205806347965,-2.3898831574740447,-0.24405973685245438,-0.22352992699996713,-0.013794472865387902,-2.4083941668439675,-0.36128620929335753,-2.769680376137325,6.96549084695468,-7.304556146003153,6.943269936709796
0.5840000000000004,-0.25824962805939133,-0.20009646003916443,-2.3859805348700207,-0.2445191504356624,-0.2297067916040078,-0.01373047762372892,-2.3693089021713356,-0.3270160947458942,-2.69632499691723,6.9884624437475225,-7.292625383079527,6.965609288333633
0.5860000000000004,-0.2586545902916816,-0.20486443997790996,-2.3819837178399332,-0.2449908437144246,-0.23584663938108638,-0.013663746577256997,-2.3302409386818774,-0.2918207554923491,-2.6220616941742265,7.012067367075158,-7.280406693027873,6.9885859375355235
0.5880000000000004,-0.25906908042749766,-0.20962433221934915,-2.377892864171275,-0.24547474236224304,-0.24194932390921858,-0.013594338065254619,-2.2912011993798687,-0.2557045945433236,-2.5469057939231923,7.0363016812282995,-7.2679005590260735,7.01219596448275
0.5900000000000004,-0.2594930821034786,-0.21437594885108682,-2.3737081353639446,-0.24597077177456564,-0.24801470616130114,-0.013522310328912962,-2.2522004470844776,-0.21867204528805306,-2.4708724923725307,7.0611614323100795,-7.255107475615724,7.036435430327671
0.5920000000000004,-0.2599265785807643,-0.21911910228743434,-2.3694296966238686,-0.2464788570833737,-0.2540426544040254,-0.013447721497390597,-2.2132492837623943,-0.18072757067367373,-2.393976854436068,7.08664264902256,-7.242027948681872,7.061300378008198
0.5940000000000004,-0.2603695527456561,-0.22385360527681544,-2.3650577168564837,-0.24699892317156646,-0.2600330440963824,-0.013370629574089632,-2.1743581499122815,-0.14187566239519178,-2.3162338123074733,7.112741343442525,-7.2286624954325465,7.086786833037355
0.5960000000000004,-0.2608219871102925,-0.22857927090915905,-2.3605923686600647,-0.24753089468714204,-0.2659857577877912,-0.013291092423150436,-2.1355373240007354,-0.10212084009567857,-2.237658164096414,7.139453511786454,-7.215011644377701,7.1128908042820225
0.5980000000000004,-0.26128386381333935,-0.2332959126232774,-2.3560338283189126,-0.2480746960571738,-0.27190068501588127,-0.01320916775616554,-2.096796921949185,-0.06146765057692605,-2.158264572526111,7.166775135164629,-7.201075935307746,7.13960828473082
0.6000000000000004,-0.26175516462069537,-0.2380033442142321,-2.3513822757963943,-0.24863025150158172,-0.27777772220396224,-0.013124913119113651,-2.0581468966713294,-0.01992066702065376,-2.078067563691983,7.194702180324551,-7.186855919271667,7.1669352522510135
0.6020000000000004,-0.2622358709262117,-0.24270137984068424,-2.3466378947278392,-0.24919748504669814,-0.2836167725582096,-0.013038385879513559,-2.0195970376604366,0.022515511780024866,-1.9970815258804118,7.223230600383456,-7.1723521585546575,7.194867670334682
0.6040000000000004,-0.26272596375242646,-0.2473898340322316,-2.3418008724132875,-0.24977632053862733,-0.28941774596459996,-0.012949643213799128,-1.9811569706261039,0.06583626217855354,-1.9153207084475503,7.25235633555007,-7.157565226655354,7.2234014888339075
0.6060000000000004,-0.263225423751314,-0.2520685216967306,-2.3368713998100987,-0.2503666816563986,-0.2951805588856254,-0.012858742094915443,-1.942836157179951,0.11003693642255286,-1.8327992207573982,7.2820753138355645,-7.1424957082625875,7.25253264468514
0.6080000000000004,-0.2637342312050489,-0.25673725812760334,-2.3318496715254105,-0.2509684919249122,-0.30090513425681853,-0.01276573928013669,-1.9046438945696242,0.1551128633909915,-1.7495310311786327,7.312383451753668,-7.127144199231722,7.282257062622714
0.6100000000000004,-0.264252366026784,-0.26139585901112994,-2.3267358858084557,-0.25158167472767845,-0.306591401383118,-0.01267069129910553,-1.8665893154605806,0.20105934932088054,-1.6655299661397,7.343276655010153,-7.111511306560567,7.312570655881448
0.6120000000000004,-0.2647798077614437,-0.2660441404337241,-2.3215302445427395,-0.25220615331934865,-0.3122392958351071,-0.012573654442095072,-1.8286813877651753,0.2478716785237376,-1.5808097092414377,7.374750819181322,-7.0955976483648335,7.343469326888571
0.6140000000000004,-0.26531653558653157,-0.2706819188891946,-2.3162329532380657,-0.25284185083803895,-0.31784875934515266,-0.012474684748492615,-1.7909289145183327,0.29554511409144624,-1.4953838004268865,7.406801830381962,-7.07940385385316,7.374948967944606
0.6160000000000004,-0.265862528312952,-0.2753090112859888,-2.310844221022424,-0.2534886903174459,-0.3234197397034773,-0.012373837995506065,-1.753340533799329,0.3440748985920008,-1.4092656352073283,7.439425565922418,-7.062930563301653,7.407005461893654
0.6180000000000004,-0.2664177643858471,-0.2799252349544221,-2.3053642606337346,-0.2541465946987543,-0.3289521906541934,-0.012271169687092798,-1.7159247186991278,0.3934562547546925,-1.3224684639444353,7.472617894955066,-7.046178428028089,7.439634682782781
0.6200000000000004,-0.2669822218854474,-0.2845304076538882,-2.2997932884114523,-0.25481548684233696,-0.33444607179132885,-0.012166735043110444,-1.6786897773325204,0.44368438614507877,-1.2350053911874417,7.506374679110018,-7.029148110365651,7.47283249651073
0.6220000000000004,-0.2675558785279373,-0.28912434758005423,-2.29413152428802,-0.2554952895392467,-0.339901348454874,-0.012060588988690557,-1.641643852894571,0.4947544778297095,-1.1468893750648614,7.540691773120183,-7.0118402836361335,7.506594761465843
0.6240000000000004,-0.2681387116663348,-0.293706873372038,-2.288379191780191,-0.25618592552250047,-0.34531799162687926,-0.011952786143834326,-1.604794923760895,0.5466616970304274,-1.0581332267304675,7.5755650254357185,-6.994255632122887,7.540917329153315
0.6260000000000004,-0.26873069829138563,-0.29827780411956756,-2.282536517980203,-0.25688731747815574,-0.3506959778276319,-0.011843380813229887,-1.5681508036307978,0.5994011937686237,-0.9687496098621742,7.610990278827854,-6.976394851043147,7.575796044811771
0.6280000000000004,-0.2693318150324714,-0.30283695937012406,-2.276603733546814,-0.2575993880561796,-0.3560352890119411,-0.011732426976291788,-1.5317191417129727,0.6529681014990905,-0.8787510402138823,7.6469633709821725,-6.9582586465201155,7.611226748019206
0.6300000000000004,-0.26994203815853257,-0.30738415913606454,-2.270581072696195,-0.25832205988111073,-0.36133591246555985,-0.011619978277421839,-1.495507422953063,0.7073575377338921,-0.7881498852191708,7.6834801350812665,-6.939847735554461,7.647205273288353
0.6320000000000005,-0.27056134357900485,-0.3119192239017283,-2.2644687731926827,-0.2590552555625143,-0.36659784070177104,-0.011506088016490557,-1.4595229683021937,0.7625646046559194,-0.6969583636462744,7.720536400377048,-6.921162845995478,7.683727450651397
0.6340000000000005,-0.27118970684477073,-0.31644197463052376,-2.2582670763393966,-0.2597988977052306,-0.3718210713581662,-0.011390809139540103,-1.4237729350263406,0.8185843897224894,-0.6051885453038512,7.7581279927524305,-6.902204716511805,7.720789106234294
0.6360000000000005,-0.2718271031491244,-0.320952232771996,-2.2519762269687096,-0.2605529089194179,-0.3770056070936447,-0.011274194229706491,-1.38826431705535,0.8754119662588042,-0.5128523507965457,7.796250735272682,-6.882974096561668,7.758386062820472
0.6380000000000005,-0.2724735073287512,-0.3254498202688769,-2.2455964734325824,-0.2613172118303892,-0.3821514554856597,-0.011156295498362001,-1.3530039453713028,0.9330423940414008,-0.419961551329902,7.834900448726382,-6.863471746362761,7.796514140404161
0.6400000000000005,-0.27312889386472095,-0.3299345595641129,-2.239128067592761,-0.2620917290882447,-0.3872586289277384,-0.01103716477647626,-1.3179984884354135,0.9914707198715815,-0.3265277685638319,7.874072952156052,-6.84369843686173,7.835169156733311
0.6420000000000005,-0.2737932368834953,-0.3344062736078757,-2.232571264810833,-0.2628763833772993,-0.3923271445273031,-0.010916853506195978,-1.2832544526528644,1.0506919781390787,-0.23256247451378576,7.913764063378435,-6.823654949703073,7.874346927842152
0.6440000000000005,-0.27446651015794943,-0.33886478586455177,-2.225926323938144,-0.2636710974253069,-0.3973570240038191,-0.010795412732642506,-1.248778182875,1.1107011913755755,-0.13807699149942443,7.953969599494653,-6.80334207719783,7.914043268573406
0.6460000000000005,-0.2751486871084074,-0.34330992031971136,-2.2191935073055826,-0.2644757940124815,-0.40234829358729557,-0.010672893095925895,-1.21457586293794,1.1714933707986308,-0.04308249213930915,7.994685377390027,-6.782760622291704,7.954253993090335
0.6480000000000005,-0.2758397408036912,-0.34774150148705746,-2.2123730807132205,-0.26529039598031584,-0.40730098391716446,-0.010549344823375384,-1.1806535162371823,1.2330635168456068,0.05241000060842449,8.035907214223872,-6.761911398532848,7.994974915378455
0.6500000000000005,-0.2765396439621842,-0.35215935441535334,-2.205465313419822,-0.26611482624019894,-0.412215129941563,-0.01042481772198528,-1.147017006337454,1.2954066196980376,0.14838961336058354,8.077630927909194,-6.740795230039148,8.036201849737186
0.6520000000000005,-0.27724836895290816,-0.35656330469533065,-2.1984704781322106,-0.26694900778183306,-0.4170907708170446,-0.010299361171075105,-1.1136720376171971,1.3585176597961954,0.2448456221789983,8.119852337582262,-6.719412951465218,8.077930611261413
0.6540000000000005,-0.277965887796614,-0.36095317846657277,-2.1913888509945068,-0.26779286368145055,-0.4219279498087422,-0.010173024115163465,-1.0806241559467555,1.4223916083440642,0.34176745239730866,8.16256726406236,-6.6977654079688165,8.12015701631288
0.6560000000000005,-0.27869217216688635,-0.36532880242437976,-2.1842207115772245,-0.26864631710983256,-0.42672671419100866,-0.010045855057053799,-1.0478787493999109,1.487023427804722,0.4391446784048112,8.20577153030147,-6.675853455177039,8.162876882981761
0.6580000000000005,-0.2794271933912619,-0.3696900038266102,-2.176966342866234,-0.2695092913401297,-0.43148711514855675,-0.009917902051132188,-1.015441048997895,1.5524080723862497,0.5369670233883548,8.249460961824239,-6.653677959151908,8.206086031538158
0.6600000000000005,-0.2801709224523611,-0.3740366105005003,-2.1696260312515907,-0.2703817097554859,-0.43620920767812427,-0.00978921269687516,-0.98331612948515,1.6185404885181223,0.6352243590329723,8.293631387158023,-6.631239796355696,8.249780284873818
0.6620000000000005,-0.2809233299890343,-0.3783684508494611,-2.162200066516228,-0.2712634958564673,-0.4408930504906843,-0.009659834132566991,-0.9515089101364116,1.685415615318206,0.7339067051817945,8.338278638253367,-6.608539853615783,8.293955468933989
0.6640000000000005,-0.28168438629752013,-0.3826853538598528,-2.1546887418245193,-0.27215457326829573,-0.4455387059142246,-0.009529813029224399,-0.9200241555939348,1.7530283850504933,0.8330042294565585,8.383398550894617,-6.585579028089118,8.338607413139611
0.6660000000000005,-0.28245406133261874,-0.3869871491077365,-2.1470923537107014,-0.27305486574788995,-0.4501462397971191,-0.009399195584728792,-0.8888664767348409,1.8213737235734326,0.9325072468385918,8.428986965101139,-6.5623582272262455,8.383731950799678
0.6680000000000005,-0.2832323247088776,-0.3912736667656012,-2.13941120206717,-0.2739642971907142,-0.4547157214121107,-0.009268027518163413,-0.8580403315671725,1.8904465507791768,1.0324062192120043,8.47503972551887,-6.5388783687349745,8.429324919514151
0.6700000000000005,-0.2840191457017913,-0.39554473760907016,-2.13164559013264,-0.27488279163743606,-0.459247223360929,-0.009136354064355257,-0.8275500261546154,1.9602417810235924,1.132691754868977,8.521552681802497,-6.515140380543627,8.47538216156722
0.6720000000000005,-0.28481449324901426,-0.3998001930235794,-2.1237958244801725,-0.2758102732803952,-0.4637408214795626,-0.009004219968619054,-0.7973997155686463,2.0307543235472307,1.2333546079785844,8.568521688988172,-6.4911452007638895,8.52189952431112
0.6740000000000005,-0.28561833595158714,-0.40403986501103567,-2.115862215005076,-0.2767466664698836,-0.4681965947442061,-0.008871669481703537,-0.7675934048678501,2.1019790828872953,1.3343856780194452,8.615942607856997,-6.466893777653226,8.568872860540521
0.6760000000000005,-0.28643064207517643,-0.40826358619644826,-2.1078450749126674,-0.2776918957202394,-0.472614625177903,-0.008738746354937044,-0.7381349501034085,2.1739109592806143,1.4357760091772058,8.663811305289183,-6.442387069576985,8.6162980288576
0.6780000000000005,-0.28725137955132723,-0.4124711898345371,-2.09974472070591,-0.2786458857157552,-0.47699499775790216,-0.00860549383557202,-0.7090280593502518,2.24654484905781,1.5375167897075581,8.71212365460914,-6.4176260449700075,8.664170894027817
0.6800000000000005,-0.2880805159787294,-0.41666250981631514,-2.0915614721729185,-0.2796085613164027,-0.4813378003237495,-0.008471954662326697,-0.6802762937630991,2.3198756450286133,1.6395993512655143,8.760875535921375,-6.392611682297932,8.712487327326546
0.6820000000000005,-0.28891801862449645,-0.4208373806756461,-2.0832956523743316,-0.28057984756337495,-0.48564312348613087,-0.008338171061121502,-0.651883068656679,2.393898236858501,1.742015168201822,8.810062836437456,-6.36734497001803,8.76124320687653
0.6840000000000005,-0.28976385442545793,-0.4249956375957769,-2.074947587630563,-0.2815596696844479,-0.4899110605364859,-0.008204184741010034,-0.6238516546095174,2.4686075114366,1.8447558568270828,8.859681450794012,-6.341826906539721,8.810434417976321
0.6860000000000005,-0.29061798998946475,-0.4291371164158443,-2.066517607508915,-0.2825479530991627,-0.49414170735741125,-0.008070036890302057,-0.5961851785905381,2.543998353235077,1.9478131746445388,8.909727281361862,-6.316058500184667,8.860056853419744
0.6880000000000005,-0.29148039159670736,-0.4332616536373563,-2.058006044810566,-0.2835446234238304,-0.4983351623338678,-0.007935768172876945,-0.5688866251078328,2.620065644660034,2.051179019552201,8.960196238546414,-6.290040769146453,8.910106413806487
0.6900000000000005,-0.29235102520104705,-0.43736908643064554,-2.0494132355574393,-0.28454960647636085,-0.5024915262652122,-0.007801418724686204,-0.5419588373788831,2.6968042663938867,2.154845429015004,9.011084241079361,-6.26377474144995,8.960579007843837
0.6920000000000005,-0.29322985643135974,-0.44145925264129826,-2.0407395189789304,-0.285562828280917,-0.5066109022780662,-0.007667028150442734,-0.5154045185214984,2.774209097729493,2.2588045792079945,9.062387216301735,-6.237261454910277,9.01147055263977
0.6940000000000005,-0.2941168505928934,-0.44553199079655603,-2.0319852374985174,-0.28658421507239706,-0.5106933957400416,-0.0075326355204963225,-0.48922623276507426,2.8522750168959465,2.3630487841308723,9.114101100438477,-6.210501957091324,9.06277697398727
0.6960000000000005,-0.2950119726686371,-0.4495871401116901,-2.0231507367202446,-0.2876136933007457,-0.5147391141743353,-0.007398279367891392,-0.4634264066809779,2.9309969013762123,2.4675704946952344,9.166221838864555,-6.183497305263967,9.11449420664018
0.6980000000000005,-0.2959151873207042,-0.45362454049634904,-2.0142363654150746,-0.2886511896350961,-0.5187481671752098,-0.007263997685608092,-0.4380073304319754,3.010369628216618,2.5723622977846428,9.218745386362745,-6.156248566363888,9.166618194580506
0.7000000000000005,-0.29682645889172676,-0.4576440325608788,-2.005242475507123,-0.28969663096774484,-0.5227206663243736,-0.007129827923981924,-0.4129711590395102,3.0903880743283487,2.6774169152888385,9.271667707373144,-6.128756816949005,9.219144891277354
0.7020000000000005,-0.29774575140626336,-0.4616454576226152,-1.9961694220597639,-0.29074994441796137,-0.5266567251082759,-0.006995806988301989,-0.3883199136685356,3.171047116780965,2.7827272031124295,9.324984776234484,-6.1010231431565956,9.27207025993756
0.7040000000000005,-0.2986730285722198,-0.46562865771214834,-1.9870175632616112,-0.291811057335634,-0.5305564588363273,-0.006861971236585773,-0.3640554829291309,3.252341633088079,2.8882861501589483,9.378692577417384,-6.07304864065992,9.325390273747999
0.7060000000000005,-0.29960825378228106,-0.4695934755795586,-1.9777872604123805,-0.2928798973047541,-0.5344199845600631,-0.006728356477526953,-0.340179624194038,3.3342665014852457,2.994086877291208,9.432787105749611,-6.044834414624617,9.379100916109863
0.7080000000000005,-0.3005513901153575,-0.4735397547006261,-1.9684788779086222,-0.29395639214674063,-0.5382474209932581,-0.006594997968616845,-0.31669396493193225,3.4168166012001233,3.100122636268191,9.48726436663341,-6.016381579664666,9.433198180864789
0.7100000000000005,-0.3015024003380414,-0.477467339283008,-1.9590927832293403,-0.29504046992360666,-0.5420388884330066,-0.006461930414434713,-0.29360000405514786,3.4999868127150746,3.2063868086599268,9.542120376255056,-5.9876912597980025,9.487678072513077
0.7120000000000005,-0.3024612469060777,-0.48137607427239,-1.94962934692148,-0.2961320589409702,-0.5457945086817797,-0.006329187965107452,-0.27089911328186944,3.5837720180222306,3.3128729047403613,9.597351161786644,-5.958764588401754,9.542536606423985
0.7140000000000005,-0.3034278919658455,-0.4852658053586075,-1.9400889425853038,-0.29723108775091117,-0.549514404970469,-0.006196804214934348,-0.2485925385116161,3.6681671008710657,3.4195745623594496,9.652952761580313,-5.929602708167155,9.59776980903822
0.7160000000000005,-0.3044022973558532,-0.48913637898173773,-1.9304719468596385,-0.298337485154676,-0.5531987018824295,-0.0060648122011772165,-0.22668140121378522,3.753166947008725,3.52648554579494,9.708921225354823,-5.900206771054095,9.65337371806282
0.7180000000000005,-0.30538442460824444,-0.49298764233816134,-1.9207787394070086,-0.2994511802052331,-0.5568475252785295,-0.005933244403011351,-0.20516669982832414,3.8387664444129905,3.633599744584666,9.765252614374857,-5.870577938245256,9.709344382658246
0.7200000000000005,-0.3063742349503168,-0.49681944338659545,-1.911009702898647,-0.3005721022096795,-0.5604610022232188,-0.005802132740637289,-0.18404931117805834,3.9249604835181344,3.740911172340076,9.821943001622817,-5.840717380100028,9.765677863618162
0.7220000000000005,-0.30737168930605296,-0.5006316308540959,-1.9011652229993878,-0.30170018073150273,-0.5640392609116215,-0.0056715085745502325,-0.16332999189223374,4.011743957433695,3.8484139655414613,9.878988471963464,-5.810626276107903,9.822370233541598
0.7240000000000005,-0.30837674829766276,-0.5044240542420285,-1.8912456883524413,-0.30283534559269804,-0.5675824305976654,-0.005541402704964726,-0.1430093798401466,4.099111762156188,3.956102382316041,9.936385122301402,-5.780305814841716,9.879417576997904
0.7260000000000005,-0.30938937224713825,-0.5081965638320123,-1.8812514905640494,-0.30397752687574453,-0.5710906415232526,-0.00541184537139372,-0.12308799557497974,4.187058796774068,4.063970801199088,9.994129061731497,-5.749757193910352,9.93681599068442
0.7280000000000005,-0.3104095211778198,-0.5119490106918279,-1.8711830241880285,-0.3051266549254415,-0.5745640248484797,-0.005282866252378282,-0.10356624378655477,4.275579963665711,4.172013719879157,10.052216411682279,-5.718981619911295,9.994561583577006
0.7300000000000005,-0.31143715481597434,-0.5156812466812984,-1.8610406867101912,-0.3062826603506073,-0.5780027125829139,-0.005154494465367032,-0.08444441476294307,4.364670168690806,4.280225753927862,10.110643306052607,-5.687980308382651,10.052650477073456
0.7320000000000005,-0.3124722325923854,-0.5193931244581378,-1.8508248785326546,-0.30744547402564315,-0.5814068375179323,-0.005026758566742229,-0.06572268586009233,4.454324321375088,4.388601635514996,10.169405891341459,-5.6567544837550034,10.111078805130091
0.7340000000000005,-0.3135147136439548,-0.5230844974837671,-1.8405360029580333,-0.3086150270919634,-0.5847765331601282,-0.004899686551991356,-0.04740112297902055,4.544537335088529,4.497136212109509,10.228500326771133,-5.625305379302816,10.169842714391345
0.7360000000000005,-0.3145645568153155,-0.5267552200290997,-1.830174466173518,-0.309791250959295,-0.5881119336657904,-0.004773305856020482,-0.029479682049839973,4.635304127217101,4.605824445167261,10.287922784403843,-5.593634237095581,10.228938364312683
0.7380000000000005,-0.3156217206604568,-0.530405147180295,-1.8197406772348383,-0.3109740773068479,-0.5914131737764596,-0.004647643353608899,-0.011958210522451385,4.726619619328264,4.714661408805812,10.347669449251887,-5.561742307948571,10.288361927276835
0.7400000000000005,-0.3166861634443603,-0.5340341348444787,-1.809235048050117,-0.31216343808435904,-0.5946803887555658,-0.004522725360001256,0.00516355113713951,4.818478737330106,4.823642288467246,10.407736519381418,-5.529630851373313,10.34810958870342
0.7420000000000005,-0.3177578431446474,-0.5376420397554313,-1.7986579933636055,-0.31335926551301135,-0.5979137143261491,-0.004398577631636036,0.021885967945018958,4.910876411624412,4.93276237956943,10.468120206009994,-5.497301135527727,10.408177547152139
0.7440000000000005,-0.3188367174532386,-0.5412287194792454,-1.7880099307393111,-0.3145614920862307,-0.6011132866096678,-0.004275225367007918,0.038209508892623756,5.003807577253699,5.042017086146323,10.528816733597923,-5.464754437165915,10.468562014419614
0.7460000000000006,-0.31992274377802354,-0.5447940324199464,-1.777291280544515,-0.3157700505703625,-0.6042792420658952,-0.00415269320766104,0.0541347454358565,5.09726717404222,5.151401919478077,10.58982233993357,-5.431992041587679,10.5292592156299
0.7480000000000006,-0.32101587924454245,-0.5483378378250843,-1.7665024659331727,-0.31698487400523034,-0.6074117174339062,-0.004031005239312102,0.06966234998023069,5.191250146731209,5.260912496711439,10.651133276212713,-5.399015242587636,10.590265389318844
0.7500000000000006,-0.32211608069767894,-0.5518599957912896,-1.755643912829212,-0.31820589570457863,-0.610510849674154,-0.003910184993100307,0.08479309436261184,5.285751445108284,5.370544539470895,10.71274580711203,-5.3658253424041416,10.651576787512425
0.7520000000000006,-0.3232233047033634,-0.5553603672697967,-1.744716049909717,-0.3194330492564019,-0.6135767759116401,-0.003790255446961488,0.09952784833019201,5.380766024131271,5.480293872461463,10.77465621085683,-5.3324236516677725,10.713189675799043
0.7540000000000006,-0.324337507550288,-0.5588388140719333,-1.7337193085880036,-0.32066626852316227,-0.616609633380172,-0.003671239027125739,0.1138675780169196,5.476288844046409,5.590156422063329,10.836860779283127,-5.29881148934959,10.775100333395999
0.7560000000000006,-0.32545864525163215,-0.5622951988745756,-1.7226541229965902,-0.3219054876418977,-0.619609559367714,-0.0035531576097344586,0.127813344417953,5.572314870501131,5.700128214919085,10.89935581789416,-5.264990182709045,10.837305053210176
0.7580000000000006,-0.3265866735467991,-0.5657293852255699,-1.7115209299700571,-0.32315064102422336,-0.6225766911628231,-0.003436032522575738,0.1413663018625999,5.6688390746514825,5.810205376514082,10.96213764591147,-5.230961067241577,10.89980014189306
0.7600000000000006,-0.32772154790316316,-0.5691412375491193,-1.7003201690278031,-0.3244016633562277,-0.6255111660021735,-0.0033198845469354366,0.15452769648611753,5.765856433264261,5.920384129750379,11.025202596320632,-5.196725486625937,10.962581919890198
0.7620000000000006,-0.3288632235178281,-0.5725306211511362,-1.6890522823566896,-0.32565848959826604,-0.6284131210191632,-0.0032047339195620528,0.16729886470067123,5.863361928814039,6.030660793514711,11.08854701591171,-5.16228479267117,11.02564672148521
0.7640000000000006,-0.33001165531939547,-0.5758974022245595,-1.6777177147935889,-0.32692105498465324,-0.6312826931936015,-0.003090600334742233,0.17968123166618888,5.961350549575057,6.141031781241246,11.152167265314619,-5.127640345263352,11.088990894838409
0.7660000000000006,-0.3311667979697442,-0.5792414478546374,-1.6663169138078215,-0.32818929502325817,-0.6341200193024719,-0.0029775029464860214,0.19167630976109296,6.0598172897082705,6.251493599469363,11.216059719029339,-5.09279351231196,11.15261080202023
0.7680000000000006,-0.3323286058658203,-0.5825626260241741,-1.6548503294834882,-0.3294631454950017,-0.6369252358717677,-0.0028654603708185844,0.20328569705352795,6.1587571493433995,6.362042846396927,11.280220765451364,-5.0577456696959775,11.216502819039377
0.7700000000000006,-0.3334970331414374,-0.5858608056187424,-1.6433184145017048,-0.3307425424532605,-0.6396984791293955,-0.0027544906881769027,0.21451107577336703,6.258165134656385,6.472676210429752,11.344646806892083,-5.022498201209738,11.280663335866123
0.7720000000000006,-0.3346720336690874,-0.5891358564318593,-1.6317216241227284,-0.33202742222317877,-0.642439884959138,-0.0026446114459086068,0.22535421078535123,6.358036257942048,6.5833904687274,11.409334259594642,-4.98705249850839,11.345088756450439
0.7740000000000006,-0.33585356106176123,-0.5923876491701263,-1.620060416167987,-0.3333177214008901,-0.6451495888556744,-0.0025358396608711198,0.23581694806374065,6.4583655376823,6.69418248574604,11.474279553744996,-4.951409961053193,11.409775498735494
0.7760000000000006,-0.33704156867478063,-0.5956160554583344,-1.6083352510020026,-0.3346133768526514,-0.6478277258806494,-0.002428191822129222,0.2459012131686955,6.559147998609852,6.805049211778547,11.539479133478512,-4.9155719960563875,11.47471999466624
0.7780000000000006,-0.3382360096076393,-0.5988209478445309,-1.59654659151422,-0.33591432571389096,-0.6504744306197838,-0.0023216838937483164,0.2556090097247976,6.660378671767595,6.915987681492393,11.604929456882148,-4.8795400184258915,11.539918690193486
0.7800000000000006,-0.33943683670585423,-0.602002199805052,-1.5846949031007307,-0.337220505388173,-0.6530898371410213,-0.0022163313176812305,0.26494241790198325,6.762052594563793,7.026995012465775,11.6706269959922,-4.843315450709651,11.605368045273444
0.7820000000000006,-0.3406440025628279,-0.6051596857495178,-1.5727806536458986,-0.3385318535460804,-0.6556740789537002,-0.0021121490167475,0.2739035928990896,6.864164810823001,7.138068403722091,11.73656823678793,-4.8068997230397175,11.671064533862719
0.7840000000000006,-0.3418574595217192,-0.6082932810257896,-1.560804313503892,-0.3398483081240179,-0.6582272889687452,-0.002009151397701303,0.282494763430452,6.966710370833083,7.249205134263535,11.80274967918097,-4.77029427307608,11.737004643909163
0.7860000000000006,-0.3430771596773252,-0.6114028619248916,-1.5487663554801137,-0.3411698073229376,-0.6607495994598688,-0.0019073523543876036,0.2907182302156075,7.069684331388242,7.360402561603849,11.869167837000749,-4.73350054595015,11.803184877338392
0.7880000000000006,-0.3443030548779722,-0.614488305685894,-1.5366672548125335,-0.34249628960698913,-0.6632411420257728,-0.0018067652709830573,0.2985763644725803,7.173081755828217,7.471658120300797,11.935819237975927,-4.696519994208026,11.869601750036242
0.7900000000000006,-0.3455350967274168,-0.6175494905007605,-1.5245074891529293,-0.3438276937020958,-0.6657020475533415,-0.0017074030253209638,0.3060716064147173,7.276897714073744,7.582969320488461,12.002700423712042,-4.659354077753472,11.936251791827216
0.7920000000000006,-0.34677323658675624,-0.6205862955191561,-1.5122875385480283,-0.3451639585944595,-0.6681324461818167,-0.0016092779922967648,0.313206463751623,7.381127282658421,7.694333746410044,12.069807949665392,-4.622004263790591,12.003131546449012
0.7940000000000006,-0.34801742557634907,-0.6235986008532186,-1.5000078854205563,-0.34650502352899537,-0.6705324672679427,-0.0015124020473537003,0.3199835101940418,7.485765544757045,7.805749054951086,12.137138385113259,-4.584472026766263,12.070237571523307
0.7960000000000006,-0.34926761457774425,-0.6265862875822912,-1.487669014550193,-0.3478508280076995,-0.672902239352074,-0.0014167865700447368,0.32640538396325525,7.590807590210467,7.917212974173722,12.204688313120649,-4.546758848312294,12.13756643852276
0.7980000000000006,-0.3505237542356206,-0.6295492377576174,-1.4752714130544335,-0.34920131178795,-0.675241890125232,-0.001322442447670602,0.3324747863049149,7.696248515547269,8.028723301852184,12.272454330503493,-4.508866217187303,12.205114732734572
0.8000000000000006,-0.3517857949597355,-0.6324873344069981,-1.4628155703693548,-0.3505564148807442,-0.6775515463971002,-0.0012293800789913156,0.33819448000757646,7.802083424002054,8.14027790400963,12.340433047788636,-4.47079562921832,12.272879053220374
0.8020000000000006,-0.35305368692688205,-0.6354004615394082,-1.4503019782302995,-0.3519160775488741,-0.6798313340649506,-0.0011376093780079422,0.34356728792626745,7.908307425530766,8.251874713457033,12.40862108917037,-4.432548587242187,12.340856012772953
0.8040000000000006,-0.35432738008285636,-0.6382885041495766,-1.4377311306524585,-0.35328024030504107,-0.6820813780834838,-0.0010471397778152869,0.34859609151102866,8.01491563682292,8.363511728333949,12.477015092464054,-4.394126601046548,12.409042237869468
0.8060000000000006,-0.35560682414443345,-0.6411513482225261,-1.4251035239113692,-0.35464884390991225,-0.6843018024355761,-0.0009579802345212052,0.35328382934067815,8.121903181310962,8.475187010651641,12.54561170905644,-4.355531187310781,12.477434368621743
0.8080000000000006,-0.35689196860135264,-0.6439888807380748,-1.4124196565233238,-0.3560218293701201,-0.6864927301039209,-0.0008701392312325251,0.3576334956619487,8.22926518917675,8.5868986848387,12.614407603853223,-4.316763869546488,12.546029058723239
0.8100000000000006,-0.3581827627183113,-0.6468009896752974,-1.399680029225689,-0.35739913793280254,-0.6886542813412051,-0.0007836247855087519,0.3616481389342341,8.336996797355468,8.698644936289702,12.68339945522359,-4.277826178037826,12.614822975393295
0.8120000000000006,-0.35947915553696774,-0.6495875640169485,-1.3868851449571362,-0.3587807110661012,-0.6907865666493374,-0.0006984444708665327,0.3653308256520904,8.44509314953675,8.81042397518884,12.752583954911643,-4.238719649781547,12.683812799318297
0.8140000000000006,-0.3607810958779534,-0.6523484937538442,-1.3740355088377885,-0.3601664904571043,-0.6928896955015371,-0.0006146054208490681,0.36868449553943083,8.5535493973535,8.92223389289293,12.821957807822098,-4.199445828421935,12.752995225775436
0.8160000000000006,-0.3620885323428928,-0.6550836698892057,-1.361131628149278,-0.3615564180124597,-0.6949637776777059,-0.0005321143304330977,0.37171213508893075,8.662360705294413,9.034072840383343,12.891517731968953,-4.1600062641659985,12.822366969460411
0.8180000000000006,-0.36340141331643305,-0.6577929844429634,-1.3481740123147183,-0.3629504358587459,-0.6970089231431177,-0.0004509774576871295,0.3744168039001772,8.771522244604977,9.145939048505154,12.961260458446024,-4.120402513723858,12.891924758328834
0.8200000000000006,-0.3647196869682814,-0.6604763304560171,-1.335163172878596,-0.36434848634260913,-0.6990252419316126,-0.0003712006256722522,0.3768016318349199,8.881029192328675,9.257830824163594,13.031182731391832,-4.080636140252747,12.961665332581422
0.8220000000000006,-0.3660433012552512,-0.6631336019944609,-1.3220996234865738,-0.36575051203067543,-0.701012844033159,-0.0002927892245757624,0.378869816214622,8.9908767313676,9.36974654758222,13.101281307949353,-4.0407087133003,13.0315854446679
0.8240000000000006,-0.3673722039233169,-0.6657646941537647,-1.3089838798652136,-0.36715645570924726,-0.7029718392859035,-0.00021574821406961098,0.38062461905959744,9.101060050538042,9.48168466959764,13.17155295822078,-4.000621808747201,13.101681859285243
0.8260000000000006,-0.3687063425096765,-0.668369503062915,-1.295816459801616,-0.3685662603837927,-0.7049023372727042,-0.0001400821258837892,0.3820693643739248,9.211574344621301,9.593643708995225,13.24199446521746,-3.9603770087492505,13.171951353370552
0.8280000000000006,-0.370045664344823,-0.6709479258885163,-1.2825978831229783,-0.3699798692782369,-0.7068044472221009,-6.579506658610512e-05,0.3832074354776993,9.322414814409754,9.705622249887453,13.312602624805482,-3.9199759016787614,13.242390716088515
0.8300000000000006,-0.37139011655462384,-0.6734998608388504,-1.269328671676074,-0.3713972258340642,-0.7086782779136606,7.1092794403648796e-06,0.38404227238762134,9.433576666748369,9.81761893913599,13.3833742456467,-3.8794200820654976,13.312996748813866
0.8320000000000006,-0.3727396460624076,-0.6760252071678949,-1.2560093493066513,-0.3728182737092395,-0.7105239375876333,7.862764683186363e-05,0.38457736924663033,9.545055114571664,9.929632483818294,13.454306149135906,-3.838711150536901,13.383766265108566
0.8340000000000006,-0.3740941995910603,-0.6785238651793012,-1.24264044183875,-0.3742429567769572,-0.7123415338588462,0.00014875718589690834,0.3848162718024839,9.656845376936396,10.041661648738879,13.525395169333951,-3.797850713757931,13.454696090694327
0.8360000000000006,-0.37545372366512764,-0.6809957362303289,-1.2292224770539473,-0.3756712191242267,-0.7141311736347623,0.00021749545909904855,0.3847625749362549,9.76894267904993,10.153705253986185,13.596638152897278,-3.7568403843702733,13.525783063420203
0.8380000000000006,-0.3768181646129275,-0.6834407227357419,-1.2157559846705157,-0.3771030050503019,-0.7158929630376245,0.0002848404373744229,0.3844199202402465,9.881342252294651,10.265762172534897,13.668031959003951,-3.715681780931088,13.59702403322574
0.8400000000000006,-0.3781874685686673,-0.6858587281716592,-1.2022414963225168,-0.37853825906496313,-0.7176270073306088,0.0003507904962958275,0.38379199364622973,9.994039334248303,10.377831327894533,13.739573459276482,-3.674376527851307,13.66841586209961
0.8420000000000006,-0.3795615814745716,-0.6882496570793665,-1.1886795455388104,-0.37997692588665893,-0.7193334108479008,0.0004153444120873484,0.3828825231031563,10.107029168700674,10.48991169180383,13.811259537701478,-3.6329262553334094,13.739955424034083
0.8440000000000006,-0.3809404490830156,-0.6906134150690845,-1.1750706677219913,-0.38141895044051616,-0.7210122769286129,0.00047850135750054923,0.3816952763049919,10.220307005666513,10.602002281971505,13.883087090546509,-3.5913325993087932,13.811639604975307
0.8460000000000006,-0.3823240169586673,-0.6929499088236952,-1.161415400127254,-0.38286427785622507,-0.722663707854455,0.000540260897557765,0.3802340584681252,10.333868101395048,10.714102159863174,13.955053026274204,-3.549597201374703,13.88346530276975
0.8480000000000006,-0.38371223048063585,-0.6952590461024258,-1.1477142818411812,-0.3843128534658072,-0.7242878047910704,0.0006006229851713285,0.37850271015842596,10.447707718376078,10.826210428534504,14.027154265453913,-3.5077217087307258,13.955429427106804
0.8500000000000006,-0.3851050348446285,-0.6975407357444905,-1.1339678537604632,-0.38576462280127305,-0.7258846677329478,0.0006595879566445584,0.37650510516733515,10.561821125342984,10.93832623051032,14.099387740671029,-3.4657077741149256,14.02752889945791
0.8520000000000006,-0.38650237506511376,-0.6997948876726889,-1.1201766585705424,-0.3872195315921767,-0.7274543954518172,0.0007171565270629454,0.3742451484370357,10.676203597272611,11.050448745709646,14.171750396434057,-3.423557055739586,14.099760653012197
0.8540000000000006,-0.3879041959774923,-0.7020214128969627,-1.106341240724192,-0.3886775257630736,-0.7289970854484377,0.000773329785581256,0.3717267740339669,10.790850415382288,11.162577189416254,14.244239189079822,-3.3812712172265416,14.172121632608828
0.8560000000000006,-0.389310442240275,-0.7042202235179087,-1.0924621464200164,-0.39013855143088894,-0.7305128339076826,0.0008281091906139348,0.36895394317029373,10.905756867124126,11.274710810294419,14.31685108667681,-3.3388519275422017,14.244608794666327
0.8580000000000007,-0.39072105833726717,-0.7063912327302484,-1.078539923580895,-0.3916025549022026,-0.7320017356568296,0.0008814965649354134,0.36593064227303795,11.020918246176752,11.38684888844979,14.389583068926838,-3.2963008609322513,14.317219107109004
0.8600000000000007,-0.3921359885797607,-0.7085343548262554,-1.064575121832347,-0.3930694826704565,-0.7334638841269582,0.0009334940906958189,0.3626608810998655,11.136329852434582,11.498990733534447,14.462432127065192,-3.253619696855967,14.389949549290549
0.8620000000000007,-0.3935551771087323,-0.7106495051991389,-1.050568292480833,-0.3945392814130912,-0.7348993713173625,0.0009841043043589126,0.3591486909012276,11.251986991994809,11.611135682896036,14.535395263759547,-3.21081011992025,14.462797111915059
0.8640000000000007,-0.3949785678970489,-0.7127366003463841,-1.0365199884919936,-0.39601189798861697,-0.7363082877628805,0.0010333300915680854,0.35539812262803006,11.367884977142337,11.723283099770367,14.608469493007483,-3.1678738198133747,14.535758796955712
0.8660000000000007,-0.3964061047516794,-0.7147955578730482,-1.0224307644688146,-0.39748727943362505,-0.7376907225040455,0.0010811746819456292,0.3514132451841556,11.484019126332607,11.835432371516763,14.681651840033172,-3.1248124912384143,14.60883161757102
0.8680000000000007,-0.3978377313159132,-0.7168262964950134,-1.0083011766297365,-0.398965372959745,-0.7390467630599654,0.0011276416438317782,0.34719814372301094,11.600384764172759,11.94758290789577,14.754939341182926,-3.0816278338464076,14.682012598019167
0.8700000000000007,-0.3992733910715848,-0.7188287360421962,-0.994131782786693,-0.4004461259505527,-0.7403764954038327,0.0011727348789678516,0.3427569179874168,11.716977221400917,12.059734139388334,14.82832904382012,-3.038321552169256,14.755298773570173
0.8720000000000007,-0.40071302734130526,-0.7208027974617119,-0.9799231423230925,-0.40192948595843464,-0.7416800039409724,0.001216458617129379,0.3380936806918977,11.833791834864101,12.171885515556,14.901818006219408,-2.994895355552366,14.828687190416467
0.8740000000000007,-0.4021565832906998,-0.7227484028209961,-0.9656758161717292,-0.4034154007014133,-0.7429573714893338,0.0012588174107134864,0.3332125559464938,11.950823947494639,12.284036503441133,14.975403297460412,-2.9513509580870227,14.902174905581662
0.8760000000000007,-0.40360400193065127,-0.7246654753108803,-0.9513903667926452,-0.40490381805993797,-0.7442086792623316,0.0012998161292867016,0.3281176777214756,12.068068908285364,12.39618658600684,15.049081997320979,-2.907690078542578,14.975758986827941
0.8780000000000007,-0.40505522611955014,-0.7265539392486253,-0.9370673581509216,-0.40639468607364587,-0.7454340068539479,0.0013394599540957342,0.3228131883516916,12.18552207226365,12.508335260615342,15.122851196170242,-2.8639144402983288,15.049436512561979
0.8800000000000007,-0.4065101985655504,-0.7284137200809083,-0.9227073556944145,-0.4078879529380979,-0.7466334322260008,0.0013777543725475017,0.31730323707989116,12.303178800464574,12.620482037544464,15.196707994861399,-2.820025771275253,15.123204571739826
0.8820000000000007,-0.40796886182883096,-0.7302447443867667,-0.9083109263314326,-0.40938356700149287,-0.7478070316974934,0.0014147051726619009,0.31159197863806387,12.42103445990304,12.732626438541104,15.270649504624537,-2.7760258038675003,15.197060263770542
0.8840000000000007,-0.40943115832386406,-0.732046939880496,-0.8938786384083565,-0.4108814767613648,-0.7489548799359548,0.0014503184375007083,0.30568357186570916,12.539084423545413,12.844767995411122,15.34467284695943,-2.7319162748736674,15.27100069841908
0.8860000000000007,-0.41089703032168784,-0.7338202354145038,-0.8794110616872014,-0.41238163086126617,-0.7500770499506855,0.001484600539578329,0.2995821783644059,12.657324070280398,12.956906248644803,15.41877515352851,-2.6876989254279002,15.345022995708298
0.8880000000000007,-0.41236641995218576,-0.735564560982119,-0.8649087673231239,-0.4138839780874418,-0.7511736130878262,0.0015175581352560585,0.29329196118741185,12.775748784889526,13.069040746076938,15.492953566050122,-2.6433755009307873,15.419124285820313
0.8900000000000007,-0.41383926920637126,-0.7372798477203549,-0.8503723278418736,-0.4153884673654962,-0.7522446390271645,0.0015491981591249093,0.2868170835635353,12.894353958017323,13.181171041580859,15.567205236192038,-2.598947750980092,15.493301708997414
0.8920000000000007,-0.4153155199386776,-0.7389660279126281,-0.8358023171171917,-0.4168950477570574,-0.7532901957806019,0.0015795278183797778,0.2801617076544427,13.013134986141221,13.293296693795664,15.64152732546555,-2.554417429301283,15.567552415442504
0.8940000000000007,-0.4167951138692538,-0.7406230349914318,-0.8211993103481516,-0.4184036684564418,-0.7543103496922001,0.0016085545871880047,0.27332999334412245,13.13208727154146,13.405417264885582,15.715917005119902,-2.5097862936779145,15.641873565219374
0.8960000000000007,-0.41827799258626486,-0.7422508035409638,-0.8065638840364576,-0.41991427878732124,-0.7553051654397339,0.0016362862010563806,0.26632609706011,13.25120622227086,13.51753231933097,15.79037145603753,-2.4650561058818328,15.716262328152691
0.8980000000000007,-0.4197640975481981,-0.743849269299709,-0.7918966159636804,-0.4214268281993966,-0.7562747060376731,0.0016627306511984852,0.2591541706251266,13.370487252124935,13.629641422750062,15.864887868629818,-2.4202286316032326,15.790715883728168
0.9000000000000007,-0.4212533700861743,-0.7454183691629762,-0.7771980851684491,-0.42294126626507966,-0.7572190328415253,0.001687896178905357,0.25181836013839387,13.489925780612058,13.741744140750452,15.939463442733755,-2.3753056403805375,15.865231420992595
0.9020000000000007,-0.42274575140626364,-0.7469580411853894,-0.7624688719235916,-0.42445754267618657,-0.7581382055534672,0.0017117912699229354,0.2443228048859214,13.60951723292412,13.853840037810041,16.014095387509407,-2.3302889055301605,15.93980613845428
0.9040000000000007,-0.42424118259180704,-0.7484682245833338,-0.7477095577132264,-0.425975607240645,-0.7590322822292005,0.00173442464883794,0.23667163627857368,13.729257039907592,13.965928676186167,16.088780921338234,-2.285180204076118,16.01443724398371
0.9060000000000007,-0.4257396046057418,-0.7499488597373545,-0.7329207252098067,-0.4274954098792169,-0.7599013192859645,0.0017558052734751306,0.22886897681756002,13.849140638035095,14.078009614852656,16.163517271722455,-2.2399813166794695,16.089121954714564
0.9080000000000007,-0.42724095829293257,-0.7513998881945108,-0.7181029582511167,-0.4290169006222402,-0.7607453715116456,0.0017759423293076115,0.2209189390859434,13.969163469377703,14.190082408463645,16.238301675185518,-2.1946940275676514,16.163857496945354
0.9100000000000007,-0.4287451843825064,-0.7528212526706838,-0.7032568418172254,-0.43054002960639004,-0.7615644920749233,0.0017948452238836232,0.21282562476598876,14.089320981577973,14.302146606343962,16.313131377173587,-2.1493201244636966,16.23864110604167
0.9120000000000007,-0.43025222349019315,-0.754212897052838,-0.6883829620073866,-0.4320647470714628,-0.7623587325363949,0.0018125235812696538,0.20459312368108273,14.209608627823778,14.41420175150486,16.388003631958263,-2.103861398515279,16.313470026339058
0.9140000000000007,-0.43176201612066917,-0.7555747664012359,-0.6734819060169083,-0.43359100335718403,-0.7631281428606238,0.0018289872365148674,0.19622551286190726,14.330021866823092,14.526247379685,16.46291570254052,-2.0583196442236833,16.388341511046775
0.9160000000000007,-0.4332745026699066,-0.7569068069516074,-0.6585542621139661,-0.43511874890004215,-0.7638727714290592,0.001844246230135571,0.18772685563581915,14.450556162779774,14.638283018415594,16.53786486055595,-2.01269665937261,16.463252822152384
0.9180000000000007,-0.43478962342752625,-0.7582089661172725,-0.643600619616381,-0.4366479342301497,-0.764592665053776,0.0018583108026234418,0.17910120073891367,14.571206985370448,14.750308186109361,16.612848386181355,-1.9669942449569036,16.538201230327353
0.9200000000000007,-0.43630731857915495,-0.7594811924912169,-0.6286215688683544,-0.4381785099681337,-0.7652878689919875,0.0018711913889787324,0.17035258145013055,14.691969809722524,14.862322391172654,16.687863568042687,-1.9212142051111474,16.61318401483367
0.9220000000000007,-0.43782752820878684,-0.760723435848122,-0.6136177012171614,-0.43971042682205624,-0.765958426961285,0.0018828986132694014,0.16148501474667842,14.812840116393462,14.97432513114014,16.76290770312451,-1.8753583470381427,16.688198463431604
0.9240000000000007,-0.4393501923011487,-0.7619356471463469,-0.5985896089898061,-0.44124363558436736,-0.7666043811555605,0.0018934432832186654,0.1525025004802738,14.933813391351409,15.086315891831683,16.837978096680853,-1.8294284809373,16.76324187228871
0.9260000000000007,-0.4408752507440694,-0.7631177785298654,-0.5835378854696376,-0.4427780871288905,-0.7672257722615706,0.0019028363848210827,0.1434090205734906,15.054885125957075,15.198294146530564,16.913072062147712,-1.7834264199329088,16.838311545889983
0.9280000000000007,-0.44240264333085283,-0.7642697833301542,-0.5684631248729285,-0.4443137324078427,-0.7678226394761034,0.0019110890769898914,0.13420853823586265,15.176050816947214,15.310259355183076,16.988186921056993,-1.7373539800023148,16.91340479694953
0.9300000000000007,-0.4439323097626552,-0.7653916160680367,-0.5533659223254133,-0.4458505224488901,-0.7683950205237098,0.0019182126862349325,0.1249049971988403,15.297305966419422,15.422210963618262,17.063320002952167,-1.691212979903991,16.988518946323413
0.9320000000000007,-0.4454641896508649,-0.7664832324554773,-0.5382468738387988,-0.44738840835224003,-0.7689429516749654,0.0019242187013751577,0.11550232096969815,15.418646081818688,15.534148402788386,17.13846864530552,-1.6450052411055311,17.06365132292422
0.9340000000000007,-0.44699822251948684,-0.7675445893973301,-0.5231065762872315,-0.4489273412877705,-0.7694664677652285,0.0019291187682836664,0.10600441210334433,15.540066675925353,15.646071088028696,17.213630193437137,-1.598732587711527,17.13879926363688
0.9360000000000007,-0.4485343478075302,-0.7685756449930402,-0.5079456273837342,-0.45046727249219826,-0.7699656022138635,0.001932924684668047,0.09641515149182656,15.66156326684492,15.757978418336748,17.28880200043555,-1.5523968463913629,17.213960113236283
0.9380000000000007,-0.45007250487139877,-0.7695763585382983,-0.4927646256566101,-0.4520081532662861,-0.7704403870438982,0.0019356483948873016,0.08673839767119995,15.783131377999444,15.869869775670644,17.36398142708012,-1.5059998463069368,17.28913122430638
0.9400000000000007,-0.4516126329872855,-0.7705466905266471,-0.47756417042581323,-0.45354993497209023,-0.7708908529020914,0.0019373019848047401,0.07697798614513696,15.904766538120684,15.981744524265821,17.439165841765337,-1.4595434190402639,17.36430995716095
0.9420000000000007,-0.4531546713535694,-0.7714866026510412,-0.4623448617792888,-0.455092569030249,-0.7713170290793792,0.0019378976766795675,0.06713772872516843,16.026464281245214,16.093602009970382,17.51435262042671,-1.4130293985210367,17.43949367976625
0.9440000000000007,-0.4546985590932162,-0.7723960578053592,-0.4471073005492825,-0.4566360069173123,-0.7717189435316797,0.0019374478240961057,0.05722141288694971,16.148220146711104,16.205441559598054,17.589539146468653,-1.3664596209540676,17.51467976766517
0.9460000000000007,-0.4562442352561816,-0.7732750200858691,-0.43185208828862093,-0.4581802001631144,-0.7720966229010301,0.0019359649069328189,0.047232801142360614,16.2700296791567,16.31726248029906,17.66472281069416,-1.3198359247466764,17.589865603903377
0.9480000000000007,-0.457791638821817,-0.7741234547926448,-0.4165798272469639,-0.4597251003481885,-0.7724500925370363,0.0019334615263714716,0.03717563042718419,16.39188842852123,16.429064058948416,17.739901011236398,-1.2731601504359882,17.66504857895722
0.9500000000000007,-0.45934070870127963,-0.774941328430937,-0.4012911203470251,-0.4612706591012257,-0.7727793765186142,0.0019299503999460899,0.027053611503755626,16.513791950047356,16.540845561551112,17.815071153492124,-1.2264341406161632,17.74022609066352
0.9520000000000007,-0.4608913837399428,-0.7757286087124948,-0.38598657116077534,-0.4628168280965777,-0.773084497676003,0.0019254443566348867,0.016870428378967794,16.635735804285666,16.652606232664635,17.89023065005715,-1.1796597398655562,17.815395544151222
0.9540000000000007,-0.4624436027198113,-0.7764852645568407,-0.3706667838856111,-0.46436355905180376,-0.7733654776130339,0.0019199563319924895,0.0066297377365298615,16.75771555710123,16.76434529483776,17.96537692066353,-1.1328387946738177,17.890554351775044
0.9560000000000007,-0.46399730436193753,-0.7772112660924978,-0.3553323633205022,-0.46591080372526306,-0.7736223367296373,0.0019134993633255215,-0.0036648316160325933,16.8797267796821,16.876061948066067,18.040507392119054,-1.0859731533688866,17.965699933050985
0.9580000000000007,-0.46555242732884106,-0.7779065846581683,-0.33998391484211593,-0.4674585139137522,-0.7738550942445721,0.0019060865849111486,-0.014009679286219878,17.001765048550002,16.98775536926378,18.115619498248265,-1.0390646660439766,18.04082971459398
0.9600000000000007,-0.46710891022692996,-0.778571192803866,-0.32462204438091735,-0.46900664145018894,-0.7740637682183646,0.0018977312232589805,-0.024401233821429447,17.123825945572857,17.09942471175143,18.190710679835853,-0.9921151844844522,18.11594113005731
0.9620000000000007,-0.46866669160892455,-0.7792050642919991,-0.3092473583972486,-0.4705551382013418,-0.7742483755764412,0.00188844659241727,-0.03483595321980948,17.245905057979595,17.211069104759787,18.26577838457179,-0.9451265620946712,18.191031620074266
0.9640000000000007,-0.47022570997628316,-0.7798081740984067,-0.2938604638573866,-0.4721039560656067,-0.7744089321324441,0.0018782460893235209,-0.045310325427578846,17.367997978376955,17.322687652949377,18.34082006699863,-0.8981006538247592,18.266098632201714
0.9660000000000007,-0.4717859037816301,-0.7803804984133464,-0.27846196820958236,-0.4736530469708301,-0.7745454526117176,0.0018671431892000045,-0.055820868822731295,17.490100304768454,17.434279435945722,18.41583318846073,-0.8510393160973376,18.341139620865793
0.9680000000000007,-0.4733472114311855,-0.7809220146424343,-0.2630524793600753,-0.47520236287218004,-0.774657950674954,0.001855151440994518,-0.06636413268541697,17.612207640575445,17.545843507890027,18.490815217055545,-0.8039444067341793,18.416152047309623
0.9700000000000008,-0.4749095712871968,-0.7814327014075367,-0.24763260564910117,-0.476751855750064,-0.774746438941989,0.0018422844628672164,-0.07693669765500566,17.73431559466031,17.6573788970053,18.565763627586918,-0.756817784882848,18.491133379543157
0.9720000000000008,-0.476472921670372,-0.7819125385476147,-0.2322029558268709,-0.4783014776080955,-0.774810929015737,0.0018285559377235194,-0.087535176174105,17.8564197813518,17.768884605177696,18.640675901520417,-0.7096613109432539,18.566081092295054
0.9740000000000008,-0.47803720086231477,-0.7823615071195194,-0.21676413902953975,-0.47985118047110803,-0.7748514315062575,0.0018139796087932591,-0.09815621291950238,17.978515820472502,17.880359607553,18.715549526940823,-0.6624768464941829,18.640992666966685
0.9760000000000008,-0.4796023471079612,-0.7827795893987406,-0.2013167647551594,-0.4814009163832179,-0.7748679560549439,0.001798569275256734,-0.10879648522029273,18.100599337368546,17.991802852148254,18.79038199851147,-0.6152662542197861,18.715865591588333
0.9780000000000008,-0.4811682986180174,-0.7831667688801057,-0.18586144283961595,-0.4829506374059356,-0.7748605113588267,0.0017823387879181696,-0.11945270346313652,18.222665962941313,18.103213259478178,18.865170817435814,-0.5680313978360142,18.790697360777326
0.9800000000000008,-0.48273499357139915,-0.7835230302784316,-0.17039878343255502,-0.48450029561632557,-0.7748291051949842,0.00176530204492642,-0.1301216114848125,18.344711333681435,18.21458972219662,18.93991349142095,-0.5207741420170284,18.865485475698463
0.9820000000000008,-0.48430237011767224,-0.7838483595291285,-0.1549293969732936,-0.48604984310521565,-0.7747737444450532,0.001747472987543408,-0.1407999869522203,18.466731091704865,18.325931104752645,19.01460753464319,-0.47349635232156484,18.94022744402643
0.9840000000000008,-0.4858703663794944,-0.7841427437887545,-0.13945389416672238,-0.4875992319754553,-0.7746944351198337,0.0017288655959609156,-0.15148464172977105,18.588720884791115,18.437236243061346,19.08925046771582,-0.4261998951192769,19.01492077991039
0.9860000000000008,-0.48743892045505816,-0.7844061714355232,-0.12397288595919169,-0.48914841434022327,-0.7745911823839797,0.0017094938851651142,-0.16217242223436124,18.710676366423737,18.548503944189378,19.16383981765872,-0.37888663751703094,19.089563003940768
0.9880000000000008,-0.48900797042053434,-0.7846386320697621,-0.10848698351439892,-0.4906973423213848,-0.7744639905807723,0.0016893719008504449,-0.1728602097778631,18.832593195832754,18.65973298605489,19.238373117870154,-0.3315584472852003,19.164151643117954
0.9900000000000008,-0.4905774543325169,-0.7848401165143235,-0.09299679818925645,-0.4922459680478987,-0.7743128632569678,0.001668513715381792,-0.18354492089745156,18.95446703803945,18.770922117142,19.312847908100572,-0.2842171927839092,19.23868423082336
0.9920000000000008,-0.4921473102304685,-0.7850106168149463,-0.0775029415097575,-0.49379424365427416,-0.7741378031877153,0.0016469334238056743,-0.19422350767352325,19.07629356390308,18.882070056229555,19.387261734428453,-0.23686474288926676,19.313158306792346
0.9940000000000008,-0.4937174761391662,-0.7851501262405709,-0.06200602514683405,-0.49534212127907723,-0.7739388124015395,0.0016246451399110073,-0.2048929580355252,19.198068450169874,18.99317549213435,19.461612149238192,-0.1895029669195792,19.387571417089454
0.9960000000000008,-0.49528789007114854,-0.7852586392836038,-0.04650666089220912,-0.496889553063488,-0.7737158922053826,0.0016016629923394365,-0.21555029605554887,19.31978737952405,19.1042370834685,19.53589671120001,-0.14213373456154602,19.461921114085598
0.9980000000000008,-0.49685849002916244,-0.7853361516601358,-0.031005460634244315,-0.4984364911499074,-0.7734690432097002,0.0015780011207449651,-0.22619258222995597,19.44144604064098,19.215253458411024,19.61011298525187,-0.09475891579644007,19.53620495643742
1.0000000000000007,-0.4984292140086109,-0.7853826603101113,-0.015503036333783526,-0.4999828876806146,-0.7731982653536075,0.001553673672003708,-0.23681691374892067,19.563040128242385,19.326223214493464,19.68425854258343,-0.04738038082627785,19.610420509068664
1.0020000000000007,-0.5000000000000006,-0.7853981633974483,5.176561539049474e-15,-0.5015286947964748,-0.7729035579300684,0.001528694796474217,-0.24742042475400572,19.684565343153647,19.437144918399643,19.758330960621972,1.5820603665167015e-14,19.684565343153633
1.0040000000000007,-0.5015707859913903,-0.7853826603101113,0.015503036333794974,-0.503073864635697,-0.772584919611127,0.0015030786443067656,-0.258000286583957,19.8060173923632,19.54801710577924,19.83232782302037,0.04738035626046604,19.758637036102733
1.0060000000000007,-0.5031415099708386,-0.7853361516601358,0.031005460634254668,-0.5046183493326434,-0.7722423484731719,0.0014768393618047604,-0.2685537080084943,19.927391989083947,19.658838281075454,19.906246719646933,0.09475881753387232,19.832633171550075
1.0080000000000007,-0.5047121099288525,-0.7852586392836037,0.04650666089221947,-0.5061621010166878,-0.7718758420222326,0.0014499910878352784,-0.27907793545046466,20.04868485281661,19.769606917366147,19.980085246577357,0.1421335134736831,19.906551339342926
1.0100000000000007,-0.5062825238608348,-0.7851501262405708,0.06200602514684441,-0.5077050718111263,-0.7714853972193011,0.0014225479502915084,-0.2895702531961719,20.169891709415264,19.880321456219093,20.053841006088533,0.18950257388181757,19.980389135533446
1.0120000000000007,-0.5078526897695326,-0.7850106168149463,0.07750294150976787,-0.5092472138321377,-0.7710710105056748,0.0013945240626050959,-0.30002798359415106,20.29100829115474,19.990980307560587,20.127511606654327,0.23686412878252022,20.054144162372218
1.0140000000000007,-0.5094225456674841,-0.7848401165143234,0.09299679818926682,-0.5107884791877944,-0.7706326778283166,0.0013659335203102252,-0.31044848724226304,20.412030336800004,20.101581849557743,20.201094662943262,0.284216308496187,20.127814028303817
1.0160000000000007,-0.5109920295794668,-0.7846386320697619,0.10848698351440926,-0.5123288199771248,-0.7701703946652263,0.0013367903976579942,-0.3208291631633897,20.532953591677582,20.212124428514194,20.274587795818185,0.3315572437131884,20.201396347964394
1.0180000000000007,-0.5125610795449429,-0.784406171435523,0.12397288595920203,-0.5138681882892264,-0.7696841560508206,0.001307108744283525,-0.33116744896956263,20.653773807748774,20.32260635877921,20.347988632337678,0.3788850655676756,20.274888742181098
1.0200000000000007,-0.5141296336205067,-0.7841427437887544,0.13945389416673273,-0.515406536202429,-0.7691739566013149,0.0012769025819223678,-0.3414608210147252,20.7744867436849,20.433025922670176,20.42129480575951,0.42619790571136856,20.34828883797353
1.0220000000000007,-0.5156976298823289,-0.7838483595291282,0.15492939697330502,-0.5169438157835092,-0.7686397905401039,0.0012461859011803078,-0.35170679453624176,20.89508816494434,20.5433813704081,20.494503955545856,0.4734938963873274,20.421594268557012
1.0240000000000007,-0.517265006428602,-0.7835230302784313,0.17039878343256643,-0.5184799790869555,-0.7680816517231345,0.0012149726583535747,-0.3619029237850935,21.015573843851552,20.65367092006646,20.567613727370304,0.5207711705037015,20.494802673347852
1.0260000000000007,-0.5188317013819836,-0.7831667688801054,0.1858614428396263,-0.5200149781542841,-0.7674995336642689,0.0011832767723004567,-0.3720468021450407,21.135939559677702,20.763892757532663,20.640621773126867,0.5680278617074431,20.56791169797026
1.0280000000000007,-0.5203976528920399,-0.7827795893987404,0.20131676475516969,-0.5215487650134054,-0.7668934295606307,0.0011511121213655384,-0.3821360622405834,21.256181098723456,20.874045036482872,20.713525750940512,0.6152621044580201,20.640918994265437
1.0300000000000007,-0.5219627991376863,-0.7823615071195191,0.21676413902955008,-0.5230812916780413,-0.7662633323179294,0.0011184925403550094,-0.3921683760339434,21.37629425440319,20.984125878369248,20.78632332517978,0.6624720341010517,20.71382222030214
1.0320000000000007,-0.5235270783296291,-0.7819125385476142,0.2322029558268812,-0.5246125101471928,-0.7656092345757608,0.001085431817563709,-0.4021414549112534,21.49627482733125,21.094133372419996,20.859012166470805,0.7096557869419566,20.78661904038929
1.0340000000000007,-0.5250904287128042,-0.7814327014075364,0.24763260564911146,-0.5261423724046586,-0.7649311287328743,0.0010519436918543512,-0.41205304975779455,21.61611862540967,21.204065575651875,20.931589951713438,0.7568115003195314,20.859307125090137
1.0360000000000007,-0.5266527885688155,-0.7809220146424339,0.26305247936008563,-0.5276708304186034,-0.7642290069724057,0.0010180418497879318,-0.42190095102257796,21.735821463917922,21.313920512895344,21.00405436409878,0.8039373126795102,20.93188415123841
1.0380000000000007,-0.528214096218371,-0.7803804984133461,0.2784619682095926,-0.5291978361411775,-0.7635028612870698,0.0009837399228065369,-0.43168298877232836,21.855379165604045,21.42369617683172,21.076403093128516,0.8510313636480626,21.004347801955983
1.0400000000000007,-0.529774290023718,-0.7798081740984063,0.293860463857398,-0.5307233415081861,-0.762752683504305,0.0009490514844681108,-0.44139703273482267,21.974787560777607,21.533390528042784,21.148633834635902,0.8980917941052622,21.076695766672344
1.0420000000000007,-0.5313333083910766,-0.7792050642919987,0.30924735839726,-0.5322472984388089,-0.7619784653113695,0.0009139900477322938,-0.4510409923319725,22.09404248740415,21.643001495072177,21.22074429080839,0.9451167462584961,21.148925741145653
1.0440000000000007,-0.5328910897730711,-0.7785711928038656,0.3246220443809276,-0.5337696588353696,-0.7611801982803789,0.0008785690622985509,-0.4606128167023571,22.21313979120136,21.752526974499002,21.29273217021182,0.9921043637158188,21.221035427485543
1.0460000000000007,-0.5344475726711599,-0.7779065846581679,0.33998391484212614,-0.5352903745831562,-0.7603578738932842,0.0008428019119962604,-0.47011049471384014,22.332075325736703,21.861964831022863,21.364595187816178,1.039052791559276,21.293022534177428
1.0480000000000007,-0.5360026956380636,-0.7772112660924974,0.3553323633205125,-0.5368093975502898,-0.7595114835667836,0.0008067019122262042,-0.4795320549657367,22.45084495252654,21.971312897560804,21.436331065022962,1.0859601764181308,21.36488477610841
1.0500000000000007,-0.5375563972801898,-0.7764852645568403,0.3706667838856213,-0.5383266795876441,-0.7586410186771598,0.0007702823074543508,-0.488875565781135,22.569444541136903,22.080568975355767,21.50793752969402,1.1328246665420614,21.436619874594843
1.0520000000000007,-0.5391086162600582,-0.7757286087124943,0.38598657116078555,-0.5398421725288142,-0.7577464705850447,0.0007335562687559305,-0.49813913518951036,22.687869969285533,22.18973083409602,21.57941231618186,1.1796444118742822,21.50822555741125
1.0540000000000007,-0.5406592912987215,-0.7749413284309364,0.40129112034703524,-0.5413558281901344,-0.7568278306600986,0.0006965368914129133,-0.507320910899296,22.806117122945476,22.29879621204618,21.650753165361515,1.2264175641246047,21.57969955882087
1.0560000000000007,-0.542208361178184,-0.7741234547926442,0.4165798272469741,-0.5428675983707456,-0.7558850903056028,0.000659237192561557,-0.5164190802608437,22.92418189645005,22.40776281618921,21.72195782466368,1.2731422768424203,21.65103961960763
1.0580000000000007,-0.5437557647438196,-0.7732750200858685,0.43185208828863214,-0.5443774348527115,-0.7549182409829605,0.0006216701088919141,-0.52543187022011,23.042060192599074,22.516628322378963,21.793024048109416,1.3198167054896164,21.72224348710946
1.0600000000000007,-0.5453014409067849,-0.7723960578053587,0.44710730054929376,-0.5458852894011837,-0.7539272742360985,0.0005838484943988531,-0.5343575472626427,23.159747922766606,22.62539037550396,21.863949596346075,1.366439007513419,21.79330891525319
1.0620000000000007,-0.5468453286464316,-0.7714866026510405,0.462344861779299,-0.5473911137646152,-0.7529121817157675,0.0005457851181835949,-0.5431944173484204,23.277241007009742,22.73404658966132,21.934732236684685,1.4130073424191445,21.864233664590596
1.0640000000000007,-0.5483873670127155,-0.7705466905266465,0.47756417042582333,-0.5488948596750227,-0.7518729552037311,0.0005074926623072074,-0.5519408258376335,23.39453537417885,22.842594548341218,22.005369743138544,1.4595198718428999,21.93501550233595
1.0660000000000007,-0.5499274951286023,-0.7695763585382976,0.4927646256566202,-0.5503964788482965,-0.7508095866368445,0.0004689837196941715,-0.5605951574072443,23.511626962028984,22.95103180462174,22.075859896463133,1.5059747596241593,22.005652202404825
1.0680000000000007,-0.5514656521924708,-0.7685756449930394,0.5079456273837444,-0.5518959229845585,-0.7497220681310117,0.0004302707920876836,-0.5691558359587656,23.628511717332376,23.059355881373612,22.146200484197223,1.5523701718782792,22.076141545454096
1.0700000000000007,-0.5530017774805142,-0.7675445893973294,0.5231065762872416,-0.5533931437685685,-0.7486103920050209,0.00039136628805436224,-0.5776213245174899,23.745185595992165,23.167564271474674,22.216389300705288,1.5987042770689237,22.146481318923243
1.0720000000000007,-0.5545358103491361,-0.7664832324554766,0.5382468738388089,-0.554888092870177,-0.7474745508042484,0.0003522825210409142,-0.5859901251226352,23.861644563157288,23.275654438034653,22.286424147220878,1.6449752460803861,22.216669317076903
1.0740000000000007,-0.5560676902373458,-0.7653916160680361,0.5533659223254234,-0.5563807219448255,-0.7463145373242305,0.0003130317074796496,-0.5942607787095078,23.977884593338224,23.383623814628717,22.356302831891455,1.691181252289823,22.2867033410484
1.0760000000000007,-0.5575973566691482,-0.7642697833301535,0.5684631248729386,-0.5578709826340936,-0.7451303446340944,0.0002736259649454009,-0.6024318649830129,24.093901670524083,23.49146980554107,22.426023169823903,1.7373204716393875,22.356581198884694
1.0780000000000007,-0.5591247492559317,-0.7631177785298645,0.5835378854696486,-0.5593588265662933,-0.7439219660998462,0.0002340773103616245,-0.6105020022830154,24.209691788300315,23.5991897860173,22.495582983131513,1.7833910827082529,22.426300705592062
1.0800000000000007,-0.5606498076988524,-0.7619356471463461,0.5985896089898172,-0.5608442053571083,-0.7426893954075079,0.00019439765825590705,-0.6184698474418182,24.325250949967753,23.706781102525934,22.564980100981757,1.8293912667845524,22.495859683183202
1.0820000000000007,-0.5621724717912142,-0.7607234358481212,0.6136177012171715,-0.5623270706102805,-0.7414326265861015,0.00015459881906632056,-0.6263340956334429,24.440575168662342,23.8142410730289,22.634212359645073,1.875319207937194,22.565255960725146
1.0840000000000007,-0.563692681420846,-0.7594811924912162,0.6286215688683645,-0.5638073739183415,-0.740151654030474,0.00011469249749540555,-0.6340934802153964,24.555660467475725,23.921566987260327,22.703277602544656,1.9211730930875746,22.63448737438815
1.0860000000000007,-0.5652103765724747,-0.7582089661172716,0.643600619616391,-0.5652850668633894,-0.7388464725239573,7.469029091466961e-05,-0.6417467725626103,24.670502879576784,24.028756107014175,22.77217368030724,1.9669511120811574,22.703551767495625
1.0880000000000007,-0.5667254973300944,-0.7569068069516065,0.6585542621139759,-0.5667601010179112,-0.7375170772608607,3.4603687816825435e-05,-0.6492927818939731,24.785098448333997,24.135805666440024,22.84089845081455,2.01265145775899,22.77244699057501
1.0900000000000007,-0.5682379838793319,-0.7555747664012349,0.6734819060169183,-0.5682324279456488,-0.7361634638687893,-5.555933683121239e-06,-0.6567303550916237,24.8994432274384,24.242712872346775,22.9094497792558,2.0582723260290336,22.841170901409367
1.0920000000000007,-0.5697477765098079,-0.754212897052837,0.6883829620073966,-0.5697019992025103,-0.7347856284307853,-4.577730729760088e-05,-0.6640583765127817,25.01353328102737,24.34947490451459,22.97782553818093,2.1038119159374222,22.90972136508995
1.0940000000000007,-0.5712548156174946,-0.752821252670683,0.7032568418172352,-0.5711687663375249,-0.733383567507286,-8.604927996969103e-05,-0.67127576779481,25.127364683809127,24.456088916014316,23.046023607554588,2.149268429739581,22.978096254069545
1.0960000000000008,-0.5727590417070685,-0.7513998881945098,0.7181029582511277,-0.5726326808938407,-0.7319572781578955,-0.00012636081322781045,-0.6783814876531946,25.240933521187774,24.56255203353458,23.11404187481088,2.1946400729712146,23.04629344821656
1.0980000000000008,-0.5742603953942593,-0.7499488597373534,0.7329207252098175,-0.5740936944097667,-0.7305067579629649,-0.00016670098449267368,-0.6853745316728888,25.35423588938903,24.668861357716143,23.181878234908787,2.239925054519165,23.114310834869865
1.1000000000000008,-0.575758817408194,-0.7484682245833328,0.7477095577132363,-0.5755517584198566,-0.7290320050449773,-0.0002070589883373941,-0.69225393209283,25.467267895586414,24.775013963493585,23.249530590388243,2.285121586692143,23.18214630889427
1.1020000000000008,-0.5772542485937373,-0.7469580411853884,0.7624688719236015,-0.5770068244560361,-0.7275330180897333,-0.0002474241377011799,-0.6990187575843598,25.580025658028042,24.881006900443683,23.316996851426936,2.330227885291323,23.24979777273672
1.1040000000000008,-0.5787466299138267,-0.7454183691629751,0.777198085168459,-0.5784588440487708,-0.7260097963673314,-0.00028778586505595616,-0.7056681130229614,25.69250530616394,24.98683719314098,23.38427493589746,2.375242169680807,23.317263136483135
1.1060000000000008,-0.5802359024518029,-0.743849269299708,0.7918966159636902,-0.5799077687282767,-0.7244623397529428,-0.00032813372352624715,-0.7122011392539518,25.80470298077353,25.092501841519578,23.451362769425252,2.4201626628579156,23.384540317915615
1.1080000000000008,-0.5817220074137361,-0.7422508035409627,0.8065638840364675,-0.5813535500257714,-0.7228906487473723,-0.00036845738796476013,-0.7186170128522962,25.9166148340939,25.197997821241604,23.518258285446873,2.4649875915233745,23.451627242570524
1.1100000000000008,-0.5832048861307472,-0.7406230349914307,0.8211993103481614,-0.5827961394747662,-0.7212947244974052,-0.0004087466559810071,-0.7249149458763249,26.028237029948087,25.303322084071763,23.584959425268828,2.5097151861513423,23.518521843796744
1.1120000000000008,-0.5846844800613233,-0.7389660279126269,0.8358023171172014,-0.584235488612398,-0.7196745688159342,-0.0004489914489252955,-0.7310941856158704,26.139565743873877,25.408471558258007,23.65146413812685,2.554343681059272,23.585222062814605
1.1140000000000008,-0.5861607307936298,-0.7372798477203537,0.8503723278418843,-0.5856715489808018,-0.7180301842018639,-0.0004891818128280878,-0.737154014334751,26.25059716325285,25.513443148918096,23.717770381245455,2.598871314477647,23.6517258487752
1.1160000000000008,-0.5876335800478153,-0.7355645609821178,0.8649087673231347,-0.5871042721285213,-0.716361573859788,-0.0005293079192939532,-0.7430937490077838,26.361327487439546,25.618233738431762,23.783876119897947,2.6432963286195426,23.718031158820004
1.1180000000000008,-0.5891029696783132,-0.7338202354145027,0.8794110616872112,-0.5885336096119602,-0.7146687417194377,-0.0005693600663529974,-0.7489127410526675,26.47175292789094,25.722840186838273,23.849779327466692,2.6876169697500307,23.784135958140908
1.1200000000000008,-0.5905688416761369,-0.7320469398804947,0.8938786384083662,-0.58995951299687,-0.712951692454896,-0.000609328679266885,-0.7546103760564726,26.581869708295997,25.827259332239525,23.91547798550372,2.731831488255446,23.850038220040553
1.1220000000000008,-0.59203113817117,-0.7302447443867655,0.9083109263314422,-0.5913819338598771,-0.7112104315035762,-0.0006492043112928947,-0.7601860734973975,26.691674064705424,25.931487991208027,23.980970083791505,2.775938138712456,23.91573592599297
1.1240000000000008,-0.5934898014344506,-0.7284137200809071,0.9227073556944241,-0.5928008237900471,-0.7094449650849606,-0.0006889776444035656,-0.7656392864613148,26.801162245661367,26.03552295920005,24.046253620403967,2.8199351799569943,23.98122706570437
1.1260000000000008,-0.5949447738804508,-0.726553939248624,0.9370673581509312,-0.5942161343904853,-0.7076553002190958,-0.000728639489965488,-0.7709695013540063,26.910330512327228,26.13936101097322,24.11132660176765,2.8638208751530048,24.046509637174225
1.1280000000000008,-0.5963959980693496,-0.724665475310879,0.9513903667926548,-0.5956278172799749,-0.7058414447448444,-0.0007681807893746839,-0.7761762376085346,27.019175138617495,26.24299890100896,24.176187042723008,2.907593491861031,24.111581646756463
1.1300000000000008,-0.5978434167093012,-0.7227484028209947,0.9656758161717386,-0.5970358240946507,-0.7040034073378861,-0.0008075926146504653,-0.7812590473882564,27.127692411327377,26.34643336393912,24.24083296658579,2.951251302106617,24.17644110922076
1.1320000000000008,-0.5992869726586957,-0.7208027974617106,0.979923142323102,-0.5984401064897077,-0.7021411975284687,-0.0008468661689879919,-0.7862175152854811,27.23587863026249,26.44966111497701,24.305262405208488,2.9947925824485484,24.241086047813944
1.1340000000000008,-0.6007266089284162,-0.7188287360421948,0.9941317827867034,-0.5998406161411455,-0.7002548257189054,-0.0008859927872707507,-0.7910512580162288,27.343730108368458,26.55267885035223,24.369473399041716,3.0382156140468957,24.305514494321564
1.1360000000000008,-0.6021622686840878,-0.716826296495012,1.008301176629747,-0.6012373047475471,-0.698344303200816,-0.0009249639365407347,-0.7957599241106039,27.451243171860035,26.65548324774943,24.43346399719574,3.081518682730882,24.369724489129155
1.1380000000000008,-0.6035938952483215,-0.7147955578730468,1.022430764468824,-0.6026301240318913,-0.6964096421721081,-0.0009637712164302092,-0.8003431935994998,27.55841416035045,26.75807096675095,24.497232257501736,3.1247000790665806,24.433714081283867
1.1400000000000008,-0.6050214321029521,-0.7127366003463828,1.0365199884920029,-0.6040190257433987,-0.694450855753699,-0.0010024063595533983,-0.804800777697654,27.66523942698017,26.860438649282514,24.56077624657314,3.1677580984244083,24.49748132855576
1.1420000000000008,-0.6064448228912687,-0.7106495051991376,1.0505682924808426,-0.6054039616594107,-0.6924679580059728,-0.0010408612318579813,-0.8091324184827609,27.771715338545544,26.962582920062783,24.62409403986673,3.210691041046427,24.561024297499117
1.1440000000000008,-0.6078640114202403,-0.7085343548262539,1.064575121832356,-0.6067848835873006,-0.6904609639449732,-0.0010791278329396192,-0.8133378885715392,27.87783827562704,27.064500387055503,24.687183721743615,3.2534972121134644,24.624341063513576
1.1460000000000008,-0.6092789416627338,-0.706391232730247,1.0785399235809043,-0.6081617433664173,-0.6884298895583275,-0.0011171982963165128,-0.8174169907920992,27.98360463271717,27.16618764192507,24.75004338552999,3.2961749218120366,24.687429710905135
1.1480000000000008,-0.6106895577597259,-0.7042202235179073,1.0924621464200257,-0.6095344928700591,-0.6863747518209026,-0.0011550648896667681,-0.8213695578533198,28.089010818347965,27.267641260494646,24.81267113357774,3.3387224854010658,24.7502883329469
1.1500000000000008,-0.6120958040225086,-0.7020214128969613,1.1063412407242013,-0.6109030840074795,-0.6842955687101888,-0.001192720015029125,-0.825195452011076,28.194053255218144,27.368857803207067,24.875065077324546,3.3811382232784144,24.81291503193973
1.1520000000000008,-0.6134976249348872,-0.6997948876726873,1.1201766585705526,-0.6122674687259223,-0.6821923592214109,-0.0012301562089649387,-0.8288945647315171,28.298728380319517,27.469833815588,24.93722333735399,3.423420461047175,24.87530791927234
1.1540000000000008,-0.6148949651553726,-0.6975407357444888,1.1339678537604732,-0.613627599012687,-0.680065143382364,-0.001267366142685522,-0.8324668163516113,28.40303264506324,27.57056582871163,24.999144043455125,3.465567529581817,24.937465115481423
1.1560000000000008,-0.616287769519365,-0.6952590461024242,1.1477142818411903,-0.614983426897223,-0.6779139422679744,-0.001304342622142074,-0.8359121557368021,28.506962515405323,27.67105035966852,25.06082533468166,3.507577765094088,24.999384750311236
1.1580000000000008,-0.6176759830413336,-0.6929499088236937,1.161415400127263,-0.6163349044532521,-0.6757387780145818,-0.0013410785880815235,-0.8392305599365213,28.610514471971438,27.771283912034917,25.122265359410875,3.5494495091986664,25.06106496277277
1.1600000000000008,-0.6190595509169853,-0.6906134150690829,1.1750706677220004,-0.61768198380092,-0.6735396738339421,-0.0013775671160652925,-0.8424220338366539,28.713685010181425,27.87126297634477,25.18346227540197,3.5911811089787036,25.122503901202723
1.1620000000000008,-0.6204384185254294,-0.6882496570793649,1.1886795455388195,-0.6190246171089739,-0.6713166540269504,-0.001413801416455418,-0.8454866098103309,28.816470640372856,27.970984030562526,25.244414249854028,3.632770917051038,25.18369972332182
1.1640000000000008,-0.6218125314313336,-0.6858587281716576,1.2022414963225259,-0.6203627565969682,-0.6690697439970832,-0.0014497748343654804,-0.8484243473660835,28.91886788792404,28.070443540557957,25.30511945946342,3.674217291631263,25.24465059629278
1.1660000000000008,-0.6231818353870734,-0.6834407227357402,1.2157559846705246,-0.6216963545374953,-0.666798970263556,-0.0014854808495781135,-0.8512353327941868,29.020873293376344,28.169637960582158,25.365576090480676,3.71551859659856,25.305354696777783
1.1680000000000008,-0.6245462763348733,-0.6809957362303273,1.2292224770539564,-0.6230253632584437,-0.6645043604741987,-0.001520913076429542,-0.8539196788110215,29.122483412555578,28.268563733744557,25.425782338766865,3.756673201560266,25.365810210995313
1.1700000000000008,-0.6259058004089407,-0.6785238651792994,1.24264044183876,-0.6243497351452798,-0.6621859434180464,-0.0015560652636609218,-0.8564775242014178,29.223694816692774,28.367217292491357,25.485736409849373,3.797679481916272,25.4260153347765
1.1720000000000008,-0.6272603539375934,-0.6760252071678932,1.256009349306661,-0.6256694226433551,-0.6598437490376434,-0.0015909312942382625,-0.8589090334596516,29.324504092544213,28.465595059084563,25.54543651897685,3.8385358189231886,25.485968273621026
1.1740000000000008,-0.628609883445377,-0.6734998608388486,1.269328671676083,-0.6269843782602372,-0.6574778084410624,-0.0016255051851398195,-0.8612143964284891,29.42490784251017,28.56369344608168,25.60488089117387,3.8792405997581936,25.545667242751975
1.1760000000000008,-0.6299543356551779,-0.6709479258885146,1.2825978831229872,-0.6282945545680645,-0.6550881539136364,-0.0016597810871133989,-0.8633938279371756,29.52490268475334,28.661508856816162,25.664067761294632,3.919792217582792,25.605110467170547
1.1780000000000008,-0.6312936574903244,-0.6683695030629132,1.2958164598016246,-0.6295999042059233,-0.652674818929402,-0.0016937532844011338,-0.8654475674375184,29.624485253315967,28.75903768587845,25.72299537407598,3.9601890716062,25.664296181709766
1.1800000000000008,-0.632627796076684,-0.6657646941537629,1.3089838798652225,-0.6309003798822478,-0.6502378381622568,-0.001727416194436171,-0.867375878639356,29.723652198236067,28.85627631959671,25.78166198418988,4.000429567148564,25.723222631087502
1.1820000000000008,-0.6339566987447497,-0.6631336019944591,1.3220996234865825,-0.6321959343772414,-0.647777247496826,-0.0017607643675082718,-0.8691790491444285,29.822400185662897,28.95322113651847,25.840065856294856,4.040512115703951,25.781888069958946
1.1840000000000008,-0.6352803130317195,-0.6604763304560152,1.3351631728786046,-0.6334865205453195,-0.6452930840390418,-0.0017937924863999921,-0.8708573900794003,29.92072589797114,29.049868507891738,25.8982052650869,4.08043513500302,25.84029076296812
1.1860000000000008,-0.6365985866835678,-0.6577929844429615,1.348174012314727,-0.6347720913175724,-0.6427853861264333,-0.0018264953659954397,-0.8724112357280589,30.018626033874224,29.146214798146165,25.95607849534939,4.120197049075539,25.898428984798684
1.1880000000000008,-0.637911467657108,-0.6550836698892041,1.3611316281492867,-0.6360525997042487,-0.6402541933381264,-0.0018588679528593888,-0.8738409431625449,30.116097308536567,29.242256365374022,26.013683842002237,4.159796288312577,25.95630102022399
1.1900000000000008,-0.6392189041220475,-0.6523484937538422,1.3740355088377978,-0.6373279987972578,-0.6376995465045553,-0.001890905324789749,-0.8751468918740879,30.213136453684598,29.33798956181051,26.071019610150174,4.199231289528492,26.013905164156107
1.1920000000000008,-0.6405208444630333,-0.6495875640169464,1.3868851449571455,-0.6385982417726915,-0.6351214877168834,-0.0019226026903417237,-0.87632948340292,30.309740217716914,29.433410734313995,26.12808411513013,4.238500496022653,26.071239721694262
1.1940000000000008,-0.6418172372816896,-0.6468009896752956,1.3996800292256975,-0.6398632818933638,-0.6325200603361361,-0.0019539553883257677,-0.8773891409678591,30.40590536581296,29.5285162248451,26.184875682557816,4.2776023576408635,26.128303008172097
1.1960000000000008,-0.6431080313986481,-0.6439888807380729,1.4124196565233322,-0.6411230725113679,-0.6298953090020424,-0.0019849588872802304,-0.8783263090955984,30.501628680041026,29.623302370945428,26.241392648373107,4.316535330836653,26.185093349204372
1.1980000000000008,-0.6443931758555674,-0.6411513482225243,1.4251035239113774,-0.6423775670706511,-0.6272472796415889,-0.002015608784916356,-0.8791414532495434,30.596906959464363,29.717765506214818,26.297633358884756,4.355297878732109,26.241609080732253
1.2000000000000008,-0.6456726199171445,-0.6382885041495747,1.437731130652467,-0.6436267191096057,-0.6245760194772839,-0.0020459008075388585,-0.879835059458407,30.691737020246784,29.811901960788376,26.35359617081403,4.393888471178633,26.29784854906815
1.2020000000000008,-0.6469463130731188,-0.6354004615394062,1.4503019782303077,-0.6448704822636759,-0.621881577035133,-0.002075830809442847,-0.8804076339450684,30.786115695756585,29.905708061811517,26.409279451337277,4.432305584817323,26.353810110939264
1.2040000000000008,-0.6482142050402653,-0.6324873344069962,1.4628155703693633,-0.6461088102679806,-0.619164002152326,-0.0021053947722846633,-0.8808597027551324,30.88003983666939,29.99918013391426,26.46468157812762,4.470547703139133,26.409492133530257
1.2060000000000008,-0.6494762457643802,-0.6295492377576154,1.4752714130544418,-0.6473416569599499,-0.6164233459846366,-0.002134588804430293,-0.8811918113857109,30.973506311069592,30.09231449968388,26.519800939395502,4.508613316544726,26.464892994524867
1.2080000000000009,-0.6507323854222566,-0.6265862875822891,1.487669014550202,-0.648568976281977,-0.6136596610135335,-0.002163409140279682,-0.8814045244143909,31.06651200455063,30.18510748013624,26.57463593392822,4.546500922404106,26.520011082146524
1.2100000000000009,-0.6519825744236519,-0.6235986008532164,1.5000078854205656,-0.649790722284083,-0.6108730010530067,-0.0021918521395689616,-0.8814984251286506,31.1590538203138,30.27755539518515,26.629184971128435,4.584209025115903,26.574844795197897
1.2120000000000009,-0.6532267634132446,-0.6205862955191541,1.5122875385480365,-0.6510068491265951,-0.608063421256104,-0.0022199142866494714,-0.8814741151552741,31.25112867926589,30.369654564110615,26.68344647105154,4.6217361361664695,26.62939254309942
1.2140000000000009,-0.654464903272584,-0.6175494905007585,1.5245074891529375,-0.6522173110828375,-0.605230978121186,-0.0022475921897464612,-0.8813322140908642,31.3427335201152,30.461401306024335,26.737418864441914,4.659080774188605,26.683652745926594
1.2160000000000009,-0.6556969451220286,-0.614488305685892,1.5366672548125417,-0.6534220625418333,-0.6023757294978928,-0.002274882580195259,-0.8810733591323294,31.433865299466454,30.552791940334124,26.7911005927682,4.6962414650200595,26.737623834446396
1.2180000000000009,-0.6569228403226757,-0.6114028619248896,1.5487663554801219,-0.654621058011019,-0.5994977345928287,-0.002301782311656675,-0.8806982047084055,31.524520991914194,30.64382278720579,26.844490108257222,4.733216741761755,26.79130425015244
1.2200000000000009,-0.6581425404782816,-0.6082932810257876,1.5608043135039,-0.6558142521189689,-0.596597053974963,-0.002328288359312647,-0.880207422111694,31.614697590134647,30.73449016802295,26.897585873926914,4.7700051448356575,26.84469244529899
1.2220000000000009,-0.659355997437173,-0.6051596857495157,1.5727806536459064,-0.6570015996181304,-0.593673749580748,-0.002354397819042564,-0.8796016991318667,31.704392104976286,30.824790405844418,26.950386363618165,4.806605222042427,26.897786882933858
1.2240000000000009,-0.6605631632941467,-0.6020021998050499,1.5846949031007387,-0.6581830553875684,-0.5907278847189574,-0.002380107906578277,-0.8788817396892834,31.793601565549082,30.914719825859798,27.00289006202531,4.843015528618759,26.95058603693032
1.2260000000000009,-0.6617639903923616,-0.5988209478445286,1.5965465915142285,-0.6593585744357189,-0.5877595240752417,-0.002405415956642676,-0.878048263470057,31.88232301931194,31.004274755841884,27.05509546472546,4.879234627294415,27.003088392017524
1.2280000000000009,-0.6629584313252203,-0.595616055458332,1.6083352510020115,-0.6605281119031517,-0.5847687337164066,-0.0024303194220685054,-0.8771020055620804,31.970553532158902,31.093451526596823,27.10700107820689,4.915261088348943,27.055292443809957
1.2300000000000009,-0.6641464389382395,-0.5923876491701242,1.6200604161679946,-0.6616916230653406,-0.5817555810944126,-0.0024548158728989744,-0.8760437160919121,32.058290188503896,31.182246472411983,27.158605419895828,4.951093489668168,27.10719669883573
1.2320000000000009,-0.6653279663309134,-0.5891358564318571,1.6317216241227364,-0.6628490633354408,-0.5787201350500968,-0.0024789029954725983,-0.8748741598634546,32.14553009136379,31.270655931500333,27.209907018182413,4.9867304168003,27.15879967456349
1.2340000000000009,-0.6665029668585634,-0.5858608056187402,1.6433184145017126,-0.6640003882670741,-0.5756624658166204,-0.0025025785914892795,-0.8735941159973803,32.23227036244011,31.35867624644273,27.26090441244519,5.022170463011787,27.21009989942832
1.2360000000000009,-0.6676713941341805,-0.582562626024172,1.654850329483496,-0.6651455535571194,-0.5725826450226411,-0.002525840577061178,-0.8722043775723209,32.31850814219915,31.44630376462683,27.31159615307449,5.057412229342866,27.261095912856284
1.2380000000000009,-0.6688332020302565,-0.5792414478546352,1.666316913807829,-0.6662845150485098,-0.5694807456952123,-0.002548686981746706,-0.8707057512673178,32.404240589950575,31.53353483868326,27.36198080149449,5.09245432466277,27.311786265287807
1.2400000000000009,-0.6699883446806053,-0.5758974022245572,1.6777177147935967,-0.6674172287330347,-0.5663568422624107,-0.0025711159475706458,-0.8690990570059931,32.489464883924434,31.62036582691844,27.4120569301842,5.127295365724663,27.36216951819977
1.2420000000000009,-0.6711367764821726,-0.572530621151134,1.689052282356697,-0.668543650754146,-0.5632110105556934,-0.002593125728026613,-0.8673851276020583,32.574178221346756,31.706793093744697,27.46182312269695,5.1619339772202535,27.4122442441265
1.2440000000000009,-0.6722784520968377,-0.5691412375491169,1.7003201690278107,-0.66966373740977,-0.5600433278119871,-0.002614714687067643,-0.8655648084068024,32.658377818513344,31.792813010106542,27.511277973678872,5.196368791834075,27.46200902667927
1.2460000000000009,-0.6734133264532017,-0.5657293852255674,1.7115209299700653,-0.670777445155121,-0.5568538726755085,-0.002635881298080678,-0.8636389569579461,32.742060910862286,31.87842195390434,27.560420088885994,5.230598450297473,27.51146246056481
1.2480000000000009,-0.6745413547483686,-0.5622951988745732,1.7226541229965977,-0.6718847306055197,-0.55364272519932,-0.002656624142848951,-0.8616084426308102,32.8252247530447,31.96361631041389,27.609248085200086,5.264621601442273,27.560603151602425
1.2500000000000009,-0.6756624924497128,-0.5588388140719309,1.733719308588011,-0.6729855505392129,-0.5504099668466212,-0.0026769419104998304,-0.8594741462908373,32.907866618993964,32.04839247270313,27.657760590643363,5.298436902254118,27.609429716739847
1.252000000000001,-0.6767766952966373,-0.5553603672697944,1.7447160499097243,-0.6740798619001965,-0.5471556804917777,-0.0026968333964407787,-0.8572369599483376,32.98998380199343,32.132746842045094,27.705956244391672,5.332043017925491,27.65794078406794
1.254000000000001,-0.6778839193023218,-0.5518599957912873,1.7556439128292192,-0.6751676218010387,-0.5438799504210882,-0.0027162975012831048,-0.854897786415254,33.071573614742356,32.2166758283271,27.753833696786735,5.365438621908398,27.706134992833956
1.256000000000001,-0.6789841207554582,-0.5483378378250819,1.7665024659331798,-0.6762487875257053,-0.5405828623332946,-0.0027353332297529453,-0.8524575389637734,33.152633389420494,32.30017585045672,27.801391609346883,5.39862239596675,27.754010993453743
1.258000000000001,-0.6800772562219772,-0.5447940324199441,1.777291280544522,-0.677323316532385,-0.5372645033398328,-0.002753939689592255,-0.8499171409873818,33.23316047775092,32.38324333676354,27.848628654776682,5.4315930302284,27.801567447522523
1.260000000000001,-0.6811632825467622,-0.541228719479243,1.7880099307393185,-0.6783911664563146,-0.5339249619648284,-0.002772116090447585,-0.8472775256636433,33.313152251061396,32.465874725397754,27.895543516975174,5.464349223236872,27.848803027824523
1.262000000000001,-0.6822421568553534,-0.5376420397554289,1.7986579933636127,-0.6794522951126043,-0.5305643281448398,-0.002789861742749089,-0.8445396356197699,33.39260610034396,32.548066464724194,27.942134891042944,5.496889682002693,27.895716418341266
1.264000000000001,-0.6833138365556405,-0.534034134844476,1.8092350480501245,-0.680506660499061,-0.5271826932283478,-0.002807176056579541,-0.8417044225999626,33.47151943631311,32.62981501371315,27.988401483287994,5.52921312205448,27.94230631425863
1.266000000000001,-0.684378279339544,-0.5304051471802923,1.8197406772348461,-0.681554220799011,-0.5237801499749963,-0.0028240585405330254,-0.8387728471354983,33.54988968946239,32.71111684232689,28.034342011230123,5.561318267489645,27.988571421972743
1.268000000000001,-0.6854354431846852,-0.5267552200290972,1.8301744661735249,-0.6825949343841201,-0.5203567925545856,-0.002840508800565078,-0.8357458782168647,33.6277143101191,32.79196843190224,28.07995520360432,5.593203851024721,28.03451045909438
1.270000000000001,-0.686485286356046,-0.5230844974837645,1.8405360029580404,-0.6836287598172117,-0.5169127165458176,-0.002856526538834281,-0.8326244929687565,33.70499076849784,32.87236627552908,28.12523980036284,5.624868614045445,28.080122154452393
1.272000000000001,-0.6875277674076153,-0.5193931244581353,1.8508248785326615,-0.6846556558550814,-0.5134480189347994,-0.0028721115525339735,-0.8294096763270797,33.78171655475222,32.95230687842514,28.17019455267595,5.656311306656405,28.125405248095817
1.274000000000001,-0.6885628451840264,-0.515681246681296,1.861040686710198,-0.685675581451308,-0.5099627981133033,-0.0028872637327184147,-0.826102420718946,33.85788917902499,33.03178675830604,28.214818222931505,5.687530687730404,28.170358491294586
1.276000000000001,-0.6895904788221808,-0.5119490106918256,1.8711830241880347,-0.6866884957590615,-0.5064571538767876,-0.0029019830631192844,-0.8227037257450087,33.93350617149657,33.11080244575156,28.259109584733384,5.718525524957427,28.21498064653914
1.278000000000001,-0.6906106277528624,-0.5081965638320098,1.8812514905640563,-0.6876943581339059,-0.50293118742218,-0.002916269618956524,-0.8192145978646193,34.0085650824323,33.189350484567676,28.303067422898557,5.7492945948933345,28.259270487538963
1.280000000000001,-0.6916232517023378,-0.5044240542420263,1.8912456883524476,-0.6886931281365968,-0.49938500134542413,-0.002930123565741072,-0.8156360500833171,34.08306348222767,33.26742743214435,28.34669053345305,5.779836683008098,28.303226799219576
1.282000000000001,-0.6926283106939477,-0.5006316308540931,1.901165222999395,-0.6896847655358743,-0.4958186996387937,-0.0029435451580733796,-0.8119691016435648,34.15699896145232,33.345029859808754,28.389977723626732,5.81015058373379,28.34684837771853
1.284000000000001,-0.6936257650496839,-0.49681944338659295,1.9110097028986537,-0.6906692303112503,-0.49223238768797495,-0.0029565347384336027,-0.808214777717895,34.23036913089247,33.42215435317458,28.43292781184669,5.84023510051217,28.390134030380302
1.286000000000001,-0.6946155753917563,-0.49298764233815845,1.9207787394070162,-0.6916464826557881,-0.48862617226892,-0.0029690927359682373,-0.8043741091048828,34.303171621591446,33.49879751248656,28.475539627729844,5.870089045841879,28.433082575749566
1.288000000000001,-0.6955977026441474,-0.4891363789817351,1.9304719468596452,-0.692616482978877,-0.48500016154447345,-0.0029812196652704293,-0.8004481319281709,34.37540408488927,33.5749559529611,28.517812012073982,5.899711241325356,28.475692843563913
1.290000000000001,-0.6965721080341551,-0.48526580535860464,1.940088942585311,-0.6935791919089985,-0.4813544650607736,-0.0029929161251566194,-0.7964378873382505,34.44706419246024,33.65062630512199,28.559743816847906,5.92910051771535,28.51796367474489
1.292000000000001,-0.697538753093923,-0.4813760742723874,1.9496293469214865,-0.6945345702964854,-0.47768919374343327,-0.003004182797437638,-0.7923444212171682,34.51814963634924,33.72580521513208,28.601333905180226,5.958255714961063,28.55989392138818
1.294000000000001,-0.6984975996619593,-0.47746733928300505,1.9590927832293472,-0.6954825792162723,-0.4740044598934984,-0.003015020445687022,-0.7881687838862339,34.5886581290063,33.80048934512006,28.642581151347272,5.987175682253935,28.601482446752364
1.296000000000001,-0.6994486098846432,-0.4735397547006235,1.9684788779086286,-0.6964231799706387,-0.4703003771831901,-0.0030254299140044516,-0.7839120298166757,34.65858740332,33.87467537350332,28.683484440759678,6.01585927807308,28.642728125246922
1.298000000000001,-0.7003917462177195,-0.4695934755795562,1.977787260412386,-0.6973563340919416,-0.4665770606514317,-0.0030354121257778477,-0.7795752173434722,34.72793521264914,33.94835999530567,28.72404266994794,6.044305370230361,28.68362984241878
1.300000000000001,-0.7013269714277809,-0.4656286577121454,1.987017563261618,-0.69828200334534,-0.4628346266991619,-0.003044968082440924,-0.7751594083821234,34.79669933085299,34.021539922470865,28.764254746546982,6.07251283591504,28.724186494937946
1.302000000000001,-0.7022542485937372,-0.4616454576226126,1.99616942205977,-0.6992001497315088,-0.45907319308443817,-0.003054098862228405,-0.7706656681484603,34.86487755232019,34.09421188417173,28.80411958927943,6.100480561738146,28.76439699058204
1.304000000000001,-0.7031735411082739,-0.4576440325608759,2.00524247550713,-0.7001107354893434,-0.4552928789173311,-0.003062805618930464,-0.7660950648817766,34.932467691996024,34.16637262711425,28.84363612793805,6.128207443776378,28.80426024821965
1.306000000000001,-0.7040848126792963,-0.4536245404963463,2.0142363654150808,-0.7010137230986526,-0.4514938046546141,-0.0030710895806437266,-0.7614486695708855,34.999467585408425,34.23801891583754,28.88280330336707,6.1556923876157015,28.843775197792723
1.308000000000001,-0.7049880273313636,-0.4495871401116871,2.0231507367202513,-0.7019090752828411,-0.44767609209424886,-0.0030789520485224875,-0.7567275556836495,35.06587508869256,34.30914753300891,28.92162006744244,6.182934308394563,28.882940780297996
1.310000000000001,-0.7058831494071073,-0.44553199079655337,2.0319852374985237,-0.7027967550115805,-0.44383986436967093,-0.003086394395526826,-0.7519327988993307,35.13168807861386,34.37975527971453,28.96008538305108,6.209932130846674,28.92175594776719
1.312000000000001,-0.7067701435686409,-0.4414592526412952,2.0407395189789366,-0.7036767255034682,-0.43998524594387584,-0.003093418065172715,-0.7470654768445695,35.19690445258978,34.44983897574521,28.99819822406932,6.236684789343463,28.960219663246317
1.314000000000001,-0.7076489747989536,-0.43736908643064276,2.049413235557445,-0.7045489502286748,-0.43611236260331016,-0.003100024570278803,-0.7421266688324291,35.261522128710325,34.5193954598779,29.0359575753401,6.263191227936164,28.998330900774164
1.316000000000001,-0.7085196084032932,-0.43326165363735386,2.0580060448105715,-0.7054133929115779,-0.43222134145156904,-0.003106215491715303,-0.7371174556045523,35.32553904575696,34.58842159015241,29.073362432649386,6.289450400397468,29.03608864535949
1.318000000000001,-0.7093820100105358,-0.42913711641584157,2.06651760750892,-0.7062700175333837,-0.4283123109029025,-0.0031119924771521035,-0.7320389190770316,35.388953163220286,34.65691424414325,29.110411802701748,6.315461270262794,29.07349189295749
1.320000000000001,-0.7102361455745426,-0.42499563759577413,2.074947587630569,-0.7071187883347347,-0.42438540067553404,-0.003117357239807883,-0.7268921420892172,35.451762461316584,34.724870319227364,29.14710470309479,6.341222810871262,29.11053965044532
1.322000000000001,-0.7110819813755042,-0.420837380675643,2.083295652374338,-0.7079596698183043,-0.4204407417847933,-0.003122311557199886,-0.7216782081560635,35.51396494100279,34.792286732846726,29.18344016229291,6.3667340054061485,29.147230935596642
1.324000000000001,-0.7119194840212711,-0.41666250981631237,2.091561472172924,-0.7087926267513764,-0.4164784665360647,-0.0031268572698947006,-0.7163982012237557,35.575558623990425,34.85916042276667,29.219417219600043,6.391993846935064,29.18356477705536
1.326000000000001,-0.7127486204486734,-0.41247118983453407,2.099744720705916,-0.7096176241684116,-0.41249870851755677,-0.0031309962802618108,-0.7110532054287744,35.63654155275804,34.925488347329264,29.25503492513171,6.41700133844966,29.21954021430838
1.328000000000001,-0.7135693579248241,-0.4082635861964455,2.1078450749126727,-0.7104346273735973,-0.4085016025928922,-0.0031347305512268164,-0.7056443048602856,35.69691179056274,34.99126748570245,29.2902923397861,6.441755492905006,29.255156297657734
1.330000000000001,-0.7143816640484135,-0.4040398650110325,2.115862215005082,-0.7112436019433843,-0.4044872848935231,-0.0031380621050292046,-0.7001725833260497,35.75666742145009,35.05649483812404,29.325188535214437,6.466255333258524,29.290412088191566
1.332000000000001,-0.7151855067509862,-0.3998001930235766,2.123795824480178,-0.7120445137290062,-0.40045589281097294,-0.0031409930219800097,-0.6946391241214556,35.8158065502632,35.12116742614174,29.359722593790657,6.490499892508531,29.325306657754666
1.334000000000001,-0.7159808542982091,-0.39554473760906766,2.1316455901326443,-0.7128373288589841,-0.3964075649889081,-0.0031435254392250256,-0.6890450098024725,35.874327302650535,35.185282292848065,29.393893608580033,6.51448821373249,29.359839088918044
1.336000000000001,-0.716767675291123,-0.3912736667655984,2.1394112020671754,-0.7136220137416142,-0.3923424413150423,-0.0031456615495087936,-0.6833913219615761,35.93222782507233,35.24883650311075,29.4277006833075,6.53821935012465,29.394008474947682
1.338000000000001,-0.7175459386673817,-0.3869871491077337,2.1470923537107063,-0.7143985350674399,-0.388260662912875,-0.0031474035999418115,-0.6776791410073357,35.98950628480627,35.31182714379893,29.46114293232484,6.561692365033496,29.427813919772774
1.340000000000001,-0.7183156137024804,-0.38268535385984964,2.154688741824525,-0.7151668598117065,-0.3841623721332679,-0.0031487538907739587,-0.671909545947601,36.046160869951684,35.374251324004085,29.49421948057767,6.584906331998672,29.46125453795301
1.342000000000001,-0.7190766700109662,-0.3783684508494582,2.1622000665162333,-0.7159269552367982,-0.3800477125458617,-0.003149714774168033,-0.666083614175752,36.10218978943316,35.43610617525741,29.526929463571204,6.607860334787582,29.494329454645577
1.344000000000001,-0.7198290775476395,-0.37403661050049714,2.169626031251596,-0.7166787888946589,-0.3759168289303344,-0.003150288652980615,-0.6602024212609692,36.157591273002375,35.497388851741405,29.559272027335957,6.630553467431491,29.527037805570885
1.346000000000001,-0.7205728066087387,-0.3696900038266074,2.1769663428662387,-0.7174223286291939,-0.37176986726750627,-0.003150477979544819,-0.6542670407414242,36.21236357123967,35.55809653049825,29.591246328392394,6.652984834261337,29.55937873697833
1.348000000000001,-0.7213078278331142,-0.36532880242437654,2.1842207115772294,-0.7181575425786545,-0.36760697473029236,-0.003150285254459706,-0.6482785439214733,36.266504955554,35.61822641163253,29.622851533715348,6.675153549943015,29.591351405610986
1.350000000000001,-0.7220341122033864,-0.3609531784665698,2.191388850994511,-0.7188843991780035,-0.3634282996745048,-0.0031497130253829164,-0.6422379996719352,36.320013718182345,35.67777571851041,29.6540868206976,6.697058739512352,29.622954978669995
1.352000000000001,-0.7227516310470923,-0.35656330469532804,2.1984704781322146,-0.7196028671612625,-0.3592339916295098,-0.0031487638858297418,-0.6361464742342193,36.37288817218777,35.736741697953555,29.684951377113197,6.718699538409606,29.65418863377817
1.354000000000001,-0.7234603560378163,-0.3521593544153504,2.2054653134198263,-0.72031291556384,-0.35502420128873874,-0.003147440473976304,-0.6300050310275707,36.425126651457,35.79512162042943,29.715444401080042,6.740075092513625,29.68505155894337
1.356000000000001,-0.7241602591963092,-0.3477415014870545,2.212373080713225,-0.7210145137248402,-0.3507990805000591,-0.0031457454714690636,-0.6238147304601538,36.47672751069656,35.85291278023641,29.745565101022155,6.761184558175477,29.715542952521083
1.358000000000001,-0.7248513128915931,-0.3433099203197081,2.2191935073055875,-0.7217076312893521,-0.346558782256006,-0.0031436816022409886,-0.6175766297435692,36.527689125428445,35.91011249568488,29.775312695631523,6.782027102251786,29.745662023176656
1.360000000000001,-0.725533489842051,-0.3388647858645488,2.2259263239381486,-0.7223922382107199,-0.342303460683877,-0.0031412516313311656,-0.6112917827106368,36.57800989198488,35.96671810927424,29.804686413829355,6.802601902137621,29.775407989847253
1.362000000000001,-0.7262067631165052,-0.33440627360787245,2.232571264810838,-0.7230683047527913,-0.3380332710356939,-0.0031384583637139585,-0.6049612396369841,36.627688227501935,36.02272698786495,29.83368549472717,6.822908145798881,29.80478008170305
1.364000000000001,-0.7268711061352795,-0.3299345595641099,2.2391280675927656,-0.7237358014921473,-0.33374836967803256,-0.003135304643132164,-0.5985860470659654,36.67672256991279,36.078136522846826,29.862309187587357,6.842945031804407,29.833777538108386
1.366000000000001,-0.7275264926712492,-0.3254498202688736,2.2455964734325873,-0.7243946993203108,-0.3294489140817256,-0.0031317933509384943,-0.5921672476372031,36.72511137793983,36.13294413030263,29.890556751783535,6.862711769357543,29.862399608582287
1.368000000000001,-0.728172896850876,-0.32095223277199303,2.251976226968714,-0.7250449694459337,-0.32513506281143845,-0.0031279274049423877,-0.5857058799184078,36.77285313108625,36.18714725116784,29.918427456760412,6.882207578327388,29.890645552758865
1.370000000000001,-0.7288102931552296,-0.31644197463052093,2.2582670763394006,-0.7256865833969639,-0.3208069755151218,-0.0031237097582657025,-0.5792029782408381,36.819946329626696,36.24074335138586,29.94592058199375,6.901431689279494,29.918514640347205
1.372000000000001,-0.7294386564209956,-0.31191922390172516,2.264468773192687,-0.7263195130227906,-0.3164648129133436,-0.00311914339820496,-0.5726595725384054,36.86638949459765,36.29372992205924,29.973035416949557,6.9203833435063205,29.94600615109133
1.374000000000001,-0.7300579618414679,-0.30738415913606165,2.270581072696199,-0.7269437304963676,-0.3121087367885045,-0.003114231345100249,-0.5660766881898094,36.912181167786436,36.346104479596626,29.999771261043556,6.939061793057065,29.97311937472937
1.376000000000001,-0.7306681849675289,-0.30283695937012084,2.276603733546818,-0.7275592083163155,-0.3077389099739354,-0.0031089766512134576,-0.5594553458645912,36.95731991172029,36.3978645658557,30.02612742360017,6.95746630076723,29.99985361095306
1.378000000000001,-0.7312693017086147,-0.29827780411956467,2.2825365179802066,-0.7281659193090012,-0.3033554963428838,-0.003103382399613497,-0.5527965613724295,37.001804309654474,36.44900774828204,30.052103223811425,6.975596140287686,30.02620816936679
1.380000000000001,-0.7318612883336656,-0.2937068733720346,2.2883791917801948,-0.728763836630596,-0.2989586607973897,-0.0030974517030696314,-0.5461013455158936,37.04563296555967,36.499531620043776,30.077697990695825,6.993450596113284,30.052182369446385
1.382000000000001,-0.7324441214720632,-0.2891243475800512,2.2941315242880234,-0.72935293376911,-0.2945485692570532,-0.0030911877029531354,-0.5393707039466711,37.08880450410925,36.549433800162575,30.102911063056908,7.011028963611149,30.077775540498102
1.384000000000001,-0.733017778114553,-0.2845304076538848,2.2997932884114562,-0.7299331845464054,-0.2901253886476972,-0.003084593568147609,-0.5326056370252341,37.13131757066554,36.5987119336403,30.127741789442002,7.028330549048389,30.102987021617146
1.386000000000001,-0.7335822356141533,-0.279925234954419,2.3053642606337386,-0.7305045631201853,-0.2856892868899277,-0.0030776724939679534,-0.5258071396840003,37.17317083126595,36.64736369158195,30.1521895281006,7.045354669619529,30.12781616164642
1.388000000000001,-0.7341374716870483,-0.275309011285986,2.310844221022427,-0.7310670439859605,-0.2812404328875945,-0.0030704277010878966,-0.518976201293776,37.21436297260825,36.695386771314475,30.176253646943202,7.062100653473345,30.152262319134906
1.390000000000001,-0.7346834644134688,-0.2706819188891913,2.316232953238069,-0.7316206019789928,-0.27677899651615284,-0.0030628624344759547,-0.5121138055335994,37.254892702035995,36.742778896502394,30.199933523499567,7.078567839739486,30.17632486229651
1.392000000000001,-0.7352201922385566,-0.2660441404337212,2.321530244542743,-0.7321652122762147,-0.27230514861093214,-0.0030549799623419416,-0.5052209302641275,37.29475874752271,36.78953781725858,30.223228544877692,7.094755578554394,30.200003168968315
1.394000000000001,-0.7357476339732164,-0.26139585901112666,2.3267358858084592,-0.7327008503981253,-0.2678190609553102,-0.0030467835750911387,-0.49829854740423785,37.33395985765658,36.83566131025234,30.246138107722146,7.110663231087058,30.22329662656952
1.396000000000001,-0.7362657687949514,-0.25673725812760034,2.331849671525413,-0.7332274922106629,-0.26332090626879934,-0.0030382765842885684,-0.4913476228110336,37.37249480162392,36.88114717881289,30.26866161817312,7.126290169564096,30.246204632059825
1.398000000000001,-0.7367745762486864,-0.25206852169672717,2.3368713998101023,-0.733745113927053,-0.2588108581950437,-0.0030294623216333694,-0.48436911616325795,37.410362369193,36.925993253029745,30.290798491825313,7.141635777294559,30.268726591898442
1.400000000000001,-0.7372740362475738,-0.24738983403222847,2.341800872413291,-0.7342536921096324,-0.25428909128973204,-0.0030203441379413887,-0.47736398084786025,37.4475613706972,36.97019738984934,30.312548153686947,7.156699448694253,30.290861922002946
1.402000000000001,-0.7377641290737886,-0.2427013798406808,2.346637894727843,-0.7347532036716493,-0.24975578100842868,-0.0030109254021393195,-0.4703331638502162,37.484090637017886,37.01375747316767,30.33391003813917,7.171480589309562,30.312610047708326
1.404000000000001,-0.738244835379305,-0.23800334421422897,2.351382275796398,-0.7352436258790379,-0.24521110369432345,-0.0030012095002670547,-0.46327760564713605,37.51994901956723,37.05667141392009,30.354883588895504,7.18597861584092,30.33397040372631
1.406000000000001,-0.738716136186661,-0.23329591262327393,2.3560338283189157,-0.7357249363521697,-0.24065523656590423,-0.002991199834491254,-0.4561982401036252,37.55513539027072,37.098937150167096,30.37546825896159,7.200192956165825,30.354942434104892
1.408000000000001,-0.7391780128897079,-0.22857927090915575,2.360592368660068,-0.7361971130675788,-0.23608835770455516,-0.002980899822129013,-0.44909599437265524,37.58964864154925,37.1405526471766,30.395663510595288,7.214123049361306,30.375525592187948
1.410000000000001,-0.7396304472543441,-0.2238536052768125,2.3650577168564864,-0.736660134359663,-0.23151064604208138,-0.002970312894681082,-0.44197178879820276,37.623487686301495,37.18151589750329,30.415468815266948,7.22776834572611,30.395719340575386
1.412000000000001,-0.7400734214192359,-0.21911910228743098,2.3694296966238717,-0.7371139789223594,-0.22692228134816317,-0.0029594424968765187,-0.4348265368215698,37.65665145788571,37.22182492106414,30.434883653620147,7.241128306802329,30.415523151083377
1.414000000000001,-0.7405069178965217,-0.21437594885108385,2.3737081353639473,-0.7375586258107949,-0.2223234442177439,-0.002948292085726778,-0.42766114489086626,37.68913891010163,37.26147776521076,30.45390751543272,7.254202405396611,30.43493650470502
1.416000000000001,-0.7409309195725027,-0.20962433221934584,2.377892864171278,-0.7379940544429116,-0.21771431605835004,-0.0029368651295911263,-0.42047651237359485,37.7209490171724,37.300472504798805,30.472539899578173,7.266990125600941,30.45395889157146
1.418000000000001,-0.7413454097083186,-0.2048644399779068,2.3819837178399363,-0.7384202446010663,-0.21309507907735034,-0.002925165107252381,-0.4132735314725522,37.752080773726064,37.33880724225351,30.49078031398757,7.279490962812983,30.472589810913078
1.420000000000001,-0.741750371940609,-0.20009646003916087,2.3859805348700234,-0.7388371764336046,-0.2084659162691526,-0.002913195507004418,-0.4060530871447593,37.782533194777464,37.3764801076327,30.508628275611798,7.291704423755923,30.490828771021544
1.422000000000001,-0.742145790282158,-0.1953205806347933,2.389883157474047,-0.7392448304564093,-0.20382701140234297,-0.0029009598257486724,-0.3988160570234961,37.81230531570982,37.413489258686326,30.526083310384394,7.30363002649792,30.508675289211904
1.424000000000001,-0.7425316491225267,-0.19053699030834398,2.3936914315831492,-0.7396431875556563,-0.19917854962348946,-0.002888461566870393,-0.39156331134349076,37.841396192256525,37.449832880913036,30.543144953184754,7.315267300471098,30.526128891785426
1.426000000000001,-0.7429079332286687,-0.18574587790776959,2.397405206853188,-0.7400322289922474,-0.1945207182955689,-0.0028757042364212504,-0.3842957002880787,37.869804900482784,37.485509200194706,30.559812747815492,7.326615786490043,30.543189113992742
1.428000000000001,-0.7432746277455318,-0.18094743257798324,2.401024336670676,-0.7404119364028715,-0.18985370531207463,-0.002862691342660262,-0.3770140363051583,37.897530536656504,37.52051650035135,30.576086246998308,7.337675036772977,30.55985549988353
1.430000000000001,-0.7436317181966445,-0.17614184375338968,2.4045486781585645,-0.7407822918009062,-0.1851776990173431,-0.0028494263957383748,-0.36971912758090586,37.924572217110295,37.55485308952939,30.591965012332814,7.348444614966777,30.576127602143522
1.432000000000001,-0.743979190484687,-0.17132930115040856,2.4079780921818856,-0.7411432775773303,-0.1804928882120716,-0.0028359129073566303,-0.36241177941747194,37.950929078578454,37.58851729916098,30.607448614254302,7.358924096163346,30.592004982415105
1.434000000000001,-0.7443170308920486,-0.16650999475998007,2.4113124433532467,-0.7414948765016466,-0.17579946215813017,-0.0028221543904020097,-0.35509279390182,37.97660027817936,37.621507484277544,30.622536631993114,7.369113066915165,30.607487211264193
1.436000000000001,-0.7446452260813682,-0.16168411484006995,2.4145516000381724,-0.7418370717228118,-0.17109761058259032,-0.002808154358556414,-0.3477629695831158,38.001584993381194,37.65382202379808,30.63722865353509,7.379011125250434,30.622573868130758
1.438000000000001,-0.7449637630960619,-0.1568518519081528,2.417695434360303,-0.7421698467701737,-0.16638752368096196,-0.0027939163258882127,-0.34042310116128294,38.02588242196897,37.68545932080769,30.65152427558321,7.388617880687935,30.637264541281034
1.440000000000001,-0.7452726293608336,-0.15201339673369638,2.420743822206443,-0.742493185554413,-0.1616693921196425,-0.0027794438064205895,-0.33307397918666437,38.04949178201272,37.71641780282606,30.665423103520645,7.397932954251296,30.651558827761423
1.442000000000001,-0.7455718126821723,-0.14716894033062486,2.4236966432314597,-0.7428070723684882,-0.15694340703759432,-0.002764740313684122,-0.32571638977150763,38.0724123118373,37.74669592206579,30.67892475137489,7.406955978483077,30.66545633335422
1.444000000000001,-0.7458613012488325,-0.14231867394978337,2.4265537808630344,-0.7431114918885827,-0.15220976004726833,-0.002749809360249822,-0.31835111431264995,38.09464326999333,37.77629215568068,30.692028841783156,7.415686597458304,30.678956672535023
1.446000000000001,-0.7461410836323015,-0.13746278907138293,2.4293151223062663,-0.7434064291750523,-0.1474686432347895,-0.002734654457249186,-0.3109789292260423,38.11618393522936,37.80520500600332,30.704735005959066,7.424124466797668,30.692059468431687
1.448000000000001,-0.7464111487872497,-0.13260147739744327,2.4319805585481236,-0.7436918696733711,-0.1427202491594273,-0.002719279113878592,-0.30360060569255387,38.137033606465494,37.83343300077294,30.717042883660593,7.432269253680295,30.7047643527852
1.450000000000001,-0.7466714860519672,-0.12773493084422674,2.4345499843617473,-0.7439677992150758,-0.1379647708523683,-0.0027036868368913725,-0.2962169094152123,38.15719160276823,37.860974693353015,30.72895212315902,7.44012063685618,30.71707096591205
1.452000000000001,-0.7469220851487846,-0.12286334153465704,2.437023298310605,-0.7442342040187054,-0.1332024018148152,-0.0026878811300791172,-0.2888286003875193,38.17665726332617,37.88782866293865,30.74046238120944,7.447678306658036,30.728978956668136
1.454000000000001,-0.7471629361844786,-0.11798690179073995,2.4394004027524985,-0.7444910706907363,-0.12843333601543075,-0.0026718654937423203,-0.28143643267312723,38.19542994742758,37.91399351475445,30.75157332302231,7.454941965013009,30.740487982414567
1.456000000000001,-0.7473940296506629,-0.11310580412596544,2.4416812038434133,-0.7447383862265106,-0.1236577678871497,-0.002655643424152365,-0.2740411541960236,38.21350903443857,37.939467880242546,30.762284622236137,7.461911325453712,30.75159770898486
1.458000000000001,-0.7476153564241629,-0.10822024123771286,2.443865611541228,-0.7449761380111574,-0.1188758923233819,-0.0026392184130055174,-0.26664350654172664,38.23089392378253,37.964250417240805,30.77259596089172,7.468586113128978,30.762307810653557
1.460000000000001,-0.7478269077673767,-0.10333040599963826,2.445953539609268,-0.7452043138205046,-0.11408790467362641,-0.0026225939468721426,-0.2592442247689952,38.24758403492112,37.98833981015213,30.78250702940722,7.474966064814234,30.772617970106882
1.462000000000001,-0.7480286753286196,-0.09843649145406548,2.447944905619707,-0.7454229018219816,-0.1092940007385218,-0.0026057735066380427,-0.25184403723179094,38.26357880733573,38.01173477010394,30.792017526554773,7.481050928921313,30.782527878414417
1.464000000000001,-0.7482206511424535,-0.09353869080436038,2.4498396309568253,-0.7456318905755103,-0.10449437676435248,-0.002588760566943238,-0.24444366541116008,38.27887770051056,38.0344340350994,30.80112715943826,7.486840465507979,30.79203723500258
1.466000000000001,-0.7484028276300022,-0.0886371974073055,2.4516376408201106,-0.7458312690343843,-0.0996892294370353,-0.002571558595617862,-0.2370438237574482,38.29348019391671,38.05643637015926,30.809835643472184,7.492334446287008,30.801145747629697
1.468000000000001,-0.7485751975992498,-0.08373220476546889,2.453338864227213,-0.7460210265461356,-0.09487875587560782,-0.0025541710531142847,-0.22964521954177058,38.307385786997024,38.07774056745525,30.818142702361996,7.497532654634738,30.809853132362285
1.470000000000001,-0.7487377542453251,-0.07882390651955992,2.454943234016744,-0.7462011528533861,-0.09006315362524,-0.0025366013919390085,-0.22224855271694488,38.32059399915241,38.09834544643546,30.826048068085534,7.502434885599331,30.81815911355308
1.472000000000001,-0.7488904911507701,-0.07391249644079041,2.4564506868509324,-0.7463716380946857,-0.08524262064979174,-0.002518853056084458,-0.2148545157878176,38.333104369729,38.11824985394118,30.833551480875705,7.507040945908535,30.826063423820468
1.474000000000001,-0.7490334022857932,-0.06899816842321918,2.457861163218121,-0.7465324728053335,-0.08041735532393668,-0.002500929480459657,-0.20746379369005474,38.34491645800629,38.137452664316235,30.840652689204404,7.511350653977005,30.83356580402928
1.476000000000001,-0.7491664820085076,-0.0640811164761031,2.459174607435118,-0.7466836479181833,-0.0755875564248752,-0.0024828340903242374,-0.2000770636781335,38.35602984318629,38.155952779508155,30.847351449767913,7.515363839913203,30.840666003273093
1.478000000000001,-0.7492897250651536,-0.059161534716232284,2.4603909676493956,-0.7468251547644307,-0.07075342312365518,-0.0024645703007228903,-0.19269499522119232,38.36644412438409,38.17374912916289,30.85364752747318,7.519080345525916,30.84736377885817
1.480000000000001,-0.7494031265903064,-0.05423961736027234,2.461510195841134,-0.7469569850743829,-0.06591515497612294,-0.0024461415159234834,-0.1853182499074858,38.37615892061873,38.19084067071124,30.859540695425697,7.522500024330232,30.853658896288493
1.482000000000001,-0.749506682107068,-0.04931555871709211,2.4625322478251213,-0.74707913097821,-0.06107295191352256,-0.002427551128857952,-0.17794748135639127,38.385173870805666,38.207226389449275,30.865030734918424,7.525622741553193,30.859551129252473
1.484000000000001,-0.7496003875272438,-0.0443895531800948,2.4634570832524947,-0.7471915850066755,-0.05622701423276421,-0.0024088025205682984,-0.1705833351382029,38.39348863374988,38.22290529861168,30.870117435422074,7.528448374138907,30.86504025961097
1.486000000000001,-0.7496842391515044,-0.03946179521954572,2.464284665612336,-0.7472943400918483,-0.05137754258638079,-0.002389899059656142,-0.16322644870141223,38.401102888140045,38.23787643943863,30.87480059457674,7.5309768107532795,30.870126077386765
1.488000000000001,-0.7497582336695312,-0.034532479374890096,2.4650149622331097,-0.7473873895677926,-0.04652473797218907,-0.0023708441017386006,-0.1558774513067765,38.40801633254376,38.25213888123698,30.879080018184638,7.533207951788291,30.874808380755468
1.490000000000001,-0.7498223681601474,-0.029601800247078525,2.465647944283956,-0.747470727171238,-0.0416688017226769,-0.002351640988909387,-0.14853696396873972,38.41422868540352,38.265691721434784,30.88295552020429,7.53514170936582,30.879086976037705
1.492000000000001,-0.749876640091433,-0.024669952490878902,2.466183586775828,-0.7475443470422263,-0.03680993549413078,-0.0023322930492066796,-0.14120559940303712,38.41973968503391,38.278534085630874,30.886426922745915,7.536778007341036,30.882961677692872
1.494000000000001,-0.749921047320825,-0.01973713080719736,2.466621868562476,-0.7476082437247373,-0.0319483412555227,-0.0023128035960876536,-0.13388396198107338,38.424549089619454,38.290665127638384,30.889494056068063,7.538116781305301,30.886432308314152
1.496000000000001,-0.7499555880952022,-0.014803529935386235,2.466962772341287,-0.7476624121672917,-0.02708422127717158,-0.0022931759279105624,-0.12657264769025278,38.42865667721359,38.302084029523336,30.892156758575755,7.539157978588693,30.889498698624898
1.498000000000001,-0.7499802610509541,-0.00986934464556166,2.4672062846539626,-0.74770684772353,-0.022217778119196112,-0.0022734133274240342,-0.11927224410027693,38.432062245738635,38.312790001638355,30.894414876819667,7.539901558262038,30.892160687476597
1.500000000000001,-0.7499950652140343,-0.004934769730909505,2.467352395887054,-0.7477415461527696,-0.017349214619773734,-0.002253519061264697,-0.11198333033511376,38.4347656129864,38.32278228265129,30.896268265496765,7.540347491138471,30.894418121847934
1.5020000000000011,-0.75,2.6460194963777713e-15,2.4674011002723395,-0.747766503620536,-0.012478733883220489,-0.0022334963794640172,-0.10470647705056157,38.43676661662005,38.332060139569485,30.89771678745227,7.540495759774593,30.89627085684545
1.5040000000000011,-0.7499950652140343,0.004934769730914099,2.467352395887054,-0.7477817166990718,-0.007606539267906089,-0.0022133485149624654,-0.09744224641696192,38.43806511417665,38.34062286775969,30.898760313682846,7.540346358471143,30.89771875570551
1.5060000000000011,-0.7499802610509541,0.009869344645566953,2.4672062846539626,-0.7477871823678198,-0.0027328343740184793,-0.002193078683134231,-0.09019119210699317,38.4386609830708,38.348469790963804,30.899398723341207,7.539899293273234,30.898761689797563
1.5080000000000011,-0.7499555880952022,0.014803529935391526,2.4669627723412866,-0.7477828980138822,0.002142176968809451,-0.002172690081320039,-0.08295385928828325,38.43855412059904,38.35560026131076,30.899631903741927,7.539154581970132,30.899399538628913
1.5100000000000011,-0.749921047320825,0.01973713080720265,2.466621868562476,-0.7477688614324542,0.007018290713998604,-0.002152185888370739,-0.07573078462069255,38.43774444394525,38.36201365932455,30.899459750368685,7.538112254094542,30.899632189850706
1.5120000000000011,-0.7498766400914328,0.024669952490884193,2.4661835867758275,-0.747745070827233,0.011895302610634782,-0.002131569264199884,-0.06852249625800788,38.43623189018692,38.36770939392891,30.8988821668829,7.536772350921491,30.899459539265425
1.5140000000000011,-0.7498223681601472,0.029601800247083816,2.4656479442839556,-0.7477115248108006,0.01677300821618144,-0.002110843349346636,-0.06132951385387636,38.43401641630251,38.372686902448635,30.897899065133387,7.5351349254667825,30.898881490835727
1.5160000000000011,-0.7497582336695312,0.03453247937489538,2.465014962233109,-0.7476682224049821,0.021651202909282175,-0.0020900112645491076,-0.05415234857184009,38.43109799917926,38.37694565060742,30.8965103651678,7.533200042484835,30.897897956694422
1.5180000000000011,-0.7496842391515044,0.03946179521955031,2.464284665612335,-0.7476151630411768,0.02652968190264366,-0.0020690761103275834,-0.04699150309909689,38.42747663562253,38.38048513252343,30.894715995244997,7.530967778466305,30.896508857156228
1.5200000000000011,-0.7496003875272437,0.04438955318010008,2.463457083252494,-0.7475523465606648,0.031408240255986236,-0.0020480409665788457,-0.03984747166424385,38.42315234236544,38.383304870701195,30.892515891849037,7.52843822163498,30.89471412073046
1.5220000000000011,-0.7495066821070678,0.0493155587170967,2.46253224782512,-0.7474797732148867,0.036286672889055745,-0.0020269088921811562,-0.03272074005839232,38.41812515607987,38.38540441602147,30.8899099997044,7.525611471944472,30.892513684135395
1.5240000000000011,-0.7494031265903063,0.05423961736027761,2.4615101958411327,-0.7473974436656973,0.04116477459468465,-0.002005682924609009,-0.025611785659482855,38.41239513338806,38.386783347728574,30.886898271792504,7.52248764107427,30.88990749231379
1.5260000000000011,-0.7492897250651535,0.05916153471623756,2.4603909676493942,-0.7473053589855935,0.04604234005189556,-0.001984366079559985,-0.01852107746017906,38.40596235087528,38.3874412734151,30.883480669369675,7.519066852425392,30.88689549844989
1.5280000000000011,-0.7491664820085073,0.06408111647610837,2.459174607435117,-0.7472035206579154,0.05091916383903674,-0.0019629613505919297,-0.01144907609851531,38.39882690510326,38.38737782900475,30.87965716198651,7.515349241115604,30.883477663987655
1.5300000000000011,-0.7490334022857931,0.06899816842322445,2.4578611632181198,-0.7470919305770215,0.05579504044694385,-0.0019414717087715694,-0.004396233891780121,38.39098891262479,38.38659267873301,30.87542772750828,7.511334953974178,30.879653958650614
1.5320000000000011,-0.7488904911507699,0.07391249644079567,2.4564506868509306,-0.7469705910484372,0.06066976429211911,-0.0019199001023326723,0.002637005127359149,38.382448509998675,38.385085515126036,30.870792352137094,7.5070241495360746,30.875424360462603
1.5340000000000011,-0.748737754245325,0.07882390651956518,2.4549432340167425,-0.7468395047889774,0.06554312972992099,-0.0018982494563475338,0.009650205171372606,38.37320585380618,38.38285605897756,30.86575103043515,7.502416998035853,30.870788855770332
1.5360000000000011,-0.7485751975992496,0.08373220476547413,2.4533388642272107,-0.7466986749268419,0.07041493106775754,-0.0018765226724076767,0.01664293865662414,38.36326112066802,38.379904059324645,30.86030376534933,7.497513681400995,30.865747439267025
1.5380000000000011,-0.748402827630002,0.08863719740731077,2.4516376408201093,-0.7465481050016853,0.07528496257827713,-0.0018547226283166518,0.023614786159055767,38.35261450726222,38.376229293421275,30.854450568237308,7.4923143932447624,30.860300114017452
1.5400000000000011,-0.7482206511424533,0.09353869080436493,2.4498396309568236,-0.7463877989646602,0.08015301851255086,-0.001832852177793054,0.030565336368165996,38.34126623034302,38.37183156671118,30.848191458894856,7.486819338858673,30.854446891484343
1.5420000000000011,-0.7480286753286194,0.09843649145407073,2.447944905619705,-0.7462177611781151,0.08501889327253831,-0.0018109141505042725,0.037494186038566635,38.3292165267606,38.36671071279916,30.84152646558455,7.481028735204465,30.848187791556132
1.5440000000000011,-0.7478269077673765,0.1033304059996435,2.445953539609266,-0.746037996416833,0.0898823806410635,-0.0017889113505434873,0.04440093668983014,38.31646565348161,38.36086659017144,30.83445562506415,7.47494281090559,30.84152284257602
1.5460000000000012,-0.7476153564241627,0.1082202412377181,2.4438656115412263,-0.7458485098662563,0.09474327528833335,-0.0017668465579063763,0.05128521046715906,38.30301388757661,38.35429909804377,30.826978982624453,7.4685618062365196,30.83445208134009
1.5480000000000012,-0.7473940296506626,0.11310580412597067,2.441681203843411,-0.745649307123359,0.09960137144866589,-0.0017447225273036215,0.058146619871483896,38.28886152640581,38.3470081462773,30.819096592112793,7.461885973120184,30.826975553285624
1.5500000000000012,-0.7471629361844784,0.11798690179074518,2.439400402752496,-0.7454403941964843,0.10445646343731325,-0.0017225419879940418,0.06498479461770512,38.27400888733874,38.338993681956445,30.810808515972127,7.454915575108577,30.81909331223016
1.5520000000000012,-0.7469220851487843,0.12286334153466227,2.437023298310603,-0.7452217775052004,0.1093083456419842,-0.001700307643583976,0.07179937148698107,38.25845630804147,38.33025567952845,30.802114825275908,7.447650887377572,30.810805420663897
1.5540000000000012,-0.7466714860519669,0.12773493084423196,2.434549984361744,-0.7449934638801472,0.11415681252658026,-0.0016780221718196708,0.07858999469165212,38.24220414640615,38.32079414109781,30.79301559976472,7.440092196715636,30.80211194969052
1.5560000000000012,-0.7464111487872493,0.1326014773974485,2.431980558548121,-0.7447554605628666,0.11900165864032959,-0.0016556882243827786,0.08535631599693533,38.22525278058068,38.310609096577615,30.783510927884038,7.432239801512524,30.79301297906816
1.5580000000000012,-0.7461410836323012,0.13746278907138748,2.4293151223062637,-0.7445077752056083,0.12384267862915768,-0.0016333084266929587,0.09209799473422126,38.207602608996524,38.29970060373075,30.773600906823546,7.42409401174742,30.783508597249103
1.5600000000000012,-0.7458613012488322,0.14231867394978856,2.4265537808630313,-0.7442504158711124,0.128679667247935,-0.0016108853777198062,0.09881469776783391,38.189254050396755,38.28806874816459,30.763285642557747,7.415655148976758,30.773598901419994
1.5620000000000012,-0.745571812682172,0.14716894033063008,2.423696643231456,-0.7439833910323663,0.13351241937303643,-0.0015884216498056603,0.10550609944198486,38.17020754386471,38.275713643306695,30.75256524988773,7.406923546321644,30.76328399754307
1.5640000000000012,-0.7452726293608334,0.15201339673370157,2.4207438222064397,-0.7437067095723363,0.1383407300149852,-0.0015659197884970721,0.11217188151989133,38.15046354885293,38.262635430372825,30.741439852484525,7.397899548454695,30.75256400039824
1.5660000000000012,-0.7449637630960615,0.15685185190815798,2.4176954343603,-0.7434203807836741,0.14316439433108907,-0.0015433823123873758,0.11881173311841908,38.13002254521337,38.24883427833179,30.729909582933246,7.388583511586588,30.741439033626783
1.5680000000000012,-0.7446452260813679,0.1616841148400751,2.414551600038169,-0.743124414368398,0.14798320763803255,-0.001520811712969805,0.12542535064097415,38.10888503322769,38.23431038386867,30.717974582779114,7.378975803451958,30.729909229775732
1.5700000000000012,-0.7443170308920481,0.16650999475998526,2.411312443353243,-0.7428188204375492,0.15279696542440918,-0.0014982104544989383,0.1320124377090337,38.08705153363924,38.21906397134828,30.705635002574187,7.369076803295052,30.717974730344185
1.5720000000000012,-0.7439791904846866,0.1713293011504137,2.407978092181882,-0.7425036095108228,0.15760546336318812,-0.0014755809738637993,0.138572705092605,38.06452258768496,38.20309529277757,30.692891001925688,7.358886901854762,30.705635685830202
1.5740000000000012,-0.7436317181966441,0.1761418437533948,2.4045486781585605,-0.7421787925161746,0.16240849732411053,-0.0014529256804695079,0.1451058706398839,38.04129875712864,38.18640462776852,30.67974274954541,7.348406501349261,30.692892255779377
1.5760000000000012,-0.7432746277455314,0.1809474325779877,2.4010243366706727,-0.7418443807894025,0.1672058633860145,-0.0014302469561289222,0.15161165920617226,38.0173806242947,38.16899228350088,30.666190423300336,7.3376360154602365,30.67974460883447
1.5780000000000012,-0.7429079332286683,0.18574587790777472,2.3974052068531844,-0.7415003860737044,0.1719973578490868,-0.0014075471549639396,0.15808980258204153,37.99276879210273,38.15085859468477,30.65223421026463,7.326575869316542,30.666192922786188
1.5800000000000012,-0.7425316491225262,0.1905369903083491,2.3936914315831452,-0.7411468205192103,0.1767827772470394,-0.0013848286033159019,0.16454003942087847,37.96746388410293,38.13200392352381,30.63787430677267,7.315226499477547,30.652237384625387
1.5820000000000012,-0.7421457902821575,0.1953205806347984,2.389883157474043,-0.7407836966824919,0.18156191835921007,-0.0013620935996656591,0.1709621151657359,37.94146654451215,38.11242865967789,30.62311091847323,7.303588353915915,30.63787819059624
1.5840000000000012,-0.7417503719406086,0.20009646003916598,2.3859805348700194,-0.7404110275260467,0.1863345782225862,-0.0013393444145618494,0.17735578197578483,37.91477743825057,38.09213322022635,30.607944260385068,7.291661891999983,30.62311554625058
1.5860000000000012,-0.7413454097083182,0.2048644399779119,2.381983717839932,-0.7400288264177592,0.19110055414375068,-0.001316583290558948,0.18372079865221658,37.88739725097948,38.0711180496317,30.592374556953494,7.279447584475716,30.607949666503764
1.5880000000000012,-0.7409309195725022,0.20962433221935095,2.3778928641712738,-0.7396371071303377,0.19585964371074827,-0.0012938124421645325,0.19005693056340756,37.85932668913927,38.04938361970268,30.576402042108075,7.2669459134481205,30.59238077569115
1.5900000000000012,-0.7405069178965212,0.21437594885108893,2.3737081353639424,-0.7392358838407279,0.20061164480487242,-0.0012710340557933186,0.19636394957010694,37.83056647998848,38.02693042955858,30.560026959321483,7.254157372362315,30.576409107626162
1.5920000000000012,-0.7400734214192355,0.21911910228743608,2.369429696623867,-0.7388251711295032,0.2053563556123721,-0.0012482502897323,0.20264163394975832,37.80111737164326,38.00375900559302,30.543249561669704,7.241082465984054,30.560034905659208
1.5940000000000012,-0.7396304472543438,0.22385360527681689,2.3650577168564824,-0.738404983980231,0.21009357463607664,-0.0012254632741127702,0.20888976832077522,37.770980133117774,37.97986990143855,30.526070111892842,7.227721710379907,30.54325842273787
1.5960000000000012,-0.7391780128897074,0.2285792709091608,2.360592368660063,-0.7379753377788172,0.214823100706939,-0.0012026751108902278,0.21510814356640484,37.740155554364925,37.95526369793133,30.50848888245756,7.214075632896888,30.526079921468035
1.5980000000000012,-0.7387161361866605,0.23329591262327898,2.356033828318911,-0.7375362483128262,0.21954473299549687,-0.0011798878738343843,0.2212965567581282,37.708644446318,37.929941003076124,30.49050615562012,7.200144772141699,30.508499674176296
1.6000000000000012,-0.7382448353793044,0.23800334421423402,2.3513822757963925,-0.7370877317707797,0.22425827102325094,-0.0011571036085247233,0.22745481107909304,37.676447640932665,37.90390245201176,30.472122223490807,7.185929677959524,30.490517962973144
1.6020000000000012,-0.7377641290737882,0.24270137984068582,2.3466378947278375,-0.7366298047414318,0.2289635146739595,-0.0011343243323563845,0.23358271574699718,37.6435659912298,37.8771487069768,30.453337388099296,7.17143091141235,30.472135079817452
1.6040000000000012,-0.7372740362475734,0.2473898340322335,2.3418008724132857,-0.7361624842130221,0.2336602642048499,-0.0011115520345512664,0.23968008593716617,37.61000037133888,37.849680457276044,30.434151961460792,7.15664904475691,30.45335132658197
1.6060000000000012,-0.7367745762486858,0.25206852169673216,2.336871399810097,-0.7356857875725066,0.23834832025774638,-0.001088788676179231,0.24574674270490482,37.57575167654159,37.821498419246495,30.41456626564358,7.1415846614220495,30.43416701511954
1.6080000000000012,-0.7362657687949509,0.2567372581276054,2.3318496715254082,-0.7351997326047663,0.24302748387011275,-0.0010660361901845272,0.25178251290832177,37.54082082331651,37.79260333622483,30.39458063283705,7.126238355985829,30.414582467330682
1.6100000000000012,-0.7357476339732159,0.2613958590111316,2.326735885808454,-0.7347043374917943,0.24769755648601205,-0.0010432964814215406,0.257787229130475,37.50520874938376,37.76299597851424,30.37419540542131,7.110610734152016,30.394598015231743
1.6120000000000012,-0.7352201922385561,0.2660441404337255,2.321530244542738,-0.734199620811555,0.25235834011964925,-0.0010205714270010713,0.26376072960191954,37.46891641375083,37.73267714335275,30.353410936037005,7.0947024127262965,30.374214001024534
1.6140000000000012,-0.7346834644134682,0.27068191888919624,2.3162329532380634,-0.7336856015383237,0.25700963661562004,-0.000997862875144473,0.2697028550082947,37.43194479675808,37.70164765176638,30.33222758765514,7.078514019591866,30.353430777166217
1.6160000000000012,-0.7341374716870478,0.2753090112859903,2.310844221022422,-0.7331622990401424,0.26165124909067733,-0.0009751726469053867,0.275613463662594,37.394294900035604,37.6699083636982,30.310645733654937,7.062046193683209,30.3322487063524
1.6180000000000012,-0.7335822356141527,0.27992523495442395,2.305364260633733,-0.7326297330788145,0.2662829806639541,-0.0009525025353381844,0.28149240247287377,37.355967746987915,37.637460149460786,30.288665757888197,7.045299584967008,30.310668162020903
1.6200000000000012,-0.7330177781145524,0.28453040765388976,2.29979328841145,-0.7320879238089145,0.2709046349499769,-0.0009298543056378561,0.28733953265114076,37.31696438201378,37.60430391466492,30.26628805475755,7.028274854407984,30.288689527605797
1.6220000000000012,-0.7324441214720625,0.2891243475800561,2.2941315242880176,-0.7315368917768172,0.27551601604863923,-0.0009072296952452596,0.2931547199719875,37.2772858712875,37.57044059125949,30.243513029290707,7.010972673947413,30.26631319734009
1.6240000000000012,-0.731861288333665,0.2937068733720395,2.288379191780189,-0.7309766579197239,0.28011692854670145,-0.0008846304139411565,0.2989378350984462,37.23693330253225,37.5358711376307,30.220341097215584,6.993393726476306,30.243539576055948
1.6260000000000012,-0.7312693017086142,0.29827780411956956,2.2825365179802004,-0.730407243564675,0.2847071775244291,-0.0008620581439391373,0.3046887536793086,37.19590778508104,37.50059653876035,30.19677268503617,6.975538705808298,30.220369079272743
1.6280000000000012,-0.7306681849675284,0.3028369593701257,2.276603733546812,-0.7298286704275463,0.28928656856433943,-0.0008395145399821002,0.31040735634325745,37.154210449930275,37.46461780627353,30.17280823010948,6.957408316652273,30.196802133278002
1.6300000000000012,-0.7300579618414673,0.3073841591360659,2.270581072696193,-0.7292409606120248,0.2938549077607536,-0.0008170012294425044,0.31609352865032414,37.111842449790856,37.427935978441184,30.14844818072295,6.9390032745845245,30.17283917520633
1.6320000000000012,-0.7294386564209949,0.31191922390173,2.2644687731926805,-0.7286441366085655,0.2984120017296184,-0.0007945198124293951,0.32174716102550516,37.06880495913811,37.39055212016362,30.123692996172657,6.920324306020559,30.148480653117552
1.6340000000000012,-0.728810293155229,0.3164419746305251,2.258267076339395,-0.7280382212933287,0.30295765761837934,-0.0007720718619003142,0.3273681486854296,37.02509917426168,37.35246732294711,30.098543146842367,6.901372148186407,30.12372702607528
1.6360000000000012,-0.7281728968508753,0.32095223277199786,2.251976226968707,-0.7274232379270971,0.3074916831158215,-0.000749658923778207,0.3329563915630629,36.98072631331574,37.31368270487881,30.072999114282837,6.882147549089657,30.098578764226083
1.6380000000000012,-0.7275264926712486,0.32544982026887836,2.24559647343258,-0.7267992101541734,0.3120138864618446,-0.0007272825170752117,0.33851179423083466,36.93568761636879,37.27419941059962,30.047061391292303,6.862651267489844,30.073036348878944
1.6400000000000012,-0.7268711061352788,0.32993455956411466,2.239128067592759,-0.726166162001259,0.31652407645715996,-0.0007049441340197804,0.34403426582430896,36.88998434545428,37.234018611278586,30.020730481996807,6.8428840728686255,30.047100272585652
1.6420000000000012,-0.7262067631165046,0.33440627360787717,2.2325712648108307,-0.7255241178763132,0.3210220624729056,-0.0006826452401913485,0.34952371996524234,36.84361778462064,37.19314150458588,29.994006901931925,6.822846745399352,30.020771039221287
1.6440000000000012,-0.7255334898420502,0.3388647858645536,2.2259263239381415,-0.7248731025673929,0.3255076544601778,-0.0006603872746573369,0.3549800746855547,36.79658923998235,37.15156931466791,29.96689117812427,6.802540075916393,29.99404916406596
1.6460000000000012,-0.7248513128915923,0.3433099203197128,2.2191935073055804,-0.724213141241474,0.3299806629594783,-0.0006381716501183687,0.36040325235081494,36.74890003977018,37.10930329212099,29.939383849174153,6.781964865883879,29.966935173886302
1.6480000000000012,-0.7241602591963086,0.34774150148705923,2.2123730807132174,-0.7235442594432538,0.3344408991100787,-0.0006159997530547079,0.36579317958469915,36.70055153438234,37.06634471396704,29.911485465338195,6.761121927364153,29.93942960701819
1.6500000000000012,-0.7234603560378156,0.3521593544153552,2.205465313419819,-0.7228664830939352,0.33888817465930143,-0.000593872943880358,0.3711497871931879,36.65154509643515,37.02269488362834,29.883196588612673,6.740012082985752,29.911533013449397
1.6520000000000012,-0.7227516310470916,0.35656330469533215,2.198470478132208,-0.7221798384899918,0.3433223019717182,-0.0005717925570998261,0.376473010089331,36.601882120813826,36.978355130903154,29.854517792817198,6.718636165910879,29.88324595490295
1.6540000000000012,-0.7220341122033858,0.3609531784665745,2.1913888509945036,-0.7214843523019152,0.3477430940382658,-0.0005497599014705479,0.38176278721833157,36.55156402472349,36.933326811941825,29.825449663678956,6.696995019802633,29.854569004920855
1.6560000000000012,-0.7213078278331134,0.36532880242438126,2.184220711577222,-0.7207800515729447,0.35215036448527964,-0.0005277762601687552,0.3870190614826663,36.50059224774014,36.887611309222805,29.795992798916963,6.675089498791753,29.825502748948384
1.6580000000000013,-0.7205728066087378,0.36969000382661205,2.1769663428662307,-0.7200669637177778,0.35654392758344583,-0.0005058428909600066,0.3922417796680233,36.44896825186117,36.841210031529194,29.766147808327005,6.652920467442853,29.796047784418313
1.6600000000000013,-0.7198290775476386,0.37403661050050174,2.169626031251588,-0.7193451165212644,0.3609235982566716,-0.00048396102637415783,0.39743089236895845,36.3966935215564,36.79412441392536,29.73591531386659,6.630488800720419,29.76620472083598
1.6620000000000013,-0.7190766700109654,0.3783684508494628,2.162200066516225,-0.7186145381370826,0.365289192090875,-0.0004621318738827762,0.4025863539156249,36.343769563818384,36.74635591773401,29.705295949740425,6.607795383954208,29.735974179864176
1.6640000000000013,-0.7183156137024795,0.38268535385985425,2.1546887418245166,-0.7178752570863972,0.3696405253426928,-0.0004403566160823269,0.4077081223002066,36.29019790821313,36.69790603051334,29.674290362486055,6.584841112804408,29.705356795408726
1.6660000000000013,-0.7175459386673809,0.38698714910773824,2.147092353710698,-0.717127302256501,0.37397741494810904,-0.00041863641087991343,0.4127961591041662,36.235980106930484,36.64877626603465,29.642899211059444,6.561626893226323,29.67435321370416
1.6680000000000013,-0.7167676752911221,0.391273666765603,2.139411202067167,-0.716370702899439,0.3782996785310026,-0.0003969723916830148,0.41785042942566797,36.18111773483385,36.59896816425952,29.611123166921296,6.538153641434565,29.642964093399282
1.6700000000000013,-0.7159808542982085,0.39554473760907166,2.131645590132637,-0.7156054886306158,0.38260713441161487,-0.0003753656675926642,0.4228709018074994,36.12561238951066,36.548483291318156,29.578962914122823,6.514422283867032,29.611190105643626
1.6720000000000013,-0.7151855067509854,0.39980019302358116,2.1237958244801693,-0.714831689427386,0.3868996016149378,-0.00035381732359940354,0.42785754816541344,36.069465691321355,36.49732323948677,29.54641914939235,6.490433757148235,29.57903193417312
1.6740000000000013,-0.7143816640484126,0.40403986501103706,2.115862215005073,-0.7140493356273391,0.3911769000234546,-0.00033232842107355776,0.4328103437166486,36.01267928344939,36.44548962716603,29.51349258222136,6.466189008052533,29.546490275396856
1.6760000000000013,-0.7135693579248232,0.40826358619645003,2.1078450749126643,-0.7132584579279884,0.39543884967535176,-0.000310899996834868,0.437729263963077,35.955254831949794,36.39298409591287,29.480183934949665,6.441688993466621,29.51356583848317
1.6780000000000013,-0.7127486204486725,0.4124711898345385,2.0997447207059072,-0.7124590873837356,0.3996852721263754,-0.00028953306493684217,0.44261429904691063,35.897194025667986,36.339808324714895,29.446493942857245,6.416934680350549,29.48025934531744
1.6800000000000013,-0.7119194840212703,0.4166625098163168,2.091561472172915,-0.7116512554052419,0.4039159892468628,-0.00026822861602837644,0.44746542629190644,35.83849857692341,36.28596400321532,29.412423354242797,6.391927045704878,29.446571531218538
1.6820000000000013,-0.7110819813755033,0.42083738067564747,2.083295652374329,-0.71083499375787,0.40813082368593534,-0.0002469876176333097,0.45228263452341544,35.77917022035336,36.23145285487677,29.377972930514343,6.366667076524713,29.412503143828644
1.6840000000000013,-0.7102361455745417,0.4249956375957786,2.0749475876305596,-0.7100103345601497,0.4123295988601382,-0.0002258110143920078,0.45706591486251,35.71921071403246,36.17627662889497,29.343143446275274,6.341155769764789,29.37805494426767
1.6860000000000013,-0.7093820100105349,0.42913711641584595,2.0665176075089113,-0.709177310282244,0.4165121389528843,-0.00020469972829095795,0.46181526103711734,35.65862183911565,36.12043710015277,29.307935689410158,6.315394132299855,29.343227706815796
1.6880000000000013,-0.7085196084032923,0.4332616536373577,2.0580060448105635,-0.7083359537444064,0.42067826891876664,-0.00018365465888592336,0.4665306694797966,35.59740539990344,36.06393606938323,29.272350461170827,6.289383180884759,29.30802221901868
1.6900000000000013,-0.7076489747989526,0.4373690864306472,2.0494132355574357,-0.7074862981154266,0.4248278144898683,-0.0001626766835259863,0.47121213932836636,35.53556322389542,36.00677536322379,29.236388576262044,6.2631239421143725,29.27243928178105
1.6920000000000013,-0.70677014356864,0.4414592526412996,2.0407395189789272,-0.706628376911061,0.4289606021828395,-0.0001417666575790344,0.4758596723859543,35.473097161838304,35.948956834224255,29.200050862927196,6.236617452383028,29.236479709455278
1.6940000000000013,-0.7058831494071063,0.4455319907965577,2.031985237498514,-0.7057622239924485,0.4330764593062318,-0.00012092541465780204,0.4804732730652983,35.4100090877719,35.8904823608372,29.16333816303358,6.209864757843683,29.20014432992821
1.6960000000000013,-0.7049880273313626,0.4495871401116915,2.0231507367202415,-0.7048878735645127,0.4371752139678843,-0.00010015376684990862,0.4850529483263766,35.34630089907352,35.831353847399896,29.126251332157565,6.182866914366639,29.163433984706877
1.6980000000000013,-0.7040848126792953,0.4536245404963507,2.014236365415071,-0.7040053601743481,0.44125669508228377,-7.945250494723055e-05,0.48959870761279056,35.28197451650182,35.77157322411461,29.088791239669188,6.155624987497907,29.12634952900391
1.7000000000000013,-0.7031735411082729,0.4576440325608802,2.0052424755071203,-0.7031147187095924,0.4453207323778658,-5.882239868049144e-05,0.4941105627869713,35.217031884239375,35.71114244702635,29.050958768816784,6.12814005241716,29.088891831822217
1.7020000000000013,-0.7022542485937362,0.4616454576226169,1.9961694220597601,-0.7022159843967839,0.44936715640424474,-3.826419695229788e-05,0.49858852806626497,35.15147496993509,35.65006349800135,29.012754816810855,6.100413193895366,29.051061776039724
1.7040000000000013,-0.7013269714277799,0.4656286577121497,1.987017563261608,-0.7013091927997052,0.45339579853937095,-1.7778628074727187e-05,0.5030326199589008,35.08530576474523,35.58833838470413,28.974180294907747,6.072445506252006,29.012860258493227
1.7060000000000013,-0.7003917462177186,0.4695934755795599,1.9777872604123774,-0.7003943798177119,0.457406490996613,2.633599993306923e-06,0.5074428572010903,35.01852628337406,35.52596914057515,28.935236128492846,6.04423809331187,28.97428819006219
1.7080000000000013,-0.6994486098846422,0.47353975470062776,1.9684788779086186,-0.6994715816824866,0.46139906761265087,2.2971797844384412e-05,0.5118192606942384,34.95113856411356,35.4629578248078,28.895923257163204,6.015792068361584,28.93534649575198
1.7100000000000013,-0.6984975996619582,0.47746733928300933,1.959092783229337,-0.6985408349525632,0.46537336496163934,4.323529060501485e-05,0.5161618375128374,34.88314466888219,35.39930650639503,28.856242634792885,5.987108554105659,28.89603611477653
1.7120000000000013,-0.697538753093922,0.48137607427239154,1.9496293469214763,-0.6976021765118124,0.4693292203754114,6.342341789045136e-05,0.5204705579432956,34.81454668286878,35.33501724081208,28.81619522957461,5.95818868261908,28.8563580002497
1.7140000000000013,-0.6965721080341541,0.48526580535860886,1.9400889425853005,-0.6966556435680941,0.47326647185920645,8.353553393991575e-05,0.5247453951956083,34.74534671396609,35.2700921091617,28.77578202410524,5.929033595295105,28.81631311867099
1.7160000000000013,-0.6955977026441464,0.4891363789817393,1.9304719468596347,-0.6957012736518836,0.47718495810519856,0.00010357100773716876,0.5289863272401807,34.67554689372879,35.204533220968976,28.735004015472974,5.899644442800717,28.775902450928072
1.7180000000000013,-0.6946155753917552,0.49298764233816267,1.9207787394070055,-0.6947391046148718,0.4810845185059256,0.00012352922311653636,0.5331933366849595,34.605149377462446,35.138342714147406,28.693862215343252,5.870022385032201,28.735126992430246
1.7200000000000013,-0.6936257650496828,0.496819443386597,1.9110097028986432,-0.6937691746285368,0.48496499316748115,0.00014340957885405903,0.5373664106512277,34.53415634426571,35.07152275491694,28.65235765004406,5.840168591070176,28.693987753195536
1.7220000000000013,-0.6926283106939467,0.5006316308540972,1.9011652229993847,-0.6927915221826919,0.4888262229224474,0.0001632114887452074,0.5415055406503455,34.46256999707141,35.00407553772176,28.61049136064993,5.8100842391343726,28.652485757937043
1.7240000000000013,-0.6916232517023368,0.5044240542420299,1.8912456883524382,-0.6918061860840068,0.492668049342566,0.00018293438166994136,0.5456107224626616,34.39039256268579,34.93600328514845,28.568264403065157,5.77977051653789,28.6106220461479
1.7260000000000013,-0.6906106277528613,0.5081965638320138,1.8812514905640456,-0.6908132054545045,0.4964903147511508,0.00020257770164322508,0.5496819560180544,34.3176262918265,34.867308247844555,28.525677848105964,5.749228619641126,28.56839767218537
1.7280000000000013,-0.6895904788221798,0.5119490106918291,1.8711830241880254,-0.689812619730034,0.5002928622352492,0.00022214090785421803,0.5537192452785056,34.2442734591593,34.79799270443781,28.482732781581483,5.718459753805376,28.52581370535393
1.7300000000000013,-0.6885628451840253,0.5156812466813,1.8610406867101872,-0.6888044686587189,0.5040755356575582,0.00024162347469358636,0.5577225981227607,34.17033636333278,34.72805896145554,28.439430304373783,5.687465133345896,28.482871229986884
1.7320000000000013,-0.6875277674076143,0.519393124458139,1.8508248785326515,-0.6877887922993827,0.5078381796681033,0.00026102489176837995,0.5616920262325298,34.095817327011964,34.65750935324449,28.395771532516726,5.6562459814847665,28.439571345527195
1.7340000000000013,-0.6864852863560449,0.5230844974837685,1.8405360029580293,-0.6867656310199514,0.5115806397156853,0.0002803446639064733,0.5656275449808712,34.02071869691012,34.58634624189099,28.351757597273725,5.624803530303192,28.395915166606933
1.7360000000000013,-0.6854354431846842,0.5267552200291009,1.8301744661735144,-0.6857350254958332,0.5153027620591026,0.0002995823111490159,0.5695291733217456,33.94504284381924,34.514572017140985,28.30738964521425,5.59313902069362,28.351903823125618
1.7380000000000013,-0.6843782793395428,0.5304051471802964,1.8197406772348343,-0.6846970167082769,0.5190043937781565,0.0003187373687341122,0.5733969336819644,33.86879216263857,34.44218909632053,28.26266883828928,5.561253702311281,28.307538460327287
1.7400000000000013,-0.6833138365556394,0.5340341348444799,1.8092350480501134,-0.6836516459424413,0.5226853829177727,0.00033780938680194605,0.577230851853967,33.79196907240193,34.3691999242559,28.217596353905336,5.529148833525545,28.262820238876387
1.7420000000000013,-0.6822421568553523,0.5376420397554326,1.798657993363602,-0.6825989547867549,0.5263455778431829,0.0003567979314026415,0.5810309541710068,33.71457601630296,34.29560697047397,28.17217338499632,5.4968256813707495,28.217750334932216
1.7440000000000013,-0.681163282546761,0.5412287194792469,1.7880099307393071,-0.6815389851297553,0.5299848284998249,0.0003757025829943528,0.584797280720073,33.63661546155993,34.22141274228,28.126401140099812,5.464285521495699,28.17232994006423
1.7460000000000013,-0.6800772562219761,0.5447940324199476,1.7772912805445114,-0.6804717791591436,0.533602985305839,0.000394522937167463,0.5885298599582911,33.55808990021667,34.146619760174964,28.08028084342061,5.4315296381180636,28.126560262098607
1.7480000000000013,-0.6789841207554571,0.5483378378250857,1.7665024659331683,-0.6793973793599776,0.537199899582997,0.00041325860452046115,0.5922287311222285,33.4790018476841,34.07123057880633,28.033813734903507,5.398559323968254,28.080442523715853
1.7500000000000013,-0.6778839193023207,0.5518599957912907,1.7556439128292083,-0.67831582851288,0.5407754235488158,0.0004319092105592448,0.5958939356972448,33.39935384407881,33.99524777977606,27.987001070300572,5.365375880242112,28.033977963836698
1.7520000000000013,-0.6767766952966361,0.5553603672697981,1.7447160499097125,-0.6772271696922431,0.5443294103184602,0.0004504743956069701,0.5995255176684222,33.319148453740404,33.91867397140883,27.9398441212374,5.331980616549677,27.987167837190725
1.7540000000000013,-0.6756624924497117,0.5588388140719344,1.7337193085879998,-0.676131446264421,0.5478617139110384,0.0004689538147093497,0.6031235235757637,33.23838826527085,33.84151178884661,27.892344175277707,5.298374850863903,27.94001341440695
1.7560000000000013,-0.6745413547483674,0.562295198874577,1.722654122996586,-0.6750287018859057,0.5513721892576517,0.0004873471375382854,0.6066880024814925,33.157075891556644,33.763763894038135,27.8445025359868,5.264559909468896,27.89251598208775
1.7580000000000013,-0.6734133264532005,0.565729385225571,1.7115209299700536,-0.6739189805014856,0.5548606922100592,0.0005056540482850647,0.6102190058994217,33.075213969783874,33.6854329756833,27.796320522993568,5.230537126908038,27.844676842875835
1.7600000000000013,-0.6722784520968365,0.5691412375491204,1.7003201690277994,-0.6728023263423866,0.5583270795494947,0.0005238742455501155,0.6137165877110484,32.99280516144912,33.606521749160166,27.747799472050872,5.196307845931611,27.79649731551751
1.7620000000000013,-0.6711367764821714,0.5725306211511376,1.689052282356685,-0.6716787839243956,0.5617712089954485,0.0005420074422242127,0.6171808040758919,32.909852152367726,33.52703295644362,27.698940735094407,5.1618734174441965,27.747978734923528
1.7640000000000013,-0.6699883446806041,0.5758974022245607,1.6777177147935853,-0.6705483980459669,0.5651929392143443,0.0005600533653628004,0.6206117133405487,32.82635765267963,33.446969366020184,27.64974568030025,5.127235200451646,27.69912245222799
1.7660000000000013,-0.6688332020302553,0.5792414478546387,1.6663169138078169,-0.6694112137863107,0.5685921298280844,0.0005780117560554299,0.6240093759482024,32.742324396853505,33.36633377280171,27.600215692140488,5.092394562007773,27.64992983484573
1.7680000000000013,-0.6676713941341793,0.5825626260241752,1.6548503294834844,-0.6682672765034658,0.5719686414224565,0.0005958823692865378,0.6273738543481033,32.65775514368845,33.28512899803655,27.550352171437634,5.057352877160683,27.600402266527762
1.7700000000000014,-0.6665029668585621,0.5858608056187438,1.6433184145017001,-0.667116631832355,0.575322335555401,0.0006136649737928934,0.6307052129064861,32.57265267631412,33.203357889220605,27.500156535417062,5.022111528898766,27.550541147415352
1.7720000000000014,-0.6653279663309122,0.5891358564318604,1.6317216241227246,-0.6659593256828248,0.5786530747651383,0.0006313593519126082,0.6340035178177583,32.48701980218856,33.12102332000632,27.449630217758006,4.9866719080963975,27.500347894092165
1.7740000000000014,-0.6641464389382383,0.5923876491701277,1.6200604161679824,-0.6647954042376685,0.5819607225781603,0.0006489652994301487,0.6372688370170798,32.40085935309404,33.038128190111124,27.398774668642904,4.951035413459211,27.44982393963483
1.7760000000000014,-0.6629584313252189,0.5956160554583354,1.6083352510019988,-0.6636249139506343,0.5852451435170863,0.0006664826254153544,0.6405012400934118,32.314174185131066,32.95467542522448,27.347591354804905,4.915203451469203,27.398970733661862
1.7780000000000014,-0.6617639903923602,0.5988209478445322,1.5965465915142152,-0.6624479015444175,0.5885062031083852,0.0006839111520572372,0.6437007982037279,32.22696717871002,32.87066797691375,27.296081759573823,4.879177436329356,27.347789742380662
1.7800000000000014,-0.6605631632941453,0.6020021998050533,1.5846949031007258,-0.6612644140086376,0.5917437678899669,0.0007012507144922298,0.6468675839877891,32.139241238541,32.78610882252879,27.244247382920086,4.842958789908066,27.296282448632933
1.7820000000000014,-0.6593559974371717,0.6051596857495188,1.5727806536458944,-0.6600744985978003,0.5949577054186423,0.0007185011606286595,0.6500016714842194,32.05099929362116,32.70100096510538,27.19208974149729,4.806548941683112,27.24445035193805
1.7840000000000014,-0.6581425404782804,0.6082932810257909,1.5608043135038872,-0.6588782028292454,0.598147884277456,0.0007356623509650051,0.6531031360469641,31.962244297220476,32.61534743326744,27.139610368682646,4.769949328685482,27.192294968534995
1.7860000000000014,-0.6569228403226743,0.6114028619248926,1.5487663554801094,-0.6576755744810796,0.6013141740828877,0.000752734158405266,0.6561720542629357,31.87297922686489,32.529151281127824,27.086810814615728,4.733161395442765,27.139817831422125
1.7880000000000014,-0.6556969451220273,0.6144883056858952,1.5366672548125286,-0.6564666615900957,0.6044564454919288,0.0007697164680684487,0.6592085038706208,31.78320708431744,32.44241558818806,27.033692646235416,4.696186593922234,27.087020490395204
1.7900000000000014,-0.6544649032725829,0.6175494905007616,1.5245074891529256,-0.6552515124496776,0.60757457020903,0.0007866091770947214,0.6622125636792187,31.6929308955573,32.355143459236515,26.980257447314926,4.659026383473697,27.033904512083602
1.7920000000000014,-0.6532267634132433,0.6205862955191573,1.5122875385480234,-0.6540301756076917,0.6106684209929236,0.0008034121944484607,0.6651843134894153,31.60215371075651,32.26733802424592,26.926506818494993,4.621682230771971,26.98047147998454
1.7940000000000014,-0.6519825744236505,0.6235986008532195,1.5000078854205523,-0.6528026998643651,0.613737871663318,0.0008201254407146363,0.6681238340141649,31.510878604254536,32.179002438268704,26.872442377315103,4.584155609759093,26.926722994495442
1.7960000000000014,-0.6507323854222553,0.6265862875822924,1.487669014550188,-0.6515691342701502,0.6167827971074662,0.0008367488478948637,0.6710312068014512,31.419108674530516,32.090139881331964,26.818065758242902,4.546448001586202,26.872660672944313
1.7980000000000014,-0.6494762457643789,0.6295492377576186,1.4752714130544284,-0.6503295281235769,0.6198030732866093,0.0008532823591980154,0.6739065141573031,31.326847044173384,32.000753558330686,26.763378612701537,4.508560894555166,26.818286149618217
1.8000000000000014,-0.6482142050402641,0.632487334406999,1.4628155703693506,-0.6490839309690923,0.6227985772422914,0.0008697259288282799,0.6767498390703652,31.23409685984963,31.910846698919993,26.708382609095093,4.4704957840598665,26.76360107578976
1.8020000000000014,-0.6469463130731175,0.6354004615394094,1.4503019782302944,-0.6478323925948872,0.6257691871025485,0.0008860795217697781,0.6795612651373384,31.140861292268713,31.82042255740605,26.65307943283215,4.432254172527204,26.708607119741508
1.8040000000000014,-0.6456726199171432,0.6382885041495776,1.437731130652454,-0.6465749630307113,0.6287147820879715,0.0009023431135680715,0.682340876489389,31.0471435361465,31.729484412635887,26.597470786347056,4.393837569357884,26.653305966788615
1.8060000000000014,-0.644393175855566,0.6411513482225273,1.425103523911364,-0.645311692545676,0.6316352425176407,0.000918516690110005,0.6850887577201714,30.952946810165834,31.638035567886007,26.541558389119594,4.355247490866764,26.597699319299068
1.8080000000000014,-0.6431080313986469,0.6439888807380758,1.4124196565233196,-0.6440426316460461,0.6345304498149329,0.0009346002473992199,0.6878049938145181,30.858274356935414,31.54607935074993,26.485343977692136,4.316485460223112,26.5417888967123
1.8100000000000014,-0.6418172372816882,0.6468009896752986,1.3996800292256837,-0.6427678310730197,0.6374002865132018,0.0009505937913315554,0.6904896700789109,30.763129442945765,31.453619113024676,26.428829305685205,4.277553007390392,26.485576435555373
1.8120000000000014,-0.6405208444630318,0.6495875640169494,1.386885144957132,-0.641487341800497,0.6402446362613283,0.000966497337465233,0.6931428720725319,30.66751535852333,31.360658230595863,26.372016143810576,4.238451669065932,26.4290636894574
1.8140000000000014,-0.6392189041220461,0.6523484937538453,1.3740355088377834,-0.6402012150328388,0.6430633838291439,0.0009823109107927053,0.6957646855405342,30.5714354177818,31.267200103322335,26.314906279882525,4.199182988620195,26.372252429161605
1.8160000000000014,-0.6379114676571067,0.655083669889207,1.3611316281492727,-0.6389095022026133,0.6458564151127235,0.0009980345455066209,0.6983551963476753,30.474892958571356,31.17324815491903,26.257501518826977,4.1597485160358625,26.315144442535495
1.8180000000000014,-0.6365985866835665,0.6577929844429642,1.348174012314714,-0.6376122549683342,0.648623617139551,0.001013668284767677,0.7009144904141795,30.37789134242552,31.0788058328397,26.19980368268829,4.120149807846629,26.25774153457889
1.8200000000000014,-0.6352803130317181,0.6604763304560181,1.3351631728785907,-0.6363095252121871,0.6513648780735536,0.0010292121804690302,0.7034426536525662,30.280433954505252,30.983876608157818,26.14181461063425,4.08038842707565,26.2000455274296
1.8220000000000014,-0.6339566987447484,0.6631336019944618,1.3220996234865694,-0.6350013650377471,0.6540800872200075,0.0010446662929987083,0.7059397719059102,30.182524203541213,30.888463975447124,26.083536158958623,4.04046594317389,26.142058260367325
1.8240000000000014,-0.6326277960766826,0.6657646941537657,1.3089838798652085,-0.6336878267676864,0.6567691350303131,0.0010600306910037993,0.7084059308880519,30.084165521773095,30.792571452661146,26.02497020108173,4.0003839319580266,26.083781589815068
1.8260000000000014,-0.6312936574903231,0.6683695030629159,1.2958164598016113,-0.6323689629414732,0.6594319131066413,0.0010753054511500881,0.7108412161247268,29.985361364886916,30.696202581011644,25.966118627548703,3.9601439755482604,26.025217389338657
1.8280000000000014,-0.6299543356551764,0.6709479258885173,1.2825978831229727,-0.6310448263130602,0.662068314206449,0.0010904906578838025,0.7132457128968617,29.886115211949516,30.599360924846376,25.906983346025708,3.919747662305709,25.966367549643806
1.8300000000000014,-0.6286098834453757,0.6734998608388512,1.2693286716760699,-0.6297154698485665,0.6646782322468654,0.0011055864031908058,0.7156195061849502,29.786430565341064,30.502050071526014,25.84756628129383,3.879196586769729,25.907233978571334
1.8320000000000014,-0.6272603539375918,0.676025207167896,1.2560093493066458,-0.6283809467239486,0.6672615623089491,0.0011205927863567888,0.7179626806155515,29.686310950684675,30.404273631300228,25.787869375240767,3.8384923495947967,25.847818601089877
1.8340000000000014,-0.6259058004089393,0.678523865179302,1.2426404418387458,-0.627041310322665,0.6698182006418151,0.0011355099137256852,0.7202753204089252,29.58575991677387,30.306035237182797,25.727894586850418,3.7976365574873228,25.788123359286548
1.8360000000000014,-0.6245462763348719,0.6809957362303297,1.229222477053943,-0.6256966142333317,0.672348044666634,0.0011503378984597523,0.7225575093289027,29.484781035497548,30.20733854482645,25.667643892190043,3.756630823142095,25.72815021235545
1.8380000000000014,-0.623181835387072,0.6834407227357429,1.2157559846705102,-0.6243469122473707,0.6748509929805027,0.0011650768602987638,0.7248093306341219,29.38337790176223,30.108187232396354,25.607119284395296,3.7154767651785146,25.667901136583716
1.8400000000000014,-0.6218125314313322,0.6858587281716599,1.2022414963225123,-0.6229922583566503,0.6773269453601869,0.001179726925318092,0.727030867030849,29.28155413341231,30.00858500044316,25.546322773653,3.6741760080766523,25.607378125335657
1.8420000000000014,-0.6204384185254279,0.6882496570793675,1.1886795455388048,-0.6216327067511188,0.6797758027657377,0.0011942882256908982,0.7292222006280857,29.179313371147316,29.908535571775403,25.485256387181675,3.6327301821129723,25.546583189034344
1.8440000000000014,-0.619059550916984,0.6906134150690852,1.1750706677219869,-0.6202683118164308,0.6821974673439816,0.0012087608994468813,0.7313834128939245,29.076659278437166,29.80804269133109,25.423922169209604,3.59114092329593,25.485518355141235
1.8460000000000014,-0.6176759830413321,0.6929499088236961,1.1614154001272483,-0.6188991281315671,0.6845918424318855,0.0012231450902350227,0.733514584614039,28.97359554143449,29.70711012604853,25.36232218095094,3.5494098733012147,25.424185668133276
1.8480000000000014,-0.6162877695193637,0.6952590461024266,1.1477142818411767,-0.6175252104664475,0.6869588325597992,0.0012374409470837788,0.735615795851503,28.87012586888494,29.605741664736442,25.300458500579197,3.5075386794069217,25.36258718947802
1.8500000000000014,-0.6148949651553709,0.6975407357444914,1.1339678537604574,-0.6161466137795384,0.6892983434545724,0.0012516486241674896,0.7376871259091611,28.76625399203455,29.50394111794371,25.238333223198694,3.4655289944283396,25.30072499760621
1.8520000000000014,-0.6134976249348858,0.6997948876726897,1.1201766585705377,-0.6147633932154533,0.6916102820425538,0.0012657682805674586,0.7397286532928637,28.661983664534997,29.40171231782786,25.175948460813494,3.4233824766526646,25.23860118788233
1.8540000000000014,-0.6120958040225072,0.7020214128969634,1.1063412407241873,-0.6133756041025483,0.6938945564524679,0.001279800080041138,0.7417404556774065,28.55731866234609,29.299059118023496,25.113306342294194,3.3811007897733685,25.17621787257272
1.8560000000000014,-0.6106895577597244,0.7042202235179096,1.0924621464200108,-0.611983301950512,0.6961510760181753,0.001293744190787538,0.7437226098736094,28.45226278363588,29.19598539350949,25.050409013342367,3.338685602824442,25.11357718081144
1.8580000000000014,-0.6092789416627323,0.7063912327302491,1.0785399235808903,-0.6105865424479493,0.6983797512813148,0.0013076007852169669,0.7456751917974058,28.346819848678447,29.092495040475853,24.98725863645248,3.2961385901144267,25.05068125856402
1.8600000000000014,-0.6078640114202387,0.7085343548262563,1.0645751218323412,-0.6091853814599616,0.7005804939938318,0.00132137003972288,0.7475982764409461,28.240993699748667,28.988591976189614,24.923857390871834,3.2534614311601353,24.98753226858853
1.8620000000000014,-0.6064448228912672,0.7106495051991396,1.0505682924808284,-0.6077798750257208,0.7027532171203943,0.0013350521344536181,0.7494919378450304,28.13478820101517,28.8842801388602,24.860207472557907,3.2106558106203185,24.924132390394853
1.8640000000000014,-0.6050214321029506,0.712736600346385,1.0365199884919878,-0.6063700793560395,0.7048978348406967,0.0013486472530889193,0.751356249073869,28.028207238430234,28.779563487504102,24.796311094133465,3.1677234182289875,24.860483820201246
1.8660000000000014,-0.6035938952483201,0.7147955578730489,1.02243076446881,-0.6049560508309362,0.7070142625516554,0.001362155582616098,0.7531912821909259,27.921254719617558,28.674446001808484,24.732170484839273,3.1246659487286625,24.796588770888896
1.8680000000000014,-0.6021622686840862,0.7168262964950143,1.0083011766297307,-0.6035378459971972,0.7091024168694982,0.0013755773131109983,0.7549971082371765,27.813934573757177,28.568931681994354,24.66778789048456,3.081485101803285,24.732449471953892
1.8700000000000014,-0.6007266089284147,0.718828736042197,0.9941317827866882,-0.6021155215659337,0.7111622156317482,0.0013889126375190575,0.7567737972104771,27.706250751468286,28.463024548678764,24.603165573395145,3.0381825820110935,24.668068169457193
1.8720000000000014,-0.5992869726586942,0.7208027974617126,0.9799231423230876,-0.6006891344101355,0.7131935778991071,0.0014021617514412554,0.7585214180471866,27.598207224689332,28.35672864273652,24.538305812359017,2.9947600987171765,24.603447125972156
1.8740000000000014,-0.5978434167092996,0.7227484028209968,0.9656758161717235,-0.599258741562221,0.7151964239572374,0.0014153248529213958,0.7602400386049668,27.48980798655551,28.250048025160474,24.47321090256985,2.951219366025893,24.538588620529616
1.8760000000000014,-0.5963959980693482,0.7246654753108809,0.9513903667926404,-0.5978244002115841,0.7171706753184474,0.0014284021422359405,0.7619297256474411,27.38105705127403,28.14298677692147,24.40788315556801,2.9075621027131313,24.473494948560898
1.8780000000000014,-0.5949447738804492,0.726553939248626,0.9370673581509159,-0.5963861677021376,0.7191162547232822,0.001441393821688397,0.7635905448305569,27.271958453996703,28.03554899882726,24.342324899179285,2.8637900321583127,24.40816842183839
1.8800000000000014,-0.5934898014344492,0.728413720080909,0.9227073556944096,-0.5949441015298536,0.7210330861420219,0.0014543000954043706,0.7652225606902174,27.162516250690242,27.927738811380458,24.276538477451158,2.81990488227632,24.342611368413923
1.8820000000000014,-0.5920311381711685,0.7302447443867675,0.9083109263314267,-0.5934982593403014,0.7229210947760897,0.0014671211691329455,0.7668258366319258,27.05273451800371,27.819560354635637,24.210526250586916,2.7759083854491218,24.27682613255459
1.8840000000000015,-0.5905688416761354,0.7320469398804966,0.8938786384083517,-0.5920486989261827,0.7247802070593732,0.0014798572500472895,0.7684004349213369,26.94261735313389,27.711017788055226,24.144290594877294,2.731802278457338,24.210815074676553
1.8860000000000015,-0.5891029696783115,0.7338202354145045,0.8794110616871957,-0.5905954782248638,0.7266103506594612,0.0014925085465522514,0.769946416676861,26.832168873688005,27.602115290364864,24.0778339026297,2.6875883024115677,24.144580571276435
1.8880000000000015,-0.5876335800478137,0.7355645609821196,0.8649087673231192,-0.5891386553159063,0.7284114544787981,0.001505075268092515,0.7714638418631803,26.721393217543774,27.492857059406955,24.011158582095412,2.6432682026835588,24.078125014860216
1.8900000000000015,-0.5861607307936282,0.7372798477203556,0.8503723278418677,-0.5876782884185947,0.730183448655759,0.0015175576249665257,0.7729527692867655,26.610294542707454,27.383247311994218,23.94426705739415,2.598843728837229,24.011450813870226
1.8920000000000015,-0.5846844800613218,0.7389660279126288,0.8358023171171858,-0.5862144358894634,0.731926264565649,0.001529955828141638,0.7744132565919792,26.498877027169083,27.273290283761064,23.877161768436295,2.55431663455954,23.944560392609542
1.8940000000000015,-0.5832048861307457,0.7406230349914323,0.8211993103481469,-0.5847471562198202,0.7336398348216266,0.0015422700890744823,0.7758453602592064,26.387144868755154,27.162990229014362,23.809845170843143,2.509688677591129,23.877456191164026
1.8960000000000015,-0.5817220074137346,0.7422508035409644,0.8065638840364517,-0.5832765080332691,0.7353240932755575,0.001554500619534549,0.7772491356038791,26.275102284979297,27.052351420583175,23.742319735864363,2.464961619656884,23.810140665322415
1.8980000000000015,-0.5802359024518013,0.7438492692997095,0.7918966159636756,-0.5818025500832316,0.7369789750187975,0.001566647631430218,0.7786246367765992,26.16275351289007,26.94137814966667,23.67458795029356,2.42013722639632,23.74261628649375
1.9000000000000015,-0.5787466299138251,0.7454183691629768,0.7771980851684432,-0.5803253412504658,0.7386044163829112,0.0015787113366406702,0.7799719167648811,26.050102808916563,26.830074725681445,23.606652316381172,2.375217267293779,23.674885541622785
1.9020000000000015,-0.5772542485937359,0.74695804118539,0.7624688719235867,-0.5788449405405851,0.7402003549403244,0.001590691946849243,0.7812910273955542,25.93715444871146,26.718445476107014,23.538515351745367,2.330203515608535,23.606950933102926
1.9040000000000015,-0.5757588174081923,0.7484682245833344,0.7477095577132206,-0.5773614070815752,0.7417667295049173,0.0016025896733828926,0.7825820193387512,25.82391272699171,26.606494746330462,23.470179589280484,2.2850977483046937,23.538814978687018
1.9060000000000015,-0.5742603953942577,0.749948859737355,0.7329207252098017,-0.5758748001213101,0.7433034801325565,0.001614404727052432,0.7838449421122706,25.71038195737687,26.494226899489142,23.401647577063184,2.2399017459810224,23.47048021139585
1.9080000000000015,-0.5727590417070668,0.7513998881945114,0.7181029582511107,-0.5743851790250669,0.7448105481215723,0.0016261373180000982,0.7850798440877527,25.596566472224904,26.381646316312658,23.332921878256368,2.1946172928005487,23.401949179424356
1.9100000000000015,-0.571254815617493,0.7528212526706844,0.7032568418172194,-0.5728926032730406,0.7462878760131801,0.0016377876555475623,0.7862867724970202,25.482470622465627,26.26875739496265,23.26400507101078,2.149246176420114,23.333224446045513
1.9120000000000015,-0.5697477765098063,0.7542128970528384,0.6883829620073817,-0.5713971324578568,0.747735407591851,0.0016493559480504905,0.7874657734400148,25.368098777431797,26.155564550871812,23.194899748364413,2.103790187919705,23.26430858951209
1.9140000000000015,-0.5682379838793302,0.7555747664012364,0.6734819060169022,-0.5698988262820855,0.7491530878856312,0.0016608424027553248,0.7886168918930325,25.25345532468787,26.0420722165809,23.125608518139583,2.0582511217317165,23.195204202956152
1.9160000000000015,-0.5667254973300929,0.7569068069516078,0.6585542621139611,-0.5683977445557528,0.7505408631664147,0.0016722472256598397,0.7897401717180585,25.138544669856262,25.92828484157432,23.056134002837812,2.012630775570085,23.125913894286178
1.9180000000000015,-0.5652103765724731,0.758208966117273,0.6436006196163749,-0.5668939471938524,0.7518986809501695,0.00168357062137936,0.7908356556731011,25.02337123644139,25.81420689211449,22.98647883953252,1.9669309503592227,23.056440286082164
1.9200000000000015,-0.5636926814208445,0.7594811924912174,0.6286215688683494,-0.5653874942138583,0.7532264899971203,0.0016948127930137558,0.7919033854225455,24.907939465651342,25.69984285107389,22.916645679759306,1.9211534501629375,22.986786015488406
1.9220000000000015,-0.5621724717912125,0.7607234358481225,0.6136177012171553,-0.5638784457332344,0.7545242403118888,0.0017059739420218767,0.7929434015491865,24.792253816217066,25.585197217766254,22.846637189404234,1.8753000821131127,22.916953734103952
1.9240000000000015,-0.5606498076988508,0.7619356471463473,0.5985896089898011,-0.5623668619669472,0.7557918831435946,0.0017170542680964296,0.7939557435659039,24.6763187642095,25.470274507775404,22.776456048589857,1.8293726563383832,22.84694610787112
1.9260000000000015,-0.55912474925593,0.7631177785298658,0.5835378854696315,-0.5608528032249753,0.7570293709859173,0.0017280539690452956,0.7949404499288559,24.560138802854244,25.3550792527831,22.706104951558935,1.7833729858925935,22.77676581696165
1.9280000000000015,-0.5575973566691466,0.7642697833301547,0.5684631248729224,-0.5593363299098211,0.758236657577121,0.0017389732406745129,0.7958975580505023,24.443718442343858,25.23961600039436,22.635586606556178,1.7373028866832336,22.706415555660623
1.9300000000000015,-0.5560676902373443,0.7653916160680371,0.5533659223254082,-0.557817502514021,0.7594136979000455,0.0017498122766766988,0.7968271043136843,24.327062209648158,25.123889313961843,22.564903735707674,1.6911641773996868,22.63589803224847
1.9320000000000015,-0.5545358103491346,0.7664832324554778,0.5382468738387927,-0.5562963816176568,0.7605604481820617,0.0017605712685222485,0.7977291240859219,24.210174648321985,25.007903772407907,22.494059074898225,1.6449586794414117,22.565215968880572
1.9340000000000015,-0.5530017774805126,0.7675445893973304,0.5231065762872265,-0.5547730278858668,0.7616768658949951,0.0017712504053541966,0.7986036517342177,24.093060318310883,24.8916639700451,22.423055373646577,1.5986882168460443,22.494372101464837
1.9360000000000015,-0.5514656521924692,0.7685756449930407,0.5079456273837281,-0.5532475020663568,0.762762909755019,0.00178184987388752,0.7994507206404244,23.97572379575447,24.775174516394895,22.35189539497846,1.5523546162173094,22.423369179537158
1.9380000000000015,-0.5499274951286007,0.7695763585382986,0.49276462565660506,-0.5517198649869117,0.7638185397225168,0.0017923698583109937,0.8002703632167973,23.858169672787636,24.658440036004432,22.280581915297617,1.5059597066529442,22.35220996613469
1.9400000000000015,-0.5483873670127138,0.7705466905266475,0.47756417042580707,-0.5501901775529079,0.7648437170019157,0.0018028105401940442,0.8010626109221897,23.740402557339547,24.541465168261738,22.209117724254714,1.4595053196724213,22.280897237667126
1.9420000000000015,-0.5468453286464301,0.7714866026510415,0.4623448617792837,-0.5486585007448249,0.7658384040414923,0.0018131720983948219,0.8018274942780756,23.62242707293052,24.424254567208596,22.13750562461416,1.4129932891446817,22.209433783785837
1.9440000000000015,-0.5453014409067831,0.7723960578053597,0.44710730054927633,-0.5471248956157586,0.7668025645331517,0.0018234547089754916,0.8025650428857078,23.5042478584666,24.306812901352306,22.06574843211886,1.3664254512156624,22.137822407250937
1.9460000000000015,-0.5437557647438179,0.7732750200858695,0.43185208828861577,-0.5455894232889342,0.76773616341218,0.0018336585451163012,0.8032752854424929,23.385869568032167,24.18914485347466,21.993848975353018,1.319803644235853,22.066065923796312
1.9480000000000015,-0.5422083611781825,0.7741234547926451,0.4165798272469588,-0.5440521449552203,0.768639166856972,0.0018437837770377552,0.8039582497596487,23.267296870680276,24.071255120439925,21.921810095602815,1.273129708687663,21.994167161992614
1.9500000000000015,-0.5406592912987198,0.7749413284309373,0.4012911203470188,-0.5425131218706428,0.7695115422887339,0.0018538305719230097,0.8046139627793947,23.148534450221003,23.9531484130004,21.849634646715266,1.2264054871127692,21.922128963108236
1.9520000000000015,-0.5391086162600567,0.775728608712495,0.3859865711607702,-0.5409724153539005,0.7703532583711614,0.001863799093843821,0.8052424505924516,23.029587005007752,23.834829455600204,21.77732549495482,1.1796328240393996,21.849954180968354
1.9540000000000015,-0.5375563972801881,0.7764852645568411,0.37066678388560487,-0.5394300867838803,0.7711642850100957,0.0018736895036921553,0.8058437384560713,22.910459247721267,23.71630298617734,21.704885518858283,1.1328135659094423,21.777645681811826
1.9560000000000015,-0.536002695638062,0.777211266092498,0.35533236332049706,-0.5378861975971739,0.7719445933531544,0.0018835019591119107,0.8064178508116959,22.791155905151914,23.59757375596361,21.632317609087657,1.0859495610056165,21.705206344146298
1.9580000000000015,-0.5344475726711583,0.7779065846581685,0.3399839148421097,-0.5363408092855952,0.7726941557893414,0.0018932366144369661,0.8069648113034145,22.671681717979727,23.47864652928314,21.559624668281103,1.0390426593784359,21.632639058601292
1.9600000000000015,-0.5328910897730695,0.7785711928038661,0.3246220443809122,-0.534793983393698,0.7734129459486336,0.0019028936206284541,0.807484642795635,22.55204144055264,23.359526083348275,21.48680961090196,0.9920947127732344,21.559946727779405
1.9620000000000015,-0.5313333083910748,0.7792050642919993,0.3092473583972424,-0.5332457815162949,0.7741009387015456,0.0019124731252200267,0.8079773673919433,22.432239840662543,23.240217208054485,21.413875363085932,0.9451075745569952,21.487132266105547
1.9640000000000015,-0.5297742900237163,0.779808174098407,0.29386046385738146,-0.5316962652959776,0.7747581101586718,0.0019219752722612338,0.8084430064529324,22.31228169931957,23.120724705772503,21.340824862486432,0.8980830996452397,21.41419859967433
1.9660000000000015,-0.5282140962183693,0.7803804984133467,0.2784619682095772,-0.5301454964206371,0.7753844376702073,0.0019314002022677856,0.8088815806151439,22.19217181052439,23.001053391139532,21.267661058118122,0.8510231444287539,21.341148666095634
1.9680000000000015,-0.5266527885688138,0.7809220146424345,0.2630524793600691,-0.5285935366209862,0.7759798998254469,0.0019407480521723697,0.8092931098092082,22.071914981038642,22.88120809084785,21.194386910198467,0.8039295667003261,21.267985414338316
1.9700000000000015,-0.5250904287128026,0.7814327014075368,0.247632605649096,-0.5270404476680817,0.7765444764522617,0.0019500189552790204,0.8096776132785055,21.951516030153417,22.761193643431923,21.121005389987847,0.7568042255814115,21.194711804572005
1.9720000000000015,-0.5235270783296274,0.7819125385476148,0.23220295582686468,-0.5254862913708486,0.7770781486165544,0.001959213041221153,0.810035109597913,21.8309797894561,22.641014899054014,21.04751947962748,0.7096489814487156,21.121330808007386
1.9740000000000015,-0.5219627991376847,0.7823615071195196,0.2167641390295346,-0.5239311295736052,0.7775808986216921,0.0019683304359204845,0.8103656166920703,21.710311102595064,22.520676719287135,20.973932171975967,0.6624656958607833,21.047845406734282
1.9760000000000015,-0.5203976528920382,0.7827795893987408,0.20131676475515312,-0.5223750241535894,0.7780527100079173,0.001977371261551175,0.8106691518543752,21.589514825042883,22.40018397689726,20.900246470443964,0.6152562314844753,20.974258593558407
1.9780000000000015,-0.5188317013819821,0.7831667688801057,0.18586144283961079,-0.520818037018486,0.7784935675517366,0.0019863356365038554,0.8109457317652269,21.46859582385764,22.279541555622867,20.82646538882719,0.568022452021481,20.90057337183616
1.9800000000000015,-0.5172650064286002,0.7835230302784317,0.17039878343254877,-0.5192602301039554,0.7789034572652864,0.0019952236753552066,0.8111953725110554,21.347558977442535,22.15875434995359,20.752591951137717,0.5207662221347029,20.82679275530783
1.9820000000000015,-0.5156976298823273,0.7838483595291287,0.15492939697328845,-0.517701665371164,0.7792823663956767,0.002004035488836764,0.8114180896024714,21.22640917530372,22.03782726490619,20.678629191433785,0.47348940737469,20.75291976792903
1.9840000000000015,-0.5141296336205051,0.7841427437887546,0.13945389416671722,-0.5161424048043154,0.7796302834243108,0.002012771183810269,0.8116138979933374,21.105151317806587,21.916765215799924,20.604580153647795,0.42619387410596266,20.678957443700625
1.9860000000000015,-0.5125610795449412,0.7844061714355233,0.12397288595918543,-0.514582510408183,0.7799471980661825,0.002021430863241802,0.81178281209908,20.98379031593023,21.795573128029307,20.530447891412898,0.3788814894333457,20.60490882649688
1.9880000000000015,-0.5109920295794652,0.7846386320697623,0.10848698351439374,-0.5130220442056448,0.7802331012691488,0.002030014626179577,0.8119248458151596,20.862331091020472,21.674255936835632,20.45623546788793,0.33155412112829274,20.53077696989218
1.9900000000000015,-0.5094225456674825,0.7848401165143236,0.09299679818925019,-0.5114610682352184,0.7804879852131796,0.0020385225677359564,0.8120400125359617,20.740778574541167,21.55281858707713,20.381945955580832,0.2842136375551057,20.456564936986062
1.9920000000000015,-0.507852689769531,0.7850106168149464,0.07750294150975234,-0.5098996445485993,0.7807118433095815,0.002046954779068244,0.8121283251728162,20.619137707824013,21.43126603299683,20.307582436170584,0.23686190759723877,20.382275800226775
1.9940000000000015,-0.5062825238608332,0.7851501262405709,0.062006025146827785,-0.5083378352081989,0.7809046702001982,0.002055311347365696,0.8121897961730062,20.49741344181675,21.309603237989755,20.2331480003277,0.18950080058346963,20.30791264123328
1.9960000000000016,-0.504712109928851,0.7852586392836038,0.04650666089220394,-0.5067757022846857,0.7810664617565847,0.0020635923558347535,0.8122244375376941,20.375610736830033,21.187835174367727,20.158645747533146,0.142132186214165,20.233478550615867
1.9980000000000016,-0.503141509970837,0.7853361516601359,0.031005460634238043,-0.5052133078545274,0.7811972150791563,0.002071797883690496,0.8122322608407773,20.2537345622826,21.065966823123375,20.084078785896086,0.0947579344874214,20.158976627795177
2.0000000000000013,-0.5015707859913886,0.7853826603101113,0.01550303633377835,-0.5036507139975348,0.7812969284963117,0.0020799280061462033,0.8122132772468693,20.131789896445266,20.944003173692135,20.009450231969865,0.0473799156253028,20.084409980819963
2.002000000000001,-0.49999999999999895,0.7853981633974483,-1.0353123078098948e-14,-0.5020879827944077,0.7813656015635286,0.0020879827944087492,0.8121674975299031,20.00978172618319,20.82194922371309,19.934763210567056,-3.164091365768472e-14,20.00978172618322
2.004000000000001,-0.4984292140086095,0.7853826603101113,-0.015503036333796863,-0.5005251763242828,0.7814032350624339,0.0020959623156733276,0.8120949320912896,19.887715046697156,20.699809978788444,19.860020854572838,-0.04737994194012369,19.93509498863728
2.0060000000000007,-0.4968584900291612,0.7853361516601358,-0.031005460634256556,-0.49896235666228317,0.7814098309998453,0.0021038666331219535,0.8119955909783627,19.76559486126314,20.577590452241502,19.785226304757362,-0.09475803974408352,19.86035290100722
2.0080000000000005,-0.49528789007114743,0.7852586392836037,-0.04650666089222027,-0.4973995858770696,0.7813853926067854,0.002111695805922187,0.8118694839023166,19.64342618097095,20.455295664873265,19.710382709586504,-0.1421324230323836,19.78555860400333
2.0100000000000002,-0.4937174761391654,0.7851501262405708,-0.062006025146841906,-0.4958369260283947,0.7813299243374682,0.0021194498892292968,0.8117166202565529,19.521214024461166,20.33293064471772,19.635493225031695,-0.1895012215707082,19.710715246031874
2.012,-0.4921473102304678,0.7850106168149463,-0.07750294150976426,-0.4942744391646582,0.7812434318682561,0.00212712893419037,0.8115370091349372,19.398963417661214,20.210500426796152,19.560561014378422,-0.2368625653437988,19.635825983005013
2.014,-0.49057745433251637,0.7848401165143234,-0.09299679818926213,-0.492712187320465,0.7811259220965885,0.00213473298794864,0.8113306593497094,19.27667939352006,20.08801005286977,19.4855892480335,-0.28421458462923094,19.56089397814929
2.0159999999999996,-0.48900797042053407,0.7846386320697621,-0.1084869835144013,-0.49115023251418527,0.7809774031398803,0.002142262093651204,0.8110975794496622,19.154366991741757,19.96546457119142,19.41058110333124,-0.3315554100712369,19.485922401812992
2.0179999999999993,-0.487438920455058,0.7844061714355232,-0.12397288595919298,-0.4895886367455165,0.7807978843343911,0.0021497162904585143,0.8108377777383136,19.032031258517804,19.84286903625612,19.335539764338574,-0.3788831727545168,19.41091443127232
2.019999999999999,-0.4858703663794944,0.7841427437887545,-0.13945389416672258,-0.48802746199304836,0.7805873762340642,0.002157095613553983,0.8105512622916922,18.909677246258568,19.72022850855026,19.260468421658928,-0.4261960042779708,19.335873250536537
2.021999999999999,-0.48430237011767246,0.7838483595291286,-0.15492939697329158,-0.4864667702118297,0.7803458906093337,0.0021644000941572483,0.8102380409764676,18.787310013323403,19.59754805429987,19.185370272235254,-0.4734920368284704,19.260802050151874
2.0239999999999987,-0.4827349935713995,0.7835230302784316,-0.1703987834325519,-0.4849066233309379,0.7800734404459029,0.0021716297595384404,0.8098981214680046,18.664934623749982,19.474832745217988,19.11024851915184,-0.5207694032546096,19.18570402700459
2.0259999999999985,-0.48116829861801785,0.7831667688801057,-0.18586144283961178,-0.48334708325105097,0.7797700399434889,0.002178784633033115,0.8095315112680712,18.542556146982413,19.352087658250483,19.035106371435216,-0.5680262371403654,19.11058238412278
2.0279999999999982,-0.47960234710796196,0.7827795893987408,-0.20131676475515192,-0.4817882118420219,0.7794357045145373,0.0021858647340599613,0.8091382177228401,18.420179657598528,19.229317875321367,18.95994704385425,-0.6152606728787886,19.035440330477318
2.029999999999998,-0.4780372008623156,0.7823615071195196,-0.2167641390295312,-0.4802300709404561,0.7790704507829036,0.0021928700781405075,0.8087182480409094,18.29781023503626,19.10652848307717,18.88477375671898,-0.6624708457456746,18.960281080781932
2.031999999999998,-0.4764729216703729,0.7819125385476149,-0.23220295582686126,-0.4786727223472911,0.7786742965825036,0.002199800676918162,0.8082716093108644,18.175452963318964,18.98372457262983,18.809589735678898,-0.7096548919731197,18.885107855292084
2.0339999999999976,-0.47490957128719813,0.7814327014075372,-0.2476326056490883,-0.4771162278253792,0.7782472609559297,0.0022066565381810843,0.8077983085192608,18.053112930780088,18.860911239299348,18.734398211520187,-0.756810948823115,18.809923879603204
2.0359999999999974,-0.47334721143118696,0.7809220146424347,-0.2630524793600614,-0.47556064909707313,0.7777893641530348,0.0022134376658861643,0.8072983525685506,17.93079522978691,18.73809358235546,18.659202419962174,-0.8039371546610959,18.734732384448005
2.037999999999997,-0.4717859037816316,0.780380498413347,-0.27846196820956726,-0.47400604784181416,0.7773006276294845,0.0022201440601825606,0.8067717482945502,17.808504956463505,18.615276704758056,18.584005601453,-0.8510316490293823,18.65953660549289
2.039999999999997,-0.47022570997628493,0.7798081740984074,-0.2938604638573694,-0.4724524856937236,0.7767810740452731,0.002226775717438678,0.8062185024843038,17.68624721041298,18.492465712897282,18.508811000964503,-0.898092572720641,18.584339783133622
2.0419999999999967,-0.4686666916089264,0.7792050642919999,-0.30924735839723033,-0.4709000242391972,0.7762307272632082,0.0022333326302708123,0.8056386218939826,17.564027094438938,18.36966571633292,18.43362186778647,-0.9451180678512902,18.509145162290228
2.0439999999999965,-0.4671089102269319,0.7785711928038668,-0.324622044380898,-0.4693487250145025,0.7756496123473602,0.002239814787570571,0.8050321132662286,17.441849714266464,18.246881827532693,18.358441455320005,-0.9921062779348016,18.433955992201266
2.0459999999999963,-0.46555242732884333,0.7779065846581693,-0.33998391484209334,-0.4677986495033795,0.7750377555614786,0.0022462221745361832,0.8043989833480114,17.319720178262127,18.12411916161014,18.283273020870467,-1.039055347954992,18.35877552621712
2.047999999999996,-0.4639973043619399,0.7772112660924989,-0.3553323633204786,-0.4662498591346448,0.7743951843673735,0.0022525547727048623,0.8037392389083253,17.19764359715377,18.001382836062096,18.208119825439606,-1.0859634244392773,18.28360702159305
2.049999999999996,-0.4624436027198138,0.776485264556842,-0.3706667838855864,-0.4647024152797983,0.7737219274232626,0.002258812559984502,0.8030528867555708,17.07562508374943,17.878677970505,18.132985133517167,-1.1328286555317884,18.208453739281218
2.0519999999999956,-0.46089138373994565,0.7757286087124963,-0.3859865711607474,-0.46315637925063413,0.773018014582084,0.0022649955106884834,0.8023399337551984,16.95366975265587,17.75600968641107,18.057872212871956,-1.1796491910664846,18.133318943722355
2.0539999999999954,-0.4593407087012825,0.7749413284309385,-0.40129112034699604,-0.4616118122968546,0.7722834768897733,0.002271103595572088,0.8016003868474142,16.831782719996596,17.63338310684401,17.982784334342387,-1.2264231826402139,18.05820590263681
2.055999999999995,-0.45779163882182006,0.7741234547926464,-0.4165798272469338,-0.4600687756036876,0.7715183465835075,0.002277136781867528,0.8008342530643731,16.709969103129453,17.510803356193826,17.90772477162642,-1.2731487836856366,17.98311788681509
2.057999999999995,-0.45624423525618485,0.7732750200858709,-0.43185208828858873,-0.45852733028950776,0.7707226570899126,0.0022830950333229127,0.8000415395478155,16.588234020363675,17.38827555991149,17.83269680107124,-1.3198241495441145,17.90805816990779
2.0599999999999947,-0.4546985590932196,0.7723960578053612,-0.4471073005492493,-0.45698753740346126,0.7698964430232367,0.0022889783102416628,0.7992222535666049,16.46658259067674,17.265804844243345,17.75770370146231,-1.3664474375385705,17.833030028215312
2.0619999999999945,-0.4531546713535729,0.7714866026510433,-0.46234486177925455,-0.45544945792309427,0.7690397401834878,0.0022947865695213676,0.7983764025338047,16.345019933430724,17.14339633596453,17.682748753812174,-1.4130168070461657,17.75803674047689
2.0639999999999943,-0.45161263298728926,0.7705466905266495,-0.47756417042577576,-0.4539131527519852,0.7681525855545356,0.0023005197646959186,0.7975039940242357,16.223551168088363,17.0210551621126,17.607835241148805,-1.4595304195709813,17.683081587659345
2.065999999999994,-0.45007250487140266,0.7695763585383009,-0.49276462565657164,-0.4523786827173808,0.7672350173021801,0.0023061778459781412,0.7966050357918109,16.102181413928957,16.898786449720767,17.532966448303696,-1.505986438816604,17.60816785274556
2.067999999999994,-0.4485343478075342,0.7685756449930429,-0.5079456273836948,-0.4508461085678364,0.7662870747721825,0.002311760760302206,0.7956795357865731,15.980915789763877,16.77659532555045,17.458145661699646,-1.5523830307585706,17.533298820522447
2.0699999999999936,-0.4469982225194912,0.767544589397333,-0.5231065762871888,-0.4493154909708599,0.7653087984882618,0.0023172684513687036,0.794727502172059,15.85975941365203,16.65448691582409,17.383376169138256,-1.5987183637167866,17.458477777368817
2.0719999999999934,-0.44546418965086926,0.7664832324554804,-0.5382468738387551,-0.44778689051055975,0.7643002301500567,0.0023227008596904963,0.793748943342496,15.738717402615016,16.532466345957513,17.308661259587197,-1.64499060842784,17.383708011042856
2.073999999999993,-0.44393230976265974,0.7653916160680401,-0.5533659223253685,-0.44626036768529764,0.7632614126310501,0.002328057922637905,0.7927438679396714,15.61779487235224,16.410538740291912,17.234004222967343,-1.6911979381171653,17.308992810469405
2.075999999999993,-0.44240264333085766,0.7642697833301578,-0.5684631248728808,-0.4447359829053447,0.7621923899764604,0.002333339574487059,0.7917122848701519,15.496996936955892,16.288709221826043,17.159408349939678,-1.7373385285711758,17.234335465527067
2.0779999999999927,-0.44087525074407424,0.7631177785298691,-0.5835378854695898,-0.44321379649054254,0.7610932074010955,0.0023385457464683013,0.7906542033222674,15.37632870862592,16.16698291194819,17.084876931692143,-1.7834105582092834,17.159739266835203
2.0799999999999925,-0.43935019230115385,0.761935647146351,-0.5985896089897553,-0.4416938686679682,0.7599639112871721,0.0023436763668143734,0.7895696327828472,15.255795297384946,16.045364930167793,17.010413259726317,-1.829412208155762,17.08520750554071
2.0819999999999923,-0.4378275282087921,0.7607234358481263,-0.6136177012171096,-0.44017625956960404,0.7588045491820996,0.0023487313608119287,0.7884585830543056,15.135401810793168,15.923860393847473,16.936020625644062,-1.8753416623115788,17.010743473104746
2.083999999999992,-0.43630731857916033,0.7594811924912214,-0.6286215688683016,-0.4386610292300116,0.7576151697962291,0.0023537106508512706,0.7873210642711781,15.015153353663365,15.802474417934544,16.861702320934224,-1.9211971074260523,16.936350461089418
2.085999999999992,-0.4347896234275319,0.7582089661172773,-0.6436006196163253,-0.43714823758401045,0.7563958230005652,0.0023586141564785335,0.786157086916901,14.895055027776012,15.681212114692913,16.78746163675916,-1.966976733168435,16.862031760944447
2.0879999999999916,-0.43327450266991235,0.7569068069516123,-0.6585542621139092,-0.43563794446436155,0.7551465598244443,0.0023634417944491948,0.7849666618405604,14.775111931594356,15.560078593434916,16.71330186374151,-2.0126787321993787,16.787790663793736
2.0899999999999914,-0.431762016120675,0.755574766401241,-0.6734819060168504,-0.4341302095994552,0.7538674324531767,0.0023681934787802006,0.7837498002732435,14.6553291599799,15.439078960253143,16.63922629175085,-2.05830130024226,16.71363046022216
2.091999999999991,-0.4302522234901993,0.7542128970528436,-0.6883829620073257,-0.4326250926110039,0.7525584942256529,0.0023728691208045882,0.7825065138445142,14.53571180390786,15.318218317752375,16.565238209690584,-2.1038426361543916,16.639554440062252
2.093999999999991,-0.4287451843825127,0.7528212526706897,-0.7032568418171636,-0.4311226530117401,0.7512197996319155,0.002377468629227386,0.7812368145989779,14.416264950182942,15.19750176478192,16.49134090528488,-2.1493009419981486,16.56556589218109
2.0959999999999908,-0.42724095829293884,0.7513998881945169,-0.7181029582510551,-0.4296229502031187,0.7498514043106959,0.002381991910179848,0.7799407150122728,14.296993681155378,15.076934396167651,16.417537664865847,-2.1946744231118953,16.491668104267273
2.0979999999999905,-0.42573960460574833,0.7499488597373608,-0.7329207252097418,-0.42812604347302485,0.7484533650469141,0.002386438867276519,0.7786182280073706,14.177903074437278,14.95652130244465,16.343831773160815,-2.2399612881808393,16.41786436261812
2.0999999999999903,-0.42424118259181365,0.7484682245833405,-0.7477095577131608,-0.42663199199348656,0.7470257397691455,0.002390809401672911,0.7772693669707698,14.058998202619224,14.836267569589992,16.270226513079912,-2.2851597493077613,16.344157951926984
2.10199999999999,-0.42274575140627035,0.7469580411853963,-0.7624688719235252,-0.4251408548183925,0.7455685875470515,0.0023951034121221237,0.7758941457682567,13.940284132987273,14.71617827875553,16.196725165503906,-2.3302680220835432,16.270552155070817
2.10399999999999,-0.42125337008618136,0.7454183691629835,-0.7771980851683796,-0.42365269088121493,0.7440819685887743,0.002399320795033577,0.7744925787608659,13.821765927240476,14.596258506001341,16.12333100907227,-2.375284325657612,16.197050252898087
2.1059999999999897,-0.4197640975482052,0.7438492692997165,-0.79189661596361,-0.42216755899273833,0.7425659442382985,0.002403461444533128,0.7730646808207897,13.703448641208595,14.476513322029385,16.050047319971643,-2.420206882808267,16.12365552401686
2.1079999999999894,-0.4182779925862721,0.7422508035409716,-0.8065638840363865,-0.42068551783879277,0.7410205769727758,0.0024075252525206925,0.771610467346715,13.585337324570503,14.356947791917218,15.976877371724546,-2.4650339200127864,16.05037124458329
2.109999999999989,-0.4167951138692613,0.7406230349914401,-0.8211993103480775,-0.41920662597799313,0.7394459303998163,0.002411512108731806,0.7701299542795748,13.467437020572905,14.23756697485248,15.90382443497861,-2.5097636675174355,15.977200688090342
2.111999999999989,-0.4153155199386852,0.7389660279126367,-0.8358023171171166,-0.4177309418394836,0.7378420692547435,0.002415421900798409,0.7686231581179914,13.349752765749734,14.118375923867726,15.830891777296078,-2.5543943594073615,15.904147125157095
2.1139999999999888,-0.41383926920637887,0.7372798477203637,-0.8503723278417986,-0.416258523720688,0.7362090593978156,0.0024192545143091326,0.7670900959333538,13.232289589642027,13.99937968557538,15.758082662943814,-2.5989242336762306,15.831213823318258
2.1159999999999886,-0.41236641995219364,0.7355645609821283,-0.8649087673230462,-0.41478942978506517,0.7345469678114112,0.0024230098328715255,0.7655307853851268,13.115052514518387,13.880583299903513,15.685400352683793,-2.6433515322958177,15.758404046814205
2.1179999999999883,-0.4108970303216958,0.7338202354145135,-0.8794110616871228,-0.4133237180598708,0.7328558625971808,0.002426687738175004,0.7639452447359241,12.998046555096128,13.761991799832051,15.612848103564085,-2.6876745012854006,15.685721056381528
2.119999999999988,-0.4094311583238721,0.7320469398805058,-0.8938786384082771,-0.41186144643392447,0.7311358129731632,0.002430288110052359,0.762333492866234,12.88127671826307,13.643610211129303,15.540429168710325,-2.731891390780972,15.613168109044043
2.121999999999988,-0.4079688618288393,0.7302447443867771,-0.9083109263313502,-0.4104026726553827,0.7293868892708678,0.0024338108265434255,0.7606955492893142,12.764748002799978,13.525443552089293,15.468146797117715,-2.776000455104311,15.54074845790429
2.1239999999999877,-0.40651019856555876,0.7284137200809191,-0.9227073556943314,-0.40894745432951807,0.7276091629323213,0.0024372557639593118,0.7590314341658178,12.648465399103705,13.407496833269523,15.396004233443751,-2.8199999528318975,15.468465351935603
2.1259999999999875,-0.4050552261195587,0.7265539392486362,-0.9370673581508376,-0.4074958489165039,0.7258027065070805,0.0024406227969452354,0.7573411683181752,12.53243388891122,13.289775057229395,15.324004717801385,-2.8638881468636352,15.396322035774855
2.1279999999999872,-0.4036040019306601,0.7246654753108919,-0.9513903667925585,-0.4060479137292055,0.7239675936492108,0.0024439117985454173,0.7556247732449939,12.416658445024263,13.172283218269257,15.252151485552957,-2.9076633044914058,15.324321749515669
2.129999999999987,-0.4021565832907087,0.7227484028210079,-0.9656758161716417,-0.40460370593097705,0.7221038991142299,0.002447122640268362,0.7538822711353066,12.301144031034891,13.055026302170198,15.18044776710471,-2.951323697467504,15.252467728502396
2.131999999999987,-0.4007130273413142,0.7208027974617242,-0.9799231423230041,-0.403163282533465,0.7202116987560161,0.0024502551921508076,0.7521136848824561,12.185895601051865,12.93800928593432,15.10889678770201,-2.994867602072802,15.180763203124666
2.1339999999999866,-0.399273391071594,0.7188287360422089,-0.9941317827866029,-0.40172670039441766,0.7182910695236844,0.0024533093228236713,0.7503190380980596,12.070918099427885,12.821237137525944,15.037501767225388,-3.0382932991848,15.109211398612686
2.1359999999999864,-0.3978377313159224,0.7168262964950264,-1.0083011766296457,-0.4002940162155008,0.7163420894584258,0.002456284899578387,0.7484983551258861,11.956216460487763,12.704714815613649,14.966265919987123,-3.0815990743455117,15.037815534833275
2.137999999999986,-0.3964061047516887,0.7147955578730615,-1.0224307644687232,-0.3988652865401202,0.7143648376903143,0.0024591817884315192,0.7466516610551377,11.841795608257456,12.588447269312594,14.895192454528821,-3.1247832178290795,14.966578826086536
2.139999999999986,-0.39497856789705843,0.712736600346398,-1.0365199884918992,-0.39744056775125003,0.7123593944350781,0.002461999854191599,0.7447789817340289,11.727660456194148,12.472439437928177,14.82428457341961,-3.167844024709307,14.895504480903455
2.1419999999999857,-0.3935551771087419,0.7106495051991532,-1.0505682924807382,-0.39601991606926834,0.7103258409908372,0.002464738960526458,0.74288034378313,11.613815906917235,12.356696250700365,14.753545473055269,-3.2107797949269337,14.824595701844169
2.1439999999999855,-0.3921359885797704,0.7085343548262699,-1.064575121832251,-0.39460338754979873,0.7082642597348067,0.002467398970028345,0.7409557746082451,11.500266851940411,12.241222626548657,14.682978343458132,-3.2535888333567335,14.753855685297145
2.1459999999999853,-0.39072105833727716,0.7063912327302636,-1.0785399235807966,-0.3931910380815588,0.7061747341199659,0.0024699797442816473,0.7390053024134535,11.387018171404687,12.12602347381814,14.61258636807796,-3.296269449874411,14.683287621279097
2.147999999999985,-0.38931044224028505,0.7042202235179243,-1.0924621464199173,-0.39178292338421544,0.7040573486716933,0.002472481143930394,0.737028956213921,11.274074733812585,12.011103690026506,14.542372723593566,-3.3388199594233594,14.612894693235944
2.149999999999985,-0.3879041959775024,0.7020214128969787,-1.1063412407240922,-0.39037909900624673,0.7019121889843676,0.002474903028744313,0.7350267658483123,11.161441395763378,11.89646816161169,14.472340579715473,-3.3812386820811167,14.542680077844494
2.1519999999999846,-0.386502375065124,0.6997948876727054,-1.1201766585704411,-0.38897962032281086,0.6997393417179333,0.002477245257686833,0.732998761991297,11.04912300168943,11.782121763680728,14.402493098989485,-3.4235239431256796,14.47264694481511
2.1539999999999844,-0.3851050348446388,0.6975407357445073,-1.133967853760361,-0.387584542533622,0.6975388945944344,0.0024795076889831957,0.7309449761658882,10.937124383593728,11.668069359759617,14.332833436601193,-3.4656740731016487,14.402798456695377
2.155999999999984,-0.3837122304806463,0.6952590461024429,-1.1477142818410786,-0.38619392066083297,0.6953109363945125,0.0024816901801866798,0.7288654407553152,10.825450360788565,11.554315801543881,14.263364740181501,-3.5076874078860882,14.333137768674654
2.157999999999984,-0.38232401695867796,0.6929499088237131,-1.1614154001271488,-0.38480780954692523,0.6930555569538707,0.002483792588247269,0.7267601890150144,10.714105739635421,11.440865928650435,14.194090149613153,-3.5495622887541947,14.263668028389617
2.1599999999999837,-0.3809404490830264,0.6906134150691028,-1.1750706677218854,-0.3834262638526058,0.6907728471597051,0.002485814769579431,0.7246292550844124,10.603095313286076,11.327724568370488,14.125012796838256,-3.5912970624448124,14.194392375730889
2.1619999999999835,-0.37956158147458235,0.6882496570793851,-1.188679545538704,-0.3820493380547116,0.6884628989471004,0.00248775658012923,0.7224726739982912,10.492423861424943,11.214896535423234,14.056135805666916,-3.6328900812256526,14.125313942650594
2.1639999999999833,-0.37818746856867835,0.6858587281716785,-1.202241496322408,-0.3806770864441208,0.6861258052953927,0.0024896178754424403,0.720290481698207,10.382096150012721,11.102386631710928,13.98746229158693,-3.6743397029583345,14.056435852971056
2.165999999999983,-0.3768181646129386,0.6834407227357616,-1.2157559846704062,-0.3793095631236718,0.6837616602244981,0.0024913985107332115,0.7180827150438174,10.272116931031299,10.990199646075116,13.918995361574495,-3.715644291163243,13.987761222194543
2.167999999999983,-0.3754537236651388,0.680995736230349,-1.2292224770538374,-0.3779468220060894,0.6813705587912076,0.002493098340950628,0.7158494118236214,10.162490942229978,10.878340354053599,13.850738113906148,-3.7568022150840483,13.919293157314026
2.1699999999999826,-0.37409419959107154,0.6785238651793218,-1.2426404418386385,-0.37658891681191853,0.6789525970854476,0.002494717220846987,0.7135906107658618,10.05322290687307,10.766813517638933,13.782693637971784,-3.7978118497521294,13.8510347566252
2.1719999999999824,-0.37273964606241894,0.676025207167916,-1.2560093493065392,-0.3752359010674655,0.6765078722265071,0.002496255005046577,0.7113063515492857,9.944317533488814,10.6556238850381,13.71486501408878,-3.838671576050716,13.78298910953953
2.173999999999982,-0.3713901165546352,0.6734998608388718,-1.2693286716759615,-0.37388782810274707,0.6740364823592305,0.0024977115481118473,0.7089966748133536,9.83577951561968,10.544776190433033,13.64725531331736,-3.8793797807787596,13.71515929639844
2.175999999999982,-0.37004566434483466,0.6709479258885386,-1.2825978831228633,-0.37254475104944673,0.6715385266501772,0.0024990867046120746,0.7066616221686428,9.727613531574143,10.434275153742785,13.579867597277143,-3.9199348567146224,13.647548388288765
2.1779999999999817,-0.36870634250968815,0.6683695030629376,-1.2958164598015003,-0.37120672283887923,0.669014105283747,0.0025003803291910875,0.7043012362069256,9.619824244179792,10.324125480386718,13.512704917964836,-3.9603352026795333,13.580159446859327
2.1799999999999815,-0.3673722039233286,0.6657646941537878,-1.3089838798650977,-0.3698737961999627,0.6664633194582723,0.0025015922766341014,0.701915560510944,9.512416300537907,10.214331861048851,13.445770317573233,-4.000579223600777,13.512995524138685
2.1819999999999813,-0.3660433012552632,0.6631336019944849,-1.3220996234864557,-0.3685460236571985,0.6638862713820756,0.002502722401935331,0.6995046396641524,9.405394331779586,10.104898971443738,13.37906682831137,-4.040665330574641,13.446059662354227
2.183999999999981,-0.36471968696829343,0.6604763304560414,-1.3351631728784772,-0.36722345752865954,0.6612830642694947,0.002503770560366103,0.6970685192603332,9.298762952823187,9.99583147208352,13.312597472226017,-4.080591940929162,13.37935489375235
2.185999999999981,-0.36340141331644515,0.6577929844429881,-1.348174012314599,-0.3659061499239858,0.6586538023368725,0.0025047366075406363,0.6946072459127439,9.192526762133465,9.887134008046209,13.246365261024412,-4.120357478286558,13.312884240420022
2.1879999999999806,-0.36208853234290506,0.6550836698892314,-1.3611316281491566,-0.36459415274238877,0.6559985907985153,0.00250562039948371,0.6921208672633239,9.086690341482099,9.778811208745422,13.180373195898227,-4.159960372625491,13.24665071410759
2.1899999999999804,-0.3607810958779657,0.65234849375387,-1.3740355088376675,-0.36328751767066353,0.6533175358626153,0.0025064217926978327,0.689609431991709,8.981258255709804,9.670867687701513,13.11462426734896,-4.1993990603430085,13.180657316052812
2.19199999999998,-0.35947915553698023,0.6495875640169751,-1.386885144957013,-0.36198629618120925,0.6506107447271413,0.0025071406442290223,0.6870729898238559,8.876235052489989,9.563308042313844,13.049121455014543,-4.238671984316274,13.114907036806262
2.19399999999998,-0.3581827627183238,0.6468009896753246,-1.3996800292255653,-0.36069053953005786,0.6478783255756949,0.002507776811734086,0.6845115915407618,8.771625262094007,9.456136853634769,12.98386772749728,-4.27777759396405,13.049402856058057
2.1959999999999797,-0.3568919686013652,0.6439888807381023,-1.4124196565232,-0.3594002987549112,0.6451203875733337,0.0025083301535460123,0.6819252889866845,8.667433397158003,9.349358686144688,12.91886604219324,-4.316714345307841,12.984147742465845
2.1979999999999795,-0.3556068241444462,0.6411513482225545,-1.4251035239112433,-0.3581156246731865,0.6423370408623608,0.0025088005287402515,0.6793141350774112,8.563663952451309,9.24297808752872,12.854119345122907,-4.355480701032915,12.919144653484224
2.1999999999999793,-0.3543273800828691,0.6382885041496055,-1.4377311306523322,-0.3568365678800703,0.6395283965580809,0.0025091877972011623,0.6766781838083635,8.46032140464655,9.136999588454913,12.789630570763197,-4.394075130548953,12.854396535195502
2.201999999999979,-0.35305368692689487,0.6354004615394375,-1.450301978230173,-0.3555631787465812,0.6366945667445233,0.002509491819686349,0.6740174902622154,8.357410212091304,9.03142770235352,12.725402641880956,-4.4324961100504385,12.789906322141743
2.203999999999979,-0.35178579495974854,0.6324873344070283,-1.4628155703692263,-0.35429550741764093,0.6338356644701311,0.002509712457892388,0.6713321106166359,8.254934814581496,8.926266925198131,12.66143846936778,-4.470742122576845,12.72567693715834
2.2059999999999786,-0.35052375423563364,0.629549237757648,-1.4752714130543043,-0.3530336038101541,0.630951803743418,0.0025098495745204397,0.6686221021517968,8.15289963313639,8.821521735288187,12.597740952076201,-4.508811658072524,12.661711291208913
2.2079999999999784,-0.34926761457775723,0.626586287582322,-1.4876690145500648,-0.3517775176110969,0.6280430995285906,0.0025099030333396444,0.6658875232574513,8.051309069775265,8.717196593032716,12.53431297665746,-4.546703213446249,12.598012283221514
2.209999999999978,-0.3480174255763622,0.6235986008532504,-1.5000078854204262,-0.3505272982756146,0.625109667741139,0.002509872699252347,0.6631284334401255,7.9501675072959,8.613295940736025,12.4711574174005,-4.584415292630631,12.53458279992653
2.211999999999978,-0.3467732365867695,0.6205862955191884,-1.5122875385478978,-0.3492829950251278,0.6221516252433928,0.002509758438358267,0.6603448933300027,7.849479309054545,8.509824202384548,12.408277136072565,-4.621946406641121,12.471425715695666
2.2139999999999778,-0.34553509672743,0.6175494905007932,-1.5245074891527988,-0.34804465684544766,0.6191690898400456,0.002509560118017673,0.657536964687564,7.749248818747871,8.406785783435435,12.345674981761134,-4.6592950736348,12.40854389238267
2.2159999999999775,-0.3443030548779856,0.6144883056859277,-1.536667254812401,-0.3468123324849004,0.6161621802736451,0.0025092776069147726,0.6547047104100501,7.649480360196435,8.304185070606485,12.283353790717417,-4.69645981896886,12.345940179165295
2.2179999999999773,-0.34307715967733865,0.6114028619249257,-1.5487663554799806,-0.3455860704524603,0.6131310162200506,0.0025089107751216644,0.6518481945379606,7.5501782371299955,8.202026431667957,12.221316386201234,-4.733439175258861,12.283617412388857
2.219999999999977,-0.3418574595217327,0.6082932810258243,-1.560804313503759,-0.3443659190158926,0.6100757182838589,0.002508459494159898,0.6489674822609981,7.451346732974579,8.100314215235578,12.159565578327406,-4.7702316824366156,12.221578415411194
2.221999999999977,-0.34064400256284155,0.6051596857495534,-1.5727806536457634,-0.343151926199905,0.606996407993795,0.002507923637063425,0.6460626399240965,7.352990110641307,7.999052750565403,12.098104163913613,-4.806835887807822,12.15982599844913
2.2239999999999767,-0.3394368367058679,0.602002199805088,-1.5846949031005957,-0.3419441397843088,0.6038932077980722,0.0025073030784409367,0.6431337350332789,7.255112612316908,7.898246347350186,12.036934926329787,-4.843250346109442,12.09836295842635
2.2259999999999764,-0.3382360096076529,0.5988209478445672,-1.5965465915140855,-0.34074260730218936,0.6007662410597189,0.002506597694536483,0.6401808362610883,7.157718459256163,7.797899295517251,11.976060635348922,-4.87947361956674,12.037192078822903
2.227999999999976,-0.33704156867479446,0.5956160554583716,-1.6083352510018665,-0.3395473760380856,0.5976156320518716,0.002505807363291146,0.6372040134520351,7.0608118515760605,7.698015865028095,11.915484046999495,-4.9155042779500135,11.976316129526074
2.229999999999976,-0.335853561061775,0.5923876491701641,-1.6200604161678507,-0.33835849302617954,0.5944415059530372,0.0025049319644045442,0.6342033376279699,6.964396968051694,7.598600305679664,11.855207903419302,-4.951340898631121,11.915737866682814
2.231999999999976,-0.33467203366910114,0.5891358564318976,-1.6317216241225923,-0.3371760050484949,0.5912439888423217,0.0025039713793937324,0.6311788809928864,6.868477965914134,7.499656846907021,11.795234932710837,-4.986982066639576,11.85546003255371
2.2339999999999756,-0.3334970331414514,0.5858608056187816,-1.6433184145015667,-0.3359999586331056,0.5880232076946263,0.0025029254916542065,0.6281307169378936,6.773058980649935,7.401189697587829,11.735567848798235,-5.022426374718432,11.795485355368367
2.2359999999999753,-0.3323286058658343,0.5825626260242138,-1.6548503294833503,-0.334830400052354,0.5847792903758127,0.00250179418651969,0.6250589200460133,6.678144125802597,7.30320304584861,11.676209351285673,-5.057672423379862,11.73581654918246
2.237999999999975,-0.3311667979697582,0.5792414478546776,-1.6663169138076834,-0.3336673753210783,0.581512365637834,0.0025005773513201435,0.6219635660964595,6.5837374927757795,7.205701058872239,11.61716212531735,-5.092718820960376,11.676456313736155
2.239999999999975,-0.3300116553194096,0.5758974022246007,-1.6777177147934494,-0.3325109301948507,0.5782225631138356,0.0024992748754410488,0.6188447320690726,6.489843150638412,7.1086878827074855,11.558428841438984,-5.1275641836757675,11.61740733431418
2.2419999999999747,-0.32886322351784225,0.5725306211511779,-1.68905228235655,-0.3313611101682242,0.574910013313222,0.002497886650381975,0.6157024961485313,6.396465145931601,7.012167642080133,11.500012155460817,-5.162207135675771,11.558672281607372
2.2439999999999745,-0.3277215479031773,0.5691412375491615,-1.7003201690276637,-0.33021796047299085,0.571574847616694,0.002496412569813533,0.612536937728172,6.3036075024774085,6.9161444402055805,11.441914708322246,-5.1966463090983375,11.500253811575746
2.2459999999999742,-0.3265866735468133,0.565729385225613,-1.711520929969917,-0.32908152607644836,0.5682171982712515,0.00249485252963505,0.6093481374138876,6.211274221189492,6.82062235860338,11.384139125957866,-5.23088034412367,11.442154565313162
2.247999999999974,-0.32545864525164636,0.5622951988746191,-1.72265412299645,-0.32795185167967805,0.5648371983851666,0.0024932064280316912,0.6061361770277518,6.119469279885546,6.725605456913298,11.326688019165166,-5.264907889027921,11.384377168913467
2.249999999999974,-0.3243375075503022,0.5588388140719773,-1.7337193085878633,-0.3268289817158322,0.5614349819229237,0.002491474165529972,0.6029011396113826,6.028196633101696,6.631097772713078,11.269563983473713,-5.298727600236522,11.326924233338218
2.2519999999999736,-0.3232233047033778,0.5553603672698417,-1.7447160499095753,-0.32571296034843195,0.5580106837001293,0.0024896556450541563,0.5996431094292398,5.937460211908699,6.5371033213379395,11.212769599015942,-5.332338142377245,11.269798354285944
2.2539999999999734,-0.32211608069769326,0.5518599957913353,-1.7556439128290704,-0.32460383146967514,0.5545644393783887,0.002487750771981878,0.5963621719718559,5.847263923730001,6.443626095701857,11.15630743039937,-5.3657381883329744,11.213002112062975
2.255999999999973,-0.3210158792445568,0.5483378378251305,-1.766502465933031,-0.3235016386987548,0.551096385460153,0.002485759454197989,0.5930584139584982,5.757611652161696,6.350670066120195,11.100180026580516,-5.398926419294019,11.156538071455715
2.257999999999973,-0.319922743778038,0.5447940324199936,-1.7772912805443721,-0.32240642538018777,0.5476066592835338,0.00248368160214979,0.5897319233401777,5.66850725679438,6.258239180134558,11.04438992074022,-5.431901524810251,11.100408781604632
2.2599999999999727,-0.31883671745325304,0.5412287194792932,-1.7880099307391686,-0.3213182345821536,0.5440953990170869,0.0024815171289005455,0.5863827893021334,5.579954573036786,6.166337362338919,10.988939630160663,-5.464662202842827,11.044616775879613
2.2619999999999725,-0.3177578431446618,0.5376420397554796,-1.798657993363463,-0.32023710909484443,0.5405627436545658,0.0024792659501826075,0.5830111022662066,5.491957411941456,6.074968514207663,10.933831656103742,-5.497207159815602,10.989164571757058
2.2639999999999723,-0.3166861634443748,0.5340341348445277,-1.809235048049974,-0.31916309142882515,0.5370088330096432,0.002476927984450372,0.5796169538931673,5.404519560032086,5.984136513925254,10.879068483691183,-5.529535110666191,10.934054670698277
2.265999999999972,-0.3156217206604713,0.5304051471803446,-1.8197406772346956,-0.31809622381340397,0.5334338077106028,0.0024745031529326833,0.5762004370848017,5.31764477913294,5.893845216217741,10.824652581786063,-5.56164477889675,10.87928955802969
2.267999999999972,-0.3145645568153299,0.5267552200291498,-1.8301744661733754,-0.3170365481979231,0.529837807740443,0.002471991382593186,0.572761645985751,5.231336806200027,5.804098452185778,10.770586402875937,-5.593534896624337,10.824871702824364
2.2699999999999716,-0.3135147136439693,0.5230844974838182,-1.8405360029578899,-0.3159841062565364,0.5262209706933471,0.0024693926125670673,0.56930070565826,5.145599353154181,5.714900058812441,10.716872382982542,-5.625204204631026,10.770803557785207
2.2719999999999714,-0.31247223259239987,0.5193931244581895,-1.8508248785325114,-0.3149389393854639,0.52258343553624,0.002466706793064044,0.5658178081241538,5.0604361075345645,5.626253915658719,10.663512941601331,-5.6566514524191325,10.717087559953697
2.273999999999971,-0.31143715481598877,0.5156812466813508,-1.8610406867100482,-0.31390108870003547,0.5189253427142103,0.0024639338840466984,0.5623131367972456,4.97585073330747,5.538163870104716,10.610510481573435,-5.687875398273245,10.663726131580715
2.275999999999971,-0.3104095211778344,0.5119490106918813,-1.8711830241878846,-0.3128705950318576,0.515246834088925,0.0024610738540232213,0.5587868639936366,4.8918468686125385,5.450633732606175,10.557867388957913,-5.718874809307628,10.610721677920166
2.2779999999999707,-0.30938937224715285,0.5081965638320662,-1.8812514905639055,-0.31184749892610025,0.5115480528786802,0.0024581266789474032,0.5552391518037747,4.808428125535062,5.363667277338836,10.505586032907123,-5.749648461513016,10.558076587048077
2.2799999999999705,-0.3083767482976773,0.504424054242083,-1.891245688352298,-0.3108318406388992,0.5078291436005313,0.002455092341221876,0.5516701529526458,4.725598089971873,5.277268242924519,10.453668765545334,-5.780195139802952,10.505793229774826
2.2819999999999703,-0.3073716893060675,0.5006316308541512,-1.9011652229992442,-0.3098236601348698,0.504090252014704,0.0024519708288022746,0.5480800116387319,4.643360321499039,5.191440333137772,10.402117921850467,-5.810513638059967,10.453873959559006
2.28399999999997,-0.30637423495033134,0.49681944338665135,-1.9110097028985038,-0.30882299708472694,0.5003315250714109,0.002448762134395599,0.5444688643466356,4.561718353241121,5.106187217587756,10.350935819538693,-5.840602759181584,10.402321112422705
2.28599999999997,-0.3053844246082589,0.4929876423382178,-1.920778739406866,-0.3078298908630066,0.4965531108601549,0.00244546625474773,0.5408368406297503,4.480675691741927,5.021512532371677,10.300124758952036,-5.8704613151258895,10.351137006867816
2.2879999999999696,-0.30440229735586777,0.4891363789817953,-1.9304719468594949,-0.3068443805458835,0.49275515856156404,0.002442083190015709,0.5371840638605752,4.400235816836521,4.937419880697097,10.2496870229487,-5.900088126957033,10.300323943793554
2.2899999999999694,-0.30342789196586006,0.4852658053586657,-1.9400889425851606,-0.3058665049090799,0.48893781840177564,0.0024386129432198422,0.5335106519467159,4.320402181524331,4.853912833471047,10.19962487679606,-5.9294820248904525,10.249884206414784
2.291999999999969,-0.3024612469060921,0.4813760742724486,-1.949629346921337,-0.3048963024258612,0.4851012416093655,0.0024350555197690804,0.5298167180110191,4.241178211843499,4.770994929854518,10.149940568066334,-5.958641848337669,10.199820060181167
2.293999999999969,-0.301502400338056,0.4774673392830677,-1.9590927832291964,-0.3039338112651116,0.48124558037479515,0.0024314109270556217,0.5261023710350865,4.162567306746069,4.688669677781155,10.100636326534644,-5.987566445951095,10.150133752697164
2.2959999999999687,-0.30055139011537196,0.47353975470068643,-1.9684788779084792,-0.3029790692894869,0.47737098781233317,0.0024276791741149606,0.5223677164657525,4.084572837974189,4.606940554439942,10.051714364079547,-6.016254675668359,10.100827513642548
2.2979999999999685,-0.2996082537822955,0.46959347557961956,-1.9777872604122377,-0.3020321140536381,0.4734776179243922,0.002423860271342615,0.5186128567840131,4.007198149937186,4.525811006721199,10.003176874585895,-6.044705404756482,10.051903554693668
2.2999999999999683,-0.2986730285722342,0.46562865771221007,-1.9870175632614684,-0.3010929828025017,0.46956562556820913,0.0024199542302674737,0.5148378920371377,3.930446559589593,4.445284451626731,9.95502603384982,-6.072917509855725,10.003364069445318
2.301999999999968,-0.2977457514062778,0.46164545762267756,-1.9961694220596218,-0.3001617124696521,0.4656351664247898,0.002415961063374328,0.5110429203341471,3.854321356309838,4.3653642766439855,9.907263999486036,-6.100889877023172,9.95521123333301
2.303999999999968,-0.2968264588917411,0.45764403256094177,-2.0052424755069813,-0.29923833967571206,0.46168639697002456,0.0024118807839709766,0.5072280383052463,3.778825801780032,4.286053840085279,9.859892910837063,-6.128621401776048,9.90744720355608
2.3059999999999676,-0.29591518732071864,0.45362454049641304,-2.014236365414932,-0.2983229007268163,0.45771947444788225,0.0024077134060976335,0.5033933415264535,3.7039631298663744,4.207356471392828,9.812914888884503,-6.156110989134736,9.86007411900111
2.3079999999999674,-0.2950119726686515,0.4495871401117547,-2.023150736720103,-0.2974154316131251,0.4537345568455788,0.0024034589444736354,0.49953892491040874,3.6297365465005633,4.129275471410972,9.766332036162254,-6.18335755366547,9.813094100166033
2.309999999999967,-0.29411685059290776,0.4455319907966218,-2.0319852374983753,-0.2965159680073839,0.4497318028706203,0.0023991174144761263,0.49566488306433065,3.5561492295620454,4.051814112626376,9.720146436671552,-6.210360019522717,9.766509249084763
2.311999999999967,-0.2932298564313741,0.44145925264136454,-2.0407395189787887,-0.29562454526352466,0.4457113719296095,0.002394688832150549,0.49177131061683976,3.4832043287610723,3.974975639377912,9.674360155797789,-6.237117320491375,9.720321649252448
2.3139999999999668,-0.29235102520106127,0.43736908643071243,-2.0494132355572985,-0.2947411984153072,0.44167342410871346,0.0023901732142459498,0.4878583025147376,3.4109049655227794,3.8987632680375173,9.628975240229124,-6.26362840002844,9.67453336555122
2.3159999999999665,-0.2914803915967217,0.4332616536374244,-2.058006044810425,-0.29386596217499583,0.43761812015568413,0.0023855705782741543,0.48392595429132657,3.339254232872187,3.8231801871635134,9.583993717876716,-6.289892211304539,9.629146444176726
2.3179999999999663,-0.29061798998947896,0.4291371164159129,-2.066517607508774,-0.29299887093206917,0.4335456214633264,0.0023808809425902022,0.4799743623079489,3.2682551953200916,3.7482295576280404,9.539417597796536,-6.315907717245067,9.584162912565159
2.319999999999966,-0.28976385442547203,0.4249956375958458,-2.0749475876304238,-0.2921399587519605,0.42945609005431024,0.002376104326488493,0.476003623969814,3.197910888750033,3.673914512719847,9.495248870112889,-6.341673890570944,9.539584779320977
2.321999999999966,-0.2889180186245106,0.4208373806757161,-2.083295652374192,-0.2912892593748261,0.4253496885672259,0.002371240750315473,0.4720138379181005,3.1282243203062734,3.600238158224374,9.451489505943252,-6.367189713839128,9.495414034145401
2.3239999999999656,-0.28808051597874346,0.4166625098163858,-2.0915614721727795,-0.2904468062143385,0.4212265802437839,0.0023662902355950366,0.4680051041997235,3.059198468282802,3.5272035724825255,9.408141457324819,-6.392454179482686,9.451652647765489
2.3259999999999654,-0.2872513795513412,0.41247118983460834,-2.0997447207057722,-0.28961263235650436,0.41708692891706556,0.0023612528051631387,0.46397752441594275,2.9908362820135057,3.4548138064294482,9.365206657142227,-6.417466289850598,9.408302571864104
2.327999999999965,-0.2864306420751904,0.40826358619652064,-2.107845074912529,-0.2887867705585029,0.41293089900073215,0.0023561284833124585,0.45993120185188974,2.9231406817633507,3.3830718836152407,9.32268701905696,-6.4422250572471205,9.365365739010471
2.329999999999965,-0.285618335951601,0.40403986501110856,-2.1158622150049387,-0.2879692532475447,0.4087586554791066,0.0023509172959436664,0.4558662415879,2.856114558620863,3.3119808002087634,9.280584437437852,-6.466729503970894,9.322844062591757
2.3319999999999648,-0.2848144932490281,0.39980019302365294,-2.123795824480036,-0.2871601125197486,0.40457036389804446,0.0023456192707205226,0.45178275059424844,2.789760774391606,3.241543524985855,9.238900787293087,-6.490978662353601,9.280739436745208
2.3339999999999645,-0.2840191457018052,0.3955447376091449,-2.1316455901325027,-0.28635938013903556,0.400366190356515,0.0023402344372303596,0.4476808378106889,2.7240821614930875,3.1717629993037764,9.197637924203422,-6.5149715747982375,9.239053736291325
2.3359999999999643,-0.28323232470889137,0.3912736667656765,-2.139411202067034,-0.28556708753603793,0.39614630149882013,0.0023347628271465637,0.4435606142120674,2.659081522850662,3.1026421370627295,9.15679768425668,-6.538707293817134,9.197788816667796
2.337999999999964,-0.2824540613326324,0.38698714910781207,-2.147092353710567,-0.2847832658070232,0.3919108645073793,0.002329204474390778,0.4394221928609454,2.5947616317949036,3.034183824655849,9.11638188398354,-6.562184882069448,9.156946513864352
2.339999999999964,-0.2816843862975338,0.3826853538599296,-2.1546887418243847,-0.28400794571283117,0.38766004709601676,0.0023235594152973826,0.43526568894888484,2.5311252319601403,2.966390920909025,9.07639232029442,-6.585403412398384,9.116528644358525
2.3419999999999637,-0.2809233299890478,0.37836845084953835,-2.1622000665160948,-0.28324115767782376,0.383394017503689,0.0023178276887759752,0.43109121982710774,2.4681750371843334,2.8992662570114414,9.036830770417717,-6.608361967867926,9.07653700505226
2.3439999999999634,-0.2801709224523745,0.3740366105005782,-2.169626031251458,-0.2824829317888466,0.37911294448859656,0.002312009336472076,0.42689890502763284,2.405913731410232,2.8328126364378647,8.997698991839016,-6.63105964179935,9.036973373209582
2.3459999999999632,-0.2794271933912753,0.36969000382668926,-2.1769663428661015,-0.2817332977942013,0.37481699732262735,0.0023061044029260014,0.4226888662761108,2.3443439685879754,2.7670328348640862,8.95899872224163,-6.65349553780707,8.997839506395046
2.347999999999963,-0.2786921721668997,0.3653288024244594,-2.184220711577093,-0.28099228510262914,0.37050634578608366,0.002300112935729459,0.4184612274969679,2.2834683725789375,2.701929600075905,8.920731679448163,-6.675668769834392,8.95913714241333
2.349999999999963,-0.27796588779662723,0.3609531784666529,-2.191388850994376,-0.2802599227823038,0.3661811601626467,0.0022940349856765962,0.41421611481176623,2.223289537060994,2.63750565187276,8.882899561363214,-6.697578462188654,8.920867999249648
2.3519999999999626,-0.2772483689529214,0.35656330469541203,-2.19847047813208,-0.27953623955983475,0.3618416112345396,0.002287870606913378,0.4099536565317974,2.1638100254351986,2.5737636819669962,8.845504045917119,-6.719223749576029,8.883033775011228
2.3539999999999623,-0.27653964396219727,0.3521593544154353,-2.2054653134196927,-0.2788212638192791,0.3574878702778519,0.002281619857081807,0.40567398314541037,2.105032370733772,2.5107063538791827,8.808546791010892,-6.740603777135936,8.845636147869708
2.355999999999962,-0.2758397408037041,0.34774150148713967,-2.212373080713093,-0.2781150236011631,0.35312010905798946,0.0022752827974589773,0.4013772273007499,2.0469590755296014,2.4483363028303513,8.772029434462091,-6.761717700475044,8.808676776004646
2.357999999999962,-0.27514868710842033,0.34330992031979474,-2.219193507305455,-0.27741754660151263,0.34873849982522215,0.002268859493092301,0.39706352378465537,1.9895926118470326,2.386656135631688,8.735953593951791,-6.782564685700838,8.77215729754787
2.3599999999999617,-0.2744665101579622,0.33886478586463575,-2.225926323938018,-0.27672886017089204,0.34434321531029943,0.002262350012929848,0.39273300949835943,1.932935421074185,2.325668430572544,8.700320866972604,-6.803143909454767,8.736079330528952
2.3619999999999615,-0.27379323688350793,0.33440627360796027,-2.232571264810708,-0.27604899131345184,0.3399344287201107,0.0022557544299439125,0.3883858234300397,1.8769899138765647,2.2653757373066044,8.665132830777722,-6.823454558945037,8.700444472821601
2.3639999999999612,-0.27312889386473355,0.3299345595641986,-2.239128067592637,-0.27537796668598513,0.33551231373336843,0.0022490728212515854,0.3840221066254168,1.821758470112285,2.205780576737702,8.630391042330865,-6.843495831978918,8.665254302091203
2.365999999999961,-0.27247350732876374,0.3254498202689632,-2.2455964734324594,-0.27471581259699257,0.33107704449629344,0.002242305268228828,0.37964200215617305,1.7672434387484683,2.1468854409046414,8.59609703825738,-6.863266936994642,8.63051037574311
2.367999999999961,-0.27182710314913683,0.3209522327720829,-2.2519762269685875,-0.274062555005756,0.32662879561828695,0.002235451856619164,0.37524565508693764,1.7134471377792737,2.0886927928662113,8.562252334796161,-6.8827670930929274,8.596214230872201
2.3699999999999606,-0.27118970684478305,0.31644197463061163,-2.258267076339275,-0.27341821952142087,0.3221677421675731,0.002228512676637817,0.3708332124410818,1.6603718541451986,2.0312050665862804,8.528858427752702,-6.901995530068042,8.56236738421324
2.3719999999999604,-0.27056134357901707,0.3119192239018168,-2.2644687731925623,-0.27278283140208726,0.3176940596667999,0.0022214878230701895,0.3664048231656347,1.608019843653926,1.9744246668195606,8.495916792452956,-6.9209514884384475,8.528971332092373
2.37399999999996,-0.26994203815854456,0.3073841591361536,-2.270581072696076,-0.27215641555391007,0.3132079240885872,0.0022143773953655077,0.36196063809561196,1.5563933309025337,1.9183539689981457,8.463428883698226,-6.939634219476963,8.496027550379496
2.37599999999996,-0.2693318150324834,0.30283695937021426,-2.276603733546696,-0.271538996530208,0.3087095118510119,0.002207181497724642,0.3575008099178789,1.505494509201009,1.862995319118888,8.43139613572098,-6.958042985240658,8.463537494441667
2.3779999999999597,-0.2687306982913975,0.2982778041196583,-2.282536517980086,-0.270930598530582,0.3041989998130241,0.0021999002391844824,0.35302549313503073,1.4553255404973928,1.8083510336324236,8.399819962141592,-6.976177058600104,8.431502599097497
2.3799999999999595,-0.2681387116663465,0.29370687337212914,-2.2883791917800753,-0.27033124540004244,0.29967656526978526,0.002192533733695934,0.3485348440291969,1.4058885553040614,1.7544233993332583,8.368701755925969,-6.99403572326842,8.399924278572481
2.3819999999999593,-0.26755587852794893,0.2891243475801466,-2.294131524287905,-0.26974096062814656,0.2951423859479254,0.002185082100197633,0.3440290206259289,1.357185652625673,1.7012146732516018,8.3380428893441,-7.0116182738296375,8.36880392645531
2.383999999999959,-0.26698222188545884,0.28453040765398113,-2.2997932884113386,-0.2691597673481451,0.29059664000071445,0.002177545462686281,0.3395081826586599,1.3092188998882364,1.6487270825468963,8.307844713929555,-7.028924015766869,8.338142915655105
2.385999999999959,-0.26641776438585846,0.2799252349545156,-2.3053642606336227,-0.26858768833613883,0.2860395060031444,0.0021699239502803724,0.3349724915333552,1.261990332869753,1.5969628244031082,8.278108560439748,-7.045952265489912,8.307942598359665
2.3879999999999586,-0.2658625283129633,0.2753090112860834,-2.3108442210223124,-0.268024746010245,0.28147116294692043,0.0021622176972816987,0.33042211029388535,1.215501955632127,1.5459240659260123,8.248835738817185,-7.062702350362421,8.278204305994548
2.3899999999999584,-0.26531653558654267,0.2706819188892896,-2.316232953237956,-0.2674709624297743,0.2768917902353604,0.0021544268432316382,0.32585720358785153,1.169755740454467,1.4956129440423185,8.220027538151516,-7.079173608728678,8.248929349183145
2.391999999999958,-0.2647798077614547,0.26604414043381974,-2.3215302445426316,-0.2669263592944179,0.27230156767820074,0.00214655153296317,0.3212779376331054,1.1247536277677073,1.4460315654008127,8.191685226642461,-7.09536538993994,8.220119017707647
2.393999999999958,-0.26425236602679486,0.2613958590112267,-2.3267358858083487,-0.26639095794344525,0.2677006754863102,0.0021385919166503897,0.3166844801851232,1.080497526090645,1.3971820062757683,8.16381005156357,-7.1112770543802695,8.191774580470915
2.3959999999999577,-0.26373423120505957,0.25673725812770065,-2.3318496715253043,-0.26586477935491265,0.2630892942663109,0.0021305481498530843,0.3120770005049456,1.0369893119671838,1.3490663124721294,8.1364032392268,-7.126907973492041,8.163897285459225
2.3979999999999575,-0.26322542375132457,0.25206852169682836,-2.336871399809995,-0.26534784414488244,0.2584676050151085,0.0021224203935578667,0.3074556693279651,0.9942308299050051,1.3016864992329702,8.109465994947987,-7.142257529800887,8.136488359705892
2.3999999999999573,-0.2627259637524369,0.24738983403233053,-2.3418008724131845,-0.26484017256665376,0.25383578911433297,0.002114208814216867,0.3028206588335486,0.9522238923155442,1.2550445511490929,8.082999503013019,-7.157325116940276,8.10954900925582
2.401999999999957,-0.262235870926222,0.2427013798407837,-2.3466378947277375,-0.2643417845100044,0.2491940283246909,0.0021059135837823706,0.2981721426153622,0.9109702794551362,1.2091424220704985,8.0570049266449,-7.1721101396756675,8.083080419130804
2.403999999999957,-0.26175516462070547,0.2380033442143321,-2.3513822757962948,-0.26385269950044393,0.24454250478023312,0.0020975348797384608,0.2935102956526092,0.8704717393676207,1.16398203502023,8.031483407971582,-7.186612013928138,8.057083753295759
2.4059999999999566,-0.26128386381334934,0.2332959126233786,-2.3560338283188136,-0.26337293669847883,0.23988140098253796,0.002089072885129495,0.2888352942818284,0.8307299878281222,1.1195652821099507,8.00643606799456,-7.200830166797648,8.03156015462577
2.4079999999999564,-0.2608219871103023,0.22857927090926058,-2.3605923686599675,-0.2629025148988892,0.235210899794814,0.0020805277885869167,0.28414731616975886,0.7917467082880698,1.0758940244578286,7.981864006558225,-7.214764036585841,8.00651074487391
2.409999999999956,-0.26036955274566576,0.22385360527691756,-2.365057716856388,-0.2624414525300174,0.23053118443592494,0.0020718997843516274,0.2794465402867635,0.7535235518215782,1.0329700921083416,7.9577683023200825,-7.228413072818311,7.981936624639889
2.411999999999956,-0.25992657858077384,0.21911910228753756,-2.3694296966237745,-0.2619897676530687,0.2258424384743387,0.0020631890722948576,0.2747331468809616,0.7160621370729983,0.9907952839539599,7.9341500127215685,-7.241776736266594,7.957838873339592
2.4139999999999557,-0.259493082103488,0.21437594885119063,-2.373708135363852,-0.2615474779614247,0.2211448458220041,0.0020543958579367083,0.27000731745318085,0.6793640502056411,0.9493713676588219,7.911010173959734,-7.2548544989695865,7.9342185491752275
2.4159999999999555,-0.25906908042750687,0.20962433221945348,-2.3778928641711845,-0.2611146007799684,0.21643859072815813,0.0020455203524615273,0.2652692347325514,0.6434308448518724,0.9087000795844238,7.8883498009596025,-7.267645844254515,7.9110766891063875
2.4179999999999553,-0.2586545902916907,0.20486443997801532,-2.381983717839844,-0.26069115306442225,0.2117238577730659,0.002036562772731565,0.2605190826526854,0.6082640420643033,0.8687831247169887,7.866169887347253,-7.280150266757523,7.888414308821826
2.419999999999955,-0.2582496280594002,0.20009646003927023,-2.3859805348699332,-0.26027715140069885,0.20700083186169743,0.0020275233412986315,0.25575704632849416,0.5738651302681692,0.8296221765966634,7.8444714054236275,-7.292367272443789,7.866232402711958
2.421999999999955,-0.257854209717851,0.19532058063490354,-2.389883157473958,-0.25987261200426415,0.2022696982173428,0.0020184022864131457,0.2509833120336913,0.5402355652149886,0.7912188772486799,7.823255306139039,-7.304296378627145,7.844531943842133
2.4239999999999546,-0.25746835087748215,0.19053699030845506,-2.393691431583062,-0.2594775507195138,0.19753064237517032,0.002009199842031628,0.24619806717864345,0.5073767699373137,0.7535748371159572,7.802522519068393,-7.315937113989296,7.82331388392661
2.4259999999999544,-0.25709206677133994,0.1857458779078808,-2.397405206853103,-0.2590919830191623,0.19278385017572786,0.001999916247822364,0.24140150028897744,0.47529013470469383,0.7166916349936713,7.782273952387019,-7.3272890185986,7.802579153303294
2.427999999999954,-0.25672537225447667,0.18094743257809534,-2.401024336670593,-0.2587159240036455,0.18802950775839297,0.001990551749168845,0.23659380098447758,0.44397701698073533,0.6805708179652129,7.7625104928472854,-7.338351643928343,7.782328660909078
2.429999999999954,-0.2563682818033638,0.1761418437535026,-2.404548678158483,-0.25834938840053595,0.1832678015547729,0.0019811065971721553,0.2317751599585366,0.4134387413814249,0.6452139013399615,7.743233005755773,-7.349124552874584,7.762563294256009
2.4319999999999538,-0.256020809515321,0.17132930115052167,-2.407978092181806,-0.25799239056397183,0.17849891828205633,0.0019715810486508056,0.2269457689579607,0.38367659963440914,0.6106223685923698,7.724442334951177,-7.359607319773585,7.743283919407994
2.4339999999999535,-0.2556829691079594,0.1665099947600947,-2.411312443353169,-0.2576449444740992,0.17372304493632176,0.00196197536613979,0.22210582076325314,0.3546918505395924,0.5767976713028455,7.7061393027828275,-7.369799530418714,7.724491380958306
2.4359999999999533,-0.2553547739186395,0.16168411484018472,-2.4145516000380964,-0.25730706373652756,0.1689403687858022,0.0019522898178880865,0.2172555091692019,0.3264857199306883,0.5437412290998902,7.6883247100898435,-7.379700782076983,7.706186502007672
2.437999999999953,-0.2550362369039456,0.1568518519082684,-2.4176954343602293,-0.25697876158179933,0.16415107736411044,0.0019425246778537186,0.21239502896571394,0.2990594006379874,0.5114544296037014,7.670999336180919,-7.389310683505045,7.688370084143032
2.439999999999953,-0.2547273706391736,0.1520133967338128,-2.420743822206371,-0.2566600508648725,0.1593553584634262,0.0019326802256988684,0.20752457591919127,0.27241405245214434,0.4799386283713356,7.6541639388147376,-7.398628854964786,7.67104290741693
2.4419999999999527,-0.2544281873178348,0.14716894033074215,-2.423696643231389,-0.25635094406461717,0.15455340012764732,0.0019227567467823836,0.202644346753858,0.24655080208910363,0.44919514884296163,7.637819254180974,-7.407654928238475,7.654205730327579
2.4439999999999524,-0.25413869875117434,0.14231867394990078,-2.4265537808629665,-0.2560514532833262,0.1497453906455072,0.001912754532151839,0.19775453913363494,0.22147074315609316,0.4192252822897281,7.621965996881912,-7.416388546643374,7.637859289799467
2.445999999999952,-0.2538589163677052,0.13746278907150117,-2.4293151223062,-0.25576159024623885,0.14493151854366093,0.001902673878533656,0.1928553516440773,0.19717493611866388,0.3900302877627412,7.6066048599146985,-7.424829365045975,7.622004301164639
2.447999999999952,-0.25358885121275687,0.1326014773975623,-2.4319805585480596,-0.25548136630107937,0.1401119725797397,0.0018925150883224995,0.18794698377442243,0.17366440826877483,0.36161139204319726,7.5917365146540785,-7.432977049875828,7.606641458144603
2.4499999999999518,-0.2533285139480391,0.12773493084434592,-2.434549984361685,-0.25521079241760863,0.1352869417353787,0.0018822784695695094,0.18302963590017374,0.15094015369400982,0.33396978959418355,7.577361610835809,-7.440831279138716,7.591771432832726
2.4519999999999516,-0.25307791485122155,0.1228633415347777,-2.437023298310545,-0.2549498791871902,0.13045661520921648,0.0018719643359686455,0.17810350926539625,0.12900313324777812,0.3071066425131744,7.5634807765405965,-7.448391742429539,7.577394875677317
2.4539999999999513,-0.25283706381552723,0.11798690179086074,-2.4394004027524407,-0.2546986368223705,0.12562118240987047,0.0018615730068432534,0.173168805965479,0.10785427452049401,0.281023080485973,7.550094618178619,-7.455658140944744,7.5635124154652384
2.455999999999951,-0.25260597034934273,0.113105804126087,-2.4416812038433577,-0.2544570751564727,0.1207808329488874,0.0018511048071299663,0.16822572892988052,0.0874944718119739,0.2557202007418544,7.537203720474562,-7.462630187494153,7.550124659306127
2.457999999999951,-0.2523846435758425,0.10822024123783526,-2.4438656115411748,-0.25422520364320533,0.11593575663367198,0.0018405600673628286,0.16327448190499638,0.0679245861046196,0.23119906800961598,7.52480864645325,-7.469307606512491,7.53723219261711
2.4599999999999507,-0.2521730922326284,0.10333040599976145,-2.4459535396092167,-0.25400303135628455,0.11108614346039385,0.0018299391236561435,0.15831526943717533,0.04914544503775531,0.20746071447493064,7.512909937425791,-7.475690134070374,7.524835579108129
2.4619999999999505,-0.2519713246713854,0.09843649145418877,-2.447944905619658,-0.2537905669890708,0.10623218360687484,0.0018192423176854322,0.15334829685573037,0.03115784288298329,0.18450613973871366,7.50150811297627,-7.48177751788481,7.512935360767793
2.4639999999999502,-0.25177934885755127,0.09353869080448445,-2.4498396309567783,-0.2535878188542199,0.10137406742545663,0.0018084699966686157,0.14837377025610304,0.013962540520492617,0.16233631077659566,7.490603670948971,-7.487569517329292,7.501532057849785
2.46599999999995,-0.25159717237000234,0.08863719740743035,-2.451637640820066,-0.2533947948833482,0.0965119854358512,0.0017976225133458645,0.1433918964829825,-0.0024397345836657536,0.14095216189931675,7.480197087436078,-7.493065903443452,7.490626168859786
2.46799999999995,-0.2514248024007545,0.08373220476559383,-2.4533388642271707,-0.25321150262671227,0.09164612831797361,0.0017867002259577824,0.1384028831135964,-0.018048288399251433,0.12035459471434495,7.470288816765977,-7.498266458942143,7.480218170542892
2.4699999999999496,-0.2512622457546789,0.07882390651968633,-2.454943234016704,-0.25303794925290274,0.08677668690475905,0.001775703498223813,0.13340693844092338,-0.0328624603525407,0.10054447808838268,7.460879291492013,-7.503170978224182,7.470308517871642
2.4719999999999493,-0.2511095088492337,0.0739124964409169,-2.4564506868508946,-0.2528741415485528,0.08190385217496463,0.0017646326993190908,0.12840427145696054,-0.04688162334607604,0.0815226481108845,7.4519689223817185,-7.507779267380581,7.460897644034505
2.473999999999949,-0.25096659771421037,0.06899816842334644,-2.457861163218086,-0.2527200859180609,0.07702781524595653,0.0017534882038505173,0.1233950918361243,-0.06010518377744223,0.06328990805868207,7.443558098406616,-7.512091144202265,7.451985960424823
2.475999999999949,-0.2508335179914958,0.06408111647623112,-2.4591746074350853,-0.25257578838332795,0.07214876736648385,0.001742270391832168,0.11837960991851332,-0.07253258155701037,0.04584702836150295,7.435647186732499,-7.516106438187374,7.443573856630364
2.4779999999999487,-0.25071027493484954,0.05916153471636106,-2.460390967649365,-0.2524412545835091,0.06726689990943889,0.0017309796486595364,0.11335803669322564,-0.08416329012486568,0.029194746568359964,7.42823653271016,-7.519824990548195,7.43566170042333
2.4799999999999485,-0.2505968734096965,0.05423961736040118,-2.461510195841106,-0.2523164897747799,0.06238240436460558,0.0017196163650833873,0.10833058378176208,-0.0949968164665913,0.013333767315170775,7.421326459866614,-7.5232466542174175,7.428249837750826
2.4819999999999482,-0.25049331789293466,0.049315558717221694,-2.4625322478250955,-0.2522014988301171,0.05749547233139574,0.0017081809371824463,0.10329746342136636,-0.1050327011282457,-0.0017352377068793334,7.414917269896863,-7.526371293854084,7.421338592725839
2.483999999999948,-0.25039961247275855,0.04438955318022513,-2.4634570832524716,-0.25209628623909397,0.05260629551157434,0.0016966737663354214,0.09825888844830016,-0.11427051823030876,-0.016011629782008596,7.409009242656097,-7.529198785849039,7.4149282676187305
2.485999999999948,-0.2503157608484977,0.039461795219676105,-2.464284665612315,-0.25200085610769,0.04771506570197413,0.001685095259192304,0.09321507228128623,-0.12270987548073808,-0.029494803199451858,7.403602636152328,-7.531729018329952,7.409019142849214
2.4879999999999476,-0.2502417663304706,0.03453247937502191,-2.4650149622330915,-0.25191521215811563,0.04282197478720011,0.0016734458276450037,0.08816622890483378,-0.13035041418698334,-0.04218418528214957,7.398697686539589,-7.533961891165713,7.40361147697873
2.4899999999999474,-0.25017763183985425,0.02960180024721037,-2.4656479442839405,-0.25183935772865096,0.037927214732323924,0.0016617258887967057,0.08311257285248086,-0.13719180926720487,-0.05407923641472401,7.394294608111509,-7.535897315970609,7.398705506703404
2.491999999999947,-0.2501233599085684,0.024669952491011473,-2.4661835867758146,-0.25177329577349983,0.03303097757556954,0.001649935864931451,0.0780543191902674,-0.14323376926044507,-0.06517945007017767,7.3903935932954194,-7.537535216107838,7.394301446847393
2.493999999999947,-0.250078952679176,0.019737130807330652,-2.466621868562466,-0.25171702886265784,0.028133455420989963,0.0016380761834818292,0.07299168349998497,-0.14847603633585926,-0.07548435283587429,7.386994812646924,-7.538875526692622,7.390399490356763
2.4959999999999467,-0.25004441190479854,0.014803529935520242,-2.466962772341279,-0.2516705591817956,0.02323484043113522,0.0016261472769970586,0.06792488186246709,-0.15291838630110277,-0.08499350443863568,7.384098414844855,-7.539918194594907,7.386999808293805
2.4979999999999465,-0.2500197389490465,0.00986934464569568,-2.4672062846539573,-0.2516338885321562,0.018335324819712378,0.0016141495831096808,0.0628541308410282,-0.15656062860970188,-0.09370649776867368,7.381704526686798,-7.540663178441501,7.384102549831799
2.4999999999999463,-0.25000493478596597,0.00493476973104423,-2.467352395887051,-0.2516070183304677,0.013435100844238577,0.0016020835445017534,0.057779647464678896,-0.15940260636752956,-0.10162295890285067,7.379813253084961,-7.541110448617821,7.381707842250291
2.501999999999946,-0.25,1.3277946176104325e-13,-2.4674011002723395,-0.2515899496088704,0.00853436079868538,0.001589949608870378,0.05270164921142895,-0.16144419633837348,-0.10874254712694453,7.378424677062624,-7.5412599872691315,7.379815790930758
2.503999999999946,-0.2500049347859654,-0.004934769730778677,-2.4673523958870565,-0.25158268301485814,0.003633297006117405,0.001577748228892728,0.04762035399171133,-0.16268530894847633,-0.115064954956765,7.377538859750947,-7.541111788301321,7.378426479352845
2.5059999999999456,-0.25001973894904544,-0.009869344645430144,-2.4672062846539675,-0.2515852188112355,-0.001267898188676662,0.0015654798621900778,0.04253598013158888,-0.1631258882903346,-0.1205899081587457,7.377155840386271,-7.540665857381285,7.37753996909095
2.5079999999999454,-0.250044411904797,-0.01480352993525473,-2.4669627723412946,-0.25159755687608865,-0.006169032426558343,0.0015531449712916645,0.03744874635614681,-0.16276591212533376,-0.12531716576918694,7.377275636307877,-7.539922211936665,7.377156299811332
2.509999999999945,-0.2500789526791739,-0.019737130807065177,-2.4666218685624868,-0.2516196967027715,-0.011069913341421078,0.0015407440235976066,0.03235887177281155,-0.16160539188572098,-0.12924652011290944,7.377898242956221,-7.538880881155381,7.37727548926966
2.511999999999945,-0.25012335990856577,-0.024669952490746046,-2.466183586775841,-0.25165163739990665,-0.015970348567576793,0.0015282774913408792,0.027266575854649366,-0.15964437267537868,-0.1323777968207293,7.379023633871565,-7.537541905984444,7.377897533309065
2.5139999999999447,-0.2501776318398511,-0.029601800246945,-2.465647944283972,-0.25169337769140093,-0.020870145747147774,0.0015157458515498434,0.022172078423747466,-0.15688293326988578,-0.13471085484613832,7.380651760693135,-7.535905339128433,7.379022405858548
2.5159999999999445,-0.2502417663304669,-0.034532479374756606,-2.465014962233128,-0.25174491591647585,-0.025769112537464417,0.001503149586008945,0.017075599634628236,-0.15332118611555323,-0.136245586480925,7.3827825531586715,-7.53397124504753,7.380650058931977
2.5179999999999443,-0.25031576084849344,-0.03946179521941088,-2.464284665612357,-0.2518062500297128,-0.030667056618467393,0.0014904891812193566,0.011977359957553335,-0.14895927732755077,-0.13698191736999743,7.385415919104532,-7.531739699954988,7.382780422627437
2.519999999999944,-0.2503996124727538,-0.04438955317996,-2.4634570832525187,-0.251877377601113,-0.03556378570011448,0.001477765128359232,0.006877580161952501,-0.1437973866870843,-0.1369198065251318,7.388551744466146,-7.5292107918142355,7.385413405127151
2.521999999999944,-0.2504933178929294,-0.04931555871695666,-2.462532247825148,-0.2519582958161726,-0.04045910752979198,0.0014649779232431825,0.0017764812998795065,-0.13783572763764784,-0.13605924633776834,7.392189893278986,-7.526384620335419,7.388548892697771
2.5239999999999436,-0.2505968734096906,-0.05423961736013625,-2.4615101958411634,-0.25204900147597203,-0.045352829899729705,0.0014521280662814218,-0.0033257153104933046,-0.1310745472804049,-0.1344002625908982,7.396330207680055,-7.523261296971561,7.392186749691156
2.5259999999999434,-0.2507102749348432,-0.059161534716096253,-2.4603909676494276,-0.2521494909972809,-0.05024476065441975,0.001439216062437687,-0.008428788101566831,-0.12351412636850956,-0.1319429144700764,7.400972507909728,-7.519840944914217,7.396326818545708
2.527999999999943,-0.2508335179914889,-0.06408111647596644,-2.4591746074351537,-0.252259760412677,-0.05513470769803944,0.0014262424211881064,-0.013532515272533074,-0.11515477930063689,-0.12868729457316996,7.40611659231417,-7.516123699088672,7.400968919788035
2.529999999999943,-0.25096659771420293,-0.06899816842308192,-2.457861163218159,-0.2523798053706808,-0.060022479001876614,0.001413207656477844,-0.018636674806035425,-0.10599685411339532,-0.12463352891943075,7.411762237348156,-7.512109706148617,7.406112852035221
2.5319999999999427,-0.2511095088492258,-0.07391249644065252,-2.4564506868509732,-0.2525096211359043,-0.06490788261175795,0.0014001122866785232,-0.023741044484519302,-0.09604073247303546,-0.11978177695755476,7.417909197578418,-7.507799124470519,7.411758391997483
2.5339999999999425,-0.2512622457546705,-0.07882390651942212,-2.4549432340167874,-0.25264920258921525,-0.0697907266554803,0.0013869568345447614,-0.028845401906519852,-0.08528682966593149,-0.11413223157245134,7.424557205687453,-7.503192124147302,7.41790529448137
2.5359999999999423,-0.25142480240074544,-0.08373220476532978,-2.4533388642272596,-0.25279854422791576,-0.0746708193502439,0.0013737418271703161,-0.03394952450302746,-0.07373559458832357,-0.10768511909135103,7.431705972477805,-7.498288886981741,7.424553292393417
2.537999999999942,-0.2515971723699928,-0.0886371974071665,-2.451637640820161,-0.2529576401659359,-0.07954796901008764,0.001360467795943121,-0.03905318955385956,-0.06138750973504603,-0.10044069928890559,7.439355186876852,-7.493089606479339,7.431702096744293
2.539999999999942,-0.25177934885754116,-0.09353869080422009,-2.449839630956878,-0.25312648413404254,-0.08442198405332606,0.0013471352765013767,-0.044156174203698606,-0.04824309118725445,-0.09239926539095306,7.447504515942098,-7.487594487840703,7.439351396653448
2.5419999999999416,-0.25197132467137484,-0.09843649145392531,-2.4479449056197624,-0.25330506948006254,-0.08929267300998764,0.001333744808687698,-0.04925825547844542,-0.034302888599208714,-0.08356114407765414,7.45615360486692,-7.481803747953478,7.447500859354269
2.5439999999999414,-0.2521730922326173,-0.10333040599949818,-2.4459535396093264,-0.25349338916912106,-0.09415984452925441,0.001320296936503762,-0.05435921030116336,-0.01956748518416962,-0.07392669548533298,7.4653020769868945,-7.475717615383862,7.456150130199692
2.545999999999941,-0.2523846435758308,-0.10822024123757153,-2.4438656115412902,-0.25369143578389486,-0.09902330738690171,0.001306792208064067,-0.059458815508287854,-0.00403749769916395,-0.0634963132074518,7.474949533786543,-7.46933633036758,7.465298832668416
2.547999999999941,-0.2526059703493306,-0.11310580412582422,-2.441681203843478,-0.2538992015248803,-0.10388287049273891,0.0012932311755497472,-0.0645568478655939,0.012286423571085336,-0.052270424294508566,7.485095554906666,-7.462660144800433,7.474946568371518
2.5499999999999408,-0.2528370638155145,-0.11798690179059819,-2.439400402752566,-0.2541166782106764,-0.10873834289805008,0.0012796143951618877,-0.06965308408402426,0.029403594831234336,-0.04024948925278993,7.495739698152174,-7.455689322228437,7.485092917059672
2.5519999999999405,-0.2530779148512083,-0.1228633415345154,-2.437023298310676,-0.25434385727828246,-0.11358953380303369,0.0012659424270741737,-0.07474730083568248,0.047313298793508096,-0.027434002042174388,7.506881499500421,-7.448424137837366,7.495737436630874
2.5539999999999403,-0.2533285139480254,-0.12773493084408458,-2.4345499843618206,-0.25458072978341095,-0.11843625256424327,0.0012522158353855395,-0.07983927476960861,0.06601478469668276,-0.013824490072925855,7.518520473110142,-7.440864878441981,7.506879663138664
2.55599999999994,-0.25358885121274255,-0.13260147739729988,-2.431980558548201,-0.254827286400815,-0.12327830870202501,0.0012384351880724287,-0.08492878252745167,0.08550726832625433,0.0005784857988026526,7.5306561113308295,-7.433011842474699,7.518519110800954
2.55799999999994,-0.2538589163676904,-0.13746278907123902,-2.4293151223063467,-0.25508351742463087,-0.12811551190795606,0.0012246010569404442,-0.09001560075936915,0.1057899320354787,0.015774331276109554,7.543287884712754,-7.424865339973844,7.530655272009323
2.5599999999999397,-0.254138698751159,-0.14231867394963962,-2.4265537808631175,-0.2553494127687354,-0.13294767205227945,0.0012107140175763864,-0.09509950613930174,0.12686192476751845,0.031762418628216715,7.556415242017518,-7.416425692571407,7.543287617338925
2.5619999999999394,-0.2544281873178189,-0.14716894033048128,-2.4236966432315454,-0.2556249619671181,-0.13777459919133822,0.0011967746492991815,-0.10018027538073737,0.14872236207857625,0.04854208669783888,7.570037610229102,-7.407693233480391,7.556415595558967
2.563999999999939,-0.2547273706391573,-0.1520133967335523,-2.420743822206532,-0.2559101541742681,-0.14259610357500638,0.0011827835351108096,-0.10525768525212142,0.17137032616200365,0.06611264090988223,7.5841543945655925,-7.3986683074816595,7.570038633643663
2.565999999999939,-0.25503623690392874,-0.15685185190800888,-2.4176954343603954,-0.25620497816557636,-0.1474119956541174,0.0011687412616476212,-0.11033151259217722,0.19480486587355994,0.08447335328138272,7.598764978491409,-7.389351270910324,7.584156136783884
2.5679999999999388,-0.25535477391862205,-0.16168411483992418,-2.4145516000382687,-0.25650942233775215,-0.15222208608788906,0.0011546484191300999,-0.11540153432527345,0.21902499675760279,0.10362346243232934,7.613868723730144,-7.379742491641703,7.5987674883993055
2.5699999999999386,-0.2556829691079414,-0.16650999475983452,-2.411312443353346,-0.2568234747092548,-0.15702618575134566,0.0011405056013134018,-0.12046752747676304,0.24402970107441213,0.1235621735976491,7.629464970278018,-7.369842349076767,7.613872050151179
2.5719999999999383,-0.2560208095153026,-0.1713293011502625,-2.407978092181988,-0.25714712292074027,-0.16182410574273473,0.0011263134054376733,-0.12552926918789176,0.269817927828492,0.14428865864060025,7.645553036417922,-7.359651234127232,7.629469161955724
2.573999999999938,-0.2563682818033448,-0.17614184375324382,-2.40454867815867,-0.2574803542355221,-0.1666156573909412,0.0011120724321773134,-0.13058653673109044,0.29638859279802965,0.1658020560669392,7.662132218734075,-7.349169549200066,7.645558141998095
2.575999999999938,-0.2567253722544572,-0.18094743257783694,-2.4010243366707846,-0.2578231555400479,-0.17140065226289514,0.0010977832855907366,-0.13563910752492692,0.3237405785653431,0.1881014710404162,7.679201792127281,-7.33839770818165,7.662138286746993
2.5779999999999377,-0.25709206677132,-0.18574587790762348,-2.3974052068533,-0.2581755133443899,-0.17617890217097518,0.0010834465730698573,-0.14068675914898576,0.3518727345485182,0.21118597539953243,7.696761009830917,-7.327336136421345,7.679208870969863
2.5799999999999375,-0.2574683508774616,-0.19053699030819676,-2.3936914315832647,-0.2585374137827507,-0.18095021918040602,0.0010690629052890754,-0.14572926935878028,0.3807838770340046,0.23505460767522435,7.714809103427399,-7.3159852707148305,7.696769147748835
2.5819999999999372,-0.25785420971782996,-0.19532058063464564,-2.389883157474166,-0.258908842613984,-0.18571441561665017,0.0010546328961540397,-0.15076641610064667,0.41047278921043695,0.2597063731097903,7.733345282865475,-7.30434555928671,7.714818348497147
2.583999999999937,-0.2582496280593787,-0.20009646003901344,-2.3859805348701455,-0.2592897852221296,-0.19047130407279284,0.0010401571627509099,-0.15579797752620028,0.44093822120347426,0.285140243677274,7.752368736478081,-7.292417461772919,7.733355682976393
2.585999999999937,-0.2586545902916686,-0.20486443997775894,-2.3819837178400616,-0.25968022661696344,-0.19522069741691994,0.001025636325294843,-0.16082373200712374,0.47217889011185576,0.311355158104732,7.77187863100087,-7.2802014492024885,7.752380339314344
2.5879999999999366,-0.25906908042748433,-0.2096243322191982,-2.3778928641714066,-0.2600801514345624,-0.19996240879948904,0.0010110710070780904,-0.16584345814974422,0.5041934800445054,0.33835002189476115,7.791874111591488,-7.267698003978948,7.771891484023453
2.5899999999999364,-0.259493082103465,-0.21437594885093586,-2.3737081353640788,-0.2604895439378838,-0.20469625166069252,0.0009964618344188159,-0.17085693480945185,0.5369806421588121,0.3661237073493603,7.812354301849479,-7.254907619861288,7.7918882620201
2.591999999999936,-0.2599265785807502,-0.2191191022872819,-2.3694296966240076,-0.26090838801735944,-0.20942203973781193,0.000981809436609249,-0.1758639411050622,0.570538994700021,0.3946750535949588,7.833318303836931,-7.241830801944446,7.812369796644467
2.593999999999936,-0.26036955274564166,-0.22385360527666298,-2.3650577168566262,-0.26133666719150456,-0.21413958707256422,0.0009671144458628933,-0.18086425643346615,0.6048671230419265,0.4240028666084603,7.854765198099862,-7.228468066639267,7.833335189681193
2.5959999999999357,-0.2608219871102777,-0.22857927090900654,-2.3605923686602104,-0.26177436460754144,-0.21884870801843925,0.0009523774972637344,-0.18585766048347663,0.6399635797285237,0.45410591924504706,7.876694043690243,-7.214819941652198,7.854783521380722
2.5979999999999355,-0.26128386381332425,-0.23329591262312502,-2.3560338283190614,-0.2622214630420375,-0.22354921724802612,0.0009375992287132262,-0.19084393325027593,0.6758268845170097,0.48498295126673374,7.899103878188938,-7.200886965964317,7.876713850481327
2.5999999999999353,-0.26175516462067994,-0.23800334421407968,-2.3513822757965466,-0.26267794490155816,-0.22824092976033122,0.0009227802808782215,-0.19582285504956387,0.7124555244219035,0.5166326693723396,7.921993717729139,-7.186669689810152,7.899125214232056
2.601999999999935,-0.2622358709261958,-0.24270137984053047,-2.346637894727996,-0.26314379222333434,-0.23292366088808483,0.0009079212971385142,-0.20079420653151825,0.7498479537604057,0.5490537472288874,7.945362557020845,-7.172168674655752,7.9220166284161575
2.603999999999935,-0.2627259637524102,-0.24738983403207784,-2.341800872413448,-0.2636189866759444,-0.23759722630503693,0.0008930229235342146,-0.20575776869503182,0.7880025941989404,0.5822448255039085,7.9692093693758945,-7.157384493176646,7.945387087375586
2.6059999999999346,-0.2632254237512974,-0.25206852169657684,-2.3368713998102626,-0.2641035095600109,-0.24226144203324163,0.000878085808713458,-0.21071332290140132,0.8269178348009412,0.6162045118995398,7.993533106733928,-7.142317729235083,7.969235564036024
2.6079999999999344,-0.263734231205032,-0.2567372581274497,-2.331849671525577,-0.26459734180891153,-0.24691612445032962,0.0008631106038795577,-0.2156606508883796,0.8665920320758733,0.6509313811874937,8.018332699689084,-7.126968977857008,7.993561009932881
2.609999999999934,-0.2642523660267667,-0.2613958590109763,-2.3267358858086262,-0.2651004639895051,-0.25156109029676804,0.0008480979627383811,-0.22059953478396954,0.9070235100295259,0.6864239752455563,8.043607057517498,-7.111338845208485,8.018362355238011
2.611999999999934,-0.2647798077614262,-0.2660441404335705,-2.321530244542913,-0.2656128563028713,-0.25619615668310786,0.0008330485414451139,-0.22552975712026524,0.9482105602155197,0.7226808030952545,8.069355068205699,-7.095427948571706,8.043638508787225
2.6139999999999337,-0.26531653558651347,-0.27068191888903964,-2.316232953238244,-0.2661344985850657,-0.2608211410972178,0.0008179629985522463,-0.2304511008470711,0.9901514417881234,0.7597003409410523,8.095575598479762,-7.079236916320628,8.069388358108752
2.6159999999999335,-0.26586252831293355,-0.27530901128583407,-2.3108442210226054,-0.2666653703078887,-0.26543586141150477,0.0008028419949551724,-0.23536334934589287,1.0328443815563437,0.7974810322104509,8.122267493835384,-7.062766387896056,8.0956107694524
2.6179999999999333,-0.2664177643858283,-0.27992523495426747,-2.30536426063392,-0.267205450579669,-0.2700401358901189,0.0007876861938406754,-0.2402662864431715,1.0762875740393465,0.836021287596175,8.149429578568732,-7.0460170137803555,8.122304587819702
2.619999999999933,-0.26698222188542825,-0.2845304076537336,-2.299793288411641,-0.2677547181460613,-0.2746337831961453,0.0007724962606330266,-0.24515969642414648,1.1204791815230868,0.8753194850989403,8.177060655808296,-7.028989455471717,8.149468636994804
2.621999999999933,-0.2675558785279178,-0.28912434757989974,-2.294131524288212,-0.2683131513908588,-0.2792166223987796,0.0007572728629410275,-0.2500433640463917,1.1654173341183816,0.9153739700719898,8.205159507547519,-7.011684385457994,8.177101719576376
2.6239999999999326,-0.268138711666315,-0.2937068733718835,-2.288379191780386,-0.2688807283368198,-0.2837884729804879,0.0007420166705048303,-0.25491707455331025,1.2111001298202488,0.9561830552669386,8.233724894678385,-6.994102487190066,8.205202617010315
2.6259999999999324,-0.2687306982913653,-0.298277804119412,-2.282536517980404,-0.2694574266465081,-0.28834915484415147,0.0007267283551428139,-0.25978061368758243,1.257525634568573,0.9977450208809906,8.262755557025887,-6.976244455054818,8.233770089623391
2.627999999999932,-0.26933181503245074,-0.30283695936996863,-2.2766037335470184,-0.27004322362314853,-0.2928984883201931,0.0007114085906977929,-0.264633767704866,1.3046918823102391,1.0400581146053731,8.292250213383523,-6.958110994347566,8.262802876657805
2.629999999999932,-0.2699420381585115,-0.30738415913590916,-2.2705810726964026,-0.2706380962114959,-0.2974362941736879,0.0006960580529844496,-0.2694763233869102,1.352596875062459,1.0831205516755489,8.322207561549577,-6.939702821244297,8.292299696306756
2.6319999999999317,-0.2705613435789834,-0.3119192239015731,-2.264468773192894,-0.27124202099871886,-0.30196239361145555,0.0006806774197354315,-0.2743080680552046,1.401238582977646,1.1269305149224413,8.352626278364509,-6.921020662773168,8.322259245750814
2.6339999999999315,-0.271189706844749,-0.3164419746303686,-2.258267076339611,-0.27185497421529714,-0.3064766082891351,0.0006652673705481171,-0.2791287895842942,1.4506149444096055,1.1714861548253113,8.383505019749208,-6.90206525678581,8.352680201195415
2.6359999999999313,-0.27182710314910236,-0.32095223277184115,-2.2519762269689276,-0.2724769317359336,-0.3109787603182407,0.0006498285868312692,-0.28393827641516434,1.5007238659810973,1.216785589565933,8.41484242074431,-6.882837351928114,8.383561217909211
2.637999999999931,-0.2724735073287286,-0.3254498202687209,-2.2455964734328058,-0.27310786908048,-0.3154686722731987,0.0006343617517514111,-0.28873631756859974,1.551563222652958,1.2628269050843584,8.44663709555046,-6.863337707610545,8.414900930263503
2.639999999999931,-0.27312889386469796,-0.32993455956395695,-2.239128067592988,-0.2737477614148767,-0.31994616719836516,0.0006188675501787588,-0.293522702658755,1.6031308577945085,1.3096081551357535,8.478887637569605,-6.843567093978105,8.446697951772613
2.6419999999999306,-0.2737932368834719,-0.33440627360771996,-2.2325712648110634,-0.2743965835521068,-0.3244110686150235,0.0006033466686348743,-0.29829722190613195,1.6554245832554582,1.3571273613493262,8.511592619447278,-6.823526291879849,8.478950875135308
2.6439999999999304,-0.2744665101579258,-0.33886478586439617,-2.225926323938378,-0.2750543099531635,-0.3288632005283617,0.000587799795237709,-0.3030596661512541,1.7084421794392792,1.405382513288025,8.54475059311603,-6.803216092837944,8.511658272277224
2.64599999999993,-0.27514868710838336,-0.34330992031955593,-2.2191935073058198,-0.27572091472803234,-0.33330238743442864,0.0005722276196489795,-0.3078098268678586,1.7621813953780885,1.4543715685102299,8.578360089839759,-6.7826372990163355,8.544818694394424
2.64799999999993,-0.2758397408036668,-0.34774150148690214,-2.212373080713461,-0.27639637163668646,-0.3377284543270691,0.0005566308330196557,-0.3125474961763619,1.8166399488089295,1.5040924526325676,8.612419620259242,-6.761790723188963,8.578430671997893
2.6499999999999297,-0.27653964396215924,-0.3521593544151973,-2.205465313420068,-0.27708065409009613,-0.34214122670483754,0.0005410101279368917,-0.3172724668571214,1.871815526251578,1.5545430593944567,8.646927674438643,-6.740677188707635,8.612492714959213
2.6519999999999295,-0.2772483689528829,-0.3565633046951748,-2.1984704781324598,-0.2777737351512519,-0.3465405305778892,0.000525366198369015,-0.3219845323640991,1.9277057830879274,1.6057212507238283,8.681882721913226,-6.7192975294693165,8.647003312557244
2.6539999999999293,-0.2779658877965884,-0.36095317846641706,-2.19138885099476,-0.2784755875362016,-0.35092619247484874,0.0005096997396132341,-0.32668348683784765,1.984308343642816,1.6576248568049683,8.717283211738028,-6.697652589883202,8.681960933526017
2.655999999999929,-0.2786921721668604,-0.36532880242422433,-2.184220711577481,-0.27918618361510095,-0.355298039449656,0.0004940114482405722,-0.3313691251192652,2.0416208012663732,1.710251676147108,8.75312757253782,-6.67574322483721,8.717364026103583
2.657999999999929,-0.27942719339123545,-0.369690003826455,-2.176966342866494,-0.27990549541327775,-0.3596558990883882,0.00047830202204229844,-0.33604124276288116,2.0996407184180246,1.7635994756551434,8.78941421255806,-6.653570299664137,8.753211018082162
2.6599999999999286,-0.2801709224523344,-0.37403661050034526,-2.1696260312518545,-0.28063349461230985,-0.3639995995160583,0.00046257215997547174,-0.3406996360504677,2.1583656267519222,1.8176659907014545,8.8261415197171,-6.631134690107385,8.789500316859307
2.6619999999999284,-0.280923329989007,-0.37836845084930504,-2.1622000665164975,-0.28137015255111664,-0.3683289694033895,0.00044682256210965,-0.3453441020043613,2.2177930272040243,1.872448925199663,8.863307861659454,-6.608437282286301,8.826230309490326
2.663999999999928,-0.2816843862974925,-0.38268535385969704,-2.1546887418247924,-0.28211544022706375,-0.3726438379735646,0.00043105392957126787,-0.34997443840132036,2.277920390080796,1.9279459516794757,8.900911585810373,-6.585478972660967,8.863399362741763
2.665999999999928,-0.28245406133259077,-0.3869871491075809,-2.147092353710978,-0.28286932829708167,-0.3769440350089506,0.0004152669644909013,-0.35459044378572946,2.338745155149361,1.9841547113636318,8.938951019431482,-6.5622606679968385,8.9010058231462
2.6679999999999278,-0.2832323247088493,-0.3912736667654462,-2.13941120206745,-0.28363178707879727,-0.38122939085779756,0.00039946236994797824,-0.35919191748343793,2.4002647317294397,2.041072814246002,8.977424469677663,-6.538783285328705,8.939048017058145
2.6699999999999275,-0.2840191457017626,-0.3955447376089155,-2.131645590132923,-0.2844027865516791,-0.38549973644091234,0.00038364084991648895,-0.3637786596154291,2.4624764987867573,2.0986978391713285,9.01633022365519,-6.515047751924409,8.977524250711166
2.6719999999999273,-0.28481449324898517,-0.39980019302342495,-2.12379582448046,-0.2851822963581957,-0.38975490325830575,0.0003678031092105294,-0.3683504711114638,2.525377805028194,2.15702733391673,9.055666548481064,-6.491055005248091,9.016432810276285
2.673999999999927,-0.28561833595155744,-0.4040398650108803,-2.115862215005369,-0.28597028580498735,-0.39399472339581304,0.00035194985342990037,-0.3729071537238404,2.5889659689985134,2.216058815274673,9.09543169134356,-6.46680599292306,9.055771961921574
2.675999999999927,-0.28643064207514635,-0.4082635861962932,-2.107845074912964,-0.2867667238640507,-0.39821902953168825,0.00033608178890437435,-0.3774485100414038,2.6532382791787956,2.2757897691373916,9.135623879564095,-6.442301672694221,9.095539951873016
2.6779999999999267,-0.2872513795512968,-0.41247118983438236,-2.0997447207062105,-0.28757157917393705,-0.40242765494317034,0.00032019962264023816,-0.3819743435031009,2.7181919940864763,2.336217650583375,9.176241320660264,-6.417543012390169,9.135735006476645
2.6799999999999264,-0.28808051597869866,-0.41666250981616065,-2.091561472173222,-0.2883848200409631,-0.4066204335130232,0.00030430406226444884,-0.3864844584121274,2.7838243423771116,2.3973398839649844,9.217282202410333,-6.3925309898847695,9.176355332261881
2.681999999999926,-0.2889180186244653,-0.4208373806754919,-2.083295652374639,-0.2892064144404352,-0.4107971997360465,0.0002883958159698996,-0.3909786599498155,2.850132522947856,2.4591538629980407,9.25874469291877,-6.36726659305851,9.217399116006366
2.683999999999926,-0.2897638544254264,-0.4249956375956231,-2.074947587630874,-0.2900363300178863,-0.41495778872555944,0.0002724755924599087,-0.3954567541897702,2.917113705042568,2.5216569508527975,9.300626940683316,-6.341750819759244,9.258864524801812
2.685999999999926,-0.29061798998943267,-0.42913711641568997,-2.066517607509231,-0.29087453409032604,-0.4191020362198558,0.00025654410089337443,-0.39991854811188166,2.984765028358666,2.5848464802467843,9.342927074663233,-6.315984677762739,9.300749706121405
2.6879999999999256,-0.29148039159667494,-0.4332616536372023,-2.0580060448108863,-0.2917209936475033,-0.4232297785886301,0.0002406020508283757,-0.404363849616709,3.0530836031557627,2.6487197535390536,9.38564320434897,-6.289969184732666,9.343052787888428
2.6899999999999253,-0.2923510252010142,-0.4373690864304918,-2.0494132355577634,-0.2925756753531821,-0.42734085283937545,0.0002246501521678823,-0.40879246753941056,3.122066510365954,2.7132740428265434,9.428773419833048,-6.263705368180318,9.385771878546272
2.691999999999925,-0.2932298564313266,-0.4414592526411449,-2.0407395189792576,-0.29343854554642956,-0.4314350966237515,0.00020868911510296684,-0.4132042116642931,3.191710801705854,2.778506590041561,9.472315791882462,-6.237194265423858,9.428905067129712
2.693999999999925,-0.2941168505928598,-0.44553199079640304,-2.0319852374988487,-0.29430957024291743,-0.43551234824392415,0.0001927196500576267,-0.41759889273907835,3.2620134997904584,2.8444146070513803,9.516268372012316,-6.210436923547241,9.4724504233377
2.6959999999999247,-0.29501197266860324,-0.4495871401115375,-2.023150736720579,-0.2951887151362352,-0.4395724466588743,0.00017674246763194068,-0.42197632248942907,3.332971598248717,2.910995275759288,9.560629192560883,-6.183434399358681,9.516405997607398
2.6979999999999245,-0.2959151873206697,-0.45362454049619577,-2.0142363654154156,-0.2960759455992165,-0.44361523149067783,0.00016075827854683533,-0.4263363136333298,3.404582061840851,2.978245748207521,9.605396266766057,-6.156187759348801,9.560769821189652
2.6999999999999242,-0.29682645889169185,-0.45764403256072594,-2.0052424755074676,-0.29697122668527803,-0.44764054303075573,0.00014476779358618685,-0.43067867989602826,3.4768418265775995,3.0461631466815713,9.650567588843192,-6.128698079648297,9.605539906225896
2.701999999999924,-0.2977457514062281,-0.46164545762246273,-1.996169422060112,-0.2978745231297702,-0.4516482222460928,0.0001287717235420871,-0.43500323602415514,3.5497477998410405,3.1147445638168856,9.696141134064334,-6.10096644598537,9.65071424582641
2.703999999999924,-0.29867302857218414,-0.4656286577119962,-1.987017563261963,-0.29878579935134103,-0.45563811078542815,0.00011277077915688993,-0.43930979780085644,3.623296860507387,3.1839870627065308,9.742114858838953,-6.072993953642626,9.696290814150013
2.7059999999999236,-0.2996082537822451,-0.4695934755794072,-1.9777872604127353,-0.29970501945331185,-0.4596100509854133,9.676567106675638e-05,-0.44359818206039403,3.697485859071586,3.2538876770111917,9.78848670079596,-6.044781707413689,9.742267566485275
2.7079999999999234,-0.30055139011532117,-0.47353975470047516,-1.9684788779089808,-0.3006321472250653,-0.46356388587674113,8.075710974414507e-05,-0.44786820670310146,3.7723116177735934,3.324443411070492,9.835254578867335,-6.016330821559413,9.788642439333007
2.709999999999923,-0.30150240033800446,-0.4774673392828564,-1.959092783229705,-0.3015671461434458,-0.46749945919024355,6.474580544135744e-05,-0.45211969071013436,3.8477709307266688,3.3956512400165346,9.882416393373035,-5.987642419763721,9.83541335049039
2.711999999999923,-0.3024612469060403,-0.4813760742722388,-1.9496293469218486,-0.30250997937417173,-0.47141661536295887,4.8732468131418294e-05,-0.45635245415880377,3.9238605640473985,3.4675081098885947,9.929970026107522,-5.958717635088991,9.88257819913639
2.7139999999999227,-0.3034278919658078,-0.48526580535845687,-1.9400889425856758,-0.30346060977326006,-0.47531519954416784,3.271780745223163e-05,-0.46056631823717886,4.000577255987542,3.5400109377503632,9.977913340427605,-5.929557609931276,9.930134865918818
2.7159999999999225,-0.30440229735581514,-0.4891363789815875,-1.9304719468600144,-0.3044189998884629,-0.4791950576014,1.67025326477388e-05,-0.4647611052594103,4.077917717067814,3.613156611808404,10.026244181341946,-5.900163495974878,9.978081213042692
2.7179999999999223,-0.305384424608206,-0.49298764233801157,-1.920778739407388,-0.3053851119607157,-0.4830560361264081,6.873525097428335e-07,-0.4689366386808491,4.1558786302135,3.6869419915326507,10.074960375601831,-5.87053645414682,10.02641508436032
2.719999999999922,-0.3063742349502777,-0.4968194433864451,-1.9110097028990327,-0.30635890792559795,-0.4868979824411121,-1.5327024679767653e-05,-0.4730927431131404,4.23445665089188,3.7613639077787395,10.124059731793643,-5.84067765457072,10.0751343054626
2.721999999999922,-0.30737168930601355,-0.500631630853946,-1.901165222999777,-0.307340349414805,-0.4907207446035132,-3.13398912085705e-05,-0.47722924433979963,4.313648407251627,3.8364191629118274,10.173540040432687,-5.810588276520479,10.124236683772105
2.7239999999999216,-0.308376748297623,-0.5044240542418795,-1.8912456883528337,-0.30832939775763213,-0.49452417141357574,-4.73505399908869e-05,-0.481345969330933,4.39345050026399,3.912104530933057,10.22339907405863,-5.780269508373474,10.173720008637464
2.7259999999999214,-0.30938937224709817,-0.5081965638318637,-1.8812514905644455,-0.3093260139824703,-0.4983081124190793,-6.335826462788852e-05,-0.4854427462589683,4.473859503865909,3.9884167576069407,10.273634587332408,-5.749722547563528,10.223582051429437
2.727999999999921,-0.3104095211777793,-0.51194901069168,-1.8711830241884282,-0.31033015881831316,-0.5020724179214404,-7.936235946615078e-05,-0.4895194045138196,4.5548719651050575,4.065352560591238,10.324244317134676,-5.718948600533366,10.273820565638424
2.729999999999921,-0.3114371548159334,-0.515681246681151,-1.8610406867105946,-0.31134179269627615,-0.5058169389815028,-9.536211965727182e-05,-0.4935757747182645,4.6364844042866995,4.142908629568435,10.375225982665771,-5.68794888268684,10.32443328697354
2.7319999999999207,-0.31247223259234386,-0.5193931244579898,-1.8508248785330645,-0.31236087575112675,-0.5095415274252985,-0.00011135684121710288,-0.4976116887432802,4.718693315122504,4.221081626379224,10.426577285547273,-5.656724618340714,10.375417933463218
2.7339999999999205,-0.3135147136439128,-0.5230844974836195,-1.840536002958447,-0.31338736782282633,-0.5132460358497778,-0.00012734582108647752,-0.5016269797236328,4.8014951648813105,4.299868185157678,10.478295909925029,-5.625277040676138,10.426772205557448
2.7359999999999203,-0.31456455681527323,-0.5267552200289528,-1.830174466173935,-0.31442122845808335,-0.5169303176285097,-0.0001433283571898869,-0.5056214820728799,4.884886394541635,4.379264912468755,10.530379522573849,-5.593607391689796,10.47849378623143
2.73799999999992,-0.31562172066041416,-0.5304051471801488,-1.8197406772352591,-0.31546241691191806,-0.5205942269173524,-0.00015930374849609796,-0.5095950314989439,4.968863418946333,4.4592683874473895,10.582825773003604,-5.561716922144648,10.530580341090982
2.73999999999992,-0.3166861634443173,-0.534034134844333,-1.8092350480505413,-0.3165108921492383,-0.5242376186600931,-0.00017527129507904915,-0.513547465019466,5.05342262695896,4.539875161939493,10.635632293567042,-5.529606891520339,10.583029518479298
2.7419999999999196,-0.3177578431446041,-0.5376420397552866,-1.7986579933640328,-0.3175666128464264,-0.527860348594061,-0.00019123029817769144,-0.5174786209770321,5.138560381622205,4.621081760645173,10.688796699569096,-5.497278567963284,10.635838949585489
2.7439999999999194,-0.31883671745319464,-0.5412287194791002,-1.788009930739745,-0.3186295373929378,-0.5314622732557075,-0.00020718006025682856,-0.5213883390544338,5.224273020318179,4.702884681263745,10.742316589377761,-5.464733228236412,10.689006248554591
2.745999999999919,-0.31992274377797925,-0.5447940324198018,-1.7772912805449523,-0.3196996238929101,-0.5350432499861616,-0.00022311988506912295,-0.5252764602901738,5.310556854930625,4.785280394640451,10.796189544536603,-5.431972157668533,10.742529012599158
2.747999999999919,-0.3210158792444978,-0.5483378378249404,-1.7665024659336137,-0.32077683016678366,-0.5386031369367527,-0.00023904907771415962,-0.5291428270931142,5.397408172009114,4.868265344916,10.850413129878788,-5.398996650103407,10.796404822112521
2.7499999999999187,-0.32211608069763387,-0.5518599957911463,-1.7556439128296568,-0.3218611137529327,-0.542141793074508,-0.00025496694470117376,-0.5329872832579152,5.484823232935067,4.951835949677152,10.90498489364278,-5.3658080078484645,10.850631240783532
2.7519999999999185,-0.323223304703318,-0.555360367269654,-1.744716049910165,-0.32295243190930795,-0.5456590781876212,-0.0002708727940100575,-0.536809673979981,5.5727982740898545,5.0359886001098735,10.959902367589523,-5.332407541623183,10.905205815713037
2.7539999999999183,-0.32433750755024227,-0.5588388140717913,-1.7337193085884552,-0.32405074161508973,-0.549154852890892,-0.0002867659351525331,-0.5406098458702657,5.661329507024677,5.120719661154411,11.015163067121307,-5.298796570507113,10.96012607753179
2.755999999999918,-0.3254586452515857,-0.5622951988744332,-1.722654122997049,-0.32515599957235203,-0.5526289786311412,-0.0003026456792336596,-0.5443876469700148,5.7504131186324825,5.206025471662468,11.070764491402223,-5.2649764218876305,11.015389540520113
2.757999999999918,-0.3265866735467523,-0.5657293852254283,-1.7115209299705194,-0.32626816220773724,-0.5560813176925967,-0.00031851133901505957,-0.5481429267657956,5.840045271321785,5.291902344555989,11.126704123480122,-5.230948431407316,11.070993702729101
2.7599999999999176,-0.32772154790311603,-0.5691412375489785,-1.700320169028268,-0.32738718567414177,-0.559511733202254,-0.00033436222897426093,-0.5518755362033922,5.930222103192367,5.378346566988975,11.182979430410334,-5.196713942911,11.126936046103367
2.7619999999999174,-0.32886322351778063,-0.5725306211509962,-1.689052282357158,-0.3285130258524122,-0.5629200891352107,-0.00035019766536842356,-0.5555853277026168,6.020939728213003,5.465354400510386,11.239587863380828,-5.162274308392549,11.183214036605552
2.763999999999917,-0.3300116553193476,-0.5758974022244202,-1.6777177147940612,-0.32964563835305216,-0.5663062503199752,-0.0003660169662954571,-0.5592721551712709,6.11219423640101,5.552922081229738,11.2965268578391,-5.127630887941251,11.23982512434226
2.765999999999917,-0.331166797969696,-0.5792414478544987,-1.6663169138082972,-0.33078497851793964,-0.5696700824437503,-0.00038181945175636,-0.5629358740192392,6.203981694003821,5.641045819984582,11.353793833620573,-5.092785049687934,11.296766743691755
2.7679999999999167,-0.3323286058657714,-0.5825626260240353,-1.6548503294839707,-0.331931001422055,-0.5730114520576924,-0.0003976044437163928,-0.5665763411720515,6.296298143682396,5.729721802510344,11.411386195078652,-5.057738169750754,11.35403631343315
2.7699999999999165,-0.3334970331413882,-0.5858608056186043,-1.6433184145021908,-0.3330836618752193,-0.576330226582147,-0.00041337126616886044,-0.570193415084872,6.3891396046966245,5.8189461896117525,11.469301331216359,-5.0224916321806345,11.411631236877259
2.7719999999999163,-0.33467203366903775,-0.589135856431722,-1.631721624123218,-0.334242914423843,-0.5796262743118589,-0.0004291192451947312,-0.5737869557551845,6.48250207309259,5.9087151173374055,11.527536615819638,-4.987046828906454,11.469548901999044
2.773999999999916,-0.33585356106171127,-0.5923876491699898,-1.62006041616848,-0.33540871335268535,-0.5828994644211608,-0.0004448477090259195,-0.5773568247362681,6.576381521891766,5.999024697155498,11.586089407592112,-4.951405159679932,11.527786681571698
2.775999999999916,-0.33704156867473034,-0.5956160554581985,-1.608335251002499,-0.3365810126866236,-0.5861496669691395,-0.0004605559881067367,-0.5809028851497522,6.67077390128214,6.089871016132388,11.644957050291614,-4.9155680320201,11.58634193330224
2.7779999999999156,-0.3382360096075886,-0.5988209478443958,-1.59654659151472,-0.33775976619243314,-0.5893767529047786,-0.0004762434151554529,-0.5844250016981234,6.765675138811206,6.181250137113082,11.704136872868148,-4.879536861157591,11.645211999968797
2.7799999999999154,-0.33943683670580294,-0.602002199804917,-1.5846949031012365,-0.3389449273805773,-0.592580594072081,-0.0004919093252256368,-0.5879230406767255,6.861081139580862,6.273158098904137,11.763626189603633,-4.843313069978545,11.704394209559407
2.781999999999915,-0.34064400256277627,-0.6051596857493836,-1.572780653646408,-0.3401364495070076,-0.5957610632151689,-0.0005075530557686614,-0.5913968699858474,6.95698778644427,6.365590916458423,11.823422300253053,-4.806898088968258,11.763885875412528
2.783999999999915,-0.34185745952166724,-0.6082932810256564,-1.5608043135044052,-0.34133428557497436,-0.5989180339833649,-0.0005231739466928786,-0.5948463591416764,7.053390940204463,6.458544581062787,11.883522490187277,-4.77029335615454,11.823684296359003
2.7859999999999148,-0.34307715967727287,-0.611402861924759,-1.5487663554806304,-0.34253838833684686,-0.6020513809362528,-0.0005387713404260142,-0.5982713792875849,7.150286439814924,6.5520150605273395,11.943924030537561,-4.733500317050695,11.88378675686562
2.7879999999999145,-0.34430305487791957,-0.6144883056857623,-1.5366672548130536,-0.3437487102959443,-0.6051609795487178,-0.0005543445819752857,-0.601671803204733,7.2476701025820685,6.645998299377336,12.004624178341391,-4.69652042459837,11.944190527180439
2.7899999999999143,-0.3455350967273637,-0.6175494905006296,-1.524507489153453,-0.34496520370837624,-0.6082467062159694,-0.0005698930189874662,-0.6050475053221205,7.345537724369458,6.740490219047338,12.065620176690178,-4.659355139109908,12.004892863479366
2.791999999999914,-0.3467732365867025,-0.6205862955190252,-1.5122875385485588,-0.34618782058489334,-0.6113084382585446,-0.0005854160018091692,-0.6083983617263677,7.443885079804024,6.8354867180776555,12.126909254878296,-4.622005928210609,12.065891008014633
2.793999999999914,-0.34801742557629495,-0.6235986008530885,-1.5000078854210903,-0.3474165126927479,-0.614346053927295,-0.0006009128835470223,-0.6117242501711995,7.5427079224840305,6.930983672312831,12.188488628553836,-4.584474266780525,12.127182189264555
2.7959999999999137,-0.3492676145776898,-0.626586287582162,-1.4876690145507303,-0.3486512315575646,-0.6173594324083547,-0.0006163830201251774,-0.6150250500857113,7.642001985188888,7.026976935103177,12.250355499870825,-4.546761636896169,12.188763622085057
2.7979999999999134,-0.3505237542355659,-0.6295492377574893,-1.4752714130549733,-0.34989192846522077,-0.6203484538280928,-0.0006318257703451513,-0.618300642582954,7.741762980090819,7.123462337507865,12.312507057643034,-4.508869527771747,12.250632507862566
2.7999999999999132,-0.3517857949596805,-0.6324873344068709,-1.462815570369898,-0.3511385544637369,-0.6233129992580494,-0.0006472404959436129,-0.6215509104675054,7.841986598968332,7.220435688500826,12.374940477499356,-4.47079943570025,12.312786034668582
2.801999999999913,-0.3530536869268267,-0.6354004615392819,-1.4503019782308462,-0.3523910603651766,-0.626252950719855,-0.0006626265616501148,-0.6247757382426156,7.942668513421491,7.317892775178876,12.437652922040684,-4.4325528639942124,12.375221377415704
2.803999999999913,-0.3543273800828003,-0.6382885041494503,-1.4377311306530118,-0.35364939674755685,-0.6291681911901355,-0.0006779833352434372,-0.6279750121166461,8.043804375088987,7.415829362972341,12.50064154099828,-4.394131322926212,12.437935698015199
2.8059999999999126,-0.35560682414437705,-0.6411513482224007,-1.4251035239119259,-0.3549135139567677,-0.6320586046054018,-0.000693310187609375,-0.6311486200093452,8.145389815866974,7.514241195857629,12.563903471393774,-4.3555363296690635,12.500926145536038
2.8079999999999123,-0.3568919686012959,-0.6439888807379502,-1.412419656523884,-0.35618336210850154,-0.6349240758669255,-0.0007086064927943614,-0.6342964515566152,8.247420448129688,7.613123996573073,12.627435837700578,-4.316769408235821,12.564189856365509
2.809999999999912,-0.35818276271825417,-0.646800989675174,-1.3996800292262526,-0.35745889109019274,-0.637764490845599,-0.0007238716280614232,-0.6374183981154946,8.349891864951804,7.712473466836309,12.691235752006826,-4.277832089419467,12.62772395437127
2.811999999999912,-0.35947915553691034,-0.6495875640168258,-1.386885144957703,-0.3587400505629663,-0.6405797363867841,-0.000739104973944027,-0.6405143527680557,8.452799640332543,7.812285287564487,12.755300314179824,-4.238725910732309,12.691525551064853
2.8139999999999117,-0.36078109587789564,-0.6523484937537225,-1.3740355088383585,-0.3600267899635966,-0.6433697003151447,-0.000754305914299036,-0.6435842103246325,8.55613932942154,7.912555119096908,12.819626612031957,-4.199452416345168,12.755591745766708
2.8159999999999115,-0.3620885323428344,-0.6550836698890845,-1.3611316281498544,-0.36131905850647555,-0.6461342714394681,-0.000769473836358836,-0.6466278673263526,8.659906468746318,8.013278601419966,12.884211721488082,-4.160013157026305,12.819919625772624
2.8179999999999112,-0.3634014133163743,-0.657792984442843,-1.3481740123152979,-0.3626168051855905,-0.6488733395574728,-0.0007846081307838482,-0.6496452220472504,8.764096576441638,8.114451354394387,12.949052706754378,-4.120409690080031,12.884506266521669
2.819999999999911,-0.3647196869682223,-0.6604763304558977,-1.3351631728791786,-0.36391997877651167,-0.6515867954606037,-0.0007997081917106574,-0.6526361744948672,8.868705152480333,8.216068977985465,13.014146620488594,-4.080643579285171,12.949348731765504
2.821999999999911,-0.3660433012551918,-0.6631336019943426,-1.32209962348716,-0.36522852783838927,-0.6542745309388139,-0.0008147734168025278,-0.6556006264108039,8.97372767890593,8.318127052495127,13.079490503971837,-4.040716394833179,13.01444407373911
2.8239999999999106,-0.36737220392325715,-0.6657646941536473,-1.3089838798658031,-0.36654240071595995,-0.6569364387853354,-0.0008298032072971973,-0.6585384812702411,9.079159620066886,8.420621138796644,13.145081387281628,-4.00062971326607,13.079789333332956
2.8259999999999104,-0.36870634250961604,-0.6683695030627979,-1.2958164598022124,-0.3678615455372367,-0.6595724106383866,-0.0008447969723793247,-0.6614496442804674,9.184996422852475,8.523546778572008,13.21091628946652,-3.9603851174140527,13.145381540266527
2.82799999999991,-0.37004566434476227,-0.6709479258884001,-1.2825978831235776,-0.3691859102055836,-0.6621823341734533,-0.000859754139178659,-0.6643340665053832,9.29123351693028,8.626899450424897,13.276992218683066,-3.9199841963329503,13.21121771326323
2.82999999999991,-0.3713901165545627,-0.6734998608387351,-1.2693286716766772,-0.3705154424028448,-0.6647660986305881,-0.0008746741517179357,-0.667191803101459,9.397866316430953,8.730674513329493,13.343306172285903,-3.8794285452357475,13.2772948616667
2.8319999999999097,-0.3727396460623462,-0.6760252071677809,-1.2560093493072573,-0.3718500895928954,-0.667323595025299,-0.0008895564694508251,-0.6700229026441429,9.504890222094847,8.834867319450705,13.409855137023976,-3.838719765416747,13.343609987511593
2.8339999999999095,-0.37409419959099854,-0.6785238651791881,-1.2426404418393593,-0.3731897990251138,-0.6698547161091916,-0.0009044005658847554,-0.6728274026984105,9.61230061783771,8.939473215139298,13.47663608924133,-3.7978594641904535,13.410160082028163
2.8359999999999093,-0.3754537236650657,-0.680995736230217,-1.229222477054559,-0.3745345177377771,-0.6723593563316506,-0.0009192059272886133,-0.6756053304108889,9.720092870857624,9.044487540446735,13.543645995077584,-3.756849254830693,13.476942125688316
2.837999999999909,-0.3768181646128648,-0.6834407227356304,-1.215755984671134,-0.3758841925613826,-0.6748374118027748,-0.0009339720514822125,-0.6783567030971471,9.82826233191145,9.149905628814302,13.610881810668442,-3.71569075650927,13.54395308842072
2.839999999999909,-0.37818746856860436,-0.6858587281715488,-1.2022414963231383,-0.377238770121898,-0.6772887802576766,-0.0009486984467063642,-0.6810815288198291,9.93680433559183,9.255722806772,13.678340482346025,-3.6743855942342423,13.611189929826072
2.8419999999999086,-0.3795615814745083,-0.6882496570792571,-1.188679545539435,-0.37859819684394236,-0.6797133610221954,-0.0009633846305659444,-0.6837798069536727,10.04571420060453,9.361934393650857,13.746018946839289,-3.6329353987878172,13.678649599392347
2.8439999999999084,-0.38094044908295205,-0.6906134150689763,-1.175070667722619,-0.3799624189539024,-0.6821110549800447,-0.000978030129049623,-0.6864515287375572,10.154987230046242,9.468535701308685,13.81391413147432,-3.5913418066638187,13.74632903671006
2.845999999999908,-0.38232401695860335,-0.6929499088235881,-1.161415400127885,-0.3813313824829852,-0.6844817645414024,-0.0009926344756181482,-0.6890966778110541,10.264618711682596,9.575522033871541,13.882022954374811,-3.549606460004794,13.81422517168739
2.847999999999908,-0.3837122304805716,-0.6952590461023198,-1.1477142818418151,-0.3827050332702111,-0.6868253936129488,-0.001007197210360522,-0.6917152307356322,10.374603918226592,9.68288868749096,13.950342324662532,-3.5077310065387635,13.882334924765356
2.8499999999999077,-0.38510503484456354,-0.6975407357443848,-1.133967853761104,-0.3840833169653498,-0.6891418475693437,-0.001021717879213735,-0.6943071574992077,10.484938107617193,9.790630950117986,14.018869142657946,-3.4657170995155933,13.950655207132787
2.8519999999999075,-0.38650237506504853,-0.6997948876725846,-1.1201766585711863,-0.3854661790318021,-0.6914310332261355,-0.0010361960332464504,-0.6968724220045619,10.595616523298293,9.898744101293731,14.087600300080975,-3.4235663976429827,14.019182920941276
2.8539999999999073,-0.38790419597742687,-0.7020214128968596,-1.1063412407248379,-0.3868535647494303,-0.6936928588140852,-0.0010506312279965901,-0.699410982539439,10.706634394497705,10.007223411958266,14.156532680251953,-3.381280565022238,14.087914959519942
2.855999999999907,-0.3893104422402093,-0.7042202235178067,-1.0924621464206654,-0.38824541921734007,-0.6959272339548865,-0.0010650230228692048,-0.7019227922302296,10.817986936506566,10.116064144276336,14.225663158292804,-3.338861271083576,14.156848207590143
2.857999999999907,-0.3907210583372011,-0.7063912327301475,-1.078539923581547,-0.3896416873566166,-0.6981340696382589,-0.0010793709805845264,-0.7044077994774267,10.929669350958843,10.225261551481417,14.294988601328434,-3.2963101905211944,14.225979541480037
2.8599999999999066,-0.39213598857969434,-0.7085343548261557,-1.0645751218330017,-0.39104231391301736,-0.7003132782003867,-0.0010936746666769803,-0.7068659483734874,11.041676826111024,10.334810877737537,14.364505868688415,-3.2536290032279935,14.295305829339018
2.8619999999999064,-0.3935551771086652,-0.7106495051990398,-1.050568292481495,-0.39244724345962473,-0.7024647733036762,-0.0011079336490404934,-0.7092971791026348,11.154004537122088,10.444707358019453,14.434211812108943,-3.2108193942300356,14.364823931352124
2.863999999999906,-0.39497856789698155,-0.7127366003462862,-1.0365199884926581,-0.39385642039946034,-0.7045884699177956,-0.0011221474975212087,-0.7117014283235634,11.266647646333592,10.554946218010029,14.504103275935162,-3.1678830536206344,14.434530699954227
2.865999999999906,-0.39640610475161175,-0.7147955578729513,-1.0224307644694823,-0.39526978896806425,-0.706684284301968,-0.0011363157835475035,-0.714078629533399,11.37960130354991,10.665522674016511,14.574177097323787,-3.1248216764942938,14.504422980044204
2.8679999999999057,-0.39783773131584527,-0.7168262964949178,-1.008301176630407,-0.3966872932360412,-0.7087521339884778,-0.0011504380798040836,-0.7164287134152003,11.492860646318793,10.776431932903591,14.644430106446038,-3.0816369628802622,14.574497609199055
2.8699999999999055,-0.3992733910715166,-0.718828736042102,-0.9941317827873665,-0.3981088771115759,-0.7107919377673548,-0.0011645139599407162,-0.7187516081675671,11.606420800211987,10.88766919204442,14.714859126691076,-3.0383306176758347,14.644751417887822
2.8719999999999053,-0.4007130273412368,-0.7208027974616189,-0.9799231423237678,-0.39953448434292027,-0.7128036156721975,-0.0011785429983165452,-0.7210472398174672,11.72027687910609,10.999229639288622,14.78546097486975,-2.9949043505794717,14.71518122968556
2.873999999999905,-0.4021565832906307,-0.7227484028209037,-0.9656758161724113,-0.4009640585208545,-0.7147870889670941,-0.0011925247697762154,-0.7233155325162088,11.834423985463683,11.111108452947475,14.856232461418653,-2.9513598760235853,14.785783861487268
2.875999999999905,-0.4036040019305819,-0.7246654753107892,-0.9513903667933302,-0.4023975430811237,-0.7167422801346023,-0.0012064588494581918,-0.7255564088193811,11.948857210614454,11.223300801795073,14.92717039060486,-2.9076989131070827,14.856556123721537
2.8779999999999046,-0.40505522611948047,-0.7265539392485354,-0.9370673581516095,-0.4038348813068532,-0.7186691128647466,-0.0012203448126272831,-0.7277697899500191,12.063571635036778,11.33580184508676,14.998271560730785,-2.8639231855278022,14.927494820564581
2.8799999999999044,-0.4065101985654804,-0.7284137200808197,-0.9227073556951051,-0.4052760163309432,-0.7205675120449897,-0.0012341822345371956,-0.7299555960469006,12.178562328639257,11.448606732592356,15.069532764339694,-2.8200344215145496,14.998596750153807
2.881999999999904,-0.40796886182876074,-0.7302447443866793,-0.908310926332126,-0.40672089113844545,-0.7224374037511391,-0.001247970690315292,-0.7321137463973049,12.293824351042655,11.56171060464535,15.14095078842156,-2.776034353759034,15.069858704801689
2.883999999999904,-0.4094311583237935,-0.7320469398804098,-0.8938786384090526,-0.40816944856892373,-0.7242787152391443,-0.0012617097548697775,-0.7342441596550264,12.409352751861915,11.67510859220689,15.212522414619308,-2.731924719347541,15.141277471209456
2.8859999999999038,-0.4108970303216166,-0.7338202354144184,-0.8794110616879044,-0.4096216313187992,-0.7260913749377454,-0.0012753990028174234,-0.7363467540440594,12.525142570988415,11.788795816944354,15.28424441943566,-2.687707259692412,15.212849830680826
2.8879999999999035,-0.41236641995211426,-0.7355645609820349,-0.8649087673238295,-0.41107738194368304,-0.7278753124419294,-0.0012890380084312203,-0.7384214475488027,12.641188838872514,11.902767391323712,15.356113574440297,-2.643383720463295,15.284572559335809
2.8899999999999033,-0.4138392692062995,-0.7372798477202722,-0.8503723278425818,-0.41253664286069736,-0.7296304585071546,-0.0013026263456021314,-0.7404681580901462,12.757486576806167,12.01701841871602,15.428126646477413,-2.598955851518285,15.356442428324453
2.891999999999903,-0.41531551993860566,-0.7389660279125467,-0.8358023171179015,-0.41399935635078594,-0.7313567450443024,-0.0013161635878197186,-0.7424868036895038,12.874030797205814,12.13154399351631,15.50028039787395,-2.554425406834761,15.428456204040575
2.893999999999903,-0.4167951138691816,-0.7406230349913517,-0.8211993103488642,-0.4154654645610166,-0.7330541051153165,-0.0013296493081650373,-0.7444773026201212,12.990816503895607,12.246339201275486,15.572571586647928,-2.5097941444401477,15.500610648335755
2.8959999999999027,-0.41827799258619236,-0.742250803540885,-0.8065638840371727,-0.41693490950687556,-0.7347224729294887,-0.001343083079316798,-0.7464395735465268,13.107838692390564,12.361399118844037,15.644996966717489,-2.465063826342393,15.572902518732956
2.8979999999999024,-0.41976409754812494,-0.7438492692996311,-0.7918966159644023,-0.41840763307455625,-0.736361783840355,-0.001356464473568686,-0.7483735356527244,13.225092350180223,12.476718814527498,15.71755328811019,-2.4202362184604,15.645328568640624
2.899999999999902,-0.42125337008610086,-0.7454183691628996,-0.7771980851691735,-0.4198835770232426,-0.7379719743431639,-0.0013697930628582822,-0.7502791087598149,13.342572457012361,12.592293348252547,15.790237297172734,-2.375313090554131,15.717885547566492
2.901999999999902,-0.42274575140619,-0.7469580411853143,-0.7624688719243187,-0.4213626829873883,-0.7395529820728781,-0.0013830684188016473,-0.7521562134324866,13.46027398517686,12.708117771744373,15.863045736781164,-2.330296216154727,15.790570201331587
2.9039999999999018,-0.4242411825917331,-0.74846822458326,-0.7477095577139559,-0.4228448924789937,-0.7411047458026766,-0.0013962901127393956,-0.7540047710765929,13.578191899789918,12.824187128713325,15.935975346551324,-2.285187372494352,15.86337927228427
2.9059999999999016,-0.4257396046056676,-0.749948859737282,-0.7329207252105386,-0.4243301468898795,-0.7426272054429198,-0.0014094577157880983,-0.7558247040268906,13.696321159078355,12.940496455051465,16.009022863049758,-2.2399883404359033,15.936309499514259
2.9079999999999013,-0.4272409582928582,-0.7513998881944397,-0.7181029582518511,-0.4258183874939606,-0.7441203020405465,-0.001422570798897571,-0.7576159356261303,13.814656714664121,13.05704077903799,16.082185020004946,-2.1947009044025974,16.00935761906672
2.909999999999901,-0.4287451843824314,-0.7528212526706138,-0.7032568418179654,-0.4273095554495184,-0.7455839777788674,-0.0014356289329130467,-0.7593783902955087,13.933193511848982,13.173815121553474,16.155458548518858,-2.1493268523074196,16.0825203641564
2.911999999999901,-0.43025222349011794,-0.7542128970527694,-0.688382962008129,-0.4288035918014738,-0.7470181759777264,-0.0014486316886441197,-0.7611119935979516,14.051926489899486,13.290814496301534,16.22884017727884,-2.1038679754823457,16.15579446538183
2.9139999999999007,-0.43176201612059373,-0.7555747664011685,-0.6734819060176531,-0.4303004374836618,-0.7484228410939957,-0.001461578636931915,-0.7628166722928253,14.170850582331855,13.40803391003903,16.302326632769706,-2.0583260686075984,16.229176650939454
2.9159999999999004,-0.4332745026698309,-0.7569068069515414,-0.6585542621147132,-0.43180003332110656,-0.7497979187223801,-0.001474469348724361,-0.764492354384736,14.289960717197264,13.525468362812529,16.3759146394863,-2.0127029296405996,16.302663646837864
2.9179999999999002,-0.4347896234274503,-0.758208966117208,-0.6436006196171307,-0.43330232003229957,-0.7511433555964977,-0.0014873033951507408,-0.7661389691653087,14.409251817367165,13.643112848201856,16.44960092014602,-1.9670003597448953,16.37625217711206
2.9199999999999,-0.4363073185790788,-0.7594811924911539,-0.6286215688691063,-0.43480723823148,-0.7524590995902138,-0.0015000803475987978,-0.7677564472489662,14.528718800818716,13.760962353569749,16.52338219590183,-1.921220163218908,16.449938964037624
2.9219999999999,-0.43782752820871,-0.7607234358480601,-0.6136177012179198,-0.4363147284309184,-0.7537450997192001,-0.001512799777791618,-0.7693447206029314,14.648356580920375,13.879011860317444,16.597255186555316,-1.8753641474246159,16.52372072834499
2.9239999999998996,-0.43935019230107164,-0.7619356471462864,-0.5985896089905668,-0.4378247310432038,-0.7550013061426957,-0.001525461257867844,-0.7709037225723736,14.768160066717583,13.997256344145208,16.671216610769974,-1.8294341227160253,16.597594189433607
2.9259999999998993,-0.4408752507439921,-0.7631177785298062,-0.5835378854704004,-0.4393371863835347,-0.7562276701654452,-0.0015380643604573918,-0.772433387899869,14.888124163218531,14.115690775318662,16.74526318628461,-1.7834319023676704,16.671556065586202
2.927999999999899,-0.4424026433307754,-0.7642697833300967,-0.5684631248736925,-0.4408520346720143,-0.7574241442397951,-0.00155060865876111,-0.7739336527411678,15.008243771679965,14.234310118938797,16.819391630126884,-1.73735930250287,16.745603074182835
2.929999999999899,-0.4439323097625775,-0.7653916160679806,-0.5533659223261794,-0.44236921603595014,-0.7585906819679221,-0.0015630937266273848,-0.7754044546763583,15.128513789893091,14.353109335216732,16.893598658826974,-1.6912181420219357,16.819731931915026
2.9319999999998987,-0.445464189650787,-0.7664832324554227,-0.5382468738395673,-0.4438886705121585,-0.759727238104179,-0.0015755191386284673,-0.7768457327173817,15.248929112469508,14.472083379752126,16.967880988631233,-1.6450102425302766,16.893939354999784
2.9339999999998985,-0.44699822251940835,-0.7675445893972765,-0.5231065762880063,-0.4454103380492736,-0.7608337685575339,-0.0015878844701347483,-0.7782574273119169,15.369484631127108,14.59122720381519,17.042235335715915,-1.5987374282664035,16.96822205939351
2.9359999999998982,-0.4485343478074515,-0.7685756449929881,-0.5079456273845111,-0.4469341585100618,-0.7619102303940913,-0.001600189297389698,-0.7796394803446627,15.490175234976045,14.710535754631382,17.116658416400952,-1.5524015260297677,17.04257676100581
2.937999999999898,-0.45007250487131983,-0.7695763585382477,-0.4927646256573891,-0.44846007167374113,-0.7629565818396717,-0.0016124331975786999,-0.7809918351347345,15.610995810804592,14.830003975669857,17.191146947363613,-1.5060043651086559,17.117000175913248
2.939999999999898,-0.45161263298720633,-0.7705466905265981,-0.47756417042659427,-0.449988017238306,-0.7639727822824393,-0.0016246157489003266,-0.782314436431566,15.731941243365021,14.949626806933455,17.265697645852125,-1.459547777207831,17.191489020572853
2.9419999999998976,-0.4531546713534901,-0.7714866026509937,-0.4623448617800719,-0.4515179348228571,-0.7649587922755605,-0.001636736530632954,-0.7836072304079034,15.853006415659308,15.069399185251406,17.34030722989928,-1.4130335963761735,17.266040012035482
2.9439999999998974,-0.4546985590931363,-0.772396057805313,-0.4471073005500719,-0.4530497639699369,-0.7659145735398813,-0.0016487951231993758,-0.7848701646508793,15.974186209224873,15.189316044573994,17.414972418535864,-1.3664636589342307,17.340649868159105
2.945999999999897,-0.4562442352561014,-0.7732750200858244,-0.43185208828941224,-0.4545834441478701,-0.766840088966609,-0.0016607911082313076,-0.7861031881517633,16.095475504420165,15.309372316268401,17.489689932003817,-1.3198398034016072,17.41531530782177
2.947999999999897,-0.45779163882173673,-0.7741234547926016,-0.4165798272477561,-0.45611891475311006,-0.767735302619987,-0.0016727240686266742,-0.7873062512931761,16.216869180709878,15.429562929416702,17.56445649196948,-1.2731638704244126,17.49003305113429
2.9499999999998967,-0.45934070870119914,-0.7749413284308952,-0.4012911203478192,-0.45765611511258997,-0.7686001797399552,-0.0016845935886091734,-0.7884793058359807,16.33836211695036,15.54988281111438,17.639268821736305,-1.2264377027025113,17.564799819652873
2.9519999999998965,-0.46089138373986216,-0.7757286087124546,-0.3859865711615714,-0.45919498448607954,-0.7694346867447798,-0.0016963992537826211,-0.7896223049044271,16.459949191674532,15.670326886770106,17.71412364645753,-1.1796631449167325,17.639612336591263
2.9539999999998963,-0.4624436027197304,-0.7764852645568022,-0.370666783886409,-0.4607354620685468,-0.7702387912336494,-0.0017081406511835762,-0.7907352029706205,16.581625283376635,15.790890080406015,17.789017693348402,-1.1328420436560254,17.71446732703266
2.955999999999896,-0.46399730436185604,-0.7772112660924605,-0.3553323633213063,-0.46227748699252524,-0.7710124619892249,-0.0017198173693308005,-0.7918179558380678,16.70338527079676,15.91156731495869,17.8639476918983,-1.085976247344538,17.789361518141295
2.957999999999896,-0.4655524273287594,-0.7779065846581327,-0.3399839148429218,-0.4638209983304855,-0.7717556689801381,-0.0017314289982738873,-0.7928705206249864,16.825224033205178,16.03235351258019,17.93891037408217,-1.0390676061685762,17.864291639373754
2.9599999999998956,-0.4671089102268481,-0.7785711928038318,-0.32462204438172504,-0.46536593509721236,-0.7724683833634309,-0.0017429751296357265,-0.7938928557463876,16.947136450686017,16.153243594939628,18.013902474571868,-0.9921179720036135,17.93925442268963
2.9619999999998954,-0.4686666916088425,-0.7792050642919666,-0.309247358398058,-0.4669122362521862,-0.773150577486929,-0.0017544553566563037,-0.7948849208967412,17.06911740442093,16.274232483524187,18.08892073094685,-0.9451291983411227,18.014246602762054
2.963999999999895,-0.470225709976201,-0.7798081740983758,-0.29386046385819775,-0.4684598407019693,-0.7738022248915455,-0.001765869274231724,-0.7958466770318973,17.19116177697219,16.395315099940294,18.16396188390458,-0.8981031402154042,18.089264917187595
2.965999999999895,-0.47178590378154783,-0.7803804984133171,-0.27846196821039404,-0.4700086873025963,-0.7744233003135084,-0.0017772164789515155,-0.7967780863511442,17.313264452565456,16.516486366214313,18.239022677470256,-0.8510416541303497,18.164306106695804
2.9679999999998947,-0.4733472114311027,-0.7809220146424064,-0.26305247936089304,-0.4715587148619693,-0.775013779686508,-0.0017884965691333798,-0.797679112279237,17.43542031737196,16.637741205092723,18.314099859206127,-0.8039465979861584,18.23936691535812
2.9699999999998945,-0.4749095712871138,-0.7814327014075104,-0.24763260564992054,-0.47310986214225687,-0.7755736401437615,-0.0017997091448569424,-0.7985497194489466,17.55762425979038,16.759074540341434,18.389190180420137,-0.7568198310059485,18.31444409079633
2.9719999999998943,-0.47647292167028876,-0.7819125385475899,-0.23220295582769185,-0.47466206786229687,-0.7761028600199895,-0.0018108538079918968,-0.7993898736829474,17.679871170727942,16.880481297044994,18.464290396374096,-0.7096632136624305,18.389534384390373
2.973999999999894,-0.47803720086223145,-0.7823615071194964,-0.21676413903036226,-0.47621527070000347,-0.7766014188533038,-0.0018219301622279804,-0.8001995419770536,17.80215594388131,17.001956401904256,18.539397266491022,-0.6624786076044277,18.464634551485737
2.975999999999894,-0.4796023471078777,-0.7827795893987192,-0.20131676475598342,-0.47776940929477746,-0.7770692973870028,-0.0018329378131002327,-0.8009786924831519,17.9244734760165,17.12349478353335,18.614507554561968,-0.6152678755833989,18.5397413515999
2.9779999999998936,-0.48116829861793375,-0.7831667688800857,-0.1858614428404415,-0.47932442224992,-0.7775064775712734,-0.0018438763680137527,-0.8017272944929177,18.0468186672485,17.24509137275558,18.689618028951994,-0.5680328813799188,18.614851548628415
2.9799999999998934,-0.4827349935713149,-0.7835230302784133,-0.17039878343338638,-0.4808802481350496,-0.7779129425647977,-0.0018547454362652926,-0.8024453184217739,18.169186421319946,17.36674110289817,18.764725462805504,-0.5207754897301228,18.68996191105007
2.981999999999893,-0.48430237011758787,-0.7838483595291118,-0.15492939697412642,-0.4824368254885221,-0.7782886767362632,-0.0018655446290657407,-0.8031327357939366,18.29157164587942,17.48843891008548,18.839826634250745,-0.47349756625206385,18.765069212131483
2.983999999999893,-0.48587036637940995,-0.7841427437887395,-0.13945389416755552,-0.48399409281985367,-0.7786336656657759,-0.001876273559556274,-0.8037895192270894,18.413969252758637,17.61017973353155,18.914918326603388,-0.426200977372159,18.840170230130795
2.9859999999998927,-0.4874389204549736,-0.7844061714355098,-0.1239728859600262,-0.48555198861214605,-0.7789478961461765,-0.001886931842827566,-0.8044156424186677,18.536374158249135,17.731958515830467,18.989997328569476,-0.3788875902514708,18.915261748500605
2.9879999999998925,-0.48900797042044963,-0.7846386320697505,-0.10848698351523477,-0.4871104513245146,-0.7792313561842591,-0.0018975190959350519,-0.8050110801321964,18.65878128337812,17.853770203245922,19.065060434447215,-0.33155927271204033,18.99034055609016
2.9899999999998923,-0.4905774543324321,-0.7848401165143135,-0.09299679819009363,-0.48866941939451836,-0.7794840350018911,-0.0019080349379137496,-0.8055758081845932,18.78118555418337,17.975609745998778,19.140104444328024,-0.2842178931631691,19.06540344734654
2.991999999999892,-0.4921473102303831,-0.785010616814938,-0.07750294151060033,-0.4902288312405924,-0.7797059230370377,-0.001918478989790695,-0.8061098034338876,18.903581901987273,18.097472098553386,19.215126164296596,-0.2368653205276973,19.14044722251497
2.993999999999892,-0.4937174761390807,-0.7851501262405641,-0.06200602514767812,-0.4917886252644818,-0.7798970119446899,-0.0019288508745988753,-0.8066130437681829,19.02596526367016,18.219352219901975,19.29012240662979,-0.1895034241681997,19.21546868783836
2.9959999999998916,-0.4952878900710629,-0.7852586392835987,-0.04650666089305439,-0.4933487398536772,-0.7800572945976949,-0.0019391502173856656,-0.8070855080943939,19.14833058194226,18.341245073847865,19.36508998999477,-0.14213407381329013,19.290464655755553
2.9979999999998914,-0.49685849002907667,-0.7853361516601326,-0.03100546063509077,-0.4949091133838522,-0.780186765087494,-0.0019493766452244876,-0.807527176328644,19.270672805615124,18.46314562928648,19.44002573964584,-0.0947591394837873,19.365431945098912
2.999999999999891,-0.498429214008525,-0.7853826603101097,-0.015503036334631124,-0.4964696842213017,-0.7802854187247656,-0.001959529787223302,-0.8079380293868832,19.39298688987174,18.585048860484857,19.514926487620254,-0.04738049141893022,19.44036738129067
3.001999999999891,-0.4999999999999146,-0.7853981633974483,-8.424395939002933e-13,-0.4980303907253817,-0.780353252039977,-0.0019696092745329352,-0.8083180491762332,19.51526779653562,18.70694974735939,19.589789072933012,-2.5746692238351984e-12,19.515267796538197
3.0039999999998908,-0.5015707859913039,-0.7853826603101131,0.015503036332941898,-0.4995911712509494,-0.7803902627838427,-0.0019796147403545183,-0.8086672185871624,19.637510494338926,18.828843275751765,19.66461034177023,0.047380464310602825,19.590130030028323
3.0059999999998905,-0.5031415099707521,-0.7853361516601393,0.03100546063340164,-0.5011519641508048,-0.7803964499276972,-0.0019895458199473692,-0.8089855214864827,19.759709959189305,18.95072443770282,19.739387147681562,0.09475903106897093,19.664950928120334
3.0079999999998903,-0.5047121099287659,-0.7852586392836088,0.04650666089136543,-0.5027127077781323,-0.7803718136637752,-0.0019994021506336557,-0.8092729427104639,19.881861174435574,19.07258823172511,19.814116351771247,0.14213382989767512,19.7397273445379
3.00999999999989,-0.5062825238607482,-0.7851501262405777,0.06200602514598939,-0.5042733404889431,-0.7803163554054093,-0.002009183371805112,-0.8095294680592446,20.003959131132316,19.19442966307307,19.888794822887938,0.18950299057250097,19.814456140559816
3.01199999999989,-0.5078526897694459,-0.7850106168149549,0.0775029415089119,-0.5058338006445174,-0.7802300777871407,-0.0020188891249284246,-0.8097550842914591,20.12599882830308,19.31624374401162,19.963419437813183,0.2368646430936637,19.889134185209414
3.0139999999998897,-0.5094225456673973,-0.7848401165143337,0.09299679818840993,-0.5073940266138469,-0.7801129846647474,-0.0020285190535503927,-0.809949779119834,20.247975273202396,19.438025494082563,20.03798708144867,0.28421691775960256,19.963758355442792
3.0159999999998894,-0.5109920295793794,-0.7846386320697741,0.10848698351354713,-0.5089539567760774,-0.7799650811151918,-0.002038072803302038,-0.8101135412070293,20.36988348157644,19.55976994036941,20.112494647002006,0.3315579452407531,20.038325536335687
3.017999999999889,-0.5125610795448555,-0.7844061714355369,0.12397288595833908,-0.5105135295229504,-0.7797863734364877,-0.0020475500219051535,-0.8102463601625365,20.4917184779224,19.681472117759863,20.18693903617116,0.37888585665336705,20.112832621269035
3.019999999999889,-0.5141296336204192,-0.7841427437887699,0.13945389416586895,-0.5120726832612453,-0.7795768691474908,-0.002056950359173859,-0.810348226539408,20.613475295746333,19.803127069206926,20.261317159327447,0.4261987836331872,20.187276512113147
3.0219999999998888,-0.5156976298822413,-0.7838483595291456,0.15492939697244051,-0.5136313564152205,-0.7793365769876122,-0.0020662734670208183,-0.810419131832294,20.735148977819698,19.924729845987404,20.33562593569716,0.4734948584092285,20.26165411941047
3.0239999999998886,-0.5172650064285144,-0.7835230302784504,0.17039878343170117,-0.5151894874290535,-0.7790655069164579,-0.0020755189994609013,-0.8104590684755353,20.85673457643451,20.046275507958974,20.4098622935415,0.5207722138774811,20.335962362557026
3.0259999999998883,-0.518831701381896,-0.7831667688801262,0.1858614428387614,-0.5167470147692802,-0.778763670113397,-0.002084686612615849,-0.810468029841882,20.978227153656746,20.167759123814864,20.48402317033524,0.5680289836745857,20.41019816998216
3.027999999999888,-0.5203976528919517,-0.782779589398763,0.20131676475429977,-0.5183038769272343,-0.7784310789770565,-0.0020937759647173815,-0.8104460102416255,21.099621781578556,20.28917577133693,20.558105512943687,0.6152633022514817,20.484358479327074
3.029999999999888,-0.5219627991375981,-0.7823615071195436,0.21676413902867953,-0.5198600124214838,-0.7780677471247509,-0.002102786716114302,-0.8103930049224983,21.22091354256868,20.410520537646182,20.63210627779815,0.6624733049470799,20.5584402376216
3.0319999999998877,-0.5235270783295408,-0.7819125385476405,0.23220295582601008,-0.5214153598002675,-0.7776736893918407,-0.0021117185292732765,-0.8103090100691901,21.342097529521382,20.531788519452192,20.706022431069666,0.7096571280617765,20.632440401459604
3.0339999999998875,-0.5250904287127159,-0.7814327014075644,0.2476326056482398,-0.5229698576439296,-0.777248921831027,-0.002120571068786381,-0.8101940228041538,21.46316884610364,20.652974823299484,20.77985094884132,0.7568129089310515,20.706355937172585
3.0359999999998872,-0.5266527885687271,-0.7809220146424637,0.26305247935921344,-0.5245234445673527,-0.7767934617115821,-0.0021293440013744336,-0.8100480411882427,21.58412260700089,20.774074565812647,20.853588817278716,0.8039387859989724,20.780183821001916
3.037999999999887,-0.5282140962182825,-0.7803804984133776,0.27846196820871993,-0.5260760592223898,-0.776307327518517,-0.002138036995892767,-0.8098710642218809,21.704953938160937,20.895082873939057,20.927233032798895,0.8510328988916609,20.853921039269277
3.039999999999887,-0.5297742900236291,-0.7798081740984398,0.2938604638565205,-0.5276276403002931,-0.7757905389516869,-0.0021466497233360027,-0.8096630918463199,21.825657977036194,21.015994885189873,21.000780602237352,0.8980933884907062,20.927564588545486
3.0419999999998866,-0.5313333083909877,-0.779205064292034,0.30924735839638207,-0.5291781265341428,-0.7752431169248385,-0.0021551818568449344,-0.8094241249458634,21.9462298728241,21.13680574787824,21.074228543013596,0.9451183970065835,21.001111475817517
3.0439999999998864,-0.5328910897729822,-0.7785711928039026,0.3246220443800505,-0.530727456701272,-0.7746650835645975,-0.0021636330717101915,-0.8091541653491641,22.06666478670587,21.257510621356708,21.14757388329468,0.9921060680519055,21.074558718653964
3.045999999999886,-0.5344475726710711,-0.7779065846582067,0.3399839148412487,-0.5322755696256908,-0.7740564622094003,-0.002172003045380344,-0.808853215832015,22.186957892083406,21.37810467625139,21.220813662157063,1.0390545467147383,21.14790334536867
3.047999999999886,-0.5360026956379746,-0.777211266092538,0.35533236331963464,-0.5338224041805075,-0.7734172774083683,-0.0021802914574671206,-0.8085212801195274,22.3071043748143,21.498583094694773,21.293944929746665,1.0859619796317987,21.221142395182504
3.0499999999998857,-0.5375563972801009,-0.7764852645568827,0.3706667838847433,-0.5353678992903478,-0.7727475549201295,-0.0021884979897530688,-0.8081583628889533,22.427099433445044,21.61894107055609,21.366964747437077,1.1328265150616044,21.294272918383438
3.0519999999998855,-0.5391086162599688,-0.7757286087125388,0.3859865711599029,-0.536911993933771,-0.772047321711584,-0.0021966223261977724,-0.8077644697723807,22.54693827944236,21.739173809669982,21.439870187985818,1.1796463029575475,21.367291976484815
3.0539999999998853,-0.540659291298632,-0.7749413284309827,0.40129112034615244,-0.5384546271456843,-0.77131660595662,-0.002204664152947733,-0.807339607360178,22.666616137422547,21.85927653006237,21.512658335688805,1.2264194950409695,21.44019664238158
3.055999999999885,-0.5422083611780946,-0.7741234547926924,0.4165798272460911,-0.5399957380197539,-0.7705554370347758,-0.0022126231583406986,-0.8068837832035092,22.786128245378848,21.979244462175338,21.585326286532908,1.2731442448740216,21.512984000504826
3.057999999999885,-0.5437557647437301,-0.7732750200859184,0.4318520882877491,-0.5415352657108136,-0.7697638455298534,-0.0022204990329165453,-0.8063970058181003,22.90546985490697,22.09907284908887,21.657871148346437,1.3198187079326185,21.58565114697435
3.0599999999998846,-0.5453014409066954,-0.7723960578054104,0.44710730054841064,-0.5430731494372705,-0.7689418632284806,-0.0022282914694249367,-0.8058792846875096,23.024636231428445,22.218756946740935,21.730290040947892,1.3664410416792012,21.658195189749243
3.0619999999998844,-0.5468453286463418,-0.7714866026510945,0.4623448617784125,-0.5446093284835077,-0.7680895231186256,-0.0022360001628340953,-0.8053306302665497,23.143622654412095,22.338292024145545,21.802580096292495,1.4130094056354752,21.73061324877662
3.063999999999884,-0.5483873670126257,-0.7705466905267021,0.477564170424937,-0.5461437422022839,-0.7672068593880635,-0.0022436248103417933,-0.8047510539851221,23.262424417593373,22.45767336360825,21.87473845861696,1.4595219614550887,21.802902456138284
3.065999999999884,-0.5499274951285125,-0.7695763585383552,0.49276462565573387,-0.5476763300171295,-0.7662939074227956,-0.0022511651113830133,-0.8041405682515457,23.381036829191615,22.576896260940067,21.94676228458195,1.5059768729961311,21.875059956195482
3.0679999999998837,-0.5514656521923811,-0.7685756449930988,0.507945627382858,-0.5492070314247403,-0.7653507038054214,-0.0022586207676408288,-0.8034991864563912,23.499455212125127,22.695956025668735,22.018648743412854,1.5523723063936472,21.94708290573148
3.0699999999998835,-0.5530017774804243,-0.7675445893973906,0.5231065762863554,-0.5507357859973672,-0.7643772863134658,-0.0022659914830571726,-0.8028269229762008,23.617674904224412,22.81484798124821,22.09039501703816,1.5987064301320237,22.01896847409239
3.0719999999998833,-0.5545358103490464,-0.7664832324555396,0.5382468738379229,-0.5522625333852025,-0.7633736939176599,-0.00227327696384394,-0.8021237931773273,23.735691258442838,22.93356746526551,22.16199830022589,1.6449774151172696,22.090713843325567
3.073999999999883,-0.5560676902372557,-0.7653916160681011,0.5533659223245333,-0.5537872133187628,-0.7623399667801778,-0.0022804769184928686,-0.8013898134194619,23.85349964306542,23.052109829645957,22.23345580071801,1.6911834347492083,22.16231620831621
3.075999999999883,-0.5575973566690581,-0.7642697833302206,0.5684631248720488,-0.5553097656112684,-0.7612761462528287,-0.0022875910577896397,-0.8006250010599114,23.971095441915363,23.170470440855453,22.304764739362653,1.7373226649936242,22.23377277692174
3.0779999999998826,-0.5591247492558415,-0.7631177785299333,0.5835378854687591,-0.5568301301610189,-0.7601822748752055,-0.0022946190948226475,-0.7998293744567153,24.08847405455835,23.288644680101633,22.37592235024405,1.7833932844542024,22.305080770104148
3.0799999999998824,-0.5606498076987624,-0.7619356471464168,0.598589608988928,-0.5583482469537645,-0.7590583963727892,-0.002301560744997877,-0.7990029529729226,24.205630896504456,23.406627943531532,22.44692588081068,1.8293934744444453,22.37623742206001
3.081999999999882,-0.5621724717911242,-0.7607234358481938,0.6136177012162836,-0.5598640560650745,-0.7579045556550106,-0.002308415726049673,-0.7981457569800265,24.322561399408148,23.52441564242812,22.51777259200075,1.8753214190594822,22.447239980348666
3.083999999999882,-0.5636926814207561,-0.7594811924912905,0.628621568867477,-0.5613774976627011,-0.75672079881327,-0.0023151837580550616,-0.7972578078619241,24.439261011265522,23.642003203403597,22.58845975836601,1.9211753052477212,22.5180857060178
3.0859999999998817,-0.5652103765723844,-0.7582089661173482,0.6436006196154997,-0.5628885120089389,-0.7555071731189128,-0.0023218645634455193,-0.7963391280182264,24.555725196609718,23.759386068591493,22.65898466819295,1.966953322882419,22.5887718737273
3.0879999999998815,-0.5667254973300042,-0.756906806951685,0.6585542621130852,-0.5643970394629811,-0.7542637270211641,-0.0023284578670230704,-0.7953897408685151,24.67194943670375,23.876559695835233,22.729344623621984,2.0126536648331843,22.659295771870564
3.0899999999998813,-0.5682379838792416,-0.7555747664013153,0.673481906016028,-0.5659030204832712,-0.7529905101450208,-0.002334963395970391,-0.7944096708551207,24.787929229730967,23.993519558875846,22.79953694076434,2.05827452703723,22.729654702693736
3.091999999999881,-0.5697477765097178,-0.7542128970529194,0.6883829620065068,-0.5674063956298494,-0.7516875732891025,-0.002341380879868349,-0.7933989434472744,24.903660090983255,24.11026114753598,22.869558949816806,2.103814108570628,22.799845982412627
3.093999999999881,-0.5712548156174045,-0.752821252670767,0.7032568418163462,-0.5689071055666963,-0.7503549684234597,-0.0023477100507082183,-0.7923575851443188,25.019137553047006,24.226779967902687,22.93940799517397,2.14927061171942,22.869866941327587
3.0959999999998806,-0.5727590417069786,-0.7513998881945958,0.7181029582502392,-0.570405091064071,-0.748992748687342,-0.002353950642907554,-0.7912856234791676,25.134357165986312,24.343071542507143,23.00908143553847,2.1946422420505356,22.939714923935778
3.0979999999998804,-0.574260395394169,-0.7499488597374417,0.7329207252089255,-0.5719002930008449,-0.7476009683869232,-0.0023601023933240706,-0.7901830870215854,25.249314497524157,24.45913141050257,23.07857664402883,2.2399272084826545,23.009387289041502
3.09999999999988,-0.5757588174081038,-0.7484682245834229,0.7477095577123462,-0.5733926523668309,-0.7461796829929872,-0.0023661650412728497,-0.7890500053817662,25.36400513322097,24.574955127839203,23.147891008284855,2.285123723356931,23.07888140986404
3.10199999999988,-0.5772542485936473,-0.7469580411854805,0.762468871922712,-0.574882110265108,-0.7447289491385707,-0.0023721383285392195,-0.7878864092131388,25.47842467665071,24.69053826743757,23.21702193057104,2.330230002507494,23.148194674143216
3.1039999999998797,-0.5787466299137367,-0.745418369163069,0.7771980851675703,-0.5763686079143412,-0.7432488246165667,-0.0023780219993955187,-0.7866923302156992,25.592568749574692,24.80587641935899,23.285966827877363,2.375244265331932,23.21732448424276
3.1059999999998795,-0.580235902451713,-0.7438492692998037,0.7918966159628024,-0.5778520866510958,-0.741739368377286,-0.002383815800617195,-0.7854678011390948,25.706432992112774,24.92096519097368,23.35472313201791,2.4201647348615634,23.28626825725121
3.1079999999998793,-0.5817220074136463,-0.7422508035410604,0.8065638840355805,-0.5793324879321478,-0.740200640525978,-0.00238951948149857,-0.7842128557855976,25.820013062912157,25.03580020712656,23.423288289727104,2.464989637831581,23.355023425080574
3.109999999999879,-0.583204886130657,-0.7406230349915307,0.8211993103472712,-0.5808097533367884,-0.7386327023203102,-0.002395132793868604,-0.7829275290129067,25.933304639313686,25.15037711030078,23.491659762753592,2.5097172047510514,23.423587434562634
3.111999999999879,-0.5846844800612333,-0.7389660279127289,0.8358023171163121,-0.582283824569124,-0.737035616167808,-0.002400655492109327,-0.781611856737352,26.046303417515638,25.264691560778285,23.559835027951756,2.554345669972796,23.49195774754284
3.1139999999998786,-0.5861607307935398,-0.7372798477204575,0.850372327840996,-0.5837546434603704,-0.7354094456232524,-0.002406087333169382,-0.7802658759361569,26.15900511273493,25.378739236798776,23.62781157737096,2.5988732717630256,23.560131840971906
3.1159999999998784,-0.5876335800477255,-0.7355645609822234,0.8649087673222475,-0.5852221519711425,-0.7337542553860373,-0.002411428076583011,-0.7788896246504318,26.271405459366036,25.492515834715604,23.695586918342187,2.643298252370948,23.62810720699509
3.117999999999878,-0.5891029696782235,-0.7338202354146102,0.8794110616863261,-0.5866862921937375,-0.7320701112974867,-0.0024166774844860406,-0.7774831419876649,26.38350021113697,25.606017069149303,23.763158573562684,2.6876188580981046,23.695881353038864
3.119999999999878,-0.5905688416760474,-0.7320469398806041,0.8938786384074823,-0.5881470063544137,-0.7303570803381295,-0.0024218353216336475,-0.776046468124334,26.495285141263267,25.719238673138932,23.83052408117779,2.7318333393676477,23.76345180189562
3.1219999999998778,-0.5920311381710801,-0.7302447443868773,0.9083109263305553,-0.5896042368156637,-0.7286152306249356,-0.0024269013554164554,-0.7745796443082265,26.606756042598892,25.832176398290667,23.897680994860707,2.775939950793357,23.830816091805534
3.1239999999998775,-0.5934898014343609,-0.7284137200810209,0.9227073556935383,-0.5910579260784806,-0.7268446314085091,-0.0024318753558802975,-0.7730827128611595,26.717908727784984,25.944826014923823,23.964626883889657,2.8199369512486094,23.897971776536373
3.1259999999998773,-0.5949447738803612,-0.7265539392487397,0.9370673581500466,-0.5925080167846211,-0.7250453530702419,-0.002436757095740094,-0.7715557171807186,26.828739029395678,26.05718331221496,24.03135933322283,2.8638226039350148,23.96491642546066
3.127999999999877,-0.5963959980692601,-0.7246654753109966,0.9513903667917717,-0.59395445171886,-0.7232174671194266,-0.00244154635040017,-0.7699987017429089,26.93924280008177,26.16924409833886,24.097875943570735,2.907595176451053,24.031647623630718
3.129999999999877,-0.5978434167092118,-0.7227484028211142,0.9656758161708568,-0.5953971738112406,-0.7213610461903274,-0.0024462428979712403,-0.7684117121041223,27.049415912711428,26.281004200607306,24.164174331466374,2.951252940860425,24.098162971851004
3.1319999999998767,-0.5992869726586065,-0.720802797461832,0.9799231423222216,-0.596836126139319,-0.7194761640392118,-0.0024508465192875084,-0.7667947949032827,27.159254260508636,26.392459465605352,24.23025212933274,2.9947941737602872,24.16446008674835
3.1339999999998764,-0.6007266089283267,-0.7188287360423185,0.9941317827858204,-0.5982712519304016,-0.7175628955413401,-0.0024553569979250955,-0.7651479978636777,27.26875375718871,26.50360575932503,24.29610698554811,3.0382171563492593,24.23053660083945
3.135999999999876,-0.6021622686839985,-0.7168262964951376,1.0083011766288652,-0.5997024945637774,-0.7156213166879146,-0.0024597741202210255,-0.7634713697953144,27.377910337091514,26.6144389672962,24.36173656450889,3.081520174495309,24.296390162596204
3.137999999999876,-0.6035938952482325,-0.7147955578731742,1.022430764467945,-0.6011297975729434,-0.7136515045829881,-0.002464097675289101,-0.7617649605961985,27.486719955312022,26.724954994715823,24.427138546689974,3.1247015188033833,24.362018436508638
3.139999999999876,-0.6050214321028632,-0.7127366003465121,1.0365199884911254,-0.6025531046478241,-0.7116535374403317,-0.00246832745503911,-0.7600288212544415,27.595178587828094,26.835149766573654,24.492310628702768,3.1677594846829016,24.427419103145194
3.1419999999998756,-0.60644482289118,-0.7106495051992688,1.0505682924799666,-0.6039723596369846,-0.709627494580261,-0.0024724632541953673,-0.7582630038499194,27.703282231625906,26.945019227775987,24.55725052335078,3.210692372415048,24.49258985921086
3.1439999999998753,-0.6078640114201517,-0.7085343548263872,1.0645751218314816,-0.6053875065498374,-0.7075734564264226,-0.0024765048703142556,-0.7564675615559402,27.81102690482265,27.05455934326671,24.62195595968276,3.2534984872198827,24.557528417602768
3.145999999999875,-0.609278941662645,-0.7063912327303826,1.0785399235800277,-0.6067984895588425,-0.705491504502539,-0.002480452103802433,-0.7546425486407093,27.918408646786506,27.163766098145796,24.68642468304354,3.296176139323201,24.622232507463305
3.147999999999875,-0.6106895577596373,-0.7042202235180448,1.0924621464191508,-0.6082052530017007,-0.7033817214291131,-0.002484304757936595,-0.7527880204690707,28.025423518254385,27.272635497785316,24.75065445512235,3.3387236440233163,24.686699874231067
3.1499999999998747,-0.6120958040224201,-0.7020214128971007,1.106341240723328,-0.6096077413835409,-0.7012441909200924,-0.0024880626388792404,-0.750904033503641,28.1320676014466,27.38116356794296,24.81464305399881,3.3811393217574817,24.75092827968912
3.1519999999998745,-0.613497624934799,-0.6997948876728286,1.120176658569681,-0.6110058993790999,-0.6990789977794912,-0.002491725555699098,-0.74899064530634,28.238337000179293,27.489346354872954,24.878388274186477,3.423421498168245,24.814915502011047
3.1539999999998742,-0.6148949651552844,-0.6975407357446319,1.1339678537596036,-0.6123996718348959,-0.6968862278979739,-0.0024952933203885586,-0.7470479145397202,28.344227839974046,27.597179925434325,24.941887926674077,3.4655685041695174,24.878659335804528
3.155999999999874,-0.6162877695192772,-0.6952590461025693,1.1477142818403236,-0.6137890037713947,-0.6946659682493965,-0.0024987657478825476,-0.7450759009681795,28.449736268165047,27.70466036719687,25.005139838964226,3.5075786760124945,24.94215759215255
3.157999999999874,-0.6176759830412456,-0.6929499088238411,1.1614154001263943,-0.6151738403851693,-0.6924183068873077,-0.0025021426560762894,-0.7430746654590781,28.554858454003497,27.811783788544417,25.068141855109868,3.549450355351293,25.005408098652204
3.1599999999998736,-0.6190595509168975,-0.6906134150692324,1.1750706677211338,-0.6165541270510522,-0.69014333294141,-0.002505423865845291,-0.7410442699841235,28.659590588759578,27.918546318775455,25.13089183574831,3.5911818893084804,25.068408699451098
3.1619999999998734,-0.6204384185253418,-0.6882496570795162,1.1886795455379546,-0.6179298093242801,-0.6878411366139805,-0.0025086092010616623,-0.7389847776200442,28.76392888582167,28.024944108201627,25.193387658132934,3.6327716305402347,25.131157255281437
3.163999999999873,-0.6218125314312462,-0.6858587281718108,1.2022414963216632,-0.6193008329426326,-0.6855118091762502,-0.002511698488613545,-0.7368962525498168,28.867869580793194,28.13097332824338,25.255627216162395,3.6742179373014596,25.193651643491734
3.165999999999873,-0.6231818353869862,-0.6834407227358954,1.2157559846696642,-0.6206671438285621,-0.6831554429647447,-0.002514691558424098,-0.7347787600636302,28.971408931586588,28.236630171522958,25.317608420407627,3.7155191735105504,25.255889758076037
3.1679999999998727,-0.6245462763347862,-0.6809957362304843,1.229222477053098,-0.6220286880913173,-0.680772131377583,-0.0025175882434689267,-0.7326323665596046,29.07454321851495,28.341910851955348,25.379329198136457,3.7566737088139774,25.317869509700973
3.1699999999998725,-0.6259058004088536,-0.678523865179459,1.2426404418379,-0.6233854120290587,-0.6783619688707374,-0.0025203883797948468,-0.7304571395447779,29.177268744381003,28.446811604836224,25.44078749333585,3.797679918650664,25.379588825730337
3.1719999999998723,-0.6272603539375065,-0.6760252071680546,1.2560093493058033,-0.6247372621309673,-0.675925050954253,-0.0025230918065392016,-0.7282531476358889,29.279581834563555,28.551328686927665,25.501981266731818,3.838536184316149,25.441045650247407
3.173999999999872,-0.6286098834452905,-0.6734998608390119,1.2693286716752286,-0.6260841850793442,-0.6734614741884278,-0.002525698365946294,-0.7260204605598175,29.381478837101213,28.655458376541397,25.562908495807136,3.879240893026397,25.502237944074814
3.175999999999872,-0.6299543356550915,-0.6709479258886797,1.2825978831221345,-0.627426127751704,-0.6709713361799515,-0.0025282079033874805,-0.7237591491545081,29.482956122773903,28.759196973619396,25.6235671748165,3.9197924379815667,25.563163684792336
3.1779999999998716,-0.6312936574902384,-0.6683695030630802,1.2958164598007746,-0.6287630372228601,-0.6684547355780063,-0.0025306202673782696,-0.7214692853694382,29.584010085181397,28.86254079981196,25.683955314799736,3.9601892184293646,25.623820866752034
3.1799999999998714,-0.6326277960765978,-0.6657646941539326,1.308983879864371,-0.6300948607670007,-0.665911772070327,-0.002532935309597084,-0.7191509422660691,29.684637140819785,28.965486198553716,25.744070943592337,4.000429639728284,25.6842075010915
3.181999999999871,-0.6339566987446636,-0.6631336019946307,1.3220996234857336,-0.6314215458597592,-0.6633425463792224,-0.002535152884904468,-0.7168041940186587,29.78483372915492,29.06802953513626,25.803912105834158,4.040512113410544,25.744321615744376
3.183999999999871,-0.6352803130316338,-0.6604763304561886,1.3351631728777584,-0.6327430401802743,-0.6607471602575566,-0.0025372728513595177,-0.7144291159142457,29.884596312693926,29.17016719677968,25.86347686297543,4.080435057244799,25.804161255449127
3.1859999999998707,-0.6365985866834822,-0.6577929844431368,1.348174012313883,-0.6340592916132437,-0.6581257164846916,-0.002539295070238534,-0.7120257843531963,29.983921377053626,29.27189559270043,25.922763293280816,4.1201968952985855,25.863724481755042
3.1879999999998705,-0.6379114676570229,-0.6550836698893812,1.3611316281484456,-0.6353702482509684,-0.655478318862391,-0.0025412194060544513,-0.7095942768496277,30.082805431026824,29.373211154177195,25.981769491831194,4.159796058000541,25.923009373026282
3.1899999999998703,-0.6392189041219626,-0.6523484937540212,1.374035508836959,-0.6366758583953898,-0.6528050722106834,-0.0025430457265728235,-0.7071346720314309,30.181245006646115,29.474110334614686,26.040493570523076,4.199230982202372,25.982014024443743
3.19199999999987,-0.6405208444629481,-0.649587564017128,1.386885144956306,-0.6379760705601172,-0.6501060823636882,-0.0025447739028309213,-0.704647049640561,30.279236659245,29.57458960960444,26.098933658066066,4.23850011124057,26.040736548004432
3.19399999999987,-0.6418172372816049,-0.6468009896754789,1.3996800292248615,-0.639270833472448,-0.6473814561654032,-0.0025464038091569385,-0.7021314905333575,30.376776967516868,29.67464547698351,26.157087899977835,4.277601894997867,26.099175072519003
3.1959999999998696,-0.6431080313985638,-0.6439888807382581,1.412419656522499,-0.6405600960753789,-0.6446313014654528,-0.002547935323184869,-0.6995880766802598,30.473862533571072,29.77427445689081,26.214954458577324,4.31653478996437,26.157327743606704
3.1979999999998694,-0.6443931758554833,-0.6411513482227114,1.425103523910547,-0.6418438075296085,-0.6418557271147968,-0.0025493683258748234,-0.697016891166049,30.570489982987223,29.873473091821175,26.272531512975355,4.3552972592985855,26.215192723688638
3.199999999999869,-0.6456726199170606,-0.6382885041497637,1.4377311306516392,-0.6431219172155312,-0.6390548429614029,-0.0025507027015293504,-0.6944180181897663,30.66665596486637,29.972237946676604,26.329817259063482,4.393887772888017,26.27276819197835
3.201999999999869,-0.6469463130730352,-0.6354004615395971,1.450301978229483,-0.644394374735223,-0.6362287598458806,-0.0025519383378121985,-0.6917915430646704,30.762357151880348,30.070565608815677,26.386809909500535,4.432304807409597,26.33005234447075
3.2039999999998687,-0.6482142050401817,-0.6324873344071896,1.4628155703685377,-0.6456611299144172,-0.6333775895970761,-0.0025530751257645257,-0.68913755221792,30.857590240318494,30.168452688100572,26.44350769369707,4.470546846389838,26.387043393928657
3.2059999999998685,-0.6494762457642969,-0.6295492377578107,1.4752714130536193,-0.6469221328044724,-0.6305014450276308,-0.0025541129598244394,-0.6864561331906316,30.952351950131913,30.26589581694128,26.499908857797802,4.508612380264688,26.443739569867226
3.2079999999998683,-0.6507323854221737,-0.6265862875824861,1.4876690145493827,-0.6481773336843314,-0.6276004399295011,-0.0025550517378423176,-0.6837473746373646,31.04663902497557,30.362891650338206,26.556011664662,4.546499906439083,26.500139118536488
3.209999999999868,-0.6519825744235692,-0.6235986008534153,1.5000078854197492,-0.6494266830624703,-0.6246746890694418,-0.0025558913610989054,-0.6810113663258499,31.140448232248037,30.459436865922186,26.611814393841755,4.584207929346335,26.556240302901703
3.211999999999868,-0.6532267634131622,-0.6205862955193547,1.5122875385472239,-0.6506701316788392,-0.6217243081844512,-0.002556631734322967,-0.6782481991366396,31.233776363128815,30.555528163992175,26.6673153415583,4.621734960507116,26.6120414026217
3.2139999999998676,-0.6544649032725021,-0.617549490500961,1.524507489152128,-0.6519076305067936,-0.6187494139771803,-0.002557272765708496,-0.6754579650627579,31.326620232613386,30.651162267550628,26.72251282067637,4.6590795185882445,26.66754071402514
3.2159999999998674,-0.6556969451219465,-0.6144883056860971,1.5366672548117322,-0.6531391307550162,-0.6157501241113037,-0.0025578143669303666,-0.672640757208931,31.41897667954615,30.74633592233722,26.777405160676402,4.696240129461164,26.72273655008499
3.217999999999867,-0.6569228403225938,-0.6114028619250965,1.5487663554793152,-0.6543645838694299,-0.6127265572068551,-0.0025582564531639873,-0.6697966697913915,31.51084256665083,30.841045896859438,26.831990707625096,4.7332153262601375,26.777627240390693
3.219999999999867,-0.6581425404782002,-0.6082932810259964,1.560804313503097,-0.6555839415351009,-0.6096788328355252,-0.0025585989430992884,-0.6669257981368948,31.602214780558906,30.935288982422012,26.886267824143726,4.770003649440146,26.83221113111876
3.2219999999998667,-0.6593559974370918,-0.6051596857497265,1.5727806536451063,-0.6567971556781328,-0.6066070715159237,-0.0025588417589590406,-0.6640282386822105,31.693090231835633,31.029061993153423,26.940234889374736,4.806603646834504,26.88648658500113
3.2239999999998665,-0.6605631632940658,-0.6020021998052623,1.584694903099942,-0.6580041784675504,-0.6035113947088055,-0.002558984826515398,-0.6611040889733788,31.783465855003968,31.12236176603059,26.993890298946425,4.843013873712194,26.940451981291773
3.2259999999998663,-0.6617639903922812,-0.5988209478447428,1.5965465915134351,-0.659204962317175,-0.6003919248122598,-0.0025590280751062178,-0.6581534476648931,31.87333860856628,31.215185160901385,27.047232464935703,4.879232892834917,26.99410571573136
3.227999999999866,-0.6629584313251399,-0.595616055458549,1.608335251001218,-0.6603994598874887,-0.5972487851568643,-0.0025589714376511585,-0.6551764145187677,31.962705475023917,31.30752906050515,27.100259815829112,4.915259274513785,27.04744620051013
3.229999999999866,-0.6641464389381596,-0.5923876491703428,1.6200604161672056,-0.6615876240874903,-0.5940821000008036,-0.002558814850669333,-0.6521730904037493,32.051563460894705,31.399390370490956,27.152970796481874,4.951091596665835,27.100471864228872
3.2319999999998656,-0.6653279663308338,-0.5891358564320776,1.631721624121951,-0.6627694080765402,-0.5908919945249519,-0.0025585582542936303,-0.6491435772941823,32.13990959672806,31.490766019433877,27.205363868075416,4.986728444870066,27.153181151857993
3.2339999999998654,-0.6665029668584841,-0.5858608056189625,1.6433184145009307,-0.6639447652661961,-0.5876785948279205,-0.002558201592288034,-0.6460879782689966,32.227740937118526,31.581652958849528,27.257437508072883,5.022168412423374,27.205572524695153
3.235999999999865,-0.6676713941341016,-0.5825626260243959,1.6548503294827177,-0.6651136493220382,-0.58444202792107,-0.0025577448120633894,-0.6430063975106148,32.3150545607167,31.67204816320609,27.30919021017303,5.05741010039602,27.257644460320684
3.237999999999865,-0.6688332020301782,-0.5792414478548609,1.6663169138070544,-0.6662760141654852,-0.5811824217234888,-0.0025571878646929447,-0.6398989403038069,32.401847570238495,31.761948629934686,27.360620484262355,5.092452117686901,27.30939545255159
3.2399999999998648,-0.6699883446805268,-0.5758974022247858,1.6777177147928224,-0.667431813975599,-0.5778999050569347,-0.002556530704927784,-0.6367657130342619,32.48811709247211,31.851351379437848,27.411726856365632,5.127293081078409,27.360824011393703
3.2419999999998645,-0.6711367764820946,-0.5725306211513642,1.6890522823559266,-0.6685810031908805,-0.5745946076407445,-0.0025557732912140363,-0.6336068231877001,32.57386027828332,31.94025345509562,27.46250786859475,5.161931615291103,27.411928662992217
3.2439999999998643,-0.67227845209676,-0.569141237549349,1.700320169027044,-0.669723536511054,-0.5712666600867077,-0.0025549155857059747,-0.6304223793479724,32.6590743026185,32.02865192327053,27.512962079095892,5.19636635303796,27.46270794958054
3.245999999999864,-0.6734133264531245,-0.5657293852258013,1.7115209299693028,-0.6708593688988418,-0.567916193893906,-0.002553957554282671,-0.6272124911959676,32.74375636450593,32.11654387330996,27.56308806199506,5.230595935078354,27.513160429427572
3.247999999999864,-0.6745413547482918,-0.5622951988748087,1.7226541229958394,-0.6719884555817288,-0.56454334144352,-0.002552899166562983,-0.6239772695080559,32.8279036870549,32.203926417546846,27.612884407342236,5.264619010271706,27.56328467678319
3.2499999999998637,-0.6756624924496363,-0.5588388140721681,1.7337193085872566,-0.6731107520537161,-0.5611482359936016,-0.00255174039592021,-0.6207168261544527,32.91151351745331,32.29079669129886,27.66234972105383,5.298434235630855,27.61307928182245
3.2519999999998634,-0.676776695296561,-0.5553603672700342,1.7447160499089707,-0.6742262140770637,-0.5577310116738126,-0.0025504812194973026,-0.6174312740976462,32.99458312696312,32.377151852865474,27.711482624853616,5.3320402763750385,27.662542850588082
3.2539999999998632,-0.6778839193022459,-0.5518599957915289,1.7556439128284698,-0.675334797684024,-0.55429180348013,-0.00254912161822185,-0.614120727390759,33.077109810914095,32.46298908352334,27.760281756212166,5.365435805982639,27.711674004931453
3.255999999999863,-0.6789841207553827,-0.5483378378253253,1.7665024659324342,-0.6764364591785631,-0.550830747269519,-0.0025476615768196265,-0.6107853011756426,33.159090888695474,32.548305587519835,27.808745768285057,5.398619506243459,27.760471382452018
3.257999999999863,-0.6800772562219021,-0.5447940324201892,1.7772912805437806,-0.6775311551380723,-0.5473479797545723,-0.0025461010838297993,-0.6074251116811991,33.24052370374642,32.63309859206522,27.856873329849257,5.431590067310855,27.80893363643556
3.2599999999998626,-0.6811632825466875,-0.5412287194794899,1.788009930738581,-0.6786188424150685,-0.5438436384981171,-0.002544440131618919,-0.6040402762213892,33.32140562354402,32.71736534732263,27.904663125238585,5.464346187753365,27.857059435790653
3.2619999999998623,-0.682242156855279,-0.5376420397556776,1.7986579933628792,-0.6796994781388841,-0.5403178619077891,-0.0025426787163949083,-0.600630913193303,33.4017340395902,32.801103126396896,27.952113854277236,5.4968865746061715,27.904847464984034
3.263999999999862,-0.6833138365555663,-0.5340341348447273,1.8092350480493926,-0.6807730197173453,-0.5367707892305745,-0.0025408168382210494,-0.5971971420752098,33.48150636739632,32.88430922532111,27.9992242322126,5.529209943422029,27.95229642397429
3.265999999999862,-0.6843782793394702,-0.5304051471805453,1.8197406772341183,-0.68183942483844,-0.5332025605473202,-0.0025388545010301966,-0.5937390834243916,33.56072004646675,32.96698096304236,28.045992989646244,5.561315018322101,27.99940502814465
3.2679999999998617,-0.6854354431846119,-0.5267552200293517,1.8301744661728019,-0.6828986514719744,-0.5296133167672116,-0.0025367917126375428,-0.5902568588750223,33.63937254028016,33.04911568140514,28.092418872463952,5.593200532046208,28.046172008233953
3.2699999999998615,-0.6864852863559732,-0.5230844974840206,1.840536002957322,-0.6839506578712188,-0.5260031996222191,-0.0025346284847543865,-0.5867505911359405,33.71746133626974,33.130710745133804,28.138500641764384,5.624865226002925,28.09259611026682
3.2719999999998612,-0.687527767407543,-0.5193931244583931,1.8508248785319474,-0.6849954025745418,-0.522372351661513,-0.0025323648330011217,-0.583220403988316,33.794983945801505,33.21176354181319,28.184237073786534,5.656307850319238,28.138676095482268
3.273999999999861,-0.6885628451839545,-0.5156812466815556,1.8610406867094882,-0.6860328444070335,-0.5187209162458463,-0.0025300007769210042,-0.5796664222833847,33.87193790415112,33.29227148186773,28.229626959836047,5.687527163889899,28.18441074026122
3.275999999999861,-0.6895904788221091,-0.5119490106920876,1.871183024187327,-0.6870629424821173,-0.5150490375419079,-0.0025275363399918094,-0.576088771939951,33.94832077047926,33.37223199853931,28.2746691062103,5.718521934426396,28.229798836052865
3.2779999999998606,-0.6906106277527911,-0.5081965638322737,1.8812514905633524,-0.6880856562031505,-0.5113568605166443,-0.0025249715496405978,-0.5724875799420848,34.024130127805364,33.45164254786328,28.31936233412257,5.749290938505613,28.274839189299747
3.2799999999998604,-0.6916232517022671,-0.5044240542422916,1.891245688351749,-0.6891009452650136,-0.5076445309315499,-0.0025223064372534854,-0.5688629743362639,34.09936358298015,33.53050060864389,28.363705479624926,5.779832961618139,28.319530621362016
3.28199999999986,-0.6926283106938773,-0.5006316308543604,1.9011652229987004,-0.6901087696556875,-0.5039121953369283,-0.002519541038189854,-0.5652150842289427,34.174018766656445,33.6088036824275,28.407697393530018,5.810146798216184,28.363871968440257
3.28399999999986,-0.693625765049614,-0.49681944338686157,1.9110097028979645,-0.6911090896578197,-0.5001600010661216,-0.002516675391794343,-0.561544039783981,34.2480933332586,33.68654929347462,28.45133694133222,5.840231251761151,28.407862081497452
3.2859999999998597,-0.6946155753916868,-0.49298764233842907,1.9207787394063305,-0.6921018658502791,-0.496388096229711,-0.002513709541407727,-0.5578499722195773,34.32158496095094,33.763734988731365,28.494623003127277,5.870085134770952,28.451499826179994
3.2879999999998595,-0.6955977026440783,-0.48913637898200824,1.9304719468589622,-0.6930870591096985,-0.49259662970968765,-0.0025106435343797973,-0.5541330138057787,34.3944913516043,33.84035833779852,28.537554473531394,5.89970726886679,28.49478408273751
3.2899999999998593,-0.6965721080340864,-0.4852658053588797,1.9400889425846322,-0.6940646306120056,-0.48878575115359285,-0.002507477422080795,-0.5503932978614301,34.4668102307616,33.91641693290017,28.58013026159925,5.929096484819721,28.53771374594188
3.291999999999859,-0.6975387530938548,-0.4813760742726637,1.9496293469208132,-0.6950345418339429,-0.4849556109686295,-0.0025042112599119593,-0.5466309587512563,34.538539347602175,33.991908388850916,28.622349290741248,5.958251622596789,28.580287725005384
3.293999999999859,-0.6984975996618915,-0.4774673392832833,1.959092783228678,-0.6959967545545743,-0.48110636031574433,-0.0025008451073171845,-0.5428461318828048,34.6096764749047,34.0668303430219,28.664210498639612,5.987171531406857,28.622504943497844
3.2959999999998586,-0.6994486098845759,-0.47353975470090304,1.9684788779079652,-0.6969512308567817,-0.47723815110368123,-0.002497379027794233,-0.5390389537034912,34.680219409008885,34.141180455305395,28.70571283716408,6.015855069745964,28.664364339262917
3.2979999999998584,-0.7003917462176525,-0.4695934755798382,1.9777872604117253,-0.6978979331287477,-0.4733511359830054,-0.0024938130889048393,-0.5352095616973129,34.750165969776134,34.21495640807882,28.746855272286517,6.044301105442442,28.70586486433369
3.299999999999858,-0.7013269714277144,-0.4656286577124292,1.9870175632609617,-0.6988368240654279,-0.4694454683400992,-0.0024901473622864767,-0.5313580943818119,34.81951400054905,34.28815590616723,28.787636783994934,6.072508515701614,28.747005484847435
3.301999999999858,-0.7022542485936712,-0.4616454576228977,1.996169422059119,-0.6997678666700101,-0.46552130229113015,-0.0024863819236611295,-0.5274846913046383,34.888261368109575,34.36077667680494,28.82805636620664,6.100476187150048,28.787785180959524
3.3039999999998577,-0.7031735411082084,-0.45764403256116293,2.0052424755064835,-0.7006910242553621,-0.4615787926759898,-0.0024825168528462838,-0.5235894930403118,34.95640596263633,34.43281646959602,28.868113026681012,6.12820301587955,28.828202946756782
3.3059999999998575,-0.7040848126792314,-0.4536245404966347,2.0142363654144395,-0.7016062604454665,-0.4576180950522051,-0.002478552233764919,-0.5196726411867547,35.023945697660906,34.504273056474155,28.90780578693115,6.155687907490758,28.86825779017015
3.3079999999998573,-0.7049880273312991,-0.4495871401119773,2.023150736719615,-0.7025135391768441,-0.45363936568882285,-0.0024744881544549457,-0.5157342783619612,35.09087851002275,34.575144231660786,28.94713368213545,6.1829297771362794,28.907948732886467
3.309999999999857,-0.7058831494070431,-0.4455319907968459,2.0319852374978904,-0.7034128246999647,-0.44964276156026556,-0.0024703247070784196,-0.51177454820026,35.15720235982357,34.645427811623314,28.98609576104827,6.20992754956357,28.94727481026
3.311999999999857,-0.7067701435685773,-0.4414592526415897,2.040739518978308,-0.7043040815806451,-0.4456284403401603,-0.0024660619879322,-0.5077935953489965,35.2229152303806,34.7151216350316,29.02469108590997,6.2366801591573795,28.98623507122322
3.3139999999998566,-0.7076489747988904,-0.4373690864309384,2.0494132355568224,-0.7051872747014354,-0.4415965603951409,-0.002461700097455055,-0.5037915654646385,35.288015128178536,34.7842235627139,29.0629187323569,6.263186549981712,29.024828578196825
3.3159999999998564,-0.7085196084032306,-0.43326165363765073,2.0580060448099546,-0.7060623692629926,-0.43754728077862315,-0.002457239140237988,-0.4997686052092365,35.3525000828214,34.85273147761217,29.100777789330394,6.289445675821649,29.063054406999754
3.317999999999856,-0.7093820100104737,-0.4291371164161402,2.0665176075083083,-0.7069293307854417,-0.4334807612245533,-0.002452679225032006,-0.4957248622465704,35.41636814698283,34.920643284736265,29.138267358985633,6.315456500224537,29.100911646758295
3.319999999999856,-0.7102361455744812,-0.4249956375960741,2.0749475876299623,-0.707788125109724,-0.4293971621411303,-0.002448020464757228,-0.4916604852383144,35.479617396355806,34.98795691111749,29.175386556600092,6.341217996540936,29.13839939981487
3.3219999999998557,-0.711081981375443,-0.42083738067594584,2.083295652373734,-0.708638718398933,-0.4252966446045013,-0.0024432629765099856,-0.48757562384010855,35.542245929601734,35.054670305761626,29.21213451048148,6.366729147965153,29.17551678163658
3.3239999999998555,-0.7119194840212106,-0.4166625098166164,2.0915614721723257,-0.7094810771396378,-0.4211793703524321,-0.002438406881572819,-0.48347042869782975,35.60425186829853,35.120781439600705,29.248510361875418,6.391988947575353,29.212262920723177
3.3259999999998553,-0.7127486204486133,-0.41247118983483994,2.0997447207053233,-0.7103151681431937,-0.4170455017779513,-0.002433452305419581,-0.47934505144325623,35.66563335688805,35.1862883054448,29.284513264872906,6.416996398373309,29.248636958514744
3.327999999999855,-0.7135693579247646,-0.40826358619675257,2.1078450749120856,-0.7111409585470396,-0.41289520192296897,-0.002428399377724988,-0.4751996446902018,35.726388562622994,35.251188917932794,29.32014238631737,6.4417505133237345,29.28463804929926
3.329999999999855,-0.7143816640483545,-0.40403986501134137,2.1158622150045,-0.7119584158159834,-0.4087286344718702,-0.002423248232371056,-0.4710343620304147,35.78651567551286,35.315481313482444,29.35539690571159,6.466250315393276,29.320265360119585
3.3319999999998546,-0.715185506750928,-0.3998001930238866,2.1237958244796022,-0.7127675077434735,-0.4045459637450833,-0.00241799900745443,-0.46684935802923877,35.84601290826954,35.37916355024031,29.390276015124428,6.490494837589039,29.355518070680503
3.3339999999998544,-0.7159808542981512,-0.39554473760937997,2.1316455901320723,-0.7135682024528588,-0.4003473546926234,-0.0024126518452923795,-0.4626447882214624,35.9048784962522,35.44223370803074,29.424778919097292,6.514483122996774,29.39039537325543
3.335999999999854,-0.7167676752910654,-0.39127366676591246,2.1394112020666083,-0.714360468398634,-0.39613297288761146,-0.002407206892431457,-0.4584208091071118,35.963110697411594,35.50468988830448,29.45890483455061,6.5382142248186375,29.424896472592955
3.337999999999854,-0.7175459386673249,-0.3869871491080489,2.1470923537101454,-0.7151442743676735,-0.3919029845197686,-0.002401664299651385,-0.4541775781469226,36.02070779223384,35.56653021408692,29.492652990690132,6.561687206410562,29.459020585823282
3.3399999999998538,-0.7183156137024241,-0.3826853538601666,2.1546887418239695,-0.7159195894804512,-0.38765755638888644,-0.0023960242219729366,-0.44991525375809305,36.07766808368383,35.62775282992574,29.52602262891321,6.584901141319188,29.492766942364643
3.3419999999998535,-0.7190766700109106,-0.3783684508497762,2.1622000665156835,-0.7166863831922478,-0.3833968558982734,-0.0023902868186628234,-0.44563399530967107,36.133989897148,35.68835590183833,29.559013002715012,6.607855113318478,29.526134783829523
3.3439999999998533,-0.7198290775475843,-0.3740366105008168,2.169626031251052,-0.7174446252943442,-0.3791210510481773,-0.0023844522532401324,-0.44133396311817674,36.18967158037681,35.748337617258635,29.591623377594807,6.6305482164458365,29.559123363930972
3.345999999999853,-0.720572806608684,-0.3696900038269294,2.176966342865699,-0.7181942859152025,-0.37483031042918447,-0.002378520693481434,-0.43701531844299923,36.24471150342677,35.80769618498377,29.623853030962266,6.652979555037876,29.591731948388894
3.347999999999853,-0.72130782783306,-0.36532880242470034,2.184220711576695,-0.7189353355216337,-0.37052480321559594,-0.002372492311426333,-0.4326782234818194,36.29910805860216,35.866429835120336,29.65570125204374,6.67514824376578,29.62395981483638
3.3499999999998527,-0.7220341122033329,-0.3609531784668946,2.191388850993983,-0.7196677449199512,-0.36620469915877946,-0.0023663672833816873,-0.428322841365818,36.3528596603962,35.92453681903038,29.687167341788893,6.697053407670187,29.65580625272601
3.3519999999998524,-0.7227516310470394,-0.3565633046956539,2.198470478131693,-0.7203914852571123,-0.3618701685805002,-0.0023601457899271594,-0.42394933615513053,36.40596474543225,35.98201540927712,29.718250612777304,6.7186941821957635,29.68727056323649
3.353999999999852,-0.7234603560377639,-0.3521593544156779,2.2054653134193103,-0.7211065280218447,-0.3575213823662273,-0.0023538280159192126,-0.41955787283388557,36.45842177240466,36.03886389957078,29.74895038912517,6.740069713225331,29.71835205917933
3.355999999999852,-0.7241602591962576,-0.34774150148738303,2.2123730807127155,-0.7218128450457616,-0.3531585119584197,-0.0023474141504959967,-0.4151486173056895,36.51022922201908,36.09508060471339,29.779266006392472,6.761179157113501,29.74905006490558
3.3579999999998518,-0.7248513128915418,-0.3433099203200395,2.2191935073050817,-0.7225104085044611,-0.34878172934978846,-0.002340904387080678,-0.41072173638843856,36.56138559693295,36.15066386054451,29.809196811490164,6.782021680720039,29.779363916212912
3.3599999999998515,-0.7255334898420004,-0.3388647858648812,2.225926323937649,-0.7231991909186142,-0.3443912070765377,-0.0023342989233862133,-0.40627739780970673,36.6118894216957,36.20561202388599,29.83874216258773,6.802596461442709,29.80929296025299
3.3619999999998513,-0.7262067631164552,-0.3344062736082065,2.232571264810344,-0.7238791651550374,-0.33998711821158445,-0.0023275979614177933,-0.40181577020157233,36.66173924268864,36.25992347248707,29.867901429021153,6.822902687249705,29.838836555438938
3.363999999999851,-0.7268711061352302,-0.32993455956444495,2.2391280675922784,-0.7245503044277529,-0.33556963635775555,-0.0023208017074772824,-0.39733702309577845,36.710933628065106,36.31359660496933,29.89667399120089,6.8429395567117375,29.867994071353365
3.365999999999851,-0.7275264926712005,-0.3254498202692102,2.245596473432106,-0.7252125822990348,-0.331138935640965,-0.0023139103721656618,-0.3928413269186104,36.759471167689966,36.36662984077135,29.925059240520742,6.862706279033601,29.896764888656364
3.3679999999998507,-0.7281728968508279,-0.32095223277233065,2.2519762269682393,-0.7258659726804416,-0.3266951907033692,-0.0023069241703862486,-0.38832885298591635,36.80735047307987,36.41902162009396,29.953056579266622,6.882202074085435,29.925148398994434
3.3699999999998504,-0.7288102931551821,-0.3164419746308607,2.2582670763389308,-0.7265104498338346,-0.3222385766965026,-0.0022998433213474723,-0.3837997734979237,36.854570177342616,36.47077040384469,29.980665420526098,6.901426172433441,29.953144004909177
3.3719999999998502,-0.7294386564209485,-0.31191922390206656,2.264468773192223,-0.7271459883723834,-0.3177692692743907,-0.002292668048565094,-0.37925426153405994,36.901128935117285,36.52187467358323,30.00788518809826,6.920377815370287,29.980751119746998
3.37399999999985,-0.7300579618414215,-0.307384159136404,2.270581072695741,-0.7277725632615567,-0.31328744458664587,-0.0022853985798647614,-0.3746924910478744,36.94702542251383,36.57233293146596,30.034715316404153,6.939056254945005,30.007969167568824
3.37599999999985,-0.7306681849674832,-0.30283695937046473,2.276603733546367,-0.7283901498200998,-0.3087932792715404,-0.0022780351473834504,-0.370114636861677,36.99225833705321,36.62214370019153,30.06115525039763,6.95746075399252,30.034797583060687
3.3779999999998496,-0.7312693017085697,-0.29827780411990945,2.282536517979762,-0.7289987237209978,-0.3042869504490611,-0.002270577987571909,-0.36552087466137917,37.03682639760726,36.67130552294588,30.087204445476992,6.97559058616269,30.06123581144457
3.3799999999998493,-0.7318612883336212,-0.29370687337238094,2.2883791917797565,-0.7295982609924258,-0.2997686357139443,-0.002263027341195434,-0.3609113809910669,37.080728344338965,36.719816963347895,30.112862367397035,6.993445035949016,30.08728330838995
3.381999999999849,-0.7324441214720192,-0.2891243475803997,2.29413152428759,-0.7301887380186831,-0.2952385131286912,-0.0022553834533360906,-0.35628633324779835,37.123962938642826,36.767676605395025,30.138128492181714,7.011023398716818,30.11293953992601
3.383999999999849,-0.7330177781145097,-0.28453040765423476,2.299793288411029,-0.7307701315411163,-0.2906967612165644,-0.0022476465733934914,-0.351645909676197,37.1665289630853,36.814883053409105,30.16300230603759,7.028324980731057,30.13820398235424
3.3859999999998487,-0.7335822356141106,-0.27992523495476984,2.305364260633318,-0.7313424186590254,-0.28614355895456556,-0.0022398169550852387,-0.3469902893629828,37.20842522134551,36.86143493198252,30.18748330526799,7.045349099183647,30.16307612216186
3.3879999999998485,-0.7341374716870064,-0.27530901128633767,2.3108442210220135,-0.7319055768305581,-0.2815790857663943,-0.0022318948564482577,-0.34231965223164185,37.2496505381565,36.90733088592486,30.21157099618756,7.062095082220479,30.18755545593602
3.3899999999998482,-0.7346834644134275,-0.27068191888954446,2.316232953237662,-0.7324595838735889,-0.27700352151538926,-0.002223880539838574,-0.337634179036872,37.29020375924621,36.95256958020934,30.23526489503805,7.078562268967796,30.211641490278417
3.391999999999848,-0.735220192238516,-0.26604414043407515,2.321530244542343,-0.7330044179665838,-0.2724170464974508,-0.0022157742719322027,-0.332934051359135,37.330083751279304,36.99714969992017,30.258564527904475,7.094750009558362,30.235333741720943
3.393999999999848,-0.7357476339731763,-0.2613958590114833,2.326735885808064,-0.7335400576494516,-0.2678198414339456,-0.0022075763237247026,-0.328219451599161,37.36928940179902,37.04106995019986,30.281469430632264,7.110657665157021,30.258631736642002
3.3959999999998476,-0.7362657687949121,-0.2567372581279579,2.331849671525025,-0.7340664818243808,-0.26321208746459407,-0.002199286970531289,-0.323490562972345,37.407819619169445,37.0843290561971,30.303979148745178,7.12628460798593,30.281535011183514
3.3979999999998474,-0.7367745762486476,-0.2520685216970861,2.3368713998097204,-0.7345836697566616,-0.2585939661403404,-0.0021909064919860555,-0.31874756950319716,37.44567333251825,37.12692576301505,30.326093237364177,7.141630221349259,30.304043111168987
3.399999999999847,-0.7372740362475358,-0.24738983403258816,2.341800872412916,-0.735091601075494,-0.2539656594162057,-0.0021824351720418633,-0.3139906560198119,37.48284949167979,37.168858835659975,30.34781126112707,7.156693899657581,30.326155592022204
3.401999999999847,-0.7377641290737513,-0.2427013798410419,2.346637894727474,-0.7355902557747822,-0.24932734964412379,-0.00217387329896912,-0.3092200081481933,37.51934706713865,37.21012705899046,30.369132794109063,7.171475048451674,30.34787201868698
3.4039999999998467,-0.7382448353792681,-0.23800334421459213,2.3513822757960345,-0.7360796142139138,-0.24467921956576108,-0.0021652211653543363,-0.30443581230654604,37.555165049973695,37.25072923766715,30.390057419744394,7.18597308442599,30.369191965547707
3.4059999999998465,-0.7387161361866249,-0.23329591262363844,2.3560338283185596,-0.7365596571185244,-0.24002145230531988,-0.0021564790681004586,-0.29963825569977454,37.59030245180257,37.290664196102796,30.41058473074881,7.200187435451666,30.390115016350904
3.4079999999998463,-0.7391780128896724,-0.22857927090952096,2.3605923686597188,-0.7370303655812491,-0.23535423136232597,-0.002147647308423317,-0.29482752631362075,37.624758304726754,37.329930778413136,30.430714329043006,7.214117540599042,30.410640764127713
3.409999999999846,-0.7396304472543096,-0.2238536052771784,2.365057716856145,-0.737491721062458,-0.23067774060439947,-0.0021387261918516254,-0.2900038129091431,37.658531661277095,37.368527848367954,30.450445825677264,7.227762850159765,30.430768811117332
3.411999999999846,-0.740073421419202,-0.21911910228779824,2.3694296966235364,-0.737943705390978,-0.2259921642600117,-0.0021297160282239824,-0.285167305016773,37.69162159436012,37.40645428934335,30.469778840756955,7.241122825668493,30.45049876869163
3.4139999999998456,-0.7405069178964885,-0.21437594885145178,2.373708135363619,-0.7383863007668816,-0.2212976879518207,-0.002120617129606872,-0.2803181929309023,37.7240271972047,37.4437090042738,30.488713003369142,7.254196939924106,30.46983025728059
3.4159999999998454,-0.74093091957247,-0.20962433221971644,2.377892864170956,-0.7388194897644926,-0.21659449880548953,-0.002111429807977405,-0.2754566464756003,37.75574758330935,37.480290936833754,30.50724795153318,7.266984677010414,30.488762906298934
3.417999999999845,-0.7413454097082868,-0.20486443997827802,2.381983717839621,-0.7392432553324737,-0.21188278399053695,-0.00210215437581307,-0.2705828122145981,37.78678188617918,37.51619907396458,30.525383332153808,7.279485532321746,30.507296353857434
3.419999999999845,-0.7417503719405778,-0.20009646003953344,2.385980534869715,-0.7396575807939311,-0.20716273072867647,-0.002092791146646733,-0.26569684260074944,37.817129259300664,37.55143241669992,30.543118800942985,7.291699012588542,30.52543024671212
3.4219999999998447,-0.7421457902821275,-0.19532058063516644,2.389883157473746,-0.7400624498465431,-0.2024345263060002,-0.0020833404355843355,-0.26079889576907767,37.846788876426515,37.58598998065744,30.560454022343002,7.303624635895677,30.543164240530842
3.4239999999998445,-0.7425316491224969,-0.1905369903087184,2.393691431582855,-0.740457846562712,-0.19769835808442127,-0.002073802559784954,-0.2558891352451226,37.87575993150758,37.61987079626246,30.577388669452084,7.315261931700133,30.560497999807446
3.4259999999998443,-0.7429079332286397,-0.18574587790814456,2.3974052068529015,-0.7408437553897366,-0.19295441351230436,-0.002064177838903114,-0.2509677296600099,37.90404163862628,37.65307390896627,30.593922423950946,7.326610440848554,30.577431197777727
3.427999999999844,-0.7432746277455033,-0.18094743257836016,2.4010243366703956,-0.7412201611500051,-0.18820288013427885,-0.002054466595498239,-0.24603485247447154,37.93163323193124,37.68559837945676,30.610054976032036,7.337669715594123,30.593963516337112
3.429999999999844,-0.7436317181966168,-0.17614184375376782,2.404548678158291,-0.7415870490412056,-0.18344394560024394,-0.0020446691554111274,-0.2410906817121128,37.95853396557473,37.717443283862615,30.62578602433003,7.348439319613301,30.610094645961432
3.4319999999998436,-0.74397919048466,-0.17132930115078726,2.4079780921816196,-0.7419444046365528,-0.17867779767357816,-0.0020347858481072345,-0.23613539970173514,37.984743113651646,37.74860771394991,30.64111527585422,7.358918828022058,30.625824285629587
3.4339999999998434,-0.7443170308920223,-0.16650999476036,2.411312443352988,-0.7422922138850299,-0.17390462423857345,-0.0020248170069924187,-0.23116919282954118,38.01025997014025,37.77909077731071,30.65604244592275,7.36910782739167,30.641152142748577
3.435999999999843,-0.7446452260813428,-0.16168411484045037,2.414551600037921,-0.742630463111644,-0.16912461330710998,-0.0020147629696987135,-0.226192251300118,38.03508384884505,37.80889159754493,30.670567258098792,7.379005915764192,30.65607793308086
3.437999999999843,-0.7449637630960371,-0.1568518519085344,2.4176954343600587,-0.7429591390176933,-0.1643379530245934,-0.0020046240783437863,-0.22120476890709284,38.0592140833417,37.83800931443461,30.684689444128082,7.388612702667568,30.670601380674135
3.4399999999998427,-0.7452726293608096,-0.15201339673407985,2.420743822206205,-0.7432782286810437,-0.1595448316751723,-0.001994400679765973,-0.21620694281299757,38.08265002692314,37.866443084110145,30.69840874387873,7.397927809130161,30.68472221779298
3.4419999999998425,-0.745571812682149,-0.14716894033100947,2.423696643231229,-0.7435877195564161,-0.15474543768625992,-0.0019840931257328887,-0.2111989733378139,38.10539105254831,37.8941920792105,30.711724905282342,7.40695086769516,30.698440184853155
3.4439999999998423,-0.74586130124881,-0.14231867395016842,2.4265537808628115,-0.7438875994756808,-0.14993995963237886,-0.001973701773129166,-0.20618106375694778,38.127436552791885,37.921255489034934,30.72463768427718,7.415681522434254,30.71175503035763
3.445999999999842,-0.7461410836322797,-0.13746278907176843,2.429315122306051,-0.7441778566481575,-0.1451285862383523,-0.0019632269841222127,-0.20115342010756598,38.14878593979629,37.947632519688725,30.737146844753063,7.424119428961186,30.724666510835107
3.447999999999842,-0.7464111487872286,-0.13260147739782988,2.4319805585479157,-0.7444584796609213,-0.14031150638186257,-0.001952669126307316,-0.19611625100376895,38.16943864522527,37.9733223942215,30.74925215849786,7.432264254444724,30.737174390780545
3.4499999999998416,-0.7466714860519468,-0.12773493084461376,2.4345499843615466,-0.7447294574791121,-0.13548890909540096,-0.0019420285728346531,-0.19106976746012527,38.18939412021909,37.998324352758964,30.760953405145813,7.440115677621282,30.74927844259781
3.4519999999998414,-0.7469220851487649,-0.12286334153504651,2.4370232983104114,-0.7449907794462474,-0.1306609835676286,-0.0019313057025175384,-0.1860141827234671,38.20865183535133,38.022637652627864,30.772250372127694,7.447673388807081,30.76097844654425
3.453999999999841,-0.7471629361844597,-0.1179869017911298,2.439400402752312,-0.7452424352845357,-0.1258279191441728,-0.0019205008999240158,-0.18094971211249644,38.22721128058765,38.04626156847516,30.783142854622564,7.454937089909973,30.77227419067768
3.455999999999841,-0.7473940296506447,-0.11310580412635633,2.4416812038432347,-0.7454844150951915,-0.12098990532787951,-0.0019096145554532429,-0.17587657286547292,38.245071965245856,38.06919539238039,30.793630655511322,7.461906494440761,30.78316547080509
3.4579999999998408,-0.7476153564241456,-0.1082202412381041,2.4438656115410575,-0.7457167093587486,-0.11614713177854576,-0.0018986470653969967,-0.1707949839953085,38.26223341795761,38.0914384339623,30.803713585332034,7.468581327524129,30.793652090433483
3.4599999999998405,-0.7478269077673602,-0.10333040600003054,2.4459535396091043,-0.7459393089353729,-0.11129978831215113,-0.0018875988319873027,-0.16570516615201508,38.27869518663195,38.112990020479934,30.81339146223681,7.474961325909172,30.80373386072278
3.4619999999998403,-0.7480286753286037,-0.09843649145445808,2.447944905619551,-0.7461522050651721,-0.10644806489961256,-0.0018764702634316288,-0.1606073414923137,38.294456838419926,38.13384949692761,30.822664111950775,7.4810462379794265,30.813410600440502
3.46399999999984,-0.7482206511424384,-0.09353869080475466,2.4498396309566766,-0.7463553893685023,-0.10159215166508129,-0.0018652617739360888,-0.1555017335561032,38.309517959681344,38.15401622612524,30.831531367732293,7.486835823762593,30.822682135918754
3.46599999999984,-0.7484028276299879,-0.08863719740770078,2.45163764081997,-0.7465488538462699,-0.09673223888380485,-0.0018539737837179882,-0.15038856714950338,38.323878155952436,38.17348958880293,30.83999307033538,7.492329854939678,30.83154830101276
3.4679999999998397,-0.7485751975992363,-0.08373220476586442,2.4533388642270793,-0.746732590880229,-0.09186851697957307,-0.001842606719007267,-0.14526806823447092,38.33753705191559,38.19226898368112,30.848049067973434,7.497528114853847,30.84000893706174
3.4699999999998394,-0.7487377542453124,-0.07882390651995641,2.454943234016618,-0.7469065932332726,-0.08700117652176842,-0.0018311610120398392,-0.14014046382434364,38.35049429136993,38.21035382754558,30.85569921628504,7.502430398518707,30.848063892851222
3.471999999999839,-0.7488904911507581,-0.07391249644118714,2.4564506868508147,-0.7470708540497166,-0.08213040822204143,-0.0018196371010414936,-0.13500598188548318,38.36274953720407,38.22774355531858,30.862943378301253,7.507036512626301,30.855713024577767
3.473999999999839,-0.7490334022857821,-0.06899816842361683,2.457861163218011,-0.7472253668555778,-0.07725640293062766,-0.0018080354302042467,-0.1298648512445988,38.374302471369745,38.24443762012515,30.869781424414626,7.511346275554515,30.86295619581523
3.4759999999998388,-0.7491664820084971,-0.06408111647650236,2.4591746074350156,-0.7473701255588425,-0.07237935163232778,-0.0017963564496545903,-0.1247173015013503,38.38515279485705,38.2604354933557,30.87621323235022,7.51535951737414,30.869793277482906
3.4779999999998386,-0.7492897250651439,-0.059161534716632436,2.4603909676493005,-0.7475051244497268,-0.06749944544216742,-0.0017846006154170757,-0.11956356294636983,38.39530022767136,38.275736664724995,30.882238687137946,7.519076079855489,30.876224147815872
3.4799999999998383,-0.7494031265902975,-0.054239617360672676,2.461510195841047,-0.7476303582009284,-0.06261687560075316,-0.0017727683893691282,-0.11440386648424034,38.404744508811234,38.290340642326996,30.88785768108687,7.5224958164745175,30.88224869233672
3.481999999999838,-0.74950668210706,-0.049315558717492616,2.462532247825042,-0.7477458218678671,-0.057731833469344025,-0.001760860239192863,-0.10923844356110352,38.41348539624795,38.304246952686846,30.89307011376125,7.525618592418529,30.88786680382942
3.483999999999838,-0.7496003875272366,-0.04438955318049615,2.463457083252423,-0.7478515108889164,-0.05284451052465349,-0.0017488766383201293,-0.10406752609693815,38.4215226669065,38.31745514080956,30.897875891958137,7.528444284591465,30.893078382315032
3.4859999999998377,-0.749684239151498,-0.03946179521994721,2.464284665612272,-0.7479474210856233,-0.04795509835339779,-0.001736818065874668,-0.0988913464221779,38.428856116647665,38.32996477022549,30.902274929686854,7.530972781618685,30.897883335028983
3.4879999999998375,-0.7497582336695255,-0.034532479375293794,2.4650149622330537,-0.7480335486629165,-0.04306378864660667,-0.0017246850066090502,-0.09371013721837101,38.43548556025183,38.341775423033454,30.906267148150118,7.533203983851359,30.90228157640047
3.4899999999998372,-0.7498223681601425,-0.029601800247482327,2.465647944283908,-0.748109890209304,-0.038170773193710136,-0.001712477950838509,-0.0885241314627091,38.44141083140383,38.352886699941116,30.909852475726865,7.535137803370359,30.906273028033468
3.491999999999837,-0.7498766400914288,-0.024669952491283488,2.466183586775788,-0.7481764426970567,-0.03327624387641781,-0.001700197394372105,-0.08333356237644407,38.44663178267925,38.3632982203028,30.91303084795682,7.536774163989746,30.9098576186895
3.493999999999837,-0.7499210473208218,-0.01973713080760202,2.466621868562444,-0.7482332034823815,-0.028380392662400965,-0.0016878438384402283,-0.07813866337668868,38.45114828553211,38.37300962215542,30.91580220752681,7.538113001259736,30.913035284272375
3.4959999999998366,-0.7499555880951998,-0.014803529935791647,2.466962772341263,-0.7482801703055791,-0.023483411598793694,-0.001675417789620659,-0.07293966803146601,38.454960230283874,38.38202056225241,30.918166504258764,7.539154262469313,30.915805967814563
3.4979999999998364,-0.7499802610509524,-0.009869344645967112,2.4672062846539466,-0.7483173412911902,-0.01858549280552418,-0.0016629197597621825,-0.06773681001811849,38.458067526113666,38.39033071609555,30.92012369509943,7.539897906648308,30.91816961946536
3.499999999999836,-0.7499950652140335,-0.004934769731316375,2.467352395887046,-0.7483447149481272,-0.013686828468488182,-0.0016503502659063196,-0.06253032308449707,38.46047010104985,38.397939777965355,30.921673744111835,7.540343904569016,30.920126196480833
3.501999999999836,-0.75,-4.049293881404026e-13,2.4674011002723395,-0.7483622901697923,-0.008787610832576226,-0.001637709830207723,-0.057320441012904066,38.462167901963056,38.40484746095015,30.922816622468314,7.540492238747471,30.921675663215588
3.5039999999998357,-0.749995065214035,0.004934769730506532,2.467352395887062,-0.7483700662341815,-0.003888032194566549,-0.0016249989798535758,-0.05210739758689509,38.46316089456008,38.41105349697319,30.9235523084456,7.540342903444054,30.92281799111603
3.5059999999998355,-0.7499802610509556,0.009869344645158712,2.4672062846539786,-0.7483680428039733,0.001011715104107403,-0.001612218246982322,-0.0468914265603263,38.463449063379784,38.416557636819455,30.923880787421155,7.539895904663911,30.92355315871587
3.5079999999998353,-0.7499555880952047,0.014803529934983326,2.466962772341311,-0.7483562199266038,0.0059114386847037076,-0.0015993681686008454,-0.04167276162876071,38.46303241178936,38.421359650160596,30.923802051871647,7.539151260156652,30.923881151632706
3.509999999999835,-0.7499210473208282,0.01973713080679381,2.466621868562508,-0.7483345980343266,0.0108109461386239,-0.0015864492865016455,-0.0364516364030712,38.46191096198276,38.42545932557969,30.92331610137284,7.538108999415791,30.92380196256697
3.511999999999835,-0.749876640091437,0.02466995249047403,2.466183586775868,-0.7483031779442566,0.015710045034960506,-0.001573462147180349,-0.03122828438507602,38.460084754979796,38.42885647059472,30.922422942601322,7.536769163677623,30.923315591302174
3.5139999999998346,-0.7498223681601522,0.029601800246673044,2.465647944284004,-0.7482619608584004,0.0206085429281323,-0.0015604073017518871,-0.026002938944876874,38.45755385062669,38.43155091168181,30.921122589337905,7.535131805919624,30.922422044707062
3.5159999999998344,-0.7497582336695369,0.03453247937448472,2.4650149622331656,-0.7482109483636692,0.0255062473655997,-0.0015472853058676739,-0.02077583330025401,38.45431832759789,38.43354249429763,30.919415062472716,7.533196990858512,30.921121336739375
3.517999999999834,-0.749684239151511,0.03946179521913976,2.4642846656124,-0.7481501424318779,0.030402965895650193,-0.0015340967196330046,-0.015547200497549207,38.450378283399154,38.4348310829016,30.917300390012016,7.530964794947687,30.919413488451468
3.519999999999834,-0.7496003875272511,0.04438955317968898,2.463457083252567,-0.7480795454197274,0.0352985060752495,-0.0015208421075236789,-0.010317273393858406,38.445733834371836,38.43541656097798,30.914778607086667,7.5284353063743294,30.917298527997506
3.5219999999998337,-0.7495066821070762,0.04931555871668435,2.4625322478252016,-0.7479991600687715,0.04019267547794935,-0.0015075220383046206,-0.005086284641048766,38.440385115698355,38.43529883105731,30.9118497559623,7.525608625055988,30.914776490642364
3.5239999999998335,-0.7494031265903154,0.054239617359864746,2.4615101958412224,-0.7479089895050473,0.04508528186215115,-0.0014941370852681324,0.00014553332953942677,38.43433228140898,38.434477814738514,30.908513886051324,7.522484862636732,30.911847418772247
3.5259999999998333,-0.7492897250651633,0.05916153471582487,2.460390967649492,-0.7478090372402653,0.04997613239098242,-0.0014806878248980748,0.005377945050257238,38.42757550438996,38.43295344944021,30.90477105392455,7.519064142482813,30.908511361907145
3.527999999999833,-0.7491664820085182,0.0640811164756952,2.459174607435223,-0.7476993071699788,0.05486503514321229,-0.00146717483853942,0.010610728043666251,38.42011497637249,38.430725704416155,30.90062132333324,7.5153465996760564,30.904768376696435
3.529999999999833,-0.7490334022858046,0.0689981684228115,2.457861163218234,-0.7475798035744259,0.059751797776435245,-0.001453598711378734,0.015843642426818683,38.4119509080374,38.42779455046421,30.896064765216547,7.511332381015638,30.900618527021763
3.5319999999998326,-0.7488904911507823,0.07391249644038227,2.4564506868510536,-0.7474505311183415,0.06463622804220151,-0.0014399600324408457,0.02107645800765251,38.4030835288556,38.42415998686326,30.891101457725107,7.507021645002632,30.89606188385297
3.5339999999998324,-0.7487377542453383,0.07882390651915065,2.4549432340168735,-0.7473114948507965,0.06951813377248062,-0.0014262593945417734,0.02630894413962165,38.393513087244976,38.4198220313846,30.885731486241095,7.502414561839058,30.89109852540592
3.535999999999832,-0.7485751975992638,0.08373220476505917,2.4533388642273506,-0.7471627002050395,0.07439732287851145,-0.0014124973942243324,0.03154087015810686,38.383239850534906,38.41478072069301,30.87995494339961,7.497511313420874,30.88572853711403
3.537999999999832,-0.748402827630017,0.08863719740689609,2.451637640820257,-0.7470041529983292,0.07927360335514244,-0.0013986746316877463,0.03677200557219734,38.37226410498234,38.40903611055454,30.87377192911235,7.492312093330574,30.879952011651767
3.5399999999998317,-0.7482206511424692,0.09353869080395057,2.4498396309569794,-0.7468358594317542,0.08414678328748586,-0.0013847917107149277,0.042002120148176,38.36058615578917,38.40258827593735,30.867182550592567,7.486817106829697,30.873769048959474
3.5419999999998315,-0.748028675328636,0.098436491453656,2.4479449056198694,-0.7466578260900372,0.08901667085851299,-0.0013708492385988702,0.04723098394704195,38.34820632711972,38.39543731106676,30.860186922381978,7.481026570850676,30.867179756269046
3.5439999999998313,-0.747826907767394,0.1033304059992291,2.4459535396094387,-0.7464700599413231,0.09388307435702532,-0.0013568478260709282,0.05245836734295156,38.335124962119764,38.387583329462714,30.852785166378993,7.474940713988429,30.860184248131333
3.545999999999831,-0.7476153564241811,0.10822024123730198,2.443865611541408,-0.7462725683369515,0.09874580218576921,-0.0013427880872295406,0.057684041033934375,38.321342422936084,38.37902646397002,30.844977411868847,7.468559776491321,30.852782646444766
3.547999999999831,-0.7473940296506819,0.11310580412555492,2.441681203843601,-0.7460653590112123,0.10360466286960347,-0.0013286706394696202,0.06290777604964104,38.306859090737674,38.369766866787316,30.836763795555235,7.461884010251811,30.84497508048586
3.5499999999998306,-0.7471629361844985,0.11798690179032914,2.4394004027526943,-0.745848440081085,0.10845946506368176,-0.0013144961034134983,0.06812934375727747,38.29167536573777,38.359804709495045,30.82814446159332,7.4549136787966095,30.83676168694116
3.5519999999998304,-0.7469220851488052,0.12286334153424662,2.4370232983108098,-0.7456218200459617,0.11331001756163421,-0.0013002651028435341,0.07334851586725116,38.27579166721684,38.349140183084096,30.819119561624767,7.447649057276243,30.8281426099406
3.55399999999983,-0.7466714860519887,0.12773493084381607,2.4345499843619596,-0.7453855077873542,0.11815612930374203,-0.001285978264634502,0.0785650644382227,38.259208433547194,38.33777349798542,30.809689254813946,7.440090432454381,30.81911800109281
3.55599999999983,-0.746411148787272,0.132601477397033,2.4319805585483447,-0.745139512568584,0.12299760938510056,-0.001271636218687977,0.08377876188226885,38.241926122218125,38.325704884100396,30.799853707885877,7.432238102696531,30.80968801952159
3.5579999999998297,-0.7461410836323248,0.13746278907097106,2.4293151223064964,-0.7448838440344565,0.12783426706376902,-0.001257239597868276,0.0889893809692563,38.22394520986245,38.31293459083171,30.78961309516575,7.424092377958303,30.799852831904147
3.5599999999998295,-0.7458613012488566,0.14231867394937195,2.4265537808632724,-0.7446185122109187,0.1326659117689052,-0.0012427890379379525,0.09419669483203386,38.20526619228412,38.29946288711616,30.778967598619843,7.4156535797732985,30.789612612510822
3.5619999999998293,-0.7455718126821973,0.14716894033021394,2.4236966432317057,-0.7443435275047009,0.13749235310888305,-0.001228285177496402,0.09940047697045151,38.18588958448677,38.285290061457225,30.76791740789809,7.406922041240447,30.778967543246324
3.563999999999829,-0.7452726293608595,0.1520133967332853,2.4207438222066977,-0.7440589007029421,0.14231340087939318,-0.0012137286579173567,0.10460050125632947,38.1658159207034,38.27041642195973,30.756462720378156,7.397898107010902,30.767917813692502
3.565999999999829,-0.7449637630960886,0.1568518519077422,2.4176954343605663,-0.7437646429727991,0.147128865071523,-0.0011991201232894877,0.10979654193768729,38.14504575442708,38.25484229636477,30.744603741210938,7.388582133274561,30.75646362115252
3.5679999999998286,-0.7446452260813957,0.16168411483965922,2.4145516000384437,-0.7434607658610395,0.15193855587981778,-0.0011844602203562316,0.11498837364339987,38.12357965844279,38.23856803208619,30.732340683367504,7.378974487746003,30.744605170696794
3.5699999999998284,-0.744317030892077,0.16650999475956854,2.4113124433535273,-0.7431472812936188,0.15674228371031995,-0.0011697495984581696,0.12017577138750957,38.10141822485993,38.221593996247435,30.719673767687723,7.36907554965004,30.73234267520989
3.571999999999828,-0.7439791904847163,0.1713293011499969,2.4079780921821747,-0.7428242015752416,0.16153985918858657,-0.0011549889094746302,0.12535851057405178,38.078562065146315,38.20392057572037,30.706603222930127,7.358885709706829,30.719676355439482
3.573999999999828,-0.7436317181966746,0.17614184375297862,2.4045486781588616,-0.7424915393889063,0.16633109316768377,-0.0011401788077682884,0.13053636700124716,38.055011810162846,38.185548177164094,30.693129285823225,7.348405370116503,30.70660644004634
3.5759999999998278,-0.7432746277455627,0.1809474325775721,2.4010243366709814,-0.742149307795434,0.17111579673615765,-0.001125319950128767,0.13570911686648368,38.03076811019904,38.16647722706553,30.67925220111846,7.337634944543306,30.693133165655738
3.5779999999998275,-0.7429079332287005,0.18574587790735902,2.397405206853502,-0.7417975202329821,0.17589378122598165,-0.0011104129957184572,0.1408765367707182,38.00583163501008,38.1467081717808,30.664972221644195,7.326574858099361,30.67925677691072
3.5799999999998273,-0.7425316491225593,0.1905369903079341,2.393691431583471,-0.7414361905165411,0.18066485822047837,-0.0010954586060182292,0.1460384037236001,37.98020307385396,38.12624147757756,30.650289608361525,7.315225547327902,30.66497752652605
3.581999999999827,-0.7421457902821915,0.19532058063438204,2.3898831574743786,-0.7410653328374166,0.18542883956221634,-0.0010804574447749182,0.151194495147986,37.95388313553034,38.10507763067832,30.63520463042106,7.303587460186117,30.650295675344225
3.583999999999827,-0.7417503719406434,0.20009646003875028,2.3859805348703635,-0.7406849617626948,0.19018553736088234,-0.0010654101779485892,0.156344588885316,37.92687254841992,38.08321713730524,30.619717565221364,7.291661056027504,30.635211492392415
3.5859999999998267,-0.7413454097083539,0.20486443997749623,2.3819837178402845,-0.7402950922346926,0.1949347640011262,-0.0010503174736613552,0.16148846320045485,37.899172060524734,38.06066052372519,30.603828698468455,7.279446805583779,30.619725254940953
3.5879999999998264,-0.7409309195725388,0.20962433221893592,2.377892864171635,-0.7398957395703918,0.19967633215038044,-0.0010351800021469737,0.16662589678695994,37.87078243950927,38.03740833629623,30.587538324236906,7.266945190946322,30.603837248562947
3.589999999999826,-0.7405069178965586,0.21437594885067404,2.3737081353643124,-0.7394869194608584,0.20441005476665308,-0.00101999843570022,0.17175666877249973,37.841704472742755,38.01346114151526,30.570846745032053,7.254156705547223,30.587547767195534
3.591999999999826,-0.7400734214192738,0.2191191022870219,2.369429696624245,-0.7390686479706459,0.2091357451062939,-0.001004773448627927,0.1768805587243033,37.81193896734193,37.98881952606624,30.553754271853443,7.241081854139839,30.57085711320209
3.593999999999826,-0.739630447254383,0.22385360527640213,2.3650577168568696,-0.7386409415371824,0.2138532167317338,-0.0009895057172005783,0.18199734665474088,37.78148675021466,37.9634840968694,30.536261224259725,7.227721152778875,30.553765597435785
3.5959999999998256,-0.7391780128897475,0.2285792709087462,2.360592368660459,-0.738203816970144,0.21856228351919757,-0.00097419591960346,0.1871068130272302,37.750348668104685,37.93745548113191,30.5183679304346,7.2140751288000695,30.536273539304613
3.5979999999998253,-0.7387161361867015,0.23329591262286514,2.3560338283193154,-0.7377572914505036,0.22326275982020127,-0.0009588447361978947,0.19220873876185596,37.71852558763676,37.91073432639862,30.500074727254088,7.200144320799442,30.518381266837316
3.599999999999825,-0.7382448353793463,0.23800334421382036,2.351382275796806,-0.7373013825310776,0.22795445971304226,-0.0009434528482686888,0.19730290210385193,37.68601839536278,37.88332129746663,30.481381960353428,7.185929278612033,30.50008911675075
3.601999999999825,-0.7377641290738308,0.24270137984027298,2.346637894728259,-0.7368361081341731,0.2326371984522405,-0.0009280209396577144,0.20238909399396543,37.65282799772809,37.855217091722054,30.462289984202712,7.17143056328865,30.48139743443944
3.6039999999998247,-0.7372740362476169,0.24738983403182088,2.341800872413716,-0.7363614865518009,0.23731079118609583,-0.0009125496958160006,0.20746708890285015,37.618955321511,37.826422410413855,30.44279916216896,7.156648747080053,30.46230657443095
3.6059999999998245,-0.7367745762487303,0.2520685216963191,2.336871399810537,-0.7358775364449001,0.24197505345041168,-0.0008970398038302685,0.2125366708185783,37.58440131313126,37.79693798394984,30.422909866592715,7.141584413405587,30.44281689972567
3.6079999999998242,-0.7362657687949963,0.2567372581271925,2.3318496715258563,-0.7353842768425892,0.24662980115539268,-0.0008814919524070541,0.2175976235163729,37.54916693935378,37.76676456287016,30.402622478860728,7.12623815683493,30.42292878251885
3.609999999999824,-0.735747633973262,0.26139585901071966,2.3267358858089104,-0.7348817271414207,0.25127485058423626,-0.0008659068318412899,0.2226497309719766,37.51325318709368,37.735902918065655,30.38193738947967,7.110610583064323,30.402642604029356
3.611999999999824,-0.7352201922386032,0.2660441404333145,2.321530244543203,-0.7343699071046268,0.25591001839695954,-0.0008502851339764472,0.22769277754506545,37.47666106347728,37.704353841022346,30.360854998151297,7.094702308892436,30.381958754584847
3.6139999999998236,-0.7346834644135162,0.2706819188887855,2.3162329532385373,-0.7338488368613539,0.26053512163640696,-0.000834627552162237,0.2327265480586438,37.43939159589743,37.67211814395608,30.339375713848334,7.078513962196057,30.360877633701378
3.6159999999998234,-0.7341374716870966,0.2753090112855805,2.310844221022904,-0.7333185369058837,0.26514997773512916,-0.0008189347812129766,0.2377508278349294,37.40144583206633,37.63919665990126,30.31749995489182,7.06204618190528,30.33939965016105
3.617999999999823,-0.7335822356142025,0.27992523495401317,2.305364260634225,-0.7327790280968385,0.2697544045225911,-0.0008032075173640685,0.24276540271390368,37.3628248400684,37.605590242782306,30.295228149028993,7.045299617978354,30.317525222090048
3.619999999999823,-0.7330177781146031,0.28453040765348,2.2997932884119505,-0.7322303316563735,0.2743482202324902,-0.0007874464582295904,0.24777005906485128,37.323529708412785,37.57129976747763,30.272560733512336,7.028274931375994,30.29525477703679
3.6219999999998227,-0.7324441214721141,0.28912434757964667,2.2941315242885265,-0.7316724691693534,0.27893124351010057,-0.0007716523027607725,0.25276458379500766,37.28356154608639,37.536326129881395,30.249498155179747,7.010972794035324,30.272588752051067
3.6239999999998225,-0.7318612883337174,0.2937068733716311,2.288379191780706,-0.7311054625825142,0.28350329341960867,-0.000755825751203254,0.2577487643577936,37.242921482607805,37.5006702469656,30.226040870535066,6.993393888843462,30.24952759376434
3.6259999999998223,-0.7312693017086674,0.29827780411916155,2.2825365179807267,-0.7305293342036113,0.28806418945142875,-0.0007399675050561161,0.2627223887604069,37.20161066808066,37.46433305684107,30.202189345830107,6.975538909610465,30.226071758470194
3.627999999999822,-0.7306681849675825,0.3028369593697188,2.276603733547346,-0.7299441067005523,0.2926137515294937,-0.0007240782670301371,0.2676852455715739,37.15963027324858,37.42731551882015,30.177944057146973,6.957408561042093,30.20222171220649
3.629999999999822,-0.7300579618415224,0.30738415913565875,2.270581072696737,-0.7293498031005153,0.29715180001851893,-0.0007081587410070478,0.27263712392928796,37.11698148954954,37.389618613478824,30.153305490481646,6.939003558711906,30.177977930837635
3.6319999999998216,-0.7294386564210509,0.3119192239013233,2.2644687731932334,-0.7287464467890529,0.3016781557312407,-0.0006922096319980087,0.27757781354897926,37.073665529171336,37.351243342720316,30.12827414182798,6.920324629033134,30.1533409001382
3.6339999999998214,-0.7288102931552859,0.3164419746301195,2.2582670763399557,-0.7281340615091816,0.30619263993562734,-0.0006762316461043083,0.2825071047309724,37.0296836251069,37.31219072983787,30.10285051726276,6.901372509229969,30.128311115876933
3.635999999999821,-0.7281728968509331,0.32095223277159274,2.251976226969277,-0.7275126713604575,0.3106950743620644,-0.0006602254904756188,0.28742478836900176,36.98503703121033,37.272461819579334,30.07703513303126,6.882147947308543,30.102889083901786
3.637999999999821,-0.7275264926713071,0.32544982026847447,2.2455964734331584,-0.7268823007980365,0.31518528121051353,-0.0006441918732705831,0.2923306559582828,36.93972702225294,37.23205767821122,30.050828515633665,6.8626517020273665,30.077075320225575
3.6399999999998207,-0.7268711061353385,0.32993455956371,2.2391280675933474,-0.7262429746317212,0.31966308315764613,-0.0006281315036172908,0.29722449960354,36.89375489397978,37.19097939358332,30.024231201912023,6.842884542867471,30.05087035111231
3.6419999999998205,-0.726206763116565,0.3344062736074737,2.2325712648114275,-0.7255947180249933,0.32412830336395027,-0.0006120450915716447,0.30210611202779236,36.847121963166224,37.14922807519402,29.99724373913793,6.82284725000199,30.024274713164232
3.6439999999998203,-0.7255334898421116,0.33886478586415064,2.225926323938747,-0.7249375564940317,0.3285807654808135,-0.0005959333480799467,0.30697528658034323,36.799829567674905,37.10680485425525,29.969866685100875,6.802540614265426,29.99728895340948
3.64599999999982,-0.7248513128916545,0.3433099203193111,2.2191935073061937,-0.7242715159067166,0.3330202936575786,-0.0005797969849379303,0.31183181724539044,36.75187906651292,37.06371088375831,29.942100608196988,6.781965437122493,29.969913629390426
3.64799999999982,-0.7241602591963716,0.3477415014866581,2.21237308071384,-0.7235966224816194,0.33744671254857556,-0.0005636367147522359,0.3166754986505804,36.703271839888906,37.01994733853949,29.9139460875185,6.7611225306364195,29.942149309252486
3.6499999999998196,-0.7234603560378794,0.3521593544149553,2.205465313420449,-0.7229129027869792,0.34185984732012736,-0.0005474532509002206,0.32150612607559137,36.654009289270576,36.975515415346166,29.885403712943642,6.7400127174370095,29.913996571833565
3.6519999999998194,-0.7227516310471565,0.3565633046949323,2.198470478132848,-0.7222203837396641,0.34625952365753065,-0.0005312473074923219,0.3263234954606431,36.60409283744206,36.9304163329027,29.85647408522709,6.718636830688135,29.885456006753927
3.653999999999819,-0.7220341122034515,0.36095317846617536,2.1913888509951525,-0.7215190926041201,0.35064556777201183,-0.0005150195993314233,0.33112740341542324,36.55352392856162,36.88465133197704,29.827157816090796,6.696995714054875,29.85652821450674
3.655999999999819,-0.7213078278331799,0.3653288024239834,2.1842207115778787,-0.7208090569913047,0.3550178064076576,-0.0004987708418752179,0.3359176472274583,36.502304028219164,36.838221675446626,29.797455528315226,6.675090221670312,29.827213806548855
3.6579999999998187,-0.7205728066088053,0.3696900038262149,2.1769663428668964,-0.720090304857608,0.3593760668483203,-0.0004825017511972396,0.34069402487102884,36.45043462349377,36.7911286483648,29.767367855831175,6.652921218101711,29.79751340539206
3.6599999999998185,-0.7198290775477069,0.37403661050010595,2.1696260312522613,-0.7193628645037591,0.36372017692449854,-0.00046621304394778296,0.3454563350159512,36.39791722301152,36.74337355802747,29.736895443811722,6.6304895783165625,29.767427644694955
3.6619999999998183,-0.7190766700110345,0.3783684508490678,2.1622000665169074,-0.7186267645737187,0.3680499650201934,-0.0004499054373158229,0.350204377036305,36.344753357002844,36.69495773403915,29.70603894876459,6.607796187647974,29.736957169354874
3.663999999999818,-0.7183156137025497,0.3826853538594594,2.154688741825209,-0.7178820340532682,0.3723652602251895,-0.0004335796492814792,0.35493795101911085,36.290944577360065,36.645882528379175,29.674799038624784,6.584841941759784,29.70610263560028
3.665999999999818,-0.717545938667452,0.38698714910734416,2.1470923537113995,-0.7171287022700146,0.376665891626824,-0.0004172363974374038,0.3596568548063428,36.236492457694645,36.59614931250099,29.64317639284627,6.561627746611204,29.674864711083444
3.6679999999998176,-0.7167676752911939,0.39127366676521025,2.1394112020678757,-0.7163667988906545,0.38095168968005616,-0.0004008764005394294,0.36436089853186027,36.181398593269805,36.54575949180167,29.611171702500556,6.538154518419736,29.643244074850067
3.6699999999998174,-0.7159808542982811,0.3955447376086803,2.1316455901333535,-0.7155963539206653,0.38522248499458656,-0.0003845003776157263,0.36904987704716286,36.12566460166697,36.49471447871413,29.57878567036215,6.514423183630481,29.611241418036485
3.671999999999817,-0.7151855067510589,0.3998001930231907,2.1237958244808945,-0.7148173977030633,0.38947810880104455,-0.0003681090479955573,0.37372359449338033,36.069292121687674,36.44301571618105,29.54601901100641,6.490434678871949,29.578857442815725
3.673999999999817,-0.7143816640484869,0.40403986501064804,2.1158622150058064,-0.7140299609171867,0.39371839293826544,-0.00035170313130017394,0.378381855107347,36.012282814438144,36.390664669545494,29.51287245090294,6.466189950923245,29.546092863514897
3.6759999999998167,-0.7135693579248987,0.4082635861960607,2.107845074913408,-0.7132340745774837,0.39794316985151823,-0.0003352833474150607,0.38302446361350606,35.95463836299834,36.33766282661185,29.479346728509093,6.441689956676399,29.51294840632194
3.6779999999998165,-0.7127486204487486,0.41247118983415076,2.0997447207066595,-0.7124297700322922,0.402152272595686,-0.00031885041645640655,0.38765122539965446,35.89636047249613,36.28401169789578,29.445442594363726,6.416935663098453,29.47942480939767
3.6799999999998163,-0.7119194840213473,0.4166625098159299,2.0915614721736757,-0.7116170789626112,0.40634553484051117,-0.00030240505873613266,0.39226194659386593,35.83745087016998,36.22971281676385,29.41116081118105,6.3919280471932876,29.44552282297669
3.681999999999816,-0.7110819813755811,0.42083738067526205,2.083295652375097,-0.7107960333808578,0.4105227908766642,-0.0002859479947232568,0.3968564341010328,35.77791130542706,36.17476773952809,29.376502153944315,6.366668095963063,29.411243209464
3.683999999999816,-0.7102361455746204,0.4249956375953942,2.074947587631337,-0.7099666656296136,0.4146838756221226,-0.00026947994500681194,0.40143449562207834,35.71774354989899,36.11917804552107,29.341467409999858,6.34115680636926,29.376586743529728
3.6859999999998156,-0.7093820100106144,0.42913711641546315,2.066517607509696,-0.7091290083803563,0.418828624628655,-0.0002530016302580984,0.4059959396666568,35.65694939749704,36.0629453371637,29.30605737915054,6.315395185293408,29.34155421220363
3.6879999999998154,-0.7085196084033728,0.4332616536369752,2.058006044811358,-0.7082830946321796,0.42295687408832666,-0.00023651377119315864,0.4105405755631053,35.59553066446599,36.006071240029094,29.27027287374951,6.289384249497307,29.30614641496868
3.689999999999815,-0.707648974799034,0.4373690864302658,2.0494132355582395,-0.7074289577104996,0.4270684608399979,-0.0002200170885343633,0.4150682134679129,35.53348918943786,35.94855740290577,29.234114718793617,6.26312502558295,29.270364163854907
3.691999999999815,-0.7067701435687221,0.44145925264091984,2.040739518979738,-0.706566631265748,0.4311632223758002,-0.00020351230297410705,0.4195786643739363,35.47082683348495,35.890405497858886,29.197583752016715,6.236618549952033,29.234208283532915
3.6939999999998148,-0.7058831494071893,0.44553199079617894,2.0319852374993337,-0.7056961492720528,0.4352409968475877,-0.00018700013513650582,0.42407174011931725,35.40754548017222,35.831617220291534,29.160680823982776,6.2098658687650685,29.19767961140715
3.6959999999998145,-0.7049880273314464,0.44958714011131434,2.0231507367210684,-0.7048175460259061,0.4393016230733624,-0.00017048130554031538,0.428547253395819,35.343647035609216,35.772194289005036,29.123406798178614,6.182868037900149,29.16077899770907
3.6979999999998143,-0.7040848126793801,0.4536245404959747,2.014236365415907,-0.7039308561448188,0.4433449405436711,-0.00015395653456129477,0.4330050177574496,35.27913342850116,35.712138446258614,29.085762551106527,6.155626122911236,29.12350730558993
3.699999999999814,-0.7031735411083586,0.45764403256050473,2.005242475507966,-0.7030361145659628,0.44737078942797576,-0.000137426542395791,0.43744484762870295,35.214006610199625,35.65145145782833,29.047748972376503,6.128141198986197,29.08586541121343
3.701999999999814,-0.7022542485938228,0.46164545762224257,1.9961694220606145,-0.7021333565448008,0.45137901058099544,-0.00012089204902199224,0.4418665583133419,35.148268554752306,35.59013511306565,29.009366964798108,6.100414350904355,29.047854203847947
3.7039999999998137,-0.7013269714278673,0.465628657711777,1.9870175632624698,-0.7012226176537028,0.45536944554902187,-0.00010435377416451175,0.4462699660023395,35.08192125895218,35.52819122495452,28.970617444471987,6.072446672993714,29.009474585958465
3.7059999999998134,-0.7003917462178066,0.46959347557918907,1.9777872604132465,-0.7003039337782289,0.45934193773696713,-8.781243957778351e-05,0.45065488778256557,35.014966742385944,35.465621630168506,28.93150134088083,6.044239269087816,28.970727473298126
3.7079999999998132,-0.6994486098847311,0.47353975470025805,1.9684788779094964,-0.6993773411126093,0.46329633280979393,-7.126877212182414e-05,0.45502111796536626,34.94740704748138,35.40242816544674,28.89201959695514,6.015793252482151,28.931613794999222
3.709999999999813,-0.6984975996620479,0.47746733928264135,1.959092783230222,-0.6984428761586958,0.4672324769567221,-5.472350335211651e-05,0.45936841956921937,34.87924423897101,35.33861265854023,28.8521731691307,5.987109745885572,28.892134493085443
3.711999999999813,-0.6975387530940128,0.4813760742720238,1.9496293469223727,-0.6975005757249119,0.47115021689199704,-3.81773691009446e-05,0.46369655924263675,34.81048040367799,35.27417696292063,28.81196302744472,5.958189881369772,28.852290522308223
3.7139999999998126,-0.6965721080342457,0.4852658053582429,1.9400889425862042,-0.6965504769251754,0.4750493998682674,-2.163110907038579e-05,0.4680053074581414,34.74111765137134,35.20912295882948,28.771390155631586,5.929034800325447,28.812082851045894
3.7159999999998123,-0.6955977026442388,0.4891363789813746,1.9304719468605467,-0.6955926171777956,0.47892987368983486,-5.085466443177644e-06,0.47229443844945207,34.6711581148242,35.143452553273654,28.730455551217457,5.899645653418248,28.771512461405955
3.717999999999812,-0.6946155753918484,0.49298764233779974,1.9207787394079248,-0.6946270342043442,0.482791486725692,1.145881249586811e-05,0.4765637301487502,34.60060394986494,35.07716768001369,28.689160225614433,5.870023600544166,28.730580349320775
3.719999999999812,-0.6936257650497768,0.4968194433862354,1.9110097028995712,-0.6936537660284996,0.486634087922327,2.8000978722797498e-05,0.48081296412435637,34.52945733542731,35.010270299551664,28.64750520421319,5.840169810784696,28.689287524642612
3.7219999999998117,-0.6926283106940414,0.5006316308537374,1.9011652230003193,-0.692672850974867,0.49045752681629695,4.4540280825566825e-05,0.4850419255198468,34.45772047359852,34.942762399118365,28.605491526475113,5.810085462361401,28.64763501123712
3.7239999999998115,-0.6916232517024327,0.5044240542416708,1.891245688353383,-0.6916843276677739,0.49426165354657325,6.10759653412174e-05,0.489250402994339,34.38539558966658,34.874645992660916,28.563120246023374,5.779771742590277,28.605623847076302
3.7259999999998112,-0.6906106277529579,0.5081965638316563,1.8812514905649989,-0.6906882350300405,0.49804631886666556,7.760727708261417e-05,0.49343818866485867,34.31248493216579,34.80592312083065,28.520392430732727,5.749229847835606,28.56325508433018
3.727999999999811,-0.6895904788222772,0.5119490106914735,1.8711830241889855,-0.6896846122817274,0.5018113741565304,9.413345945019636e-05,0.4976050780488206,34.238990772920815,34.736595850969636,28.47730916281867,5.71846098346346,28.520529789457353
3.729999999999811,-0.6885628451841235,0.5156812466809457,1.861040686711156,-0.6886734989388589,0.5055566714342716,0.0001106537547354014,0.50175087000909,34.16491540708943,34.66666627709852,28.433871538925214,5.6874663637948375,28.47744904329459
3.7319999999998106,-0.6875277674077132,0.5193931244577867,1.850824878533627,-0.6876549348121236,0.5092820633676394,0.00012716740441043317,0.5058753666994464,34.0902611532036,34.59613651990305,28.39008067021176,5.656247212058383,28.434013941145217
3.7339999999998104,-0.6864852863561446,0.5230844974834176,1.8405360029590134,-0.686628960005553,0.512987403285333,0.00014367364940837124,0.5099783735113639,34.01503035320916,34.52500872672053,28.345937682438723,5.624804760342748,28.390225592866415
3.73599999999981,-0.6854354431847849,0.526755220028751,1.8301744661745085,-0.6855956149149094,0.51667254532181,0.00016017173012450314,0.5140596990219737,33.93922537250377,34.45328507152574,28.301443716052063,5.593140249548596,28.346085122955174
3.73799999999981,-0.6843782793396443,0.530405147179948,1.8197406772358367,-0.6845549402273674,0.5203373437710113,0.00017666088772305688,0.5181191522157702,33.862848599973425,34.38096775218919,28.25659992626554,5.561254929340117,28.30159367063331
3.7399999999998097,-0.6833138365557416,0.5340341348441335,1.8092350480511226,-0.6835069769186672,0.5239816543500584,0.00019314036292561454,0.5221565557876007,33.78590244786961,34.30805900365721,28.211407483147518,5.529150058095309,28.2567523897743
3.7419999999998095,-0.6822421568554552,0.5376420397550882,1.798657993364618,-0.6824517662524892,0.5276053330890608,0.00020960939703396075,0.526171720743005,33.708389352614596,34.234561073357604,28.165867571695138,5.496826902861003,28.21156244975359
3.7439999999998093,-0.6811632825468648,0.5412287194789039,1.7880099307403312,-0.6813893497789619,0.5312082367636158,0.00022606723209717128,0.5301644689217433,33.63031177336717,34.16047624228891,28.119981391917733,5.46428673929746,28.166025034069712
3.745999999999809,-0.6800772562220806,0.5447940324196068,1.7772912805455423,-0.6803197693331873,0.5347902228873015,0.00024251311110667917,0.5341346244960854,33.55167219336076,34.08580681785684,28.073750158914898,5.431530851631694,28.120141341729067
3.747999999999809,-0.6789841207555627,0.5483378378247454,1.7665024659342106,-0.6792430670337593,0.538351149714006,0.000258946278196559,0.5380820142737952,33.47247311943677,34.01055513371057,28.027175102953436,5.398560532607018,28.073912586829756
3.7499999999998086,-0.677883919302427,0.5518599957909526,1.7556439128302574,-0.6781592852812699,0.5418908762446892,0.000275365978842923,0.5420064678053871,33.39271708209484,33.93472354990023,27.980257469542984,5.365377083432261,28.02733999866258
3.7519999999998084,-0.6767766952967432,0.5553603672694616,1.7447160499107697,-0.6770684667567981,0.5454092622359197,0.0002917714600548793,0.5459078174007814,33.312406635526656,33.85831445292744,27.932998519510363,5.331981813730909,27.980424821795747
3.753999999999808,-0.6756624924498194,0.5588388140716,1.7337193085890636,-0.67597065442038,0.5489061682090521,0.00030816197056060535,0.5497858981093562,33.23154435764241,33.78133025575177,27.885399529072576,5.298376041489699,27.933168316152717
3.755999999999808,-0.674541354748476,0.5622951988742442,1.7226541229976577,-0.6748658915094607,0.5523814554595782,0.0003245367609847616,0.5536405476846351,33.150132850093414,33.70377339777805,27.83746178990819,5.264561093007024,27.885571757086392
3.7579999999998077,-0.6734133264533102,0.5657293852252394,1.7115209299711354,-0.6737542215373278,0.5558349860664625,0.0003408950840175784,0.5574716065433338,33.068174738291795,33.625646344835125,27.78918660922752,5.2305383028409125,27.837636435450882
3.7599999999998075,-0.6722784520969467,0.569141237548791,1.7003201690288876,-0.672635688291525,0.5592666229013944,0.00035723619457828093,0.561278917722785,32.98567267142829,33.54695158915108,27.740575309841283,5.196309013756649,27.78936365767164
3.7619999999998073,-0.6711367764822825,0.5725306211508098,1.6890522823577812,-0.6715103358322492,0.5626762296379287,0.00037355934996663454,0.565062326836796,32.902629322488075,33.46769164932487,27.691629230227548,5.161874576674196,27.740754745813877
3.763999999999807,-0.6699883446807159,0.5758974022242351,1.677717714794688,-0.6703782084907282,0.5660636707605089,0.0003898638100122698,0.5688216820327852,32.81904738826451,33.38786907029729,27.642349724597338,5.12723635061508,27.69181103764943
3.765999999999807,-0.6688332020303679,0.579241447854315,1.6663169138089278,-0.6692393508675815,0.569428811573368,0.0004061488372135713,0.5725568339481746,32.734929589370815,33.30748642331899,27.59273816295874,5.092395702649039,27.642533886721775
3.7679999999998066,-0.6676713941342924,0.5825626260238537,1.6548503294846015,-0.6680938078311628,0.5727715182093135,0.0004224136968703496,0.5762676356675178,32.650278670250344,33.226546305917864,27.54279593117913,5.0573540078403845,27.592924662409963
3.7699999999998064,-0.6665029668586764,0.585860805618423,1.6433184145028286,-0.666941624515886,0.576091657638393,0.000438657657209629,0.579953942679472,32.565097399184204,33.14505134186368,27.492524431046128,5.02211264919391,27.542984749990293
3.771999999999806,-0.6653279663310272,0.589135856431542,1.6317216241238595,-0.6657828463205331,0.5793890976764455,0.00045487998950588526,0.5836156128347425,32.47938856829735,33.063004181132094,27.44192508032669,4.986673017600523,27.492715550696833
3.773999999999806,-0.664146438938354,0.592387649169811,1.6200604161691248,-0.664617518906546,0.5826637069935388,0.0004710799681919564,0.5872525063031242,32.39315499356256,32.980407499865684,27.39099931282464,4.951036511782615,27.44211848177995
3.7759999999998057,-0.6629584313253354,0.5956160554580211,1.6083352510031474,-0.6634456881963013,0.585915355122294,0.0004872568709659575,0.5908644855317635,32.30639951480232,32.89726400033408,27.339748578436435,4.915204538239003,27.391194976563316
3.7779999999998055,-0.6617639903924775,0.5988209478442197,1.5965465915153718,-0.6622674003713691,0.5891439124661015,0.0005034099788916446,0.5944514152032898,32.219124995688674,32.81357641089196,27.28817434320537,4.879178511189594,27.33994648449908
3.7799999999998053,-0.6605631632942631,0.6020021998047431,1.5846949031018887,-0.6610827018707547,0.5923492503072241,0.0005195385764915628,0.5980131621940288,32.13133432374114,32.72934748593517,27.236278089373766,4.842959852519758,27.28837447122139
3.781999999999805,-0.6593559974372905,0.6051596857492102,1.5727806536470668,-0.6598916393891251,0.5955312408147919,0.0005356419518346422,0.6015495955325689,32.043030410322196,32.64458000585476,27.18406131543376,4.806549991724305,27.236480418597893
3.783999999999805,-0.6581425404783998,0.6082932810254841,1.5608043135050673,-0.6586942598750197,0.5986897570526909,0.0005517193966199097,0.6050605863588987,31.9542161906311,32.55927677699,27.131525536176,4.7699503658512175,27.184265824779885
3.7859999999998046,-0.6569228403227946,0.6114028619245881,1.5487663554812956,-0.657490610529045,0.6018246729873405,0.0005677702062504286,0.6085460078829752,31.86489462369523,32.47344063157821,27.078672282736683,4.733162419445067,27.131732204250163
3.7879999999998044,-0.6556969451221483,0.6144883056855928,1.5366672548137226,-0.6562807388020543,0.604935863495365,0.0005837936799060195,0.612005735344392,31.775068692359365,32.38707442770376,27.025503102642723,4.696187604490074,27.07888108786929
3.789999999999804,-0.6544649032727043,0.6175494905004615,1.524507489154125,-0.655064692393312,0.6080232043711574,0.0005997891206076522,0.615439645971918,31.684741403272866,32.300181049244785,26.97201955985509,4.659027380352901,27.025714022919963
3.791999999999804,-0.6532267634133656,0.6205862955188592,1.5122875385492307,-0.6538425192486433,0.6110865723343343,0.0006157558352777315,0.6188476189433145,31.593915786874643,32.21276340581796,26.91822323481025,4.62168321372513,26.972232573149512
3.7939999999998038,-0.6519825744237738,0.6235986008529231,1.500007885421769,-0.6526142675585692,0.6141258450370853,0.0006316931347953858,0.6222295353456775,31.502594897375882,32.12482443272156,26.864115724459673,4.584156578565451,26.91843831881043
3.7959999999998035,-0.6507323854223793,0.6265862875819979,1.4876690145514124,-0.6513799857564264,0.6171409010714125,0.0006476003340470937,0.6255852781362292,31.410781812740446,32.036367090876674,26.809698642307435,4.546448956041474,26.864332856698972
3.7979999999998033,-0.6494762457645036,0.6295492377573265,1.4752714130556586,-0.6501397225164739,0.6201316199762621,0.0006634767519703155,0.6289147321028477,31.318479634663223,31.94739436676607,26.754973618446012,4.508561834471398,26.809917800191826
3.799999999999803,-0.6482142050403893,0.6324873344067095,1.4628155703705867,-0.6488935267519848,0.6230978822445482,0.0006793217115954597,0.632217783825868,31.225691488546197,31.857909272372066,26.69994229958985,4.470496709265245,26.755194779280952
3.801999999999803,-0.6469463130732434,0.6354004615391219,1.4503019782315378,-0.6476414476133247,0.6260395693300673,0.0006951345400812992,0.6354943216397535,31.13242052347208,31.767914845111836,26.6446063491072,4.432255082865869,26.700165440606213
3.8039999999998027,-0.6456726199172698,0.6382885041492925,1.4377311306537033,-0.646383534486016,0.6289565636543025,0.0007109145687462792,0.6387442355954809,31.03866991217579,31.677414147771273,26.588967447049747,4.393838464689664,26.644831447486126
3.8059999999998024,-0.6443931758556937,0.6411513482222435,1.4251035239126237,-0.6451198369887898,0.6318487486131188,0.0007266611330961625,0.6419674174232948,30.944442851013537,31.586410268436833,26.53302729018045,4.355248371066975,26.589194479946563
3.807999999999802,-0.6431080313987751,0.6439888807377946,1.4124196565245852,-0.6438504049716232,0.6347160085833473,0.0007423735728480096,0.6451637604964522,30.849742559929766,31.494906320426217,26.476787591999106,4.316486325182247,26.53325623474752
3.809999999999802,-0.6418172372818172,0.6468009896750195,1.3996800292269564,-0.6425752885137647,0.6375582289292587,0.0007580512319474986,0.6483331597946429,30.754572282421556,31.4029054422162,26.420250082765957,4.277553857013906,26.47701842540765
3.8119999999998018,-0.6405208444631614,0.649587564016673,1.3868851449584103,-0.6412945379217468,0.6403752960089252,0.0007736934585854671,0.6514755118689419,30.658935285500707,31.31041079736965,26.363416509523276,4.238452503273908,26.4204827822268
3.8139999999998015,-0.6392189041221763,0.652348493753571,1.3740355088390688,-0.6400082037273859,0.64316709718047,0.0007892996052095702,0.654590714807024,30.562834859653695,31.21742557446072,26.306288636114736,4.19918380734708,26.363651052306615
3.8159999999998013,-0.6379114676572375,0.6550836698889352,1.3611316281505639,-0.6387163366857694,0.6459335208082062,0.0008048690285319404,0.6576786681989777,30.466274318798867,31.123952986997843,26.248868243202754,4.15974931923013,26.306524999568737
3.817999999999801,-0.6365985866836982,0.6577929844426943,1.348174012316014,-0.6374189877732321,0.6486744562686604,0.000820401089533962,0.660739273104014,30.36925700024161,31.029996273345624,26.191157128283695,4.120150595470448,26.24910640477116
3.819999999999801,-0.6352803130318505,0.6604763304557504,1.3351631728798978,-0.6361162081853192,0.6513897939564849,0.0008358951534687131,0.663772432018126,30.271786264626968,30.935558696645096,26.133157105700903,4.080389199104572,26.191397065522395
3.8219999999998007,-0.6339566987448813,0.6631336019941967,1.322099623487882,-0.6348080493347387,0.6540794252902569,0.0008513505898574136,0.6667780488418296,30.17386549588979,30.84064354473162,26.074870006655573,4.040466699596482,26.133398796293307
3.8239999999998004,-0.6326277960768163,0.6657646941535028,1.3089838798665276,-0.6334945628493024,0.6567432427181621,0.0008667667724860939,0.6697560288493931,30.07549810120267,30.74525413005206,26.016297679215505,4.000384672775536,26.075113428427134
3.8259999999998002,-0.6312936574904573,0.6683695030626556,1.295816459802936,-0.6321758005698552,0.6593811397235668,0.0008821430793979346,0.67270627865889,29.976687510921202,30.649393789580092,25.957441988321545,3.960144700774237,26.016542810146966
3.8279999999998,-0.6299543356553113,0.6709479258882594,1.2825978831243046,-0.6308518145481943,0.6619930108304751,0.0008974788928829414,0.6756287062026289,29.87743717852699,30.55306588472962,25.898304815791988,3.919748371965663,25.957688806561325
3.8299999999998,-0.6286098834455116,0.6734998608385953,1.2693286716774101,-0.6295226570449766,0.6645787516088721,0.0009127735994649555,0.6785232206989367,29.77775058056818,30.456273801267116,25.838888060324592,3.879197280900741,25.89855329966744
3.8319999999997996,-0.6272603539377284,0.6760252071676424,1.2560093493079931,-0.6281883805276166,0.6671382586799549,0.0009280265898882201,0.6813897326250395,29.6776312165974,30.35902094922244,25.779193637496483,3.8384930282451273,25.839138188352273
3.8339999999997993,-0.6259058004090763,0.6785238651790511,1.2426404418400978,-0.6268490376681741,0.6696714297212483,0.00094323725909784,0.6842281536899875,29.577082609107514,30.2613107627975,25.71922347976181,3.7976372207160627,25.77944538839145
3.835999999999799,-0.6245462763350094,0.6809957362300815,1.2292224770553002,-0.6255046813412309,0.6721781634716092,0.0009584050062215743,0.6870383968096161,29.476108303464574,30.16314670027419,25.658979536447035,3.7566314710187534,25.71947683244582
3.837999999999799,-0.6231818353872102,0.6834407227354969,1.2157559846718744,-0.6241553646217587,0.6746583597361177,0.0009735292345485203,0.6898203760819088,29.374711867838656,30.064532243920564,25.598463773744086,3.7154773977826716,25.659234470055985
3.8399999999997987,-0.6218125314314709,0.6858587281714168,1.202241496323881,-0.622801140782977,0.6771119193908557,0.0009886093515061312,0.6925740067635489,29.272896893131794,29.965470899895344,25.53767817470113,3.674176625497531,25.598720267634263
3.8419999999997985,-0.6204384185255676,0.6882496570791261,1.1886795455401842,-0.6214420632942018,0.6795387443875752,0.0010036447686342376,0.6952992052472906,29.170666992903847,29.86596619815114,25.476624739211193,3.6327307844490933,25.537936208454752
3.8439999999997982,-0.6190595509171242,0.6906134150688467,1.1750706677233709,-0.6200781858186853,0.6819387377582548,0.0010186349015611773,0.6979958890409588,29.068025803295566,29.766021692336523,25.415305483998257,3.5911415106546696,25.476884292640896
3.845999999999798,-0.6176759830414731,0.69294990882346,1.1614154001286392,-0.6187095622114462,0.6843118036195467,0.0010335791699731534,0.7006639767465561,28.964976982949292,29.66564095969585,25.35372244260132,3.549410445798483,25.41556653715081
3.847999999999798,-0.616287769519505,0.6952590461021931,1.147714281842572,-0.617336246517092,0.6866578471771158,0.0010484769975869224,0.7033033880411699,28.861524212927165,29.564827600968336,25.291877665355877,3.507539237166737,25.35398497576043
3.8499999999997976,-0.614894965155513,0.6975407357442605,1.1339678537618594,-0.6159582929676323,0.6889767747298688,0.0010633278121192635,0.7059140436586842,28.757671196626713,29.463585240285397,25.229773219373293,3.465529537582477,25.292141659044237
3.8519999999997974,-0.6134976249350282,0.6997948876724616,1.1201766585719442,-0.6145757559802841,0.69126849367408,0.0010781310452558923,0.7084958653726603,28.653421659694036,29.361917525066698,25.16741118851769,3.4233830053402463,25.23003865435379
3.853999999999797,-0.6120958040226505,0.7020214128967376,1.1063412407256021,-0.6131886901552693,0.693532912507408,0.00109288613261882,0.7110487759798745,28.548779349934435,29.25982812591431,25.104793673380627,3.38110130414054,25.167678045793895
3.855999999999797,-0.6106895577598684,0.7042202235176862,1.092462146421432,-0.6117971502736037,0.695769940832811,0.0011075925137352671,0.7135726992857427,28.44374803722047,29.15732073650621,25.041922791253164,3.33868610302396,25.10506193419651
3.8579999999997967,-0.6092789416628768,0.7063912327300286,1.0785399235823159,-0.610401191294879,0.6979794893623588,0.001122249632002248,0.7160675600897393,28.33833151339747,29.05439907348721,24.97880067609604,3.2961390763052933,25.042192437092176
3.8599999999997965,-0.6078640114203838,0.7085343548260382,1.0645751218337731,-0.6090008683550371,0.7001614699209432,0.001136856934653263,0.7185332841726288,28.232533592186794,28.951066876359423,24.91542947850694,3.253461903507289,24.979071688679504
3.8619999999997963,-0.6064448228914128,0.7106495051989246,1.0505682924822648,-0.6075962367641373,0.7023157954498896,0.0011514138727245493,0.7209697982844898,28.126358109086027,28.847327907370516,24.85181136568587,3.210656269294228,24.9157018397918
3.863999999999796,-0.6050214321030971,0.7127366003461718,1.0365199884934342,-0.6061873520041163,0.7044423800104707,0.001165919901019219,0.723377030133685,28.01980892126726,28.743185951400946,24.7879485213978,3.167723863405365,24.852085057861895
3.865999999999796,-0.6035938952484671,0.7147955578728387,1.0224307644702604,-0.6047742697265417,0.7065411387873239,0.0011803744780746195,0.7257549083772119,27.912889907472234,28.638644815849446,24.72384314593322,3.1246663805880455,24.788223526884188
3.8679999999997956,-0.6021622686842338,0.7168262964948067,1.0083011766311873,-0.6033570457503581,0.7086119880917753,0.001194777066124253,0.7281033626112254,27.805604967905467,28.533708330516692,24.659497456066067,3.081485520530784,24.724119447374683
3.8699999999997954,-0.6007266089285627,0.7188287360419922,0.994131782788149,-0.6019357360596279,0.7106548453650701,0.0012091271310652463,0.7304223233634222,27.69795802412446,28.42838034748788,24.594913685009427,3.0381829877960205,24.65977503632844
3.871999999999795,-0.5992869726588427,0.7208027974615109,0.9799231423245525,-0.6005103968012648,0.7126696291815142,0.0012234241424221581,0.7327117220858637,27.589953018927602,28.322664741013465,24.530094082368823,2.994760491752748,24.595192527174852
3.873999999999795,-0.5978434167094486,0.7227484028207978,0.9656758161731941,-0.5990810842827617,0.7146562592515258,0.001237667573313117,0.7349714911489125,27.481593916239365,28.216565407388277,24.465040914093123,2.9512197465089214,24.530374169730443
3.8759999999997947,-0.5963959980694981,0.7246654753106843,0.9513903667941191,-0.5976478549699126,0.7166146564246019,0.0012518569004145164,0.7372015638359075,27.37288470099321,28.110086264829118,24.39975646242292,2.907562470843736,24.465322230149475
3.8779999999997945,-0.5949447738805996,0.726553939248432,0.9370673581524003,-0.5962107654845282,0.7185447426922007,0.0012659916039285957,0.7394018743391917,27.26382937901148,28.00323125335067,24.334243025836738,2.863790388139596,24.400038990871884
3.8799999999997943,-0.5934898014346,0.7284137200807179,0.922707355695898,-0.5947698726021472,0.72044644119054,0.0012800711675472476,0.7415723577559996,27.15443197688337,27.89600433463937,24.268502918994763,2.819905226314099,24.33452675056927
3.881999999999794,-0.5920311381713198,0.7302447443865792,0.9083109263329209,-0.5933252332497405,0.7223196762033173,0.0012940950784207095,0.7437129500862616,27.044696541839947,27.78840949192621,24.202538472679997,2.7759087177516766,24.26878782408827
3.883999999999794,-0.5905688416762872,0.7320469398803113,0.8938786384098495,-0.5918769045034118,0.7241643731643506,0.0013080628271245898,0.7458235882305431,26.934627141626624,27.680450729857167,24.136352033737353,2.7318025992351243,24.2028245423915
3.8859999999997936,-0.5891029696784639,0.7338202354143221,0.8794110616886991,-0.5904249435860915,0.7259804586601445,0.0013219739076276715,0.7479042099890143,26.824227864373395,27.572132074362408,24.069945965010078,2.6875886118769676,24.136639252496426
3.8879999999997934,-0.5876335800479668,0.7355645609819396,0.8649087673246304,-0.5889694078652268,0.7277678604323816,0.001335827817259938,0.749954754060842,26.713502818462196,27.463457572523037,24.003322645273986,2.6432685010506427,24.070234317411554
3.889999999999793,-0.5861607307937818,0.7372798477201784,0.8503723278433845,-0.5875103548504661,0.7295265073803427,0.001349624056684262,0.7519751600449243,26.602456132392096,27.35443129243702,23.936484469169113,2.5988440163214968,24.0036121160706
3.891999999999793,-0.5846844800614759,0.7389660279124546,0.835802317118706,-0.5860478421913395,0.7312563295632568,0.0013633621298636545,0.7539653684402792,26.49109195464165,27.24505732308193,23.869433847129116,2.5543169113776996,23.93677504326395
3.8939999999997927,-0.5832048861309,0.7406230349912611,0.8211993103496704,-0.5845819276749343,0.7329572582025845,0.0013770415440342854,0.7559253206479855,26.379414453528817,27.135339774176803,23.80217320530826,2.509688943960887,23.86972550956793
3.8959999999997925,-0.5817220074138895,0.7422508035407961,0.8065638840379807,-0.5831126692235659,0.7346292256842353,0.0013906618096763967,0.7578549589732053,26.267427817068572,27.025282776041777,23.734704985506067,2.4649618757967335,23.80246594127184
3.8979999999997923,-0.5802359024519567,0.7438492692995442,0.7918966159652079,-0.5816401248924444,0.7362721655607215,0.001404222440487768,0.7597542266280177,26.155136252827734,26.914890479455753,23.667031645089434,2.4201374725253246,23.73499878030241
3.899999999999792,-0.5787466299139813,0.7454183691628139,0.7771980851699849,-0.5801643528673379,0.7378860125532513,0.001417722953356626,0.761623067734476,26.04254398777743,26.804167055511908,23.59915565691255,2.3752175036314047,23.667326484146027
3.901999999999792,-0.5772542485938924,0.7469580411852302,0.7624688719251317,-0.5786854114622304,0.7394707025537612,0.0014311628683379984,0.7634614273286822,25.929655268142984,26.693116695471666,23.53107950923444,2.330203742374413,23.599451525768572
3.9039999999997916,-0.5757588174083494,0.7484682245831775,0.7477095577147708,-0.5772033591169766,0.7410261726268931,0.0014445417086271783,0.7652692513645176,25.816474359251544,26.581743610616062,23.462805705633976,2.2850979657185118,23.53137639353303
3.9059999999997914,-0.5742603953944151,0.7499488597372012,0.732920725211355,-0.5757182543949528,0.7425523610119121,0.0014578590005377423,0.7670464867184679,25.703005545376836,26.470052032095303,23.394336764922702,2.239901954262305,23.463103591114532
3.907999999999791,-0.5727590417072247,0.7513998881943605,0.7181029582526691,-0.5742301559807037,0.7440492071245741,0.0014711142734790128,0.7687930811945964,25.589253129581802,26.3580462107764,23.325675221055292,2.1946174921685224,23.39463563741328
3.909999999999791,-0.5712548156176511,0.7528212526705367,0.7032568418187807,-0.5727391226775859,0.7455166515589388,0.0014843070599347419,0.7705089835297674,25.475221433558588,26.245730417088353,23.256823623037555,2.149246367093536,23.325975066465052
3.9119999999997908,-0.5697477765099652,0.7542128970526935,0.6883829620089501,-0.5712452134054076,0.746954636089133,0.00149743689544235,0.772194143399223,25.3609147974661,26.133108940865323,23.1877845348323,2.1037903701167497,23.257124427349353
3.9139999999997905,-0.5682379838794896,0.7555747664010942,0.6734819060184756,-0.5697484871980655,0.7483631036710656,0.0015105033185758288,0.7738485114228077,25.246337579765164,26.020186091187973,23.118560535262645,2.0582512956698085,23.188086284095355
3.9159999999997903,-0.5667254973302526,0.7569068069514688,0.6585542621155371,-0.5682490032011773,0.7497419984440934,0.0015235058709247573,0.775472039170646,25.131494157051176,25.906966196221823,23.049154217913166,2.0126309414657735,23.118863215585403
3.91799999999979,-0.5652103765726333,0.7582089661171371,0.643600619617956,-0.566746820669712,0.7510912657326432,0.0015364440970787596,0.7770646791696811,25.016388923884346,25.793453603054026,22.979568191028733,1.9669311084280805,23.049457815456265
3.91999999999979,-0.5636926814210049,0.7594811924910846,0.628621568869933,-0.5652419989656164,0.7524108520477882,0.001549317544611517,0.7786263849102526,24.901026292617583,25.679652677527837,22.909805077411015,1.9211536006194116,22.97987269199817
3.9219999999997897,-0.5621724717913735,0.7607234358479927,0.6136177012187437,-0.5637345975554389,0.7537007050887816,0.0015621257640653363,0.7801571108526728,24.785410693221944,25.565567804074618,22.83986751431262,1.8753002251704556,22.91011046805149
3.9239999999997894,-0.5606498076990124,0.7619356471462204,0.5985896089913962,-0.5622246760079498,0.7549607737445481,0.0015748683089373827,0.7816568124340684,24.669546573109542,25.45120338554361,22.769758153329146,1.829372792208525,22.84017378090102
3.925999999999789,-0.5591247492560921,0.7631177785297419,0.5835378854712311,-0.5607122939917595,0.7561910080951351,0.0015875447356673567,0.78312544607541,24.553438396954313,25.336563843029722,22.699479660288823,1.783373114786038,22.770065282168275
3.927999999999789,-0.5575973566693089,0.7642697833300339,0.5684631248745246,-0.5591975112729333,0.7573913594131239,0.001600154603624393,0.7845629691880984,24.43709064651032,25.22165361569842,22.62903471513991,1.7373030088089851,22.699787637701334
3.9299999999997888,-0.5560676902375069,0.7653916160679195,0.5533659223270126,-0.5576803877126033,0.758561780165002,0.001612697475096403,0.7859693401811851,24.320507820427583,25.10647716060877,22.55842601183596,1.6911642929651614,22.62934352746242
3.9319999999997886,-0.5545358103492976,0.7664832324553633,0.5382468738404016,-0.5561609832645783,0.7597022240124994,0.0016251729152807481,0.787344518468378,24.20369443406578,24.991038952534158,22.48765625821867,1.6449587886523729,22.558735645413407
3.9339999999997883,-0.5530017774806759,0.7675445893972191,0.5231065762888375,-0.5546393579729505,0.760812645813886,0.0016375804922745818,0.7886884644748715,24.08665501930537,24.87534348378024,22.416728175898804,1.5986883199064934,22.487966699398875
3.935999999999788,-0.5514656521926333,0.7685756449929321,0.5079456273853478,-0.5531155719697001,0.7618930016252341,0.001649919777066744,0.7900011396443563,23.969394124356743,24.7593952640011,22.345644500134593,1.5523547133294693,22.417039411027275
3.937999999999788,-0.549927495128765,0.7695763585381934,0.4927646256582269,-0.5515896854722968,0.7629432487016461,0.0016621903435317664,0.7912825064461915,23.851916313566676,24.643198820012866,22.274407979708194,1.5059597980171282,22.34595651554955
3.9399999999997877,-0.5483873670128786,0.7705466905265453,0.4775641704274331,-0.5500617587812999,0.7639633454984462,0.0016743917684213239,0.7925325283816265,23.734226167222836,24.526758695604464,22.20302137679988,1.459505405487036,22.2747207617358
3.9419999999997875,-0.5468453286465951,0.7714866026509426,0.4623448617809117,-0.5485318522779552,0.7649532516723397,0.0016865236313601262,0.7937511699908972,23.61632828135588,24.41007945134678,22.1314874668601,1.4129933696061312,22.20333491174975
3.9439999999997872,-0.5453014409069485,0.772396057805264,0.44710730055090847,-0.5470000264217901,0.7659129280825371,0.0016985855148415885,0.7949383968598167,23.498227267539335,24.29316566439915,22.059809038479386,1.3664255265183305,22.131801741021004
3.945999999999787,-0.5437557647439835,0.7732750200857769,0.43185208829024974,-0.5454663417482064,0.7668423367918461,0.0017105770042229462,0.7960941756261297,23.379927752687216,24.176021928313347,21.987988893256166,1.3198037145720258,22.06012403811519
3.947999999999787,-0.5422083611783486,0.7741234547925556,0.4165798272485989,-0.543930858866071,0.7677414410677306,0.0017224976877223686,0.7972184739857546,23.26143437884952,24.058652852835273,21.916029845662464,1.2731297742475185,21.988304604602
3.9499999999997866,-0.5406592912988863,0.7749413284308511,0.40129112034866277,-0.5423936384553043,0.7686102053833369,0.0017343471564179591,0.7983112606993314,23.142751803005435,23.941063063704767,21.843934722907534,1.226405548084306,21.91634625492113
3.9519999999997864,-0.5391086162602234,0.7757286087124121,0.38598657116241586,-0.5408547412644673,0.769448595418488,0.0017461250042438703,0.7993725055976775,23.023884696854513,23.82325720245219,21.771706364799368,1.179632880608408,21.844251816246103
3.953999999999786,-0.5375563972803552,0.7764852645567613,0.3706667838872543,-0.5393142281083461,0.7702565780606451,0.0017578308279908583,0.8004021795878868,22.904837746605537,23.705239926193425,21.699347623604265,1.1328136182594966,21.77202412834604
3.955999999999786,-0.5360026956382292,0.7772112660924215,0.355332363322148,-0.5377721598655344,0.7710341214058377,0.001769464227305173,0.8014002546588972,22.785615652763404,23.587015907422302,21.62686136390425,1.08594960931801,21.699666043445394
3.9579999999997857,-0.5344475726713259,0.7779065846580953,0.3399839148437643,-0.5362285974760153,0.7717811947595614,0.001781024804689335,0.8023667038868454,22.666223129913803,23.46858983380065,21.55425046245262,1.0390427038321857,21.627180426081615
3.9599999999997855,-0.5328910897732377,0.778571192803796,0.3246220443825725,-0.53468360193874,0.7724977686376432,0.001792512165502247,0.8033015014401967,22.546664906505924,23.34996640794612,21.48151780802739,0.9920947535450382,21.554570152960885
3.9619999999997852,-0.5313333083912435,0.7792050642919325,0.30924735839890627,-0.5331372343092058,0.7731838147670758,0.0018039259179623013,0.8042046225850852,22.426945724632937,23.231150347218023,21.408666301282807,0.9451076118211994,21.481838112811737
3.963999999999785,-0.529774290023885,0.7798081740983434,0.29386046385904663,-0.5315895556970321,0.7738393060868185,0.0018152656731471595,0.8050760436895121,22.307070339810675,23.11214638350019,21.33569885459897,0.8980831335738315,21.408987206236844
3.965999999999785,-0.5282140962185382,0.7803804984132864,0.2784619682112436,-0.530040627263535,0.7744642167485666,0.0018265310449967487,0.8059157422281449,22.18704352075407,22.992959262982215,21.26261839192948,0.8510231751913533,21.336020345562716
3.9679999999997846,-0.526652788568983,0.7809220146423775,0.2630524793617388,-0.5284905102192999,0.7750585221174872,0.0018377216503169258,0.8067236967866087,22.066870049151767,22.873593745938376,21.189427848647167,0.8039295944641626,21.262940454687605
3.9699999999997844,-0.525090428712972,0.7814327014074832,0.24763260565076683,-0.5269392658217541,0.775622198772923,0.001848837108782142,0.807499887065517,21.94655471943869,22.75405460650421,21.116130171388033,0.7568042505112992,21.189750468927393
3.971999999999784,-0.5235270783297975,0.7819125385475643,0.23220295582854303,-0.5253869553727359,0.7761552245090629,0.0018598770429384404,0.8082442938841439,21.826102338566717,22.63434663245086,21.042728317893268,0.7096490037070694,21.116453334859646
3.973999999999784,-0.5219627991378548,0.7823615071194724,0.21676413903121391,-0.5238336402160648,0.7766575783355781,0.001870841078210006,0.8089568991844143,21.705517725773415,22.514474624957828,20.96922525684942,0.6624657156075535,21.043052010165862
3.9759999999997837,-0.5203976528922086,0.782779589398697,0.20131676475683555,-0.5222793817351084,0.7771292404782263,0.0018817288428997214,0.8096376860336152,21.584805712348942,22.394443398382556,20.895623967726806,0.6152562488771951,20.969549463471747
3.9779999999997835,-0.5188317013821526,0.7831667688800653,0.18586144284129405,-0.5207242413503496,0.7775701923794195,0.001892539968196938,0.8102866386279262,21.46397114140102,22.274257780028947,20.821927440616157,0.5680224672152265,20.895948674185796
3.9799999999997833,-0.517265006428771,0.7835230302783946,0.17039878343423498,-0.5191682805169521,0.7779804166987587,0.0019032740881810284,0.8109037422952059,21.34301886761814,22.153922609913348,20.74813867606349,0.5207662352821046,20.82225263233604
3.981999999999783,-0.5156976298824986,0.7838483595290947,0.15492939697497973,-0.5176115607223251,0.7783598973135332,0.0019139308398264943,0.8114889834974215,21.221953757030974,22.033442740528397,20.67426068490317,0.4734894186259223,20.74846433840505
3.983999999999783,-0.5141296336206765,0.7841427437887242,0.13945389416840914,-0.5160541434836867,0.7787086193191843,0.001924509863010182,0.8120423498335239,21.10078068677189,21.912823036605417,20.600296488089423,0.42619388360871174,20.67458680316318
3.9859999999997826,-0.512561079545113,0.7844061714354962,0.12397288596088012,-0.5144960903456273,0.7790265690297331,0.0019350108005142808,0.8125638300409843,20.97950454483296,21.792068374873942,20.526249116526028,0.378881497332851,20.600623047500108
3.9879999999997824,-0.510992029579637,0.7846386320697385,0.10848698351608892,-0.512937462877671,0.7793137339781717,0.0019454332980339828,0.8130534139981682,20.85813022982201,21.67118364382018,20.452121610894444,0.33155412756730923,20.5265761022547
3.989999999999782,-0.5094225456676544,0.7848401165143032,0.092996798190948,-0.5113783226718374,0.7795701029168182,0.0019557770041829237,0.8135110927259315,20.736662650717115,21.550173743443047,20.37791702148032,0.28421364267392835,20.452449008043185
3.991999999999782,-0.507852689769703,0.7850106168149295,0.0775029415114505,-0.5098187313402021,0.7797956658176332,0.0019660415704990664,0.8139368583890993,20.615106726619505,21.429043585008603,20.3036384079983,0.2368619115336767,20.37824481508583
3.9939999999997817,-0.5062825238610059,0.7851501262405574,0.06200602514853283,-0.5082587505124571,0.7799904138725001,0.0019762266514511406,0.8143307042977121,20.493467386504598,21.30779809080231,20.2292888394154,0.1895008034728844,20.303966583031713
3.9959999999997815,-0.5047121099290237,0.7852586392835936,0.04650666089390922,-0.5066984418334701,0.780154339493465,0.0019863319044464145,0.8146926249085396,20.37174956897172,21.186442193880257,20.154871393772726,0.142132188189405,20.229617380782315
3.9979999999997813,-0.5031415099710099,0.785336151660129,0.031005460635945687,-0.5051378669608443,0.7802874363129393,0.001996356989834358,0.8150226158253204,20.24995822199212,21.06498083781744,20.08038915800584,0.09475793567888924,20.15520028631323
3.999999999999781,-0.5015707859915616,0.785382660310108,0.015503036335486092,-0.5035770875624765,0.7803896991838621,0.00200630157091497,0.8153206737999152,20.128098302655513,20.943418976455426,20.005845227763373,0.04737991616091733,20.080718386494596
4.001999999999781,-0.500000000000172,0.7853981633974483,1.6974238032886916e-12,-0.5020161653141169,0.7804611241798232,0.0020161653139448843,0.8155867967326369,20.006174776914985,20.82176157364762,19.931242707224527,5.18761731375793e-12,20.0061747769098
4.003999999999781,-0.4984292140087823,0.7853826603101147,-0.01550303633209131,-0.5004551618969265,0.7805017085951449,0.0020259478881441972,0.8158209836727393,19.884192619330715,20.700013603003455,19.85658470891482,-0.047379942342313644,19.93157256167303
4.005999999999781,-0.496858490029334,0.7853361516601427,-0.031005460632551104,-0.49889413899503665,0.7805114509449245,0.00203564896570263,0.8160232348184548,19.7621568128119,20.578180047630354,19.78187435352071,-0.09475804043314498,19.856914853245044
4.007999999999781,-0.4952878900713202,0.785258639283614,-0.04650666089051498,-0.4973331582931066,0.7804903509650332,0.0020452682217864115,0.8161935515170837,19.64007234835765,20.456265899874733,19.707114769702677,-0.142132423890243,19.78220477224789
4.00999999999978,-0.493717476139338,0.7851501262405844,-0.06200602514513906,-0.4957722814738824,0.7804384096120752,0.0020548053345444406,0.8163319362647492,19.517944224796206,20.334276161060956,19.63230909390707,-0.18950122248175222,19.70744544727796
4.01199999999978,-0.4921473102306403,0.7850106168149634,-0.07750294150806172,-0.4942115702157558,0.7803556290633041,0.002064259985115502,0.8164383927061891,19.395777448523074,20.212215841229263,19.55746047017652,-0.23686256619484986,19.632640014717925
4.01399999999978,-0.4905774543326888,0.7848401165143439,-0.09299679818755995,-0.4926510861903228,0.7802420127164955,0.002073631857633984,0.8165129256341963,19.273577033237608,20.090089958871804,19.48257204995932,-0.28421458530955984,19.557791618547167
4.01599999999978,-0.4890079704207067,0.7846386320697859,-0.10848698351269737,-0.49109089105994325,0.7800975651897772,0.0020829206392365407,0.8165555409890213,19.15134799967863,19.967903540667653,19.40764699191732,-0.3315554104725467,19.482903410151177
4.0179999999997795,-0.48743892045523063,0.7844061714355505,-0.12397288595748955,-0.48953104647530044,0.7799222923214164,0.0020921260200698066,0.8165662458579881,19.029095375358523,19.84566162121651,19.332688461732758,-0.3788831727709546,19.407978548129478
4.019999999999779,-0.4858703663796669,0.7841427437887852,-0.13945389416501972,-0.4879716140729613,0.7797162011695616,0.0021012476932943946,0.8165450484740822,18.906824194296377,19.72336924277046,19.257699631913777,-0.42619600380610345,19.33302019810248
4.021999999999779,-0.4843023701178447,0.7838483595291625,-0.15492939697159158,-0.48641265547293744,0.7794793000119415,0.0021102853550927225,0.8164919582153352,18.78453949674971,19.601031454965042,19.182683681599062,-0.47349203576728793,19.258031532516995
4.023999999999779,-0.4827349935715716,0.7835230302784691,-0.17039878343085257,-0.4848542322762464,0.7792115983455177,0.0021192387046747863,0.8164069856037148,18.66224632894544,19.478653314549156,19.10764379636101,-0.5207694015055004,19.18301573045094
4.025999999999779,-0.48116829861818994,0.7831667688801466,-0.18586144283791323,-0.4832964060624742,0.7789131068860934,0.0021281074442842662,0.8162901423038726,18.539949742809313,19.356239885113187,19.03258316800813,-0.5680262346071263,19.10797597741644
4.027999999999778,-0.47960234710813415,0.7827795893987851,-0.201316764753452,-0.48173923838733845,0.7785838375678765,0.0021368912792043004,0.8161414411218448,18.41765479569471,19.233796236816552,18.957504994386188,-0.6152606694676083,19.03291546516232
4.029999999999778,-0.4780372008624878,0.7823615071195673,-0.2167641390278322,-0.48018279078025244,0.7782238035429969,0.0021455899177646454,0.8159608960039466,18.295366550110046,19.111327446113993,18.882412479178484,-0.6624708413651376,18.957837391475184
4.031999999999778,-0.476472921670545,0.781912538547666,-0.2322029558251633,-0.4786271247418905,0.7778330191809767,0.0021542030713455063,0.8157485220348693,18.173090073445568,18.988838595480438,18.80730883170495,-0.7096548865341858,18.882744959979753
4.033999999999778,-0.4749095712873698,0.7814327014075916,-0.24763260564739348,-0.4770723017417542,0.7774115000681558,0.002162730454384365,0.8155043354364344,18.050830437698817,18.86633477313525,18.73219726672064,-0.7568109422391167,18.807641379937934
4.0359999999997775,-0.47334721143135855,0.7809220146424926,-0.2630524793583677,-0.47551838321574,0.7769592630070699,0.002171171784381476,0.8152283535658622,17.928592719199614,18.743821072765478,18.65708100421285,-0.8039371468477144,18.73252986604733
4.037999999999777,-0.4717859037818031,0.7803804984134082,-0.2784619682078748,-0.4739654305637085,0.776476326015781,0.0021795267819054165,0.8149205949141569,17.80638199833371,18.621302593247865,18.581963269197775,-0.8510316399046528,18.657413638238364
4.039999999999777,-0.4702257099764565,0.779808174098472,-0.29386046385567594,-0.47241350514705416,0.7759627083271627,0.0021877951705976395,0.8145810791042152,17.684203359265975,18.49878443837019,18.506847291516063,-0.8980925622049333,18.58229592147091
4.041999999999777,-0.46866669160909785,0.7792050642920678,-0.30924735839553813,-0.4708626682862779,0.7754184303881363,0.0021959766771800227,0.8142098268893627,17.56206188966254,18.376271716551905,18.431736305627638,-0.945118055867314,18.507179945529856
4.043999999999777,-0.4671089102271032,0.7785711928039382,-0.3246220443792072,-0.46931298125856014,0.7748435138588602,0.0022040710314569223,0.8138068601509696,17.4399626804124,18.25376954056337,18.35663355040577,-0.992106264407577,18.432068944819978
4.045999999999776,-0.46555242732901425,0.777906584658244,-0.3399839148404062,-0.46776450529533636,0.7742379816118723,0.0022120779663221124,0.8133722018968537,17.317910825348072,18.131283027244926,18.281542268930302,-1.0390553328118575,18.35696615815993
4.047999999999776,-0.4639973043621107,0.777211266092577,-0.3553323633187929,-0.466217301579874,0.773601857731183,0.0022199972177633365,0.8129058762592312,17.195911420965686,18.008817297224915,18.206465708280277,-1.0859634076098463,18.281874828575532
4.049999999999776,-0.4624436027199844,0.7764852645569233,-0.3706667838839023,-0.4646714312448514,0.7729351675113219,0.0022278285248669705,0.8124079084927271,17.07396956614438,17.886377474637108,18.131407119325807,-1.1328286369479676,18.206798203092347
4.051999999999776,-0.4608913837401163,0.7757286087125812,-0.3859865711590628,-0.4631269553699387,0.7722379374563351,0.002235571629822408,0.8118783249722061,16.95209036186515,17.763968686837355,18.056369756519317,-1.179649170662444,18.131739532527593
4.053999999999776,-0.45934070870145305,0.7749413284310267,-0.40129112034531317,-0.4615839349793812,0.7715101952787352,0.0022432262779281675,0.8113171531909624,16.83027891092896,17.641596064119923,17.98135687768621,-1.2264231603523938,18.056702071281354
4.055999999999775,-0.4577916388219904,0.7741234547927381,-0.4165798272452527,-0.4600424310395844,0.770751969898403,0.002250792217594,0.8107244217582177,16.70854031767457,17.519264739432785,17.906371743814915,-1.2731487594527102,17.981689077127278
4.057999999999775,-0.45624423525635477,0.7732750200859658,-0.43185208828691163,-0.45850250445670154,0.7699632914414398,0.002258269200346774,0.8101001603971869,16.586879687695586,17.396979848092773,17.831417618846405,-1.319824123306999,17.906703811002586
4.059999999999775,-0.45469855909338935,0.7723960578054595,-0.44710730054757414,-0.4569642160742236,0.769144191238973,0.002265656980834252,0.8094443999428313,16.46530212755725,17.27474652750008,17.756497769463206,-1.3664474092403842,17.831749536797634
4.061999999999775,-0.4531546713537428,0.7714866026511452,-0.462344861777577,-0.4554276266705718,0.7682947018259113,0.002272955316828973,0.8087571723396003,16.34381274451267,17.152569916852272,17.68161546487794,-1.4130167766322208,17.756829521144894
4.0639999999997745,-0.4516126329874588,0.7705466905267545,-0.4775641704241025,-0.4538927969566925,0.7674148569396531,0.002280163969233695,0.8080385106394639,16.222416646218683,17.030455156858146,17.60677397662138,-1.4595303869888145,17.681947033207496
4.065999999999774,-0.450072504871572,0.7695763585384092,-0.4927646256549004,-0.452359787573655,0.7665046915187459,0.0022872827020830044,0.8072884489992171,16.101118940451443,16.90840738945066,17.53197657833025,-1.505986404015893,17.607105344467335
4.067999999999774,-0.4485343478077033,0.7685756449931546,-0.5079456273820256,-0.45082865909025205,0.7655642417014963,0.0022943112825487555,0.8065070226785198,15.979924734821651,16.78643175750017,17.45722654553443,-1.552382993691164,17.532307728512816
4.069999999999774,-0.4469982225196598,0.767544589397448,-0.5231065762855241,-0.449299472000603,0.7645935448245328,0.0023012494809431794,0.8056942680374801,15.858839136489419,16.6645334045269,17.38252715544397,-1.5987183243366774,17.457557460826095
4.071999999999774,-0.44546418965103773,0.7664832324555987,-0.5382468738370927,-0.44777228672176034,0.7635926394213194,0.0023080970707226034,0.8048502225343701,15.737867251878981,16.54271747441335,17.307881686735822,-1.6449905666911304,17.382857818570113
4.073999999999773,-0.4439323097628283,0.765391616068162,-0.5533659223237043,-0.4462471635913191,0.7625615652206205,0.0023148538284907816,0.8039749247232542,15.617014186393245,16.420989111116498,17.233293419340157,-1.6911978939820682,17.308212080375313
4.075999999999773,-0.4424026433310258,0.7642697833302828,-0.568463124871221,-0.44472416286502925,0.7615003631449181,0.0023215195340034467,0.8030684142519084,15.496285044127957,16.299353458379866,17.158765634226633,-1.737338481998018,17.233623526125974
4.077999999999773,-0.44087525074424216,0.7631177785299974,-0.5835378854679325,-0.4432033447144117,0.7604090753087802,0.0023280939701695313,0.8021307318590032,15.375684927586057,16.17781565944506,17.084301613190288,-1.783410509160455,17.15909543674651
4.079999999999773,-0.4393501923013213,0.7619356471464825,-0.5985896089881028,-0.4416847692243773,0.7592877450171811,0.002334576923056053,0.8011619193721309,15.255218937391628,16.05638085676376,17.009904638637423,-1.8294121565957113,17.08463109398734
4.0819999999997725,-0.43782752820895926,0.7607234358482611,-0.6136177012154597,-0.44016849639084976,0.7581364167637724,0.0023409681818905015,0.8001620197052128,15.134892172004042,15.935054191709256,16.935577993371194,-1.87534160820679,17.010233780210832
4.083999999999772,-0.43630731857932725,0.7594811924913595,-0.6286215688666544,-0.43865458611839153,0.7569551362291077,0.0023472675390642794,0.7991310768562432,15.014709727431798,15.813840804288041,16.86132496037722,-1.9211970507450375,16.935906778176836
4.085999999999772,-0.4347896234276988,0.7582089661174188,-0.6436006196146786,-0.43714309821783387,0.7557439502788177,0.0023534747901350905,0.7980691359047731,14.894676696946734,15.692745832851507,16.7871488226091,-1.966976673881698,16.86165337082843
4.087999999999772,-0.4332745026700789,0.7569068069517573,-0.6585542621122655,-0.4356340924039104,0.7545029069617374,0.002359589733831491,0.7969762430097882,14.774798170797887,15.571774413807674,16.71305286277387,-2.0126786702794313,16.787476841077318
4.089999999999772,-0.4317620161208413,0.7555747664013892,-0.6734819060152095,-0.4341276282928944,0.7532320555079863,0.002365612172053111,0.7958524454068505,14.65507923592585,15.450931681332701,16.63904036311747,-2.0583012356635644,16.713380471589414
4.091999999999771,-0.43025222349036507,0.7542128970529949,-0.6883829620056899,-0.43262376540024045,0.7519314463269997,0.0023715419098753743,0.7946977914060405,14.535524975676886,15.330222767082926,16.565114605210216,-2.1038425688933695,16.639367544570256
4.093999999999771,-0.4287451843826781,0.7528212526708443,-0.7032568418155308,-0.43112256313822944,0.7506011310055125,0.0023773787555513293,0.7935123303893588,14.416140469517421,15.20965279990678,16.491278869732437,-2.1493008720331357,16.565441341550557
4.095999999999771,-0.42724095829310393,0.7513998881946746,-0.7181029582494254,-0.42962408081361847,0.7492411623054959,0.0023831225205145357,0.7922961128083439,14.296930792748697,15.089226905557041,16.41753643626008,-2.194674350423141,16.49160514317184
4.097999999999771,-0.42573960460591337,0.7499488597375221,-0.7329207252081134,-0.4281283776252944,0.7478515941620457,0.0023887730193810075,0.7910491901815453,14.1779010162216,14.968950206403147,16.34389058305051,-2.2399612127504764,16.417862228972076
4.0999999999997705,-0.42424118259197835,0.7484682245835049,-0.7477095577115356,-0.42663551266193195,0.7464324816812242,0.0023943300699535985,0.7897716150923895,14.059056206051679,14.848827821144068,16.270344586828543,-2.2851596711198,16.34421587717148
4.10199999999977,-0.4227457514064347,0.7469580411855641,-0.762468871921903,-0.4251455448996562,0.7449838811378537,0.0023997934932215026,0.7884634411862423,13.94040142333479,14.728864864521032,16.19690172257247,-2.3302679411238363,16.270669364458627
4.10399999999977,-0.4212533700863451,0.7454183691631543,-0.7771980851667629,-0.4236585331997097,0.743505849973264,0.0024051631133645834,0.7871247231682332,13.821941723862622,14.609066447030855,16.123565263300556,-2.3752842419138487,16.19722596577647
4.10599999999977,-0.4197640975483687,0.7438492692998906,-0.7918966159619967,-0.4221745363061237,0.7419984467929911,0.00241043875775504,0.7857555168007346,13.703682157838934,14.489437674639667,16.05033847985763,-2.420206796269926,16.12388895410886
4.10799999999977,-0.41827799258643517,0.7422508035411489,-0.8065638840347766,-0.42069361284339485,0.7404617313644307,0.002415620256959683,0.7843558789008687,13.58562776959608,14.369983648496948,15.977224640702019,-2.4650338306711395,16.05066160026722
4.109999999999769,-0.41679511386942425,0.7406230349916209,-0.8211993103464692,-0.41921582131416596,0.7388957646144444,0.00242070744474171,0.7829258673379225,13.467783597311904,14.250709464649827,15.90422701169277,-2.5097635753655143,15.977547172677419
4.111999999999769,-0.4153155199388478,0.7389660279128206,-0.8358023171155119,-0.4177412200969121,0.7373006086269183,0.0024257001580643145,0.7814655410311566,13.350154672727207,14.131620213758364,15.831348855877334,-2.5543942644399387,15.904548937167146
4.113999999999769,-0.41383926920654107,0.7372798477205508,-0.8503723278401976,-0.41626986744363154,0.7356763266402762,0.0024305982370904644,0.7799749599468586,13.232746020863729,14.012720980810588,15.758593433279465,-2.5989241358898068,15.831670156753535
4.115999999999769,-0.4123664199523553,0.7355645609823184,-0.8649087673214509,-0.41480182147754163,0.7340229830449453,0.0024354015251863426,0.7784541850960935,13.115562659742542,13.894016844838635,15.685964000687656,-2.6433514316885947,15.758914091431137
4.1179999999997685,-0.41089703032185704,0.7338202354147066,-0.8794110616855313,-0.4133371401907801,0.7323406433807769,0.0024401098689230682,0.7769032785321461,12.998609600103151,13.775512878635297,15.613463811444026,-2.687674397857243,15.686283997960395
4.119999999999768,-0.409431158324033,0.7320469398807021,-0.8938786384066894,-0.4118758814421113,0.7306293743344195,0.002444723118078307,0.7753223033479295,12.881891845123162,13.657214148471091,15.541096115233554,-2.731891284533409,15.613783129656571
4.121999999999768,-0.407968861829,0.730244744386977,-0.9083109263297644,-0.410418102954638,0.728889243736647,0.002449241125637991,0.7737113236734072,12.765414390138524,13.53912571381193,15.468864157873975,-2.7760003460404827,15.541414736179007
4.123999999999768,-0.406510198565719,0.728413720081122,-0.9227073556927495,-0.4089638623135187,0.7271203205596398,0.002453663747799706,0.7720704046732951,12.64918222236449,13.421252627037784,15.396771181106075,-2.8199998409565823,15.469182063321071
4.125999999999768,-0.40505522611971856,0.7265539392488425,-0.9370673581492598,-0.4075132169636903,0.7253226749142214,0.002457990843971747,0.770399612544086,12.533200320617308,13.303599933161394,15.324820422384642,-2.863888032183176,15.397088352800484
4.127999999999767,-0.40360400193081936,0.7246654753111009,-0.9513903667909868,-0.4060662242075962,0.7234963780470487,0.0024622222767768376,0.76869901451178,12.417473655036611,13.186172669548391,15.253015114670024,-2.9076631870137266,15.325136842050338
4.129999999999767,-0.4021565832908675,0.7227484028212202,-0.965675816170074,-0.4046229412029207,0.7216415023377565,0.0024663579120531853,0.7669686788291674,12.302007186808604,13.068975865637771,15.181358486220102,-2.9513235772020594,15.253330764010663
4.131999999999767,-0.4007130273414726,0.7208027974619394,-0.9799231423214407,-0.4031834249603286,0.7197581212960571,0.0024703976188559795,0.7652086747732723,12.186805867889902,12.952014542663175,15.109853760383231,-2.994867479030558,15.18167334692046
4.133999999999767,-0.39927339107175214,0.7188287360424276,-0.9941317827850419,-0.40174773234121103,0.7178463095587947,0.0024743412694588907,0.7634190726427037,12.071874640732503,12.835293713375206,15.038504155391582,-3.038293173378217,15.11016781411072
4.1359999999997665,-0.39783773131608013,0.7168262964952482,-1.008301176628089,-0.40031592005543715,0.7159061428869544,0.0024781887393570123,0.761599943755249,11.957218438009217,12.718818381764466,14.967312884155344,-3.0815989457885324,15.038817383797749
4.137999999999766,-0.396406104751846,0.7147955578732864,-1.0224307644671708,-0.3988880446591119,0.713937698162626,0.002481939907265862,0.7597513604448669,11.842842182340355,12.602593542785222,14.896283154057585,-3.124783086537092,14.967625268877448
4.139999999999766,-0.3949785678972151,0.7127366003466259,-1.0365199884903533,-0.39746416255234,0.7119410533859236,0.002485594655124934,0.7578733960593564,11.728750786021113,12.486624182080469,14.82541816674986,-3.16784389069912,14.896594676720232
4.141999999999766,-0.3935551771088981,0.7106495051993841,-1.0505682924791968,-0.3960443299769963,0.7099162876718604,0.002489152868098199,0.7559661249575944,11.614949150749933,12.370915275707528,14.754721117948703,-3.210779658216755,14.825728808966687
4.143999999999766,-0.3921359885799261,0.7085343548265038,-1.0645751218307142,-0.3946286030145019,0.7078634812471778,0.002492614434575824,0.7540296225069065,11.501442167357936,12.255471789864842,14.684195197232757,-3.2535886939661443,14.75503086132408
4.145999999999765,-0.3907210583374326,0.706391232730501,-1.0785399235792625,-0.39321703758360765,0.7057827154471321,0.002495979246175062,0.7520639650803296,11.388234715539225,12.140298680619555,14.613843587840933,-3.2962693078243497,14.684504023363575
4.147999999999765,-0.38931044224044,0.7042202235181646,-1.092462146418388,-0.3918096894381832,0.7036740727122349,0.002499247197743193,0.7500692300541845,11.27533166358232,12.025400893636505,14.543669466471254,-3.338819814736094,14.614151478318414
4.149999999999765,-0.3879041959776569,0.7020214128972221,-1.1063412407225677,-0.39040661416501327,0.7015376365849507,0.002502418187356359,0.7480454958049965,11.162737868102608,11.910783363907605,14.47367600308069,-3.3812385347802265,14.543976402882835
4.151999999999765,-0.38650237506527785,0.6997948876729515,-1.1201766585689232,-0.3890078671816006,0.6993734917063498,0.0025054921163227273,0.7459928417070993,11.050458173775915,11.796451015483015,14.403866360685896,-3.42352379323602,14.473981967011936
4.1539999999997645,-0.3851050348447921,0.6975407357447564,-1.1339678537588482,-0.38761350373397513,0.6971817238127174,0.0025084688891830464,0.743911348129831,10.938497413073149,11.68240876120298,14.334243695164814,-3.4656739206493383,14.404171333722488
4.155999999999764,-0.38371223048079905,0.6952590461026952,-1.1477142818395707,-0.38622357889451087,0.6949624197321194,0.0025113484137118114,0.741801096434771,10.826860405996102,11.568661502430874,14.26481115505928,-3.5076872528984695,14.334547658894571
4.157999999999764,-0.38232401695883045,0.6929499088239687,-1.161415400125644,-0.38483814755974904,0.6927156673809238,0.002514130600918596,0.7396621689730698,10.715551959814437,11.455214128787507,14.195571881378628,-3.5495621312598145,14.265114091074253
4.159999999999764,-0.3809404490831783,0.6906134150693614,-1.175070667720386,-0.3834572644482285,0.6904415557602798,0.0025168153650501623,0.7374946490828971,10.604576868803814,11.342071517886712,14.126529007404304,-3.5912969024734203,14.195873771277235
4.161999999999764,-0.3795615814747338,0.6882496570796467,-1.1886795455372092,-0.38208098409832336,0.6881401749525519,0.002519402623589573,0.7352986210862755,10.493939913985361,11.229238535071637,14.057685658495423,-3.632889918808149,14.126829832793511
4.1639999999997634,-0.37818746856882907,0.6858587281719427,-1.2022414963209205,-0.3807093608660879,0.6858116161177125,0.0025218922972588542,0.7330741702866761,10.383645862866226,11.116720033152902,13.989044951895426,-3.674339538126782,14.057985400993008
4.165999999999763,-0.37681816461308876,0.6834407227360287,-1.2157559846689239,-0.37934244892310853,0.6834559714896904,0.0025242843100197754,0.7308213829661581,10.273699469181494,11.004520852147653,13.920609996539856,-3.7156441239507787,13.989343593132272
4.167999999999763,-0.37545372366528845,0.680995736230619,-1.2292224770523605,-0.3779803022543632,0.6810733343726771,0.002526578589074735,0.728540346382589,10.164105472637388,10.892645819019977,13.852383892865133,-3.756802045524922,13.92090751816231
4.169999999999763,-0.3740941995912208,0.6785238651795953,-1.242640441837165,-0.3766229746560884,0.6786637991373895,0.0025287750648675944,0.7262311487668383,10.054868598655789,10.781099747422626,13.784369732618504,-3.797811677881647,13.852680276537436
4.171999999999763,-0.3727396460625677,0.6760252071681925,-1.2560093493050712,-0.37527051973365383,0.6762274612172906,0.00253087367108612,0.7238938793201988,9.945993558120016,10.669887437440215,13.716570598669124,-3.838671401905237,13.784664960025253
4.173999999999762,-0.3713901165547834,0.6734998608391511,-1.2693286716744991,-0.3739229908994443,0.673764417104768,0.002532874344660929,0.7215286282113009,9.83748504712214,10.559013675333441,13.64898956482018,-3.8793796043956505,13.71686465151779
4.175999999999762,-0.3700456643449821,0.6709479258888204,-1.2825978831214082,-0.37258044137074975,0.671274764347269,0.002534777025767654,0.71913548657349,9.729347746711491,10.448483233284982,13.581629695622384,-3.9199346781322433,13.649282424843735
4.177999999999762,-0.36870634250983503,0.6683695030632224,-1.2958164598000508,-0.37124292416766297,0.6687586015433948,0.002536581657827941,0.716714546502013,9.621586322644688,10.338300869146702,13.514494046188485,-3.960335021937212,13.5819213445819
4.179999999999762,-0.3673722039234753,0.6657646941540761,-1.30898387986365,-0.3699104921109851,0.666216028338952,0.002538288187509785,0.7142659010511587,9.514205425137117,10.228471326188275,13.447585662009054,-4.0005790407387725,13.51478446587589
4.1819999999997615,-0.36604330125540907,0.6631336019947758,-1.3220996234850158,-0.36858319782013915,0.6636471454229618,0.002539896564730082,0.7117896442316796,9.407209688615687,10.118999332847366,13.380907578769495,-4.0406651456341685,13.447874834249856
4.183999999999761,-0.36471968696843876,0.6604763304563351,-1.3351631728770428,-0.3672610937110919,0.6610520545236286,0.0025414067426531295,0.7092858710075456,9.300603731473338,10.009889602480882,13.314462822168277,-4.080591753952301,13.381195485425637
4.185999999999761,-0.36340141331658987,0.6577929844432847,-1.3481740123131707,-0.36594423199428333,0.6584308584042663,0.002542818677693459,0.7067546772935263,9.19439215582474,9.901146833118267,13.248254407736507,-4.120357289316271,13.314749445141011
4.187999999999761,-0.36208853234304905,0.6550836698895305,-1.361131628147736,-0.36463266467256494,0.6557836608591834,0.0025441323295158913,0.7041961599521396,9.088579547263745,9.792775707215885,13.18228534065863,-4.1599601817055945,13.24853972896934
4.189999999999761,-0.360781095878109,0.6523484937541719,-1.3740355088362526,-0.3633264435391459,0.6531105667095263,0.0025453476610368675,0.7016104167909543,8.983170474622197,9.684780891413151,13.116558615594581,-4.199398867518129,13.182569342140326
4.19199999999976,-0.3594791555371232,0.6495875640172804,-1.3868851449556026,-0.36202562017554774,0.6504116817990826,0.0025464646384245615,0.6989975465596254,8.878169489730398,9.577167036290025,13.051077216503172,-4.238671789631839,13.116841279362237
4.19399999999976,-0.35818276271846605,0.6468009896756326,-1.399680029224161,-0.36073024594956765,0.6476871129900429,0.0025474832311015994,0.6963576489473366,8.773581127179078,9.469938776126416,12.985844116466735,-4.277777397466271,13.051358524645348
4.19599999999976,-0.3568919686015069,0.6439888807384131,-1.4124196565218015,-0.3594403720132502,0.6449369681587211,0.002548403411743283,0.6936908245795537,8.669409904082965,9.363100728662518,12.920862277517317,-4.3167141470436805,12.986124051126644
4.19799999999976,-0.3556068241445871,0.6411513482228677,-1.4251035239098526,-0.3581560493008677,0.6421613561912362,0.002549225156280588,0.6909971750155464,8.56566031984601,9.256657494861557,12.856134650463964,-4.355480501050064,12.921140820896074
4.1999999999997595,-0.3543273800830094,0.6382885041499213,-1.4377311306509477,-0.3568773285269094,0.6393603869791503,0.0025499484438999964,0.6882768027453623,8.462336855928115,9.150613658673477,12.791664174721568,-4.39407492889579,12.856411784823905
4.201999999999759,-0.35305368692703454,0.6354004615397562,-1.450301978228795,-0.35560426018407926,0.6365341714150701,0.0025505732570447193,0.6855298111870889,8.359443975613587,9.044973786800675,12.727453778141047,-4.432495906776034,12.79193988238962
4.203999999999759,-0.3517857949598877,0.63248733440735,-1.4628155703678527,-0.35433689454130285,0.6336828213882056,0.0025510995814151394,0.6827563046839091,8.256986123781262,8.939742428465172,12.663506376840843,-4.470741917730921,12.727728041512183
4.205999999999759,-0.3505237542357722,0.6295492377579727,-1.4752714130529374,-0.35307528164174307,0.6308064497798903,0.002551527405970866,0.6799563885014703,8.154967726676128,8.834924115177598,12.599824875039939,-4.508811451705439,12.663779178381567
4.207999999999759,-0.3492676145778951,0.6265862875826494,-1.487669014548704,-0.35181947130082497,0.6279051704590606,0.002551856722929846,0.6771301688247711,8.05339319168289,8.73052336050766,12.536412164892235,-4.546703005608973,12.600096197291862
4.209999999999758,-0.3480174255764993,0.62359860085358,-1.5000078854190735,-0.3505695131042696,0.6249790982776968,0.002552087527770308,0.6742777527555255,7.952266907101007,8.626544659856531,12.473271126322327,-4.584415083374711,12.536681990475717
4.211999999999758,-0.34677323658690584,0.6205862955195207,-1.512287538546552,-0.34932545640613716,0.6220283490662236,0.002552219819231316,0.6713992483092279,7.8515932419214804,8.522992490230708,12.410404626862864,-4.621946196018654,12.473539437940135
4.213999999999758,-0.3455350967275657,0.6175494905011283,-1.5245074891514594,-0.34808735032687943,0.6190530396288724,0.002552253599313714,0.6684947644123818,7.751376545605519,8.4198713100179,12.34781552149314,-4.659294861698434,12.410671407303953
4.215999999999758,-0.34430305487812085,0.6144883056862658,-1.5366672548110665,-0.3468552437514014,0.6160532877390034,0.0025521888732805698,0.665564410899584,7.651621147864724,8.317185558764308,12.285506652479333,-4.6964596057717465,12.34808075363647
4.2179999999997575,-0.3430771596774732,0.6114028619252665,-1.548766355478653,-0.34562918532713266,0.6130292121343902,0.0025520256496594507,0.662608298510905,7.552331358443096,8.214939656954002,12.223480849216175,-4.733438960854649,12.285770319297745
4.219999999999757,-0.3418574595218665,0.6082932810261678,-1.560804313502438,-0.3444092234621077,0.6099809325124649,0.002551763940241203,0.6596265388887779,7.453511466900925,8.113138005789702,12.161740928070033,-4.770231466879413,12.223742933780338
4.221999999999757,-0.34064400256297456,0.605159685749899,-1.572780653644451,-0.3431954063230567,0.6069085695255243,0.002551403760082116,0.6566192445753161,7.355165742400254,8.01178498697557,12.100289692223537,-4.806835671152185,12.162001413552439
4.223999999999757,-0.33943683670600017,0.6020021998054362,-1.58469490309929,-0.34198778183350487,0.6038122447758992,0.0025509451275047,0.65358652900954,7.257298433492258,7.910884962501798,12.039129931521746,-4.843250128410332,12.10054856190259
4.225999999999757,-0.3382360096077845,0.598820947844918,-1.5965465915127868,-0.3407863976718827,0.6006920808110848,0.0025503880640981857,0.6505285065244504,7.1599137679063745,7.810442274430825,11.978264422319691,-4.879473400879517,12.039387168785892
4.227999999999756,-0.3370415686749255,0.5956160554587254,-1.608335251000573,-0.33959130126964504,0.5975482011188327,0.0025497325947195226,0.6474452923442442,7.0630159523411935,7.710461244685438,11.917695927331614,-4.9155040583304155,11.978520010671609
4.229999999999756,-0.3358535610619054,0.5923876491705206,-1.6200604161665642,-0.3384025398094006,0.5943807301222063,0.002548978747495212,0.6443370025816875,6.966609172257246,7.610946174838933,11.857427195481536,-4.9513406781352325,11.917949850392478
4.231999999999756,-0.3346720336692308,0.5891358564322565,-1.631721624121313,-0.3372201602230514,0.5911897931745979,0.0025481265538205844,0.6412037542349625,6.870697591671534,7.511901345906496,11.797460961755503,-4.986981845323801,11.857679436995335
4.233999999999756,-0.33349703314158013,0.5858608056191428,-1.6433184145002961,-0.336044209189942,0.5879755165547089,0.0025471760483618544,0.6380456651851518,6.775285352953941,7.413331018139093,11.73779994705529,-5.0224261526394836,11.797711505593425
4.2359999999997555,-0.3323286058659623,0.5825626260245775,-1.6548503294820869,-0.334874733135019,0.5847380274614934,0.002546127269056675,0.6348628541933099,6.680376576625436,7.315239430818746,11.67844685805364,-5.057672200594734,11.73804877722017
4.237999999999755,-0.33116679796988546,0.5792414478550437,-1.666316913806427,-0.3337117782270009,0.5814774540090631,0.0025449802571154145,0.6316554408977093,6.585975361158163,7.217630802055872,11.619404387051105,-5.092718597526301,11.678693958684464
4.239999999999755,-0.33001165531953636,0.57589740222497,-1.6777177147921987,-0.33255539037655774,0.5781939252215582,0.002543735057021379,0.628423545811041,6.49208578277737,7.120509328588412,11.560675211834354,-5.127563959650215,11.619649742427585
4.241999999999755,-0.32886322351796826,0.5725306211515496,-1.6890522823553065,-0.3314056152345018,0.5748875710279795,0.002542391716533532,0.625167290317723,6.398711895265122,7.023879185582845,11.502261995536108,-5.162206911116416,11.560918806381538
4.243999999999755,-0.32772154790330255,0.5691412375495356,-1.7003201690264276,-0.3302624981899878,0.5715585222569854,0.002540950286685273,0.6218867966709718,6.305857729766024,6.927744526436996,11.444167386496588,-5.196646084063066,11.50250381382909
4.245999999999754,-0.3265866735469376,0.565729385225989,-1.71152092996869,-0.32912608436872454,0.5682069106316534,0.002539410821786936,0.6185821879901154,6.213527294594723,6.832109482584839,11.386394018126516,-5.230880118670516,11.444407413265239
4.247999999999754,-0.32545864525176993,0.5622951988749977,-1.7226541229952304,-0.3279964186311961,0.564832868764204,0.002537773379426178,0.615253588257807,6.121724575045253,6.73697816330306,11.328944508771698,-5.264907663215055,11.386632238260308
4.249999999999754,-0.324337507550425,0.5588388140723584,-1.7337193085866514,-0.3268735455708947,0.5614365301506912,0.0025360380204696997,0.6119011223173065,6.030453533202321,6.642354655519627,11.27182146157919,-5.29872737412223,11.32918090732455
4.251999999999754,-0.32322330470349997,0.5553603672702256,-1.7447160499083691,-0.3257575095125634,0.5580180291656555,0.0025342048090634117,0.6085249158696371,5.9397181077544765,6.548243023624114,11.215027464364983,-5.33233791601992,11.272056023774397
4.2539999999997535,-0.3221160806978147,0.5518599957917215,-1.755643912827872,-0.3246483545104499,0.5545775010567437,0.002532273812635155,0.605125095471053,5.849522213809136,6.454647309280189,11.15856508948327,-5.365737961791067,11.215260175600203
4.255999999999753,-0.32101587924467745,0.5483378378255191,-1.7665024659318405,-0.3235461243465713,0.5511150819392926,0.0025302451018938688,0.6017017885299936,5.759869742709503,6.3615715312394965,11.102436893697327,-5.398926192626044,11.158795935335547
4.257999999999753,-0.3199227437781577,0.5447940324203842,-1.7772912805431906,-0.3224508625289896,0.5476309087908782,0.0025281187508318648,0.5982551233045519,5.6707645618534395,6.269019685157991,11.04664541805186,-5.431901298074753,11.102665859928193
4.259999999999753,-0.31883671745337194,0.5412287194796861,-1.7880099307379949,-0.32136261229009794,0.5441251194458308,0.002525894836725995,0.5947852288996858,5.582210514514123,6.1769957434138085,10.991193187747044,-5.464661976098349,11.046872490612472
4.261999999999753,-0.31775784314477995,0.5376420397558749,-1.7986579933622973,-0.3202814165849185,0.5405978525897155,0.002523573440138538,0.59129223526448,5.494211419662708,6.085503654927188,10.936082712014056,-5.497206933120665,10.991418352783374
4.263999999999752,-0.3166861634444923,0.5340341348449258,-1.809235048048814,-0.31920731808941094,0.5370492477537793,0.002521154644918644,0.5877762731894443,5.406771071792873,5.994547344982317,10.88131648399216,-5.529534884079288,10.936305955872161
4.265999999999752,-0.315621720660588,0.5304051471807449,-1.8197406772335438,-0.3181403591987922,0.5334794453093635,0.0025186385382041654,0.5842374743038969,5.319893240747157,5.904130715051053,10.826896980607437,-5.561644552476316,10.881537793223472
4.267999999999752,-0.3145645568154458,0.5267552200295524,-1.8301744661722315,-0.31708058202777983,0.5298885855061721,0.0025160252123340165,0.5806759710730525,5.233581671545377,5.814257642618429,10.772826662452998,-5.593534670428731,10.827116341974108
4.269999999999752,-0.31351471364408423,0.5230844974842226,-1.8405360029567555,-0.31602802841602845,0.5262768058756815,0.0025133147719442195,0.5770919163001298,5.147840084214829,5.7249320005149595,10.719107973687295,-5.625203978718478,10.773044062933307
4.2719999999997516,-0.312472232592514,0.5193931244585962,-1.850824878531385,-0.3149827399258398,0.5226442450943204,0.0025105073333258066,0.5734855363611846,5.062672174160453,5.636157710521638,10.665743341977535,-5.656651226845864,10.719323401006317
4.273999999999751,-0.3114371548161021,0.5156812466817597,-1.8610406867089297,-0.3139447578391403,0.5189910433497607,0.002507603023038152,0.5698570536963232,4.978081613447577,5.5479386671438995,10.61273517837345,-5.687875173092776,10.665956786540352
4.275999999999751,-0.31040952117794707,0.511949010692293,-1.8711830241867726,-0.31291412315458245,0.5153173422789226,0.002504601976635379,0.5662066790892895,4.894072048489312,5.460278727578601,10.560085877176457,-5.718874584571131,10.612946633060442
4.277999999999751,-0.30938937224726465,0.5081965638324801,-1.8812514905628022,-0.3118908765847676,0.5116232849074209,0.0025015043375029578,0.5625346125347108,4.810647099672465,5.373181712207176,10.507797815812118,-5.749648237269572,10.560295336942037
4.279999999999751,-0.3083767482977883,0.5044240542424991,-1.8912456883512028,-0.3108750585535855,0.5079090155910468,0.0024983102557972203,0.5588410440974312,4.7278103612207305,5.286651405318162,10.455873354705812,-5.780194916099833,10.508005277320564
4.2819999999997505,-0.30737168930617753,0.500631630854569,-1.9011652229981582,-0.3098667091936665,0.5041746799595037,0.0024950198874889584,0.5551261547520348,4.645565401059641,5.200691555811676,10.40431483716146,-5.810513414942924,10.456078816002565
4.28399999999975,-0.3063742349504405,0.4968194433870713,-1.9110097028974262,-0.3088658683439414,0.5004204248625331,0.0024916333935008916,0.5513901171965441,4.563915760683191,5.1153058778797345,10.353124589243407,-5.840602536695025,10.404518297378216
4.28599999999975,-0.30538442460836723,0.4929876423386399,-1.9207787394057965,-0.3078725755473044,0.49664639831851376,0.0024881509389371725,0.5476330966369725,4.482864955022057,5.03049805165903,10.302304919661111,-5.870461093313134,10.353326048335191
4.28799999999975,-0.30440229735597546,0.48913637898222,-1.9304719468584324,-0.30688687004837323,0.4928527494655872,0.0024845726923977685,0.5438552515399142,4.402416472312981,4.946271723852895,10.251858119656745,-5.900087905860512,10.302504378173493
4.28999999999975,-0.3034278919659668,0.48526580535909253,-1.9400889425841068,-0.3059087907913426,0.48903962851533106,0.002480898825375777,0.5400567343513896,4.322573773969514,4.862630508320903,10.20178646289544,-5.929481804551869,10.252055578521382
4.291999999999749,-0.302461246906198,0.4813760742728776,-1.9496293469202917,-0.30493837641792465,0.48520718670897767,0.002477129511726628,0.536237692179844,4.243340294453815,4.779577986633659,10.152092205358283,-5.958641628798188,10.201981923252003
4.293999999999749,-0.3015024003381609,0.4774673392834982,-1.9590927832281608,-0.30397566526537234,0.4813555762761556,0.0024732649272114493,0.5323982674431627,4.164719441149508,4.69711770859267,10.102777585237739,-5.98756622725147,10.152285668400978
4.295999999999749,-0.30055139011547605,0.47353975470111903,-1.968478877907452,-0.3030206953645801,0.47748495039611216,0.002469305249104048,0.5285385984785274,4.086714594235514,4.615253192714041,10.053844822835583,-6.01625445784907,10.102969052084584
4.297999999999749,-0.29960825378239897,0.46959347558005526,-1.9777872604112168,-0.30207350443825737,0.4735954631613614,0.0024652506558583975,0.524658820115087,4.009329106560803,4.53398792667589,10.005296120463203,-6.0447051878578355,10.054034294418638
4.2999999999997485,-0.2986730285723367,0.4656286577126473,-1.9870175632604572,-0.30113412989917,0.46968726954368656,0.0024611013268333037,0.5207590642098536,3.9325663035200744,4.453325367729928,9.95713366234414,-6.07291729391798,10.005483597438054
4.301999999999748,-0.2977457514063794,0.46164545762311676,-1.9961694220586192,-0.30020260884844513,0.46576052536241785,0.002456857442065752,0.5168394601467263,3.8564294829303165,4.373268943077043,9.909359614518808,-6.100889662086622,9.957319145016939
4.303999999999748,-0.2968264588918418,0.457644032561383,-2.005242475505988,-0.29927897807393533,0.46181538725489835,0.002452519182093549,0.5129001352999718,3.7809219149082454,4.293822050208217,9.861976124751425,-6.1286211878810795,9.909543102789325
4.305999999999748,-0.29591518732081834,0.45362454049685574,-2.0142363654139483,-0.2983632740486373,0.4578520126490397,0.0024480867278189322,0.5089412154625461,3.706046841748633,4.21498805721118,9.814985322438817,-6.156110776321893,9.862157618070526
4.307999999999748,-0.2950119726687503,0.4495871401121993,-2.0231507367191277,-0.29745553292916155,0.45387055973787044,0.0024435602604112594,0.5049628252405891,3.631807477803478,4.136770303044067,9.768389318521352,-6.183357341975479,9.815164819778957
4.309999999999747,-0.2941168505930058,0.44553199079706884,-2.0319852374974077,-0.2965557905542496,0.44987118745597277,0.00243893996124378,0.5009650884151184,3.558207009362137,4.059172097777256,9.722190205395684,-6.2103598089965875,9.768566818358725
4.311999999999747,-0.29322985643147126,0.4414592526418136,-2.04073951897783,-0.2956640824433342,0.445854055457701,0.002434226011862939,0.4969481282724808,3.4852485945323295,3.9821967228048103,9.676390056829309,-6.237117111170367,9.722365705702696
4.313999999999747,-0.2923510252011575,0.4373690864311633,-2.0494132355563486,-0.29478044379514007,0.44181932409707625,0.0024294185939825463,0.49291206790458064,3.412935363122129,3.9058474310267095,9.630990927876967,-6.263628191954117,9.676563555076246
4.315999999999747,-0.29148039159681693,0.4332616536378766,-2.0580060448094852,-0.2939049094863216,0.4377671544092506,0.0024245178895046515,0.4888570304806339,3.341270416522902,3.830127447003536,9.58599485479872,-6.2898920045187525,9.631162421041655
4.3179999999997465,-0.29061798998957333,0.42913711641636704,-2.0665176075078433,-0.29303751407013473,0.43369770809343533,0.002419524080561397,0.4847831394919788,3.2702568275931956,3.7550399670851746,9.54140385497965,-6.315907511789987,9.586164339383183
4.319999999999746,-0.28976385442556546,0.42499563759630177,-2.0749475876295023,-0.2921782917751404,0.4296111474971881,0.002414437349574916,0.480690518971183,3.1998976405437505,3.6805881595149335,9.497219926851209,-6.341673686489048,9.541571327032798
4.321999999999746,-0.2889180186246032,0.4208373806761745,-2.083295652373278,-0.29132727650393647,0.4255076356019605,0.002409257879333271,0.4765792936871627,3.1301958708235045,3.606775164510667,9.45344504981417,-6.367189511173125,9.49738538199663
4.323999999999746,-0.2880805159788351,0.41666250981684594,-2.0915614721718745,-0.2904845018319169,0.42138733600980394,0.0024039858530817693,0.47244958931798253,3.061154505006656,3.5336040943246387,9.410081184163003,-6.392453978275614,9.45360848328227
4.325999999999746,-0.287251379551432,0.41247118983507036,-2.099744720704876,-0.2896500010060546,0.41725041293114123,0.002398621454622607,0.46830153260230656,2.9927765006809732,3.46107803328328,9.367130271011764,-6.417466090145707,9.41024259082668
4.327999999999745,-0.28643064207528013,0.40826358619698383,-2.1078450749116437,-0.2888238069437076,0.41309703117351154,0.0023931648684274442,0.4641352514717445,2.925064786337095,3.3892000378088394,9.32459423222148,-6.442224859087893,9.367289645424988
4.329999999999745,-0.28561833595168984,0.4040398650115736,-2.115862215004062,-0.28800595223144515,0.40892735613119996,0.0023876162797553113,0.4599508751647874,2.858022261259145,3.3179731364239324,9.2824749703288,-6.466729307401015,9.32475156866016
4.331999999999745,-0.28481449324911595,0.39980019302411957,-2.123795824479169,-0.2871964691238938,0.4047415537756706,0.002381975874777842,0.4557485343242318,2.7916517954164943,3.247400329740726,9.240774368476142,-6.490978467416864,9.282630262833358
4.333999999999745,-0.28401914570189224,0.39554473760961395,-2.1316455901316442,-0.28639538954260035,0.40053979064672246,0.0023762438407081143,0.4515283610791776,2.7259562293567283,3.177484590435906,9.199494290343118,-6.5149713815385875,9.240927610895316
4.3359999999997445,-0.2832323247089775,0.3912736667661472,-2.1394112020661846,-0.2856027450749118,0.3963222338442929,0.002370420365934267,0.44729048911306135,2.6609383740999757,3.108228863213037,9.158636580079243,-6.538707102278586,9.199645476378562
4.337999999999744,-0.28245406133271755,0.38698714910828447,-2.147092353709726,-0.2848185669728701,0.3920890510208399,0.002364505640152559,0.4430350537186789,2.596601011034437,3.039636064753116,9.118203062237935,-6.562184692296059,9.158785703330496
4.339999999999744,-0.28168438629761783,0.38268535386040303,-2.1546887418235547,-0.28404288615212164,0.38784041037423667,0.002358499854503815,0.4387621918417195,2.532946891813298,2.9717090836550173,9.078195541711828,-6.585403224434172,9.11835011624747
4.341999999999744,-0.28092332998913094,0.37836845085001347,-2.162200066515274,-0.28327573319083943,0.38357648064111616,0.002352403201708486,0.43447204211367607,2.469978738252917,2.904450780366593,9.038615803669165,-6.608361781756897,9.078340520009814
4.343999999999744,-0.2801709224524567,0.3740366105010549,-2.169626031250647,-0.2825171383286582,0.37929743109060926,0.002346215876201485,0.4301647448753154,2.4076992422323746,2.8378639871076903,8.999465613491584,-6.631059457585349,9.038758699817723
4.345999999999743,-0.2794271933913566,0.3696900038271683,-2.1769663428652986,-0.2817671314656214,0.37500343151842375,0.0023399380742648024,0.4258404421915085,2.34611106559447,2.771951507785978,8.960746716712908,-6.653495355533846,8.999606421128316
4.347999999999743,-0.27869217216698006,0.36532880242494,-2.1842207115762995,-0.28102574216113896,0.3706946522412133,0.0023335699941589017,0.4214992778585891,2.2852168400479984,2.7067161179065877,8.922460838959221,-6.675668589545469,8.960885429593468
4.349999999999743,-0.2779658877967066,0.3609531784671351,-2.1913888509935924,-0.28029299963295656,0.3663712640911946,0.002327111836249951,0.4171413974049054,2.2250191670714896,2.642160564476395,8.88460968589006,-6.697578283927313,8.922597450998802
4.351999999999743,-0.27724836895299976,0.35656330469589514,-2.198470478131307,-0.27956893275613465,0.36203343841096747,0.0023205638031348896,0.4127669480853724,2.1655206178183803,2.5782875659037527,8.847194943140668,-6.719223573385264,8.884744191203644
4.3539999999997425,-0.27653964396227465,0.35215935441591995,-2.205465313418929,-0.27885357006203765,0.3576813470485041,0.0023139260997629973,0.4083760788710489,2.1067237330235624,2.5150998118946113,8.810218276265472,-6.7406036030584,8.847327336081962
4.355999999999742,-0.27583974080378054,0.34774150148762584,-2.212373080712339,-0.2781469397373331,0.35331516235227,0.002307198933552579,0.40396894043385645,2.048631022911376,2.4525999633452327,8.773681330682562,-6.76171752855301,8.810348551464386
4.357999999999742,-0.2751486871084958,0.34330992032028307,-2.2191935073047095,-0.2774490696230002,0.348935057166448,0.0023003825145043733,0.39954568512772015,1.9912449671051027,2.390790652232823,8.737585731619271,-6.782564515976129,8.773809483081232
4.359999999999742,-0.2744665101580368,0.33886478586512553,-2.225926323937282,-0.2767599872133477,0.3445412048262363,0.0022934770553109107,0.39510646696622964,1.9345680145378,2.3296744815040293,8.701933084058913,-6.803143741968728,8.737711756506528
4.361999999999742,-0.2737932368835815,0.3344062736084515,-2.2325712648099816,-0.2760797196550413,0.3401337791531954,0.002286482771459819,0.3906514415975504,1.878602583364673,2.2692540249622235,8.66672497268839,-6.823454393738517,8.70205697710319
4.363999999999741,-0.27312889386480604,0.32993455956469064,-2.239128067591921,-0.27540829374614006,0.335712954450623,0.002279399881334021,0.38618076627695563,1.823351060876897,2.2095318271538527,8.631962961847018,-6.843495669092164,8.66684672996906
4.365999999999741,-0.27247350732883524,0.3254498202694566,-2.2455964734317533,-0.2747457359351422,0.3312789054989351,0.0022722286063069363,0.38169459983763754,1.768815803416814,2.1505104032544518,8.597648595476292,-6.86326677646732,8.632082579884134
4.367999999999741,-0.2718271031492073,0.3209522327725778,-2.2519762269678916,-0.2740920723200401,0.32683180755103836,0.002264969170832798,0.3771931026598241,1.7149991362946908,2.0921922389545147,8.563783397070683,-6.882766934964045,8.597766071258736
4.369999999999741,-0.27118970684485266,0.3164419746311085,-2.258267076338588,-0.27344732864738475,0.3223718363276762,0.0022576218025320838,0.3726764366388957,1.6619033537068724,2.0345797903457683,8.530368869629415,-6.901995374375902,8.563898728082775
4.3719999999997405,-0.2705613435790857,0.3119192239023151,-2.264468773191885,-0.2728115303113593,0.3178991680127368,0.002250186732273618,0.36814476515259154,1.6095307186553383,1.9776754838079298,8.49740649560931,-6.920951335220612,8.53048205387595
4.37399999999974,-0.26994203815861223,0.3073841591366532,-2.2705810726954083,-0.2721847023528623,0.31341397924851244,0.002242664194250066,0.3635982530277404,1.557883462868829,1.9214817158965694,8.464897736878502,-6.9396340687702756,8.497517531639105
4.37599999999974,-0.26933181503255,0.30283695937071453,-2.2766037335460387,-0.2715668694586005,0.3089164471308978,0.0022350544260504868,0.35903706650650236,1.5069637867253425,1.8660008532318448,8.432844034671213,-6.9580428370811065,8.465006623806449
4.37799999999974,-0.268730698291463,0.2982778041201599,-2.2825365179794392,-0.27095805596019146,0.30440674920452315,0.002227357668728447,0.35446137321273663,1.4567738591760122,1.8112352323887488,8.401246809543451,-6.976176913022883,8.432950772198895
4.37999999999974,-0.268138711666411,0.293706873372632,-2.288379191779438,-0.2703582858332758,0.299885063457812,0.0022195741668648017,0.3498713421182664,1.4073158176705771,1.7571871597888435,8.37010746132967,-6.994035580307797,8.401351397978374
4.381999999999739,-0.26755587852801255,0.2891243475806514,-2.294131524287277,-0.2697675826966399,0.2953515683179607,0.002211704168627371,0.3452671435094412,1.3585917680840902,1.7038589115935314,8.33942736910031,-7.011618133519021,8.370209901603111
4.383999999999739,-0.26698222188552145,0.28453040765448717,-2.299793288410721,-0.26918596981134824,0.2908064426458342,0.0022037479258267823,0.34064894895422193,1.3106037846451706,1.6512527335993925,8.309207891120389,-7.028923878138716,8.339527662783887
4.385999999999739,-0.26641776438592,0.27992523495502286,-2.3053642606330147,-0.2686134700798867,0.28624986573077554,0.002195705693966654,0.3360169312694161,1.2633539098656357,1.5993708411350518,8.279450364808834,-7.045952130575728,8.309306040441363
4.387999999999739,-0.2658625283130238,0.27530901128659124,-2.3108442210217155,-0.26805010604531604,0.2816820172853268,0.002187577732292223,0.33137126448888554,1.2168441544714996,1.5482154189603852,8.250156106698922,-7.062702218192707,8.279546372664207
4.3899999999997386,-0.2653165355866022,0.27068191888979865,-2.316232953237369,-0.2674958998904363,0.27710307743986046,0.0021793643038341415,0.32671212383220904,1.1710764973354175,1.4977886211676266,8.221326412399431,-7.079173479332938,8.250249976668355
4.391999999999738,-0.26477980776151316,0.2660441404343299,-2.3215302445420547,-0.26695087343696206,0.2725132267371189,0.002171065675448891,0.3220396856740193,1.126052885410477,1.4480925710844963,8.19296255655679,-7.0953652633466096,8.221418148757087
4.393999999999738,-0.26425236602685237,0.2613958590117386,-2.3267358858077807,-0.26641504814470873,0.2679126461266651,0.0021626821178563627,0.317354127514331,1.0817752336653292,1.3991293611796602,8.165065792818066,-7.111276930616743,8.193052164282072
4.395999999999738,-0.2637342312051161,0.25673725812821374,-2.331849671524747,-0.26588844511079024,0.26330151695924153,0.0021542139056741627,0.3126556279495041,1.038245425020743,1.350901052970247,8.137637353794815,-7.12690785258462,8.165153277605363
4.397999999999738,-0.26322542375138,0.2520685216973425,-2.3368713998094472,-0.26537108506882817,0.25868002098104154,0.0021456613174481443,0.3079443666440618,0.9954653102875275,1.3034096769315893,8.110678451027818,-7.142257411774755,8.137722722062282
4.3999999999997375,-0.26272596375249124,0.24738983403284515,-2.341800872412648,-0.2648629883881724,0.25404834032789253,0.0021370246356811617,0.30322052430345803,0.9534367081056816,1.2566572324091396,8.084190274952563,-7.157325001819529,8.11076170992521
4.401999999999737,-0.2622358709262753,0.2427013798412994,-2.3466378947272113,-0.2643641750731337,0.24940665751935306,0.002128304146858384,0.2984842826475548,0.9121614048849889,1.2106456875325438,8.058173994865696,-7.172110027483212,8.084271432368201
4.403999999999737,-0.2617551646207578,0.2380033442148488,-2.3513822757957783,-0.26387466476222826,0.24475515545272708,0.002119500141470443,0.29373582438509127,0.8716411547468379,1.165376979131929,8.032630758892225,-7.186611904685753,8.058253059432591
4.405999999999737,-0.2612838638134007,0.23329591262389698,-2.3560338283183073,-0.26339447672743427,0.24009401739699676,0.0021106129140335828,0.28897533318891333,0.8318776794674694,1.1208530126563827,8.007561693953502,-7.2008300605259254,8.032707739993395
4.407999999999737,-0.2608219871103526,0.22857927090978003,-2.3605923686594714,-0.2629236298734609,0.2354234269866763,0.0021016427631083134,0.2842029936720003,0.7928726684223548,1.0770756620943551,7.982967905736082,-7.214763933304177,8.007636601726531
4.409999999999736,-0.26036955274571505,0.22385360527743794,-2.3650577168559024,-0.2624621427370297,0.2307435682155895,0.002092589991314675,0.2794189913644046,0.7546277785320097,1.0340467698964142,7.958850478661303,-7.228412972544936,7.983040751076945
4.411999999999736,-0.259926578580822,0.21911910228805825,-2.3694296966232993,-0.2620100334861686,0.22605462543057497,0.00208345490534656,0.2746235126909158,0.7171446342090038,0.9917681468999195,7.93521047585573,-7.241776639018499,7.958921273227503
4.413999999999736,-0.25949308210353506,0.21437594885171224,-2.373708135363387,-0.2615673199195183,0.22135678332511993,0.0020742378159832597,0.2698167449494504,0.6804248273062381,0.9502415722556885,7.912048939122284,-7.2548544047625345,7.935279232068773
4.415999999999736,-0.25906908042755306,0.20962433221997737,-2.377892864170729,-0.26113401946565246,0.21665022693292718,0.0020649390380994004,0.2649988762902006,0.6444699170664494,0.90946879335665,7.889366888912152,-7.267645753103071,7.912115670169521
4.4179999999997355,-0.25865459029173576,0.2048644399785394,-2.3819837178393994,-0.26071014918240965,0.2119351416214174,0.002055558890673881,0.2601700956955827,0.6092814300730254,0.8694515257686081,7.867165324297538,-7.280150178674997,7.889431608748023
4.419999999999735,-0.2582496280594442,0.20009646003979523,-2.3859805348694985,-0.2602957257562393,0.20721171308516995,0.002046097696795146,0.2553305929606492,0.5748608602019987,0.8301914531626479,7.845445222945003,-7.292367187442241,7.8672280476442396
4.421999999999735,-0.25785420971789397,0.1953205806354287,-2.3898831574735344,-0.2598907655015607,0.2024801273393048,0.002036555783666738,0.250480558674247,0.5412096685752141,0.7916902272494611,7.824207541089675,-7.304296296717385,7.845505965292599
4.423999999999735,-0.25746835087752407,0.19053699030898108,-2.3936914315826487,-0.2594952843601351,0.19774057071280893,0.0020269334826110152,0.24562018420085374,0.5083292835147954,0.7539494677156492,7.8034532135100765,-7.315937035180894,7.824266318695689
4.425999999999735,-0.25709206677138075,0.18574587790840763,-2.3974052068527003,-0.25910929790045145,0.19299322984180986,0.002017231129070707,0.24074966166284129,0.47622110049872557,0.7169707621615669,7.783183153503723,-7.327288942899858,7.803510043398584
4.427999999999734,-0.25672537225451647,0.18094743257862364,-2.4010243366701993,-0.2587328213171258,0.1882382916627984,0.0020074490626093566,0.23586918392327183,0.4448864821176395,0.6807556660409113,7.763398252863421,-7.338351571346295,7.7832380534639345
4.429999999999734,-0.25636828180340254,0.1761418437540317,-2.4045486781581,-0.2583658694303142,0.1834759434058052,0.0019975876269116566,0.23097894456932277,0.4143267580328063,0.645305702602129,7.744099381854213,-7.349124483415019,7.763451241447825
4.431999999999734,-0.25602080951535877,0.1713293011510515,-2.407978092181434,-0.25800845668513916,0.17870637258753075,0.0019876471697803932,0.22607913789601142,0.3845432249352605,0.6106223628312719,7.725287389191045,-7.35960725344101,7.7441504783762705
4.433999999999734,-0.2556829691079959,0.16650999476062459,-2.411312443352808,-0.2576605971511303,0.17392976700443472,0.001977628043134394,0.22116995889052415,0.3555371465060242,0.5767071053965483,7.706963102017108,-7.369799467216397,7.725336613722421
4.4359999999997335,-0.255354773918675,0.16168411484071532,-2.414551600037746,-0.25732230452167876,0.16914631472578412,0.001967530603003753,0.21625160321667558,0.3273097533776088,0.5435613565942844,7.6891273258827795,-7.379700722006919,7.707010475384528
4.437999999999733,-0.2550362369039801,0.1568518519087997,-2.417695434359889,-0.2569935921135054,0.16435620408666482,0.0019573552095253355,0.21132426720004593,0.2998622430964586,0.5111865102965045,7.671780844725323,-7.389310626567988,7.689172869664446
4.439999999999733,-0.2547273706392071,0.15201339673434547,-2.4207438222060405,-0.25667447286614353,0.15955962368095677,0.001947102226936448,0.20638814781328008,0.27319578008675904,0.4795839279000391,7.6549244208491505,-7.398628801160206,7.671824581246965
4.441999999999733,-0.2544281873178672,0.14716894033127542,-2.4236966432310694,-0.256364959341435,0.1547567623542772,0.0019367720235677899,0.2014434426616385,0.24731149561507682,0.4487549382767153,7.63855879490672,-7.407654877564602,7.654966373179679
4.443999999999733,-0.25413869875120565,0.14231867395043468,-2.4265537808626574,-0.2560650637230412,0.14994780919689146,0.0019263649718355702,0.19649034996901849,0.2222104877563238,0.4187008377253423,7.62268468588011,-7.416388499097207,7.6385989868535304
4.445999999999732,-0.25385891636773544,0.137462789072035,-2.429315122305902,-0.255774797815968,0.14513295353659528,0.0019158814482325703,0.19152906856402585,0.19789382136071687,0.3894228899247427,7.6073027910632,-7.424829320623283,7.622723141984
4.447999999999732,-0.25358885121278596,0.13260147739809675,-2.431980558547772,-0.2554941730461049,0.14031238493156925,0.0019053218333189292,0.18655979786644017,0.1743625280218568,0.360922325888297,7.5924137860443945,-7.432977008571121,7.607339536592978
4.449999999999732,-0.2533285139480672,0.1277349308448809,-2.4345499843614085,-0.2552232004597785,0.13548629316320812,0.0018946865117112632,0.18158273787376833,0.1516176060458454,0.33320034391961373,7.578018324690062,-7.4408312409452595,7.592448846991105
4.451999999999732,-0.25307791485124853,0.12286334153531393,-2.4370232983102786,-0.25496189072332065,0.13065486822892555,0.001883975872072119,0.17659808914810532,0.12966002042147906,0.3062581095695844,7.564117039128448,-7.448391707339427,7.578051727760906
4.4539999999997315,-0.25283706381555315,0.11798690179139748,-2.4394004027521845,-0.2547102541226508,0.12581830033493635,0.0018731903070976497,0.17160605280293784,0.10849070279154294,0.2800967555944808,7.550710539734256,-7.455658108948824,7.564148811740367
4.455999999999731,-0.25260597034936766,0.11310580412662427,-2.441681203843112,-0.2544683005628728,0.12097677988901766,0.0018623302135051256,0.16660683049038727,0.0881105514251006,0.2547173819154879,7.537799415113774,-7.462630158582105,7.550740710007205
4.457999999999731,-0.2523846435758663,0.10822024123837228,-2.4438656115409403,-0.25423603956788626,0.11613049749325084,0.001851395992019944,0.16160062438838552,0.06852043119088513,0.23012105557927065,7.5253842320905875,-7.469307580672788,7.537828011863673
4.459999999999731,-0.25217309223265116,0.10333040600029893,-2.4459535396089924,-0.25401348028001275,0.11127964393674428,0.0018403880473615852,0.15658763718798152,0.0497211735316716,0.20630881071965312,7.513465535691807,-7.475690111290299,7.5254112848219705
4.461999999999731,-0.25197132467140704,0.09843649145472669,-2.4479449056194444,-0.25380063145963605,0.10642441018833945,0.0018293067882290126,0.15156807208079048,0.03171357643969319,0.18328164852048368,7.502043849134951,-7.4817774981504845,7.513491074590178
4.46399999999973,-0.2517793488575718,0.09353869080502349,-2.4498396309565753,-0.25359750148485743,0.10156498738930039,0.0018181526272856297,0.14654213274652966,0.014498404433122225,0.1610405371796519,7.491119673815255,-7.487569500625702,7.502067905058825
4.46599999999973,-0.2515971723700218,0.0886371974079698,-2.451637640819874,-0.25340409835116545,0.0967015668459888,0.0018069259811436256,0.14151002334050977,-0.0019236114665091009,0.13958641187400067,7.480693489293589,-7.493065889754437,7.491142278287928
4.46799999999973,-0.2514248024007729,0.08373220476613363,-2.4533388642269887,-0.2532204296711204,0.09183434002252418,0.0017956272703474885,0.13647194848140365,-0.017551773755769773,0.11892017472563388,7.470765753284958,-7.498266448250387,7.480714674494617
4.46999999999973,-0.25126224575469625,0.0788239065202258,-2.454943234016533,-0.25304650267405354,0.08696349853343166,0.0017842569193572966,0.13142811323886477,-0.03238541846993659,0.09904269476892819,7.461336901647421,-7.503170970511291,7.470785552041354
4.4719999999997295,-0.25110950884925,0.0739124964414567,-2.4564506868507343,-0.252882324205781,0.0820892341362767,0.00177281535653101,0.12637872312121212,-0.04642391520246569,0.07995480791874643,7.452407348371612,-7.507779262627024,7.461355347424559
4.473999999999729,-0.2509665977142256,0.06899816842388655,-2.457861163217936,-0.2527279007283324,0.07721173872428908,0.0017613030141068187,0.12132398406327988,-0.05966666712355728,0.061657316939722595,7.44397748557078,-7.512091142387451,7.452424475263894
4.475999999999729,-0.2508335179915099,0.06408111647677221,-2.4591746074349463,-0.2525832383196944,0.0723312043189757,0.0017497203281845453,0.11626410241416668,-0.07211311099765982,0.04415099141650686,7.436047683471303,-7.516106439289656,7.443993328291996
4.477999999999729,-0.25071027493486253,0.05916153471690242,-2.4603909676492366,-0.25244834267356897,0.06744782306272297,0.0017380677387064392,0.11119928492491316,-0.08376271720009232,0.027436567724820837,7.42861829040373,-7.519824994544844,7.436062277344751
4.479999999999729,-0.2505968734097084,0.05423961736094278,-2.4615101958409884,-0.2523232190991462,0.06256178721139072,0.0017263456894378026,0.1061297387365151,-0.09461498973259186,0.011514749003923241,7.421689632794362,-7.523246661084664,7.428631671352072
4.481999999999728,-0.2504933178929455,0.04931555871776284,-2.4625322478249885,-0.2522078725208924,0.05767328912689628,0.001714554627946896,0.10105567136758042,-0.10466946623797391,-0.003613794870393483,7.4152620151572455,-7.526371303567183,7.421701837329209
4.483999999999728,-0.2503996124727683,0.044389553180766476,-2.4634570832523752,-0.2521023074783528,0.052782521269791244,0.0017026950055845091,0.09597729070221717,-0.11392571801370188,-0.017948427311484716,7.40933572008677,-7.5291987983822075,7.415273080368506
4.485999999999728,-0.2503157608485064,0.03946179522021762,-2.4642846656122295,-0.2520065281259692,0.04788967619182977,0.0016907672774628124,0.0908948049778181,-0.12238335002468759,-0.03148854504686949,7.403911008250667,-7.531729033656429,7.4093456836317415
4.487999999999728,-0.25024176633047823,0.034532479375564286,-2.4650149622330164,-0.2519205382329121,0.042994946528530184,0.0016787719024338732,0.08580842277288114,-0.13004200091490947,-0.04423357814202833,7.3989881183835475,-7.533961909257788,7.403919908342878
4.4899999999997275,-0.25017763183986075,0.02960180024775289,-2.465647944283876,-0.25184434118292864,0.038098524991729825,0.0016667093430678959,0.08071835299472563,-0.1369013430182422,-0.056182990023516566,7.394567267280925,-7.535897336799615,7.398995993781373
4.491999999999727,-0.2501233599085738,0.02466995249155411,-2.466183586775761,-0.2517779399742044,0.03320060436213314,0.0016545800656305731,0.07562480486745105,-0.1429610823682559,-0.06733627750080484,7.390648649793665,-7.5375352396442,7.394574157275944
4.493999999999727,-0.2500789526791804,0.019737130807872687,-2.466621868562423,-0.25172133721924067,0.02830137748185447,0.001642384540060271,0.07052798791958909,-0.1482209587070571,-0.07769297078746801,7.387232438823018,-7.53887555290585,7.390654594198793
4.495999999999727,-0.25004441190480176,0.014803529936062352,-2.466962772341247,-0.25167453514474675,0.02340103724695526,0.0016301232399449916,0.0654281119719407,-0.15268074549321398,-0.08725263352127327,7.38431878531598,-7.539918223453628,7.387237477960414
4.497999999999727,-0.25001973894904866,0.009869344646237845,-2.467206284653936,-0.2516375355915468,0.018499776599975724,0.001617796642498115,0.06032538712526825,-0.1563402499087525,-0.09601486278348426,7.381907818261313,-7.540663209913473,7.38432296000472
4.499999999999726,-0.2500049347859671,0.004934769731587124,-2.4673523958870405,-0.25161034001450183,0.013597788522462288,0.0016054052285347509,0.05522002374816759,-0.15919931286511435,-0.10397928911694676,7.379999644685871,-7.541110482669959,7.3819111698048445
4.501999999999726,-0.25,6.756841671205585e-13,-2.4674011002723395,-0.25159294948244687,0.008695266027490677,0.0015929494824468704,0.05011223246463431,-0.161257809008287,-0.1111455765436527,7.378594349651493,-7.541260023867531,7.380002214859244
4.503999999999726,-0.25000493478596436,-0.004934769730235783,-2.467352395887067,-0.2515853646781425,0.0037924021521844138,0.001580429892178159,0.045002224141972635,-0.16251564672291785,-0.11751342258094521,7.377691996252342,-7.541111827411296,7.378596180688378
4.505999999999726,-0.2500197389490433,-0.009869344644887978,-2.4672062846539893,-0.25158758589824204,-0.001110610049770088,0.001567846949198759,0.039890209878400196,-0.16297276813550177,-0.12308255825710157,7.377292625612698,-7.540665898967342,7.37769313083184
4.507999999999726,-0.25004441190479365,-0.014803529934712617,-2.466962772341327,-0.2515996130532733,-0.006013577515611683,0.0015552011484796235,0.03477640099082696,-0.1626291491166585,-0.12785274812583153,7.377396256885248,-7.539922255962602,7.3772931068459435
4.509999999999725,-0.2500789526791696,-0.019737130806523142,-2.4666218685625294,-0.2516214456676353,-0.01091630718099636,0.0015424929884657046,0.02966100900251073,-0.16148479928242399,-0.13182379027991326,7.378002887249844,-7.53888092758423,7.377396128301806
4.511999999999725,-0.2501233599085603,-0.02466995249020341,-2.4661835867758946,-0.25165308287961025,-0.01581860598749123,0.0015297229710499183,0.024544245630849337,-0.15953976199461728,-0.13499551636376794,7.3791124919126805,-7.537541954778522,7.378002192783905
4.513999999999725,-0.25017763183984454,-0.029601800246402483,-2.4656479442840364,-0.25169452344139037,-0.020720280890071895,0.0015168916015458334,0.019426322774916405,-0.15679411436032265,-0.13736779158540624,7.3807250241060185,-7.5359053902493915,7.379111275889069
4.515999999999725,-0.2502417663304593,-0.03453247937421423,-2.465014962233203,-0.2517457657191196,-0.025621138864621362,0.0015039993886603042,0.014307452503367124,-0.15324796723034684,-0.1389405147269797,7.382840415088324,-7.533971298456355,7.380723331226008
4.5179999999997245,-0.2503157608484847,-0.039461795218869354,-2.4642846656124426,-0.2518068076929505,-0.030520986915431442,0.001491046844465771,0.009187847042016584,-0.14890146519677838,-0.1397136181547618,7.385458574144893,-7.53173975561204,7.382838290415261
4.519999999999724,-0.250399612472744,-0.04438955317941866,-2.463457083252615,-0.2518776469571159,-0.03541963208270595,0.0014780344843718929,0.00406771876155404,-0.14375478658957608,-0.13968706782802204,7.388579388588944,-7.529210849679224,7.385456063089648
4.521999999999724,-0.2504933178929185,-0.04931555871641413,-2.462532247825255,-0.251958280720016,-0.040316881450065005,0.0014649628270975157,-0.0010527198346861333,-0.13780814347231907,-0.1388608633070052,7.392202723763211,-7.5263846803674905,7.3885765368951715
4.523999999999724,-0.25059687340967873,-0.05423961735959464,-2.4615101958412815,-0.25204870580432015,-0.04521254215205068,0.0014518323946414169,-0.006173256123134241,-0.13106178163684046,-0.1372350377599747,7.396328423041975,-7.523261359129296,7.392199577492455
4.525999999999724,-0.25071027493483017,-0.059161534715554895,-2.4603909676495563,-0.25214891864708344,-0.050106421381633834,0.0014386437122532736,-0.011293677372087974,-0.12351598059707225,-0.13480965796916022,7.400956307833599,-7.519841009155657,7.396325028558585
4.527999999999723,-0.2508335179914748,-0.06408111647542535,-2.4591746074352927,-0.25225891529987887,-0.054998326397721155,0.001425397308404075,-0.01641377075410122,-0.11517105358181468,-0.1315848243359159,7.406086177583533,-7.51612376537131,7.400952711789495
4.529999999999723,-0.2509665977141878,-0.0689981684225418,-2.457861163218309,-0.2523786914289442,-0.05988806453266335,0.0014120937147564239,-0.021533323358194245,-0.10602734752670884,-0.12756067088490308,7.411717809777797,-7.512109774429511,7.4060824269028025
4.531999999999723,-0.2511095088492096,-0.07391249644011272,-2.4564506868511335,-0.25250824231534374,-0.06477544319976218,0.0013987334661341722,-0.02665212220206159,-0.09608524306505828,-0.12273736526711987,7.417850959946982,-7.5077991947062,7.411713951641142
4.533999999999723,-0.25126224575465306,-0.07882390651888126,-2.4549432340169592,-0.2526475628551453,-0.06966026990077875,0.0013853171004922227,-0.031769954244244,-0.08534515451786984,-0.11711510876211384,7.424485361670699,-7.503192196293884,7.417847041776014
4.5359999999997225,-0.25142480240072707,-0.08373220476478997,-2.453338864227441,-0.2527966475596122,-0.07454235223344065,0.00137184515888511,-0.03688660639658142,-0.0738075298828571,-0.11069413627943853,7.431620726582551,-7.4982889609949295,7.424481431112072
4.537999999999722,-0.25159717236997325,-0.08863719740662705,-2.451637640820353,-0.25295549055541006,-0.07942149789894809,0.001358318185436802,-0.04200186553594387,-0.06147285082244469,-0.10347471635838856,7.439256744375585,-7.493089682314431,7.431616831491986
4.539999999999722,-0.2517793488575206,-0.09353869080368173,-2.4498396309570807,-0.253124085584829,-0.0842975147094796,0.0013447367273083932,-0.04711551851678625,-0.04834163265091451,-0.09545715116770076,7.447393082808258,-7.487594565452626,7.439252932801711
4.541999999999722,-0.2519713246713532,-0.09843649145338737,-2.4479449056199765,-0.25330242600602043,-0.08917021059569616,0.0013311013346672396,-0.05222735218299024,-0.03441442432046937,-0.08664177650345961,7.456029387710929,-7.481803827296827,7.447389402976357
4.543999999999722,-0.25217309223259465,-0.1033304059989607,-2.4459535396095506,-0.2534905047932489,-0.09403939361424381,0.001317412560654263,-0.05733715338013534,-0.01969180840637641,-0.07702896178651175,7.465165282992796,-7.475717696412911,7.456025888006534
4.545999999999721,-0.25238464357580703,-0.1082202412370338,-2.443865611541525,-0.2536883145371594,-0.09890487195525403,0.0013036709613523656,-0.06244470896742321,-0.004174401091116664,-0.06661911005853988,7.474800370649437,-7.469336413036282,7.465162011945165
4.547999999999721,-0.2526059703493057,-0.11310580412528698,-2.4416812038437237,-0.2538958474450591,-0.10376645394984264,0.0012898770957534,-0.06754980582992093,0.012137147852378405,-0.05541265797754252,7.484934230770783,-7.462660229062529,7.474797376914907
4.549999999999721,-0.25283706381548854,-0.11798690179006145,-2.439400402752822,-0.25411309534121435,-0.10862394807760521,0.001276031525725807,-0.07265223089026218,0.02924215507866723,-0.04341007581159495,7.495566421549748,-7.455689408037357,7.4849315631160245
4.551999999999721,-0.25307791485118125,-0.1228633415339792,-2.4370232983109426,-0.25434004966716256,-0.11347716297411048,0.0012621348159813084,-0.07775177112086085,0.04713990368849519,-0.030611867432365658,7.506696479291222,-7.448424225146376,7.4955641288348716
4.5539999999997205,-0.25332851394799727,-0.12773493084354892,-2.434549984362098,-0.2545767014820393,-0.11832590743839004,0.0012481875340420445,-0.0828482135557107,0.06582964324867646,-0.017018570307034242,7.518323918421738,-7.440864967204139,7.506694610452816
4.55599999999972,-0.25358885121271346,-0.13260147739676614,-2.431980558548488,-0.2548230414629202,-0.12316999044042486,0.0012341902502067126,-0.0879413453023517,0.08531058981292095,-0.0026307554894307583,7.530448231499661,-7.433011932642862,7.518322522455783
4.55799999999972,-0.2538589163676601,-0.1374627890707045,-2.429315122306645,-0.25507905990517743,-0.12800922112862778,0.0012201435375173153,-0.09303095355358088,0.10558192594360172,0.012550972390020843,7.54306888922588,-7.42486543150075,7.530447357444352
4.55999999999972,-0.2541386987511277,-0.14231867394910572,-2.4265537808634265,-0.25534474672285207,-0.13284340883732199,0.0012060479717243555,-0.0981168255996151,0.12664280073467094,0.028525975135055837,7.556185340455094,-7.416425785409682,7.5430685861443525
4.56199999999972,-0.2544281873177866,-0.147168940329948,-2.423696643231865,-0.2556200914490405,-0.13767236309421504,0.001191904131253918,-0.10319874883942759,0.14849232983551985,0.045293580996092264,7.569797012207717,-7.40769332758255,7.5561856574180695
4.563999999999719,-0.2547273706391239,-0.15201339673301967,-2.420743822206862,-0.25590508323629624,-0.14249589362786746,0.0011777125971723645,-0.10827651079276301,0.17112959547590645,0.06285308468314343,7.5839033096822295,-7.3986684028001415,7.569797998276048
4.565999999999719,-0.25503623690389426,-0.1568518519074769,-2.417695434360736,-0.25619971085704657,-0.14731381037515703,0.0011634739531523053,-0.11334989911179427,0.19455364649185825,0.08120374738006397,7.598503616268273,-7.389351367397522,7.58390501388938
4.567999999999719,-0.2553547739185866,-0.16168411483939427,-2.414551600038619,-0.25650396270402404,-0.15212592348873677,0.0011491887854374605,-0.1184187015927457,0.2187634983527298,0.10034479675998409,7.613597293560199,-7.379742589249989,7.598506087602718
4.569999999999719,-0.2556829691079048,-0.16650999475930395,-2.4113124433537076,-0.256817826790713,-0.15693204334448718,0.0011348576828082435,-0.12348270618749213,0.24375813318922912,0.12027542700173699,7.629183681371318,-7.369842447758523,7.613600580947752
4.5719999999997185,-0.2560208095152649,-0.17132930114973266,-2.4079780921823604,-0.25714129075181097,-0.1617319805489623,0.001120481236546067,-0.12854170101528561,0.2695364998225438,0.14099479880725818,7.645262097748663,-7.359651333834852,7.6291878336573955
4.573999999999718,-0.25636828180330606,-0.17614184375271474,-2.4045486781590526,-0.2574743418437046,-0.16652554594682914,0.0011060600403985377,-0.13359547437406805,0.29609751379448745,0.1625020394204194,7.661831838988514,-7.349169649885989,7.645267163680477
4.575999999999718,-0.2567253722544174,-0.1809474325773086,-2.4010243366711777,-0.2578169669449612,-0.17131255062829948,0.0010915946905438179,-0.1386438147521457,0.32344005739884807,0.18479624264670236,7.678892179652353,-7.338397809798378,7.661837867197226
4.577999999999718,-0.25709206677127916,-0.18574587790709596,-2.3974052068537035,-0.2581691525568343,-0.17609280593655488,0.001077085785555154,-0.14368651083952133,0.35156297971365547,0.20787646887413413,7.696442372583663,-7.3273362389214975,7.678899218635153
4.579999999999718,-0.2574683508774198,-0.19053699030767143,-2.3936914315836777,-0.25853088480378467,-0.18086612347516323,0.0010625339263648503,-0.1487233515394315,0.38046509663471006,0.23174174509527856,7.71448164892519,-7.31598537405111,7.69645047068582
4.581999999999717,-0.257854209717787,-0.19532058063411978,-2.38988315747459,-0.2589021494340156,-0.18563231511548767,0.0010479397162286297,-0.15375412597959714,0.4101451909100646,0.2563910649304675,7.733009218137012,-7.304345663411986,7.714490854322051
4.583999999999717,-0.2582496280593346,-0.20009646003848847,-2.3859805348705803,-0.2592829318200238,-0.19039119300408625,0.0010333037606892193,-0.1587786235238109,0.44060201217575745,0.28182338865194656,7.75202426801515,-7.292417566640193,7.73301957881595
4.585999999999717,-0.2586545902916235,-0.20486443997723486,-2.3819837178405066,-0.259673216959164,-0.1951425695701028,0.0010186266675404898,-0.1637966337829122,0.4718342769925554,0.3080376432096432,7.771525964710966,-7.2802015547649495,7.752035831757505
4.587999999999717,-0.2590690804274382,-0.209624332218675,-2.377892864171862,-0.2600729894742293,-0.1998862575326485,0.001003909046791096,-0.16880794662628262,0.5038406688839192,0.3350327222576366,7.791513452751133,-7.267698110190006,7.771538779073925
4.5899999999997165,-0.2594930821034178,-0.21437594885041353,-2.3737081353645446,-0.26048223361404566,-0.20462206990817292,0.0009891515106278392,-0.17381235219300406,0.5366198383750493,0.3628074861820453,7.8119858550584205,-7.254907726674565,7.7915275650496145
4.591999999999716,-0.2599265785807021,-0.2191191022867619,-2.3694296966244823,-0.2609009332540813,-0.20934982001782573,0.0009743546733791963,-0.17880964090307205,0.5701704030331163,0.3913607621300442,7.832942272973077,-7.241830909313799,7.812001312346915
4.593999999999716,-0.2603695527455924,-0.2238536052761426,-2.365057716857112,-0.26132907189707094,-0.21406932149480654,0.0009595191514785162,-0.1837996034685596,0.6044909475086486,0.420691344040089,7.854381786275024,-7.22846817451884,7.832959122027488
4.595999999999716,-0.2608219871102274,-0.22857927090848715,-2.360592368660707,-0.26176663267365435,-0.21878038829170443,0.000944645563426938,-0.18878203090490708,0.6395800235780937,0.45079799267318665,7.876303453206713,-7.214820049996394,7.854400073574488
4.597999999999716,-0.26128386381327295,-0.2332959126226066,-2.356033828319568,-0.26221359834303,-0.22348283468782593,0.0009297345297570314,-0.19375671454176346,0.6754361501875321,0.48167943564576865,7.898706310496758,-7.200887074727892,7.876323224915424
4.599999999999715,-0.2617551646206276,-0.23800334421356228,-2.3513822757970635,-0.262669951293623,-0.2281764752965097,0.0009147866729954379,-0.19872344603424796,0.7120578134976654,0.5133343674634174,7.921589373384339,-7.186669798948115,7.89872761244578
4.601999999999715,-0.26223587092614253,-0.2427013798400155,-2.346637894728522,-0.2631356735437679,-0.23286112507243073,0.0008998026176253449,-0.20368201737401725,0.7494434669299013,0.545761449555884,7.944951635644274,-7.172168784123533,7.921612251053435
4.603999999999715,-0.2627259637523559,-0.24738983403156387,-2.341800872413984,-0.26361074674240564,-0.2375365993188899,0.0008847829900497373,-0.20863222090026834,0.7875915312137369,0.5789593103134686,7.968792069613032,-7.157384602929992,7.944976134143729
4.605999999999715,-0.263225423751242,-0.25206852169606264,-2.3368713998108097,-0.26409515216979584,-0.2422027136950913,0.0008697284185538168,-0.21357384931073142,0.8265003944353522,0.6129265451246207,7.993109626215348,-7.14231783923016,7.9688182336655125
4.6079999999997145,-0.2637342312049755,-0.25673725812693665,-2.3318496715261348,-0.26458887073824267,-0.24685928422340517,0.000854639533267143,-0.21850669567284264,0.866168412087406,0.6476617164145634,8.017903234991806,-7.126969088050351,7.993137500137757
4.609999999999714,-0.2642523660267092,-0.26139585901046436,-2.3267358858091938,-0.2650918829928359,-0.2515061272966167,0.0008395169661267188,-0.22343055343449214,0.9065939071201283,0.6831633536856362,8.043171804127102,-7.111338955557053,8.017932862677181
4.611999999999714,-0.2647798077613676,-0.26604414043305974,-2.321530244543491,-0.26560416911220625,-0.25614305968516093,0.0008243613508386316,-0.22834521643519845,0.947775169993629,0.7194299535584305,8.068914220479222,-7.095428059032911,8.04320322902654
4.613999999999714,-0.26531653558645407,-0.2706819188885313,-2.3162329532388304,-0.26612570890929493,-0.26076989854434096,0.0008091733228408615,-0.23325047891697315,0.9897104587314995,0.7564599798145264,8.095129349609408,-7.079237026852331,8.06894748558383
4.615999999999714,-0.26586252831287316,-0.2753090112853269,-2.310844221023202,-0.26665648183213797,-0.2653864614215322,0.0007939535192648117,-0.23814613553536423,1.0323979989757408,0.7942518634403766,8.121816035813008,-7.062766498456572,8.095164497432313
4.6179999999997134,-0.2664177643857667,-0.2799252349537602,-2.305364260634528,-0.2671964669646647,-0.26999256626336987,0.0007787025788980051,-0.24303198137030524,1.0758359840428753,0.83280400267257,8.148973102151128,-7.046017124328522,8.121853108371397
4.619999999999713,-0.26698222188536563,-0.28453040765322757,-2.2997932884122587,-0.2677456430275105,-0.2745880314229198,0.0007634211421448933,-0.24790781193734013,1.1200225749815136,0.8721147630441735,8.176599350483267,-7.028989565966851,8.149012140948365
4.621999999999713,-0.2675558785278542,-0.2891243475793949,-2.2941315242888396,-0.26830398837884417,-0.2791726756668329,0.0007481098509899975,-0.2527734231982315,1.1649559006310923,0.9121824774328608,8.20469356150074,-7.011684495859933,8.176640396491026
4.623999999999713,-0.26813871166625036,-0.29370687337138,-2.288379191781024,-0.26887148101520914,-0.2837463181824819,0.0007327693489587728,-0.2576286115721804,1.2106340576820749,0.9530054461098945,8.23325449476102,-6.994102597459191,8.204736655141266
4.625999999999713,-0.2687306982912998,-0.2982778041189111,-2.28253651798105,-0.2694480985723793,-0.2883087785850807,0.0007174002810794722,-0.2624731739467179,1.2570551107373653,0.9945819367906474,8.26228088872306,-6.976244565152033,8.233299675889398
4.627999999999712,-0.26933181503238424,-0.30283695936946897,-2.2766037335476743,-0.27003381832622886,-0.2928598769247847,0.0007020032938446219,-0.26730690768875687,1.304217092375235,1.036910184686478,8.291771460783474,-6.9581111042343755,8.26232819660961
4.629999999999712,-0.26994203815844386,-0.30738415913540956,-2.2705810726970697,-0.2706286171936164,-0.2973994336937734,0.000686579035172552,-0.27212961065549823,1.3521180032134348,1.0799883925579365,8.321724907313662,-6.939702930882773,8.291820934096208
4.631999999999712,-0.2705613435789148,-0.3119192239010748,-2.2644687731935713,-0.271232471733283,-0.3019272698333132,0.0006711281543682057,-0.27694108120570715,1.4007558119748724,1.1238147307691653,8.352139903697974,-6.921020772125959,8.321776584100832
4.633999999999712,-0.27118970684467936,-0.31644197462987167,-2.2582670763402986,-0.27184535814676464,-0.30644320674080067,0.0006556513020852806,-0.2817411182104368,1.4501284555545269,1.16838733734409,8.383015104372685,-6.902065365816197,8.352193821370724
4.6359999999997115,-0.27182710314903175,-0.32095223277134566,-2.2519762269696244,-0.27246725227931823,-0.3109470662767863,0.0006401491302864826,-0.2865295210643215,1.5002338390878593,1.2137043180235378,8.41434914286615,-6.882837460599954,8.383071299687813
4.637999999999711,-0.27247350732865716,-0.32544982026822805,-2.2455964734335105,-0.27309812962086216,-0.31543867077197735,0.0006246222922050015,-0.2913060896966213,1.5510698360206137,1.2597637463239924,8.446140631839757,-6.86333781588836,8.414407651908974
4.639999999999711,-0.27312889386462536,-0.3299345595634643,-2.2391280675937044,-0.2737379653069306,-0.31991784303421955,0.0006090714423052646,-0.29607062458237743,1.6026342881800701,1.3065636635976927,8.47838816313005,-6.84356720182703,8.4462014900071
4.641999999999711,-0.27379323688339835,-0.3344062736072287,-2.2325712648117895,-0.27438673411964154,-0.3243844063554584,0.0005934972362431901,-0.3008229267537288,1.6549250058476517,1.3541020790939229,8.511090307791754,-6.823526399265704,8.478451405113356
4.643999999999711,-0.2744665101578512,-0.3388647858639064,-2.2259263239391136,-0.2750444104886789,-0.3288381845186781,0.0005779003308277186,-0.3055627978108866,1.70793976783317,1.4023769700222835,8.544245616141938,-6.803216199727168,8.511155967560338
4.64599999999971,-0.2751486871083078,-0.3433099203190676,-2.2191935073065654,-0.27571096849228854,-0.3332790018048179,0.0005622813839807339,-0.31029003993357396,1.7616763215502953,1.4513862816167213,8.577852617805105,-6.782637405376086,8.544313726926381
4.64799999999971,-0.2758397408035903,-0.34774150148641536,-2.2123730807142166,-0.2763863818582879,-0.3377066829996673,0.0005466410546975942,-0.3150044558923015,1.8161323830937386,1.501127927201437,8.611909821759504,-6.761790828987066,8.577923212080805
4.64999999999971,-0.27653964396208197,-0.3521593544147133,-2.2054653134208304,-0.27707062396508936,-0.3421210534007363,0.0005309800030073863,-0.31970584905973487,1.871305637317775,1.5515997882580401,8.646415716384361,-6.7406772939125865,8.611982931230362
4.65199999999971,-0.27724836895280447,-0.35656330469469105,-2.1984704781332343,-0.27776366784273754,-0.3465219388241039,0.000515298889933069,-0.32439402342211765,1.927193737916296,1.6027997144941784,8.681368769508282,-6.719297634050365,8.646491371966661
4.6539999999997095,-0.277965887796509,-0.3609531784659349,-2.1913888509955433,-0.27846548617396,-0.35090916561124236,0.0004995983774510049,-0.3290687835909101,1.983794307504497,1.654725523913587,8.716767428458791,-6.697652693810249,8.681447001314746
4.655999999999709,-0.27869217216678,-0.3653288024237437,-2.1842207115782744,-0.27917605129523165,-0.35528256063581615,0.0004838791284516586,-0.3337299348140266,2.0411049377018786,1.707375002887852,8.752610120112868,-6.675743328080915,8.716848265782794
4.657999999999709,-0.2794271933911541,-0.369690003825976,-2.176966342867297,-0.2798953351978526,-0.3596419513104584,0.0004681418066984633,-0.3383772829876919,2.0991231892170052,1.7607459062293134,8.788895250948771,-6.6535704021958715,8.752693591412877
4.659999999999709,-0.28017092245225206,-0.37403661049986786,-2.1696260312526667,-0.28062330952903963,-0.3639871655935201,0.00045238707678757484,-0.3430106346680828,2.1578465919337138,1.814835957265631,8.825621207098827,-6.63113479189926,8.788981383832974
4.661999999999709,-0.28092332998892394,-0.3783684508488305,-2.1622000665173173,-0.28135994559303124,-0.368318031995796,0.0004366156041072933,-0.34762979708306885,2.2172726449988307,1.8696428479157619,8.862786354403594,-6.608437383311136,8.825710028309967
4.663999999999708,-0.2816843862974083,-0.382685353859223,-2.1546887418256233,-0.2821052143522057,-0.372634379587223,0.0004208280547974286,-0.3522345781439473,2.277398816911653,1.9251642387677055,8.900389038466951,-6.585479072892394,8.862877889804047
4.665999999999708,-0.2824540613325056,-0.3869871491071086,-2.1470923537118183,-0.28285908642821284,-0.3769360380035537,0.0004050250957072232,-0.35682478645769344,2.3382225456148236,1.9813977591571301,8.938427584712587,-6.5622607674091915,8.900483313024015
4.667999999999708,-0.2832323247087632,-0.3912736667649755,-2.1394112020683,-0.28362153210311886,-0.3812228374530031,0.00038920739435566176,-0.36140023133850785,2.399741238586924,2.038341007248416,8.976900298441539,-6.538783383897099,8.938524622484023
4.669999999999708,-0.2840191457016756,-0.39554473760844644,-2.131645590133782,-0.2843925213205646,-0.3854946087228684,0.0003733756188890047,-0.3659607228202111,2.461952272936676,2.095991550116465,9.01580546489103,-6.515047849624699,8.977000122561375
4.6719999999997075,-0.2848144932488972,-0.3998001930229576,-2.123795824481328,-0.28517202368693684,-0.38975118318612156,0.0003575304380396549,-0.37050607166830396,2.5248529954987005,2.1543469238303965,9.055141349294487,-6.491055102056907,9.015908097555608
4.673999999999707,-0.2856183359514688,-0.40403986501041594,-2.1158622150062443,-0.28596000847255276,-0.3939923928079754,0.00034167252108396884,-0.37503608939227884,2.58844072293099,2.213404633538711,9.094906196942802,-6.466806088817812,9.055246811748802
4.675999999999707,-0.28643064207505653,-0.4082635861958294,-2.1078450749138504,-0.2867564446128576,-0.39821807015242033,0.0003258025378010676,-0.3795505882578343,2.652712741814012,2.2731621535561777,9.135098233246854,-6.442301767653108,9.09501450946712
4.677999999999707,-0.28725137955120605,-0.4124711898339204,-2.0997447207071063,-0.2875613007096351,-0.4024280483887342,0.00030992115842903845,-0.38404938129969257,2.717666308751494,2.3336169274518017,9.175715663801258,-6.417543106392126,9.13520941514362
4.679999999999707,-0.28808051597860695,-0.4166625098157004,-2.0915614721741265,-0.28837454503223103,-0.4066221612979638,0.0002940290536240786,-0.38853228233369674,2.783298650472779,2.3947663681390825,9.21675667444946,-6.39253108290955,9.17582973338233
4.681999999999706,-0.2889180186243727,-0.4208373806750335,-2.0832956523755533,-0.2891961455187898,-0.41080024327937686,0.0002781268944170856,-0.3929991059697313,2.8496069639370143,2.456607857967283,9.258219431350035,-6.3672666850866255,9.21687364902364
4.683999999999706,-0.2897638544253329,-0.42499563759516656,-2.0749475876317973,-0.29002606977750356,-0.41496212935688614,0.0002622153521706361,-0.3974496676244177,2.916588416438942,2.519138748814524,9.300102081044328,-6.341750910772009,9.258339327210951
4.685999999999706,-0.2906179899893385,-0.4291371164152364,-2.066517607510161,-0.29086428508787443,-0.41910765518544374,0.00024629509853590914,-0.40188378353399723,2.98424014571642,2.5823563621824226,9.342402750525428,-6.315984767742226,9.300224913458646
4.687999999999706,-0.2914803915965796,-0.4332616536367495,-2.0580060448118274,-0.29171075840198923,-0.4232366570574061,0.00023036680540960974,-0.4063012707671543,3.052559260059656,2.6462579892925016,9.385119547308404,-6.289969273661768,9.342528533721424
4.6899999999997055,-0.292351025200918,-0.4373690864300409,-2.049413235558713,-0.292565456345807,-0.4273489719088699,0.0002144311448890046,-0.41070194723844766,3.1215428384222363,2.7108408911837887,9.42825055950193,-6.2637054560426755,9.385248294464912
4.691999999999705,-0.29322985643122945,-0.4414592526406959,-2.040739518980216,-0.29342834522045896,-0.43144443732597715,0.00019848878922951174,-0.41508563172101165,3.191187930533734,2.776102298812722,9.471793855881247,-6.237194352203928,9.428382282737662
4.693999999999705,-0.29411685059276177,-0.44553199079595596,-2.0319852374998164,-0.29429939100356134,-0.4355228915511911,0.00018254041079956984,-0.4194521438601373,3.261491557014227,2.84203941315409,9.51574748596243,-6.21043700923027,9.471928566244497
4.695999999999705,-0.2950119726685043,-0.44958714011109235,-2.0231507367215555,-0.29517855935054044,-0.43958417348954165,0.00016658668203611837,-0.42380130418662065,3.332450709490529,2.9086494053039083,9.560109480078136,-6.183434483930669,9.515885193421198
4.697999999999705,-0.29591518732057015,-0.4536245404957537,-2.014236365416398,-0.2960658155959701,-0.44362812271483987,0.0001506282753999666,-0.42813293413018316,3.404062350714132,2.975929416583949,9.604877849454587,-6.15618784279654,9.560250193510672
4.699999999999704,-0.29682645889159115,-0.4576440325602847,-2.0052424755084615,-0.29696112475492187,-0.447654579475863,0.0001346658633307185,-0.43244685603310296,3.476323414680972,3.0438765586478693,9.650050586290105,-6.128698161959382,9.605021576640354
4.701999999999704,-0.2977457514061266,-0.4616454576220235,-1.9961694220611146,-0.2978644515243269,-0.4516633847025078,0.00011870011820031001,-0.4367428931641526,3.5492308067530516,3.112487913588899,9.69562566383492,-6.100966527148145,9.650197333901197
4.703999999999704,-0.29867302857208167,-0.465628657711559,-1.9870175632629743,-0.2987757602843507,-0.4556543800119133,0.0001027317122690441,-0.4410208697319795,3.6227814037817083,3.1817605340497286,9.74160103647242,-6.072994033646218,9.695775437427926
4.705999999999704,-0.2996082537821418,-0.469593475578972,-1.9777872604137552,-0.2996950150997798,-0.4596274077145532,8.676131763801775e-05,-0.4452806108993901,3.696972054232776,3.251691443333386,9.787974639801922,-6.044781786248014,9.74175384048079
4.7079999999997035,-0.3005513901152169,-0.47353975470004206,-1.9684788779100093,-0.3006221797214204,-0.46358231082029633,7.078960620349184e-05,-0.4495219427972008,3.7717995783136153,3.3222776355164143,9.834744390722715,-6.016330899215141,9.788130477528757
4.709999999999703,-0.30150240033789966,-0.4774673392824264,-1.959092783230739,-0.3015572175875093,-0.4675189330444369,5.4817249609651064e-05,-0.4537446925384503,3.847260768101875,3.393516075563425,9.881908187519684,-5.987642496232259,9.834903264334134
4.711999999999703,-0.3024612469059344,-0.4813760742718098,-1.9496293469228938,-0.3025000918251367,-0.47143711881369305,3.8844919202307704e-05,-0.4579486882324757,3.9233523876760694,3.465403699443594,9.929463909950304,-5.958717710362568,9.882070098038637
4.713999999999703,-0.3034278919657011,-0.48526580535802993,-1.9400889425867296,-0.3034507652516811,-0.47533671327217425,2.2873285979996272e-05,-0.4621337589996122,4.000071173248122,3.5379374142485096,9.977409419333146,-5.92955768400282,9.929628857250941
4.715999999999703,-0.30440229735570756,-0.48913637898116274,-1.9304719468610765,-0.30440920037625574,-0.4792175622873181,6.903020548176819e-06,-0.46629973498506727,4.077413833297617,3.6111140983125494,10.02574255863783,-5.900163568838102,9.977577402135719
4.717999999999702,-0.3053844246080975,-0.492987642337589,-1.9207787394084586,-0.30537535940116733,-0.48307951245579533,-9.065206930169989e-06,-0.4704464473737713,4.155377048708004,3.684930601334233,10.074461152576454,-5.870536525796144,10.025913574504148
4.719999999999702,-0.3063742349501687,-0.49681944338602574,-1.9110097029001092,-0.30634920422338613,-0.4869224111093838,-2.503072678256002e-05,-0.474573728404879,4.23395747290459,3.7593837444997114,10.123563007696534,-5.8406777250013135,10.074635197905904
4.721999999999702,-0.30737168930590364,-0.5006316308535288,-1.9011652230008618,-0.30733069643602773,-0.49074610632081145,-4.0992869875911e-05,-0.4786814113864024,4.3131517319944175,3.8344703206080153,10.173045912475427,-5.810588345728246,10.123740077722664
4.723999999999702,-0.30837674829751205,-0.5044240542414633,-1.8912456883539293,-0.3083197973298469,-0.4945504469095681,-5.695096766517027e-05,-0.48276933070990125,4.3929564249080775,3.910187094198176,10.222907637416238,-5.780269576355072,10.17322600126315
4.7259999999997016,-0.3093893722469863,-0.5081965638314498,-1.881251490565549,-0.30931646789474226,-0.4983352824476869,-7.2904352244052e-05,-0.486837321865522,4.473368123543344,3.986530801677822,10.273145935145305,-5.749722614316277,10.223090737859621
4.727999999999701,-0.3104095211776666,-0.5119490106912682,-1.87118302418954,-0.31032066882127324,-0.5021004632654937,-8.88523563933874e-05,-0.4908852214564985,4.554383372910656,4.063498151454157,10.323758540511122,-5.718948666055323,10.273332038965979
4.729999999999701,-0.31143715481581996,-0.5156812466807414,-1.8610406867117146,-0.3113323605021879,-0.5058458404573273,-0.00010479431363208391,-0.49491286721429883,4.635998691280574,4.141085824066275,10.374743170684852,-5.6879489469767455,10.32394763825732
4.731999999999701,-0.3124722325922299,-0.5193931244575837,-1.8508248785341896,-0.3123515030339623,-0.5095712658872275,-0.00012072955826758491,-0.4989200980135311,4.718210570333099,4.219290472319567,10.426097525262348,-5.656724681398002,10.3749352517311
4.733999999999701,-0.313514713643798,-0.5230844974832156,-1.84053600295958,-0.3133780562183515,-0.5132765921945935,-0.00013665742544649584,-0.5029067538869048,4.801015475308877,4.298108721421972,10.477819286367733,-5.625277102500935,10.426292577809813
4.7359999999997004,-0.3145645568151573,-0.5267552200285501,-1.830174466175079,-0.31441197956395117,-0.516961672799813,-0.00015257725120615406,-0.5068726760402931,4.884409845162292,4.377537169121998,10.529906118758475,-5.593607452282921,10.478017297445213
4.7379999999997,-0.3156217206602975,-0.5304051471797483,-1.819740677236411,-0.3154532322877709,-0.5206263619098592,-0.00016848837252658733,-0.5108177068679676,4.968390092716569,4.457572385848602,10.582355669932081,-5.561716981507531,10.5301070742241
4.7399999999997,-0.3166861634441998,-0.5340341348439349,-1.8092350480517008,-0.3165017733168186,-0.5242705145238602,-0.00018439012738119542,-0.5147416899672974,5.052952604820602,4.5382109148533045,10.635165570234326,-5.529606949655088,10.58255955447569
4.7419999999997,-0.31775784314448574,-0.5376420397548908,-1.7986579933652003,-0.31755756128969587,-0.527893986438637,-0.00020028185478987437,-0.5186444701540371,5.138093742507887,4.619449272353849,10.688333432969037,-5.49727862487265,10.635372367380537
4.7439999999997,-0.31883671745307585,-0.5412287194787078,-1.7880099307409174,-0.3186205545582043,-0.5314966342542138,-0.00021616289487152995,-0.5225258934774102,5.223809841157269,4.701283947679859,10.741856854509422,-5.464733283923779,10.688543125081049
4.745999999999699,-0.3199227437778597,-0.5447940324194118,-1.7772912805461325,-0.3196907111889629,-0.5350783153792984,-0.00023203258889675782,-0.5263858072350325,5.310097210655627,4.783711403420595,10.795733414411039,-5.4319722121379,10.742069422793527
4.747999999999699,-0.32101587924437713,-0.5483378378245516,-1.7665024659348045,-0.3207679889650364,-0.5386388880367341,-0.0002478902793407456,-0.5302240599879071,5.39695213556247,4.866728075574564,10.84996067552626,-5.398996703359403,10.795948838921873
4.749999999999699,-0.32211608069751246,-0.55185999579076,-1.7556439128308552,-0.32185234538757423,-0.5421782112689238,-0.0002637353099382289,-0.5340405015757321,5.4843708752764995,4.950330373700767,10.904536184120406,-5.365808059896293,10.850178935172792
4.751999999999699,-0.3232233047031958,-0.5553603672692701,-1.7447160499113712,-0.3229437376774607,-0.5456961449432258,-0.0002795670257351168,-0.5378349831312423,5.572349664204051,5.0345146810728085,10.959457469989353,-5.332407592468623,10.904757256672674
4.7539999999996985,-0.32433750755011925,-0.5588388140714098,-1.7337193085896692,-0.32404212277697536,-0.5491925497573216,-0.0002953847731438919,-0.5416073570953883,5.660884711929431,5.119277354834043,11.014722046578846,-5.298796620156536,10.959681332085967
4.755999999999698,-0.3254586452514623,-0.5622951988740552,-1.7226541229982668,-0.3251474573514645,-0.5526672872445568,-0.00031118789999778906,-0.545357477232058,5.749972203387296,5.2046147261552385,11.07032741110531,-5.264976470347969,11.014948673735265
4.757999999999698,-0.3265866735466278,-0.5657293852250517,-1.711520929971748,-0.326259697791023,-0.5561202197792565,-0.00032697575560480807,-0.549085198642556,5.839608299036814,5.2905231003942585,11.12627104467829,-5.230948478686046,11.07055677772286
4.759999999999698,-0.3277215479029908,-0.5691412375486044,-1.7003201690295042,-0.327378800212187,-0.5595512105820121,-0.00034274769080377965,-0.5527903777805188,5.9297891350378595,5.376998757257341,11.182550412424494,-5.196713989016137,11.126503124053997
4.761999999999698,-0.3288632235176546,-0.5725306211506245,-1.6890522823584013,-0.3285047204596369,-0.5629601237249438,-0.00035850305801771176,-0.5564728724657697,6.020510823429073,5.464037950963304,11.239162963613394,-5.1622743533326245,11.182785176761698
4.763999999999697,-0.33001165531922094,-0.5758974022240511,-1.6777177147953117,-0.3296374141079108,-0.5663468241369368,-0.00037424121131013344,-0.5601325418989522,6.111769452307825,5.551636910408872,11.29610613178447,-5.127630931725306,11.23940038403313
4.765999999999697,-0.33116679796956855,-0.5792414478541321,-1.666316913809555,-0.3307768364631285,-0.5697111776088538,-0.0003899615064400508,-0.563769246675454,6.203561086012156,5.639791839336702,11.353377334875981,-5.092785092325512,11.296346178337668
4.767999999999697,-0.33232860586564356,-0.5825626260236721,-1.6548503294852328,-0.33192294256472593,-0.5730530507987213,-0.0004056633009176247,-0.5673828487993782,6.295881765304606,5.728498916505227,11.41097397535544,-5.057738211251839,11.353619976556445
4.769999999999697,-0.3334970331412593,-0.5858608056182427,-1.643318414503463,-0.3330756871871997,-0.576372311236893,-0.000421345954059571,-0.5709732116970989,6.388727507557927,5.817754295860828,11.468893440351556,-5.022491672555732,11.411219180113658
4.7719999999996965,-0.33467203366890813,-0.5891358564313629,-1.6317216241244976,-0.33423502484186207,-0.5796688273311904,-0.00043700882704605926,-0.5745402002310818,6.482094306942754,5.907554106711672,11.52713310178787,-4.987046868166505,11.46914117510926
4.773999999999696,-0.33585356106158093,-0.5923876491696333,-1.6200604161697665,-0.3354009097786061,-0.5829424683720184,-0.00045265128297483637,-0.5780836807126288,6.575978134617159,5.9978944539045305,11.585690316517939,-4.951405197836291,11.52738333245345
4.775999999999696,-0.33704156867459933,-0.5956160554578446,-1.6083352510037925,-0.336573295987681,-0.5861931045374607,-0.00046827268691834734,-0.5816035209151726,6.6703749389180755,6.088771418002903,11.64456242646213,-4.915568069084558,11.585943008002634
4.777999999999696,-0.33823600960745687,-0.5988209478440445,-1.5965465915160204,-0.3377521372014777,-0.589420606898352,-0.000483872405979191,-0.5850995900868527,6.765280645554655,6.180181055467802,11.703746758745972,-4.879536897142354,11.644817542697009
4.779999999999696,-0.3394368367056708,-0.6020021998045691,-1.5846949031025406,-0.33893738689632436,-0.5926248474233294,-0.0004994498093464639,-0.5885717589629724,6.86069115780355,6.2721193988405775,11.763240625840153,-4.843313104896198,11.704004262699748
4.781999999999695,-0.3406440025626431,-0.6051596857490376,-1.572780653647722,-0.3401289982942921,-0.5958056989838634,-0.0005150042683509937,-0.5920198997779114,6.9566023567059565,6.364582456928045,11.823041325702043,-4.806898122831783,11.76350047953774
4.783999999999695,-0.34185745952153335,-0.6082932810253129,-1.5608043135057261,-0.34132692436501066,-0.5989630353592676,-0.0005305351565226823,-0.5954438862772382,7.053010101266703,6.457566214989464,11.883146141918822,-4.770293388977252,11.823303490243955
4.785999999999695,-0.34307715967713837,-0.6114028619244182,-1.548766355481958,-0.34253111782749407,-0.6020967312416904,-0.0005460418496442965,-0.5988435937285508,7.149910228655029,6.551066634926478,11.943552343852192,-4.7335003488462934,11.883410577501323
4.787999999999695,-0.34430305487778434,-0.6144883056854241,-1.5366672548143883,-0.34374153115197625,-0.6052066622410859,-0.0005615237258080885,-0.6022188989327293,7.247298554407377,6.645079655474648,12.004257186784653,-4.696520455380845,11.943819009788221
4.7899999999996945,-0.3455350967272278,-0.6175494905002941,-1.524507489154794,-0.34495811656175657,-0.6082927048901678,-0.0005769801654712525,-0.6055696802344768,7.345170872631963,6.739601192397486,12.065257912067374,-4.659355168893585,12.004526041525548
4.791999999999694,-0.34677323658656634,-0.6205862955186933,-1.512287538549903,-0.34618082603505523,-0.6113547366493444,-0.0005924105515111022,-0.6088958175324621,7.443522956215212,6.83462713868275,12.126551747269568,-4.622005957010099,12.065528913225311
4.793999999999694,-0.3480174255761577,-0.6235986008527584,-1.5000078854224446,-0.34740961130687853,-0.614392635911636,-0.0006078142692791944,-0.6121971922887792,7.542350557030016,6.930153364741237,12.188135906329482,-4.584474294610761,12.126824851640777
4.795999999999694,-0.34926761457755195,-0.6265862875818347,-1.487669014552091,-0.34864442387089367,-0.617406282007577,-0.0006231907066582831,-0.615473687538659,7.641649406145876,7.026175718607217,12.250007589706865,-4.546761663772309,12.188411069918185
4.797999999999694,-0.35052375423542736,-0.6295492377571646,-1.4752714130563402,-0.34988521498131386,-0.6203955552100997,-0.0006385392541135015,-0.6187251878984923,7.7414152140407655,7.122690026142273,12.31216398453713,-4.508869553709207,12.250284767749973
4.799999999999693,-0.3517857949595413,-0.6324873344065489,-1.4628155703712715,-0.35113193565479267,-0.6233603367394033,-0.0006538593047486496,-0.6219515795744757,7.841643670814875,7.2196920912403995,12.37460226478683,-4.4707994607147015,12.312443131529577
4.801999999999693,-0.35305368692668687,-0.6354004615389627,-1.450301978232226,-0.3523845366723283,-0.6263005087678071,-0.000669150254358597,-0.6251527503700283,7.942330446406133,7.317177696036104,12.43731959141087,-4.432552888101529,12.374883334507661
4.803999999999693,-0.3543273800826602,-0.6382885041491347,-1.4377311306543943,-0.35364296858117744,-0.6292159544245892,-0.0006844115014827401,-0.6283285896929347,8.043471190807512,7.415142601114578,12.500313112511138,-4.394131346142463,12.437602536949974
4.805999999999693,-0.35560682414423594,-0.6411513482220872,-1.4251035239133183,-0.35490718169677904,-0.6321065578008104,-0.0006996424474569052,-0.6314789885616601,8.145061534286109,7.513582545724448,12.563579963496638,-4.355536352010548,12.500597886296656
4.8079999999996925,-0.3568919686011542,-0.6439888807376395,-1.4124196565252827,-0.35617712610468727,-0.6349722039541243,-0.0007148424964669164,-0.6346038396116116,8.247097087603997,7.6124932479923855,12.627117267245197,-4.316769429718978,12.563866517322975
4.809999999999692,-0.35818276271811184,-0.646800989674866,-1.3996800292276572,-0.3574527516625144,-0.6378127789135738,-0.000730011055597446,-0.6377030370997461,8.34957344224079,7.711870405141044,12.690922134266565,-4.277832110060893,12.627405552301681
4.811999999999692,-0.35947915553676735,-0.6495875640165207,-1.3868851449591137,-0.35873400800188315,-0.6406281696843737,-0.000745147534884194,-0.6407764769095303,8.452486170617941,7.811709693708411,12.754991662867102,-4.238725930548749,12.691212101166691
4.813999999999692,-0.3607810958777521,-0.6523484937534202,-1.3740355088397753,-0.3600208445303885,-0.6434182642526814,-0.0007602513473635719,-0.643824056554716,8.555830826324815,7.912006769770099,12.81932293931589,-4.199452435353492,12.755283261678308
4.815999999999692,-0.3620885323426906,-0.6550836698887857,-1.3611316281512733,-0.36131321043356923,-0.6461829515903539,-0.0007753219091213848,-0.6468456751825058,8.659602944346453,8.012757269163947,12.88391303801228,-4.160013175243475,12.819616119589929
4.817999999999691,-0.3634014133162296,-0.6577929844425463,-1.3481740123167265,-0.36261105467688864,-0.6489221216596929,-0.0007903586393409601,-0.6498412335759229,8.763798041292922,8.113956807716999,12.948759021654933,-4.120409707523142,12.884207748816065
4.819999999999691,-0.364719686968077,-0.6604763304556038,-1.335163172880613,-0.363914326007725,-0.6516356654181781,-0.0008053609603519973,-0.6528106341558892,8.868411615630528,8.215600981474639,13.013857941412287,-4.080643595971362,12.949055211601891
4.821999999999691,-0.3660433012550459,-0.6631336019940516,-1.3220996234886,-0.3652229729573714,-0.6543234748231876,-0.000820328297674533,-0.6557537809816538,8.973439147914485,8.317685366932832,13.079206837094441,-4.040716410779671,13.014155558694156
4.823999999999691,-0.36737220392311065,-0.6657646941533593,-1.308983879867249,-0.3665369438430448,-0.6569854428367071,-0.0008352600800658472,-0.658670579751286,9.07887610102338,8.420205521272093,13.144802737326454,-4.000629728490117,13.079505829513497
4.8259999999996905,-0.3687063425094694,-0.6683695030625134,-1.29581645980366,-0.3678561867657018,-0.659621461328506,-0.0008501557437675666,-0.6615609378010401,9.184717920395183,8.523156982594143,13.210642659723032,-3.960385131932945,13.145103052328128
4.82799999999969,-0.37004566434461506,-0.6709479258881187,-1.2825978831250313,-0.36918064960200825,-0.6622314181532215,-0.0008650147426068067,-0.6644248069749037,9.290960034264886,8.626535227289983,13.276723611026826,-3.9199842101640225,13.210944244428909
4.82999999999969,-0.37139011655441456,-0.6734998608384559,-1.2693286716781398,-0.3705102800074256,-0.6648152027086633,-0.0008798365469889768,-0.667262244185951,9.397597855308456,8.730335611122506,13.343042587197562,-3.8794285583964885,13.277026413704945
4.83199999999969,-0.37273964606219745,-0.6760252071675046,-1.2560093493087254,-0.37184502541976655,-0.6673727061704957,-0.0008946206424308989,-0.6700733001311976,9.50462678286643,8.834553482735231,13.409596573608077,-3.838719777924793,13.343346560791222
4.83399999999969,-0.3740941995908492,-0.6785238651789147,-1.2426404418408328,-0.37318483306267203,-0.6699038214527524,-0.0009093665281771912,-0.6728580143849139,9.612042199488966,8.939184185104052,13.476382545245123,-3.7978594760635787,13.409901675552545
4.835999999999689,-0.37545372366491586,-0.6809957362299466,-1.2292224770560378,-0.37452964994901083,-0.6724084431694003,-0.0009240737159050272,-0.6756164159926503,9.71983947102685,9.0442230550342,13.543397466910168,-3.756849266086716,13.476688737113566
4.837999999999689,-0.37681816461271483,-0.6834407227353635,-1.2157559846726145,-0.3758794228842051,-0.6748864675971539,-0.0009387417285097177,-0.678348524060064,9.828013946908237,9.149665422848173,13.610638293419914,-3.7156907671660253,13.543704714074263
4.839999999999689,-0.3781874685684538,-0.6858587281712849,-1.202241496324624,-0.3772340984694844,-0.6773377926396587,-0.0009533700989693972,-0.6810543483323594,9.936560960415706,9.255506612083346,13.678101969806864,-3.6743856043095335,13.61094656472524
4.841999999999689,-0.37956158147435687,-0.6882496570789957,-1.1886795455409296,-0.3785936231050706,-0.6797623177930877,-0.0009679583692862592,-0.6837338897612311,10.04547582896378,9.361741939202549,13.745785431519817,-3.6329354082993923,13.678411237263173
4.8439999999996886,-0.38094044908280006,-0.6906134150687178,-1.175070667724119,-0.37995794299329694,-0.6821599441131753,-0.0009825060895031212,-0.686387141058491,10.154753854376938,9.468366713318447,13.813685604624325,-3.591341815629298,13.746095670006236
4.845999999999688,-0.3823240169584509,-0.6929499088233325,-1.1614154001293897,-0.3813270041416643,-0.6845305741836966,-0.0009970128167866021,-0.6890140872339412,10.264390323167667,9.575376235933726,13.881799406003204,-3.549606468441679,13.813996791609346
4.847999999999688,-0.38371223048041864,-0.6952590461020672,-1.147714281843325,-0.3827007523658371,-0.6868741120863956,-0.001011478114581521,-0.6916147061182776,10.374380506815065,9.682765800696787,13.950123743557183,-3.507731014464375,13.882111521279441
4.849999999999688,-0.3851050348444105,-0.697540735744136,-1.1339678537626148,-0.3840791332925818,-0.6891904633723562,-0.0010259015518286896,-0.6941889688694847,10.484719662043577,9.790530693174093,14.018655516405598,-3.4657171069470603,13.950436768990638
4.851999999999688,-0.38650237506489493,-0.6997948876723387,-1.1201766585727022,-0.38546209236265144,-0.6914795350348063,-0.001040282702243489,-0.6967368404622731,10.595403031101982,9.898666190639709,14.087391615087249,-3.423566404597248,14.01896943569923
4.8539999999996875,-0.38790419597727244,-0.7020214128966161,-1.1063412407263624,-0.38684957483361815,-0.6937412354833397,-0.0010546211436542885,-0.6992582801603953,10.706425842042638,10.007167561882243,14.156328921761396,-3.3812805715160104,14.087706413558648
4.855999999999687,-0.3893104422400543,-0.7042202235175663,-1.0924621464221946,-0.3882415257826572,-0.6959754745195361,-0.0010689164573970955,-0.7017532419717609,10.817783309000866,10.116030067029104,14.225464310409041,-3.338861277133298,14.156644586134163
4.857999999999687,-0.3907210583370457,-0.7063912327299102,-1.078539923583081,-0.3896378901092851,-0.6981821633139577,-0.0010831682277605559,-0.7042216750851793,10.929470632474544,10.225248957389365,14.294794647034367,-3.2963101961430583,14.225780828617602
4.859999999999687,-0.3921359885795384,-0.7085343548259214,-1.0645751218345403,-0.3910386125380541,-0.7003612143844922,-0.0010973760414842992,-0.7066635242899322,11.041482999603964,10.334819475314031,14.364316789866526,-3.2536290084379114,14.295112008041876
4.861999999999687,-0.39355517710850924,-0.7106495051988093,-1.0505682924830344,-0.39244363762120615,-0.7025125415760171,-0.0011115394873030815,-0.7090787303773682,11.15381558445181,10.444736854074442,14.434027589561572,-3.2108193990436313,14.36463498349544
4.863999999999686,-0.3949785678968251,-0.7127366003460587,-1.036519988494202,-0.39385290974128884,-0.7046360600413503,-0.00112565815553628,-0.711467230524625,11.266463548283271,10.554996317758647,14.503923889404847,-3.167883058053256,14.434346606336527
4.865999999999686,-0.3964061047514545,-0.7147955578727264,-1.0224307644710346,-0.39526637311373575,-0.7067316862234538,-0.0011397316377187439,-0.7138289586606539,11.379422039846437,10.665593081185783,14.574002525513706,-3.1248216805609936,14.50424372040743
4.867999999999686,-0.39783773131568756,-0.716826296494696,-1.0083011766319636,-0.39668397178941345,-0.7087993378388555,-0.0011537595262741118,-0.7161638458152053,11.492686195652897,10.776522349837691,14.644260327040389,-3.081636966595763,14.57432316224866
4.869999999999686,-0.3992733910713584,-0.7188287360418831,-0.9941317827889276,-0.39810564965713796,-0.7108389338622491,-0.0011677414142204356,-0.7184718204495422,11.606251140258292,10.88777931980875,14.714694116375512,-3.038330621054568,14.64458176131286
4.8719999999996855,-0.4007130273410782,-0.7208027974614033,-0.9799231423253332,-0.39953135044616245,-0.7128503945122368,-0.001181676894915773,-0.7207528087711368,11.720111986543351,10.999359177772215,14.785300709351818,-2.994904353635544,14.715016340178895
4.873999999999685,-0.4021565832904721,-0.7227484028206917,-0.9656758161739768,-0.4009610177286388,-0.7148336412381712,-0.0011955655618333116,-0.723006735031031,11.83426383599491,11.11125710096388,14.856076915448298,-2.9513598787707886,14.785623714765698
4.875999999999685,-0.40360400193042245,-0.7246654753105798,-0.951390366794904,-0.4023945949220549,-0.7167885967080587,-0.0012094070083675246,-0.7252335218049044,11.94870177898718,11.223468257182276,14.92701953799481,-2.9076989155589335,14.856400694546114
4.877999999999685,-0.4050552261193206,-0.7265539392483292,-0.9370673581531872,-0.4038320252916499,-0.7187151847974823,-0.0012232008276706896,-0.7274330902585446,12.063420895063286,11.335987804804741,14.998125374377079,-2.8639231876974574,14.927344082760744
4.879999999999685,-0.4065101985653201,-0.7284137200806167,-0.9227073556966869,-0.4052732519528089,-0.7206133305795007,-0.001236946612511225,-0.7296053603967279,12.178416253216843,11.448810892820116,15.069391216242039,-2.820034423414881,14.998450676631725
4.881999999999684,-0.40796886182860004,-0.7302447443864795,-0.9083109263337117,-0.40671821787343987,-0.7224829603154852,-0.001250643955160169,-0.7317502512978047,12.293682912173807,11.561932660876003,15.14081384970376,-2.7760343554025875,15.069717267576394
4.883999999999684,-0.40943115832363247,-0.7320469398802132,-0.8938786384106424,-0.40816686587633355,-0.7243240014468485,-0.0012642924472989203,-0.7338676813330802,12.409215920674576,11.675348239341496,15.212390055549722,-2.7319247207465587,15.141140641421135
4.885999999999684,-0.4108970303214555,-0.7338202354142255,-0.8794110616894939,-0.4096191386415088,-0.7261363825876276,-0.001277891679946741,-0.7359575683719344,12.525010317756255,11.789052749384322,15.28411660944748,-2.687707260858828,15.212717578615083
4.887999999999684,-0.41236641995195245,-0.7355645609818446,-0.864908767325427,-0.41107497870854454,-0.7279200335178757,-0.0012914412434079092,-0.7380198299730734,12.641061133035045,11.903041303061972,15.355990282151883,-2.6433837214087705,15.284444854443816
4.8899999999996835,-0.4138392692061373,-0.737279847720085,-0.8503723278441829,-0.4125343284789002,-0.7296748851778263,-0.0013049407272370805,-0.740054383562736,12.757363386988988,12.017309003426252,15.428007839712622,-2.5989558522541434,15.356319239243131
4.891999999999683,-0.41531551993844307,-0.7389660279123628,-0.8358023171195063,-0.41399713021822576,-0.7314008696627832,-0.0013183897202173056,-0.7420611465993021,12.873912091240765,12.131850944641464,15.500166043682302,-2.554425407372055,15.42833749861282
4.893999999999683,-0.41679511386901863,-0.740623034991171,-0.8211993103504727,-0.41546332605866315,-0.7330979202187022,-0.001331787810355478,-0.74404003672633,12.990702248840815,12.246662212114485,15.572461651324796,-2.509794144789631,15.500496393630446
4.895999999999683,-0.41827799258602905,-0.7422508035407076,-0.8065638840387847,-0.41693285800114,-0.7347659712384218,-0.0013451345848890517,-0.7459909719132862,13.107728854550567,12.36173788263728,15.644891415824247,-2.4650638265145406,15.572792681065108
4.897999999999683,-0.41976409754796173,-0.7438492692994573,-0.7918966159660135,-0.418405667917657,-0.7364049582585036,-0.0013584296303047472,-0.7479138705850574,13.224986895125983,12.477073024540926,15.717452086494205,-2.420236218465398,15.645223113591381
4.899999999999682,-0.4212533700859369,-0.7454183691627286,-0.7771980851707924,-0.4198816975535703,-0.7380148179566485,-0.0013716725323665857,-0.7498086517404801,13.342471349601155,12.592662697860675,15.790140408987398,-2.3753130904019177,15.717784440003072
4.901999999999682,-0.42274575140602566,-0.7469580411851465,-0.7624688719259408,-0.4213608885298696,-0.7395954881496477,-0.0013848628761560788,-0.7516752350610334,13.460177189572278,12.708501954511245,15.862953125505747,-2.3302962158549456,15.790473405427223
4.903999999999682,-0.4242411825915684,-0.7484682245830955,-0.7477095577155813,-0.42284318234545326,-0.7411469077918355,-0.0013980002461151386,-0.753513541008719,13.578099379481635,12.824585838472917,15.935886975010828,-2.2851873720563907,15.863286751538027
4.905999999999682,-0.42573960460550264,-0.7499488597371207,-0.7329207252121671,-0.4243285203794013,-0.7426690169740069,-0.0014110842261013667,-0.7553234909155804,13.696232876901892,12.940909385986311,16.008938693434647,-2.2399883398688907,15.936221216770782
4.9079999999996815,-0.4272409582926928,-0.7513998881942817,-0.7181029582534828,-0.4258168438932468,-0.7441617569227683,-0.0014241143994460082,-0.7571050070638052,13.814572632820544,13.05746762575674,16.082105013890775,-2.194700903715409,16.009273536535954
4.909999999999681,-0.4287451843822662,-0.7528212526704595,-0.703256841819596,-0.4273080940332474,-0.7456250700002875,-0.0014370903490188436,-0.758858012757706,13.933113591924508,13.174255579166802,16.155382666885842,-2.149326851508663,16.08244044343317
4.911999999999681,-0.43025222348995196,-0.7542128970526178,-0.6883829620097668,-0.4288022118326562,-0.7470588997044108,-0.0014500116572957467,-0.7605824323875221,14.051850692884935,13.291268260497413,16.228768380531292,-2.1038679745804334,16.15571866746537
4.913999999999681,-0.43176201612042747,-0.7555747664010204,-0.6734819060192938,-0.43029913821399446,-0.7484631906691178,-0.0014628779064330133,-0.7622781914864452,14.170778868642145,13.4085006771557,16.30225888075541,-2.058326067610665,16.22910493625281
4.915999999999681,-0.4332745026696644,-0.7569068069513966,-0.6585542621163568,-0.431798813991325,-0.7498378886652856,-0.0014756886783393597,-0.7639452167795602,14.289893046690688,13.525947829911129,16.375850891515693,-2.0127029285565587,16.302595975247247
4.91799999999968,-0.4347896234272835,-0.7582089661170665,-0.6436006196187771,-0.4333011798725285,-0.7511829406017301,-0.0014884435547550257,-0.7655834362273128,14.409188149364596,13.643604713137282,16.449541135011366,-1.9670003585814306,16.376188507946026
4.91999999999968,-0.4363073185789117,-0.7594811924910156,-0.6286215688707555,-0.4348061764615815,-0.7524982945265033,-0.001501142117330212,-0.7671927790623556,14.528659094122725,13.76146631506037,16.523326331896214,-1.9212201619834783,16.449879256106204
4.92199999999968,-0.43782752820854304,-0.7607234358479253,-0.6136177012195675,-0.4363137442608383,-0.7537838996284164,-0.0015137839477047388,-0.7687731758207517,14.648300793834236,13.879527618013485,16.597203201491535,-1.8753641461244526,16.52366493995869
4.92399999999968,-0.439350192300904,-0.7619356471461547,-0.5985896089922215,-0.43782382367331585,-0.7550397062387656,-0.0015263686275881483,-0.7703245583679053,14.768108157064127,13.997783598696222,16.671168461999294,-1.829434121358184,16.59754227842231
4.9259999999996795,-0.44087525074382417,-0.7631177785296778,-0.5835378854720576,-0.4393363550049823,-0.7562656658332382,-0.0015388957388418611,-0.7718468599199069,14.888076088358929,14.116229228439021,16.745218830715373,-1.78343190095896,16.671507989317888
4.927999999999679,-0.44240264333060725,-0.7642697833299715,-0.5684631248753522,-0.44085127846705024,-0.7574617310339743,-0.0015513648635570032,-0.7733400150596559,15.008199488532329,14.234859473472673,16.819351024243065,-1.7373593010499015,16.74555878958223
4.929999999999679,-0.44393230976240916,-0.7653916160678589,-0.5533659223278415,-0.44236853417827376,-0.7586278556117662,-0.0015637755841353962,-0.7748039597494749,15.128473254950999,14.353669295201524,16.893561758706504,-1.691218140531125,16.819691395482124
4.931999999999679,-0.44546418965061835,-0.7664832324553041,-0.5382468738412317,-0.4438880621672505,-0.7597639944883723,-0.0015761274833678285,-0.7762386313396763,15.248892281820366,14.472653650480689,16.96784774996424,-1.6450102410078442,16.89390252282821
4.933999999999679,-0.4469982225192399,-0.7675445893971617,-0.5231065762896687,-0.4454098023747284,-0.7608701037389295,-0.0015884201445114932,-0.7776439685736602,15.369451460470383,14.591807491896724,17.042205713822803,-1.598737426718359,16.96818888718874
4.935999999999678,-0.44853434780728235,-0.7685756449928764,-0.5079456273861802,-0.44693369465591726,-0.7619461405944439,-0.0016006531513650946,-0.7790199115897334,15.490145679641303,14.71112576805157,17.116632366250318,-1.5524015244619793,17.042547204103283
4.937999999999678,-0.4500725048711505,-0.7695763585381393,-0.4927646256590603,-0.44845967878280596,-0.7629920634443454,-0.0016128260883445655,-0.7803664019205625,15.610969825769525,14.830603423848963,17.191124423590033,-1.506004363526761,17.116974189296286
4.939999999999678,-0.4516126329870368,-0.7705466905264929,-0.47756417042826765,-0.4499876944464841,-0.7640078318390888,-0.0016249385405526784,-0.7816833824891178,15.731918783273166,14.950235400784049,17.265678602773846,-1.4595477756172985,17.191466558890465
4.941999999999678,-0.4531546713533203,-0.7714866026508919,-0.4623448617817473,-0.45151768125946967,-0.7649934064927874,-0.0016369900938506543,-0.7829707976033018,15.852987434837775,15.070016637234474,17.34029162153559,-1.4130335947823025,17.266021029620077
4.9439999999996775,-0.45469855909296675,-0.7723960578052148,-0.4471073005517449,-0.4530495787580414,-0.7659487492858653,-0.0016489803349253318,-0.7842285929479642,15.974170661701736,15.189942068753773,17.41496019862448,-1.3664636573421245,17.34063431904386
4.945999999999677,-0.45624423525593166,-0.7732750200857296,-0.43185208829108723,-0.4545833264045768,-0.7668738232677174,-0.0016609088513548365,-0.7854567155753345,16.095463343941812,15.310006628366478,17.48968105401803,-1.3198398018162296,17.415303145758042
4.947999999999677,-0.4577916388215664,-0.7741234547925099,-0.41657982724943726,-0.45611886358989556,-0.7677685926593616,-0.0016727752316708644,-0.7866551138937705,16.21686036075822,15.430205246864448,17.564450909135097,-1.2731638688505609,17.49002422960878
4.949999999999677,-0.4593407087010286,-0.774941328430807,-0.40129112034950204,-0.4576561296356077,-0.768633022856077,-0.0016845790654209103,-0.7878237376555175,16.338356590759815,15.550532853104297,17.639266487048516,-1.2264377011447833,17.564794291904597
4.951999999999677,-0.46089138373969146,-0.7757286087123697,-0.38598657116325596,-0.45919506379646774,-0.769467080430014,-0.001696319943223723,-0.7889625379426057,16.459946912248824,15.670984374306219,17.714124512697524,-1.1796631433795854,17.63961005562841
4.953999999999676,-0.4624436027195596,-0.7764852645567206,-0.3706667838880952,-0.46073560526273327,-0.7702707331327692,-0.0017079974568263157,-0.7900714671525022,16.581626203505508,15.791554736353005,17.78902171309991,-1.1328420421437557,17.714468245649265
4.955999999999676,-0.46399730436168546,-0.7772112660923826,-0.3553323633229898,-0.4622776931625291,-0.7710439498979176,-0.0017196111991563678,-0.7911504789827051,16.70338934307248,15.912238864089776,17.86395481756376,-1.0859762458612767,17.789365588933755
4.957999999999676,-0.46555242732858865,-0.777906584658058,-0.33998391484460677,-0.4638212665642161,-0.7717867008434923,-0.0017311607643725746,-0.7921995284147187,16.825231210038712,16.033031681623992,17.938920557898967,-1.0390676047183207,17.86429881475703
4.959999999999676,-0.4671089102266768,-0.7785711928037604,-0.3246220443834158,-0.4653662644787649,-0.7724989572744059,-0.0017426457479118862,-0.7932185716975027,16.947146684323293,16.153928112625792,18.013915668628222,-0.9921179705902156,17.939264654913508
4.961999999999676,-0.4686666916086711,-0.7792050642918985,-0.30924735839975015,-0.4669126258621345,-0.7731806916848076,-0.0017540657465365816,-0.794207566331091,17.069130646958808,16.274923080627715,18.088936887197594,-0.9451291969682578,18.014259843927064
4.963999999999675,-0.4702257099760294,-0.7798081740983112,-0.2938604638598912,-0.46846028961765523,-0.773831877760371,-0.0017654203583741812,-0.7951664710490536,17.191177980374153,16.3960115093251,18.163980954186698,-0.8981031388866179,18.08928111926077
4.965999999999675,-0.47178590378137614,-0.7803804984132559,-0.27846196821208874,-0.4700091945984162,-0.7744524903805049,-0.0017767091829599124,-0.7960952458018777,17.31328356867721,16.517188322875334,18.239044613518296,-0.8510416528490397,18.16432522152625
4.967999999999675,-0.4733472114309313,-0.7809220146423487,-0.2630524793625846,-0.4715592796096572,-0.7750425056204873,-0.0017879318212740691,-0.7969938517398867,17.43544229793687,16.638448446196982,18.31412461266736,-0.8039465967555748,18.239388894692446
4.969999999999675,-0.4749095712869423,-0.781432701407456,-0.24763260565161313,-0.47311048341116424,-0.7756019007535147,-0.0017990878757780382,-0.7978622511963884,17.557649056464616,16.759786805268227,18.389217702869626,-0.7568198298292234,18.314468886293838
4.9719999999996745,-0.47647292167011673,-0.7819125385475388,-0.23220295582938988,-0.47466274471966957,-0.7761306542526656,-0.001810176950447162,-0.7987004076709825,17.679898735095545,16.881198327424563,18.464320639329443,-0.7096632125425648,18.38956194763811
4.973999999999674,-0.4780372008620593,-0.7823615071194486,-0.21676413903206124,-0.4762160022112551,-0.7766287457927756,-0.0018211986508042122,-0.7995082858136082,17.802186227468987,17.002677941655378,18.539430181427015,-0.6624786065442595,18.464664834013245
4.975999999999674,-0.47960234710770544,-0.7827795893986749,-0.20131676475768331,-0.4777701945237595,-0.7770961562522198,-0.001832152583945923,-0.8002858514080535,17.924506430308274,17.12422057890022,18.614543092924976,-0.6152678745856498,18.539774304893925
4.977999999999674,-0.48116829861776145,-0.7831667688800449,-0.18586144284214223,-0.4793252602591887,-0.7775328677146034,-0.0018430383585727461,-0.801033071356887,18.04685424370009,17.245821172343202,18.6896561421742,-0.5680328804471788,18.61488712414727
4.979999999999674,-0.48273499357114297,-0.7835230302783759,-0.17039878343508352,-0.4808811379861294,-0.7779388634703569,-0.001853855585013553,-0.8017499136663031,18.169224571373057,17.367474657706754,18.76476610231896,-0.5207754888648425,18.6900000602379
4.981999999999673,-0.48430237011741584,-0.7838483595290778,-0.15492939697582428,-0.4824377662421659,-0.7783141280182362,-0.0018646038752499483,-0.8024363474317031,18.2916123209757,17.489175973543993,18.839869751501116,-0.47349756545659616,18.765109886432295
4.983999999999673,-0.4858703663792374,-0.7841427437887089,-0.13945389416925838,-0.48399508353629933,-0.7786586470667257,-0.0018752828429380863,-0.8030923428237591,18.41401240435354,17.61092006152978,18.914963873063655,-0.4262009766487316,18.840213381002272
4.985999999999673,-0.487438920454801,-0.7844061714354825,-0.12397288596172963,-0.48555302835137004,-0.7789724075353446,-0.0018858921034309306,-0.8037178710754644,18.53641973782561,17.732701866750148,18.99004525575327,-0.37888758960216584,18.915307327427776
4.987999999999673,-0.489007970420277,-0.7846386320697266,-0.10848698351693871,-0.48711153914648175,-0.7792553975558566,-0.0018964312737952405,-0.8043129044690311,18.658829242459905,17.854516337990873,19.065110693922076,-0.33155927213883307,18.990388514598738
4.9899999999996725,-0.4905774543322594,-0.784840116514293,-0.09299679819179799,-0.4886705543594285,-0.7795076064733825,-0.0019068999728308889,-0.8048774163242589,18.781235844348267,17.976358428024007,19.14015698772843,-0.2842178926679176,19.065453737016185
4.991999999999672,-0.4921473102302108,-0.785010616814921,-0.07750294151230071,-0.49023001240912334,-0.7797290248474158,-0.0019172978210874603,-0.8054113809872265,18.903634474880203,18.098223093892976,19.21518094333666,-0.23686532011213254,19.140499794992337
4.993999999999672,-0.49371747613890793,-0.7851501262405505,-0.062006025149383165,-0.4917898516980288,-0.7799196444527434,-0.0019276244408791277,-0.8059147738196115,19.026020071015825,18.220105297196213,19.290179373115983,-0.1895034238339782,19.215523494849805
4.995999999999672,-0.49528789007089014,-0.7852586392835884,-0.046506660894759674,-0.49335001061458933,-0.7800794582802699,-0.0019378794563008062,-0.8063875711891666,19.14838757555792,18.342000004368753,19.36514909583815,-0.1421340735619186,19.29052164911984
4.997999999999672,-0.4968584900289039,-0.7853361516601257,-0.03100546063679622,-0.49491042753566483,-0.7802084605377486,-0.0019480624932390889,-0.8068297504600341,19.270731937422795,18.463902186962763,19.44008693687434,-0.09475913931667568,19.36549107673947
4.999999999999671,-0.4984292140083522,-0.7853826603101063,-0.015503036336336677,-0.49647104082896565,-0.7803066466504194,-0.0019581731793865687,-0.8072412899846304,19.39304811191047,18.58580682192584,19.514989728390603,-0.04738049133738175,19.440428603247852
5.001999999999671,-0.4999999999997418,-0.7853981633974483,-2.5480250278570773e-12,-0.49803178885548877,-0.7803740132615536,-0.0019682111442530514,-0.8076221690958119,19.515331060973438,18.707708891877626,19.589854309542456,-7.787290217832328e-12,19.515331060981225
5.003999999999671,-0.5015707859911315,-0.7853826603101165,0.015503036331240727,-0.4995926099719546,-0.7804105582329105,-0.0019781760191768805,-0.8079723680997986,19.637575753484555,18.829603385384758,19.664677526668093,0.047380464217547845,19.590195289267008
5.005999999999671,-0.5031415099705794,-0.785336151660146,0.03100546063169619,-0.5011534425332448,-0.7804162806451023,-0.0019880674373345952,-0.8082918682696683,19.759777165503674,18.951485297234008,19.739456233480563,0.09475903088705337,19.66501813461662
5.0079999999996705,-0.5047121099285932,-0.785258639283619,0.04650666088966015,-0.5027142248948405,-0.780391180797873,-0.0019978850337526444,-0.8085806518400118,19.881930280543227,19.073349628703216,19.814187291258634,0.14213382962601456,19.73979645091721
5.00999999999967,-0.5062825238605755,-0.7851501262405913,0.06200602514428434,-0.5042748954152612,-0.7803352602102915,-0.0020076284453143245,-0.8088387020013599,20.004030089832458,19.1951913878311,19.88886756903633,0.18950299021030095,19.814527099622158
5.01199999999967,-0.5078526897692731,-0.785010616814972,0.07750294150720716,-0.5058353924585028,-0.78024852162086,-0.002017297310770272,-0.8090660028959995,20.126071592580455,19.317005589684456,19.96349394379133,0.23686464264022325,19.88920694994023
5.01399999999967,-0.5094225456672247,-0.7848401165143541,0.09299679818670556,-0.5073956543964779,-0.7801309689875398,-0.0020268912707467335,-0.8092625396142483,20.24804979623805,19.4387872566238,20.038063300631848,0.2842169172143152,19.963832879023734
5.01599999999967,-0.5109920295792072,-0.7846386320697979,0.10848698351184757,-0.5089556196114533,-0.7799826074876958,-0.002036409967753894,-0.809428298191015,20.36995971675808,19.560531418567063,20.11257253298229,0.33155794460311666,20.038401772154963
5.017999999999669,-0.5125610795446829,-0.7844061714355642,0.12397288595663564,-0.5105152264984892,-0.7798034435179636,-0.0020458530461936464,-0.8095632656032858,20.49179637885468,19.682233113251392,20.187018542767504,0.37888585592292917,20.112910522931752
5.019999999999669,-0.5141296336202467,-0.7841427437888006,0.1394538941641661,-0.5120744134678773,-0.7795934846940379,-0.0020552201523693636,-0.8096674297682238,20.613554816260933,19.80388738649271,20.261398240595497,0.4261987828096234,20.18735603345131
5.021999999999669,-0.5156976298820688,-0.7838483595291796,0.15492939697073826,-0.513633118947578,-0.7793527398503852,-0.002064510934490782,-0.8097407795411349,20.735230071985125,19.92548929244399,20.335708545938818,0.4734948574922885,20.261735214492838
5.023999999999669,-0.517265006428342,-0.7835230302784879,0.17039878342999965,-0.5151912813856578,-0.7790812190398844,-0.0020737250426841047,-0.8097833047148395,20.856817198565675,20.047033893850838,20.4099463873144,0.5207722128669972,20.336044985698678
5.0259999999996685,-0.5188317013817237,-0.783166768880167,0.1858614428370607,-0.5167488392527246,-0.7787789335333931,-0.002082862128999108,-0.8097949960188333,20.978311258324425,20.16851626230559,20.4841087024619,0.568028982570473,20.41028227575395
5.027999999999668,-0.52039765289178,-0.7827795893988071,0.20131676475260424,-0.5183057310443632,-0.7784458958192455,-0.0020919218474168,-0.8097758451193471,21.099707323618507,20.28993147849916,20.558192438520468,0.6152633010537493,20.48444402256476
5.029999999999668,-0.5219627991374259,-0.7823615071195912,0.21676413902698055,-0.5198618952835685,-0.7780821196026809,-0.0021009038538574165,-0.8097258446194666,21.221000477090602,20.411274632471134,20.632194552204012,0.6624733036557765,20.558527173434825
5.031999999999668,-0.5235270783293687,-0.7819125385476916,0.23220295582431208,-0.5214172705231789,-0.7776876198052052,-0.002109807806189856,-0.8096449880602563,21.34218581191772,20.532540823857463,20.706112009974724,0.709657126677066,20.632528685240654
5.033999999999668,-0.525090428712544,-0.7814327014076189,0.24763260564654282,-0.5229717953483066,-0.777262412563887,-0.0021186333642373434,-0.809533269921292,21.463258432058076,20.653725162136784,20.779941788215197,0.7568129074531593,20.706445524604916
5.035999999999667,-0.5266527885685554,-0.7809220146425216,0.2630524793575176,-0.5245254083787678,-0.77680651523059,-0.002127380189787531,-0.8093906856224398,21.584213452496723,20.774822766874284,20.85368087339867,0.8039387844281978,20.780274668068525
5.037999999999667,-0.5282140962181108,-0.7803804984134389,0.27846196820702523,-0.5260780482715101,-0.7763199463711439,-0.0021360479466007165,-0.8092172315255697,21.705045999489187,20.895828767963618,20.927326262257644,0.8510328972283765,20.85401310226081
5.039999999999667,-0.5297742900234579,-0.7798081740985043,0.2938604638548314,-0.5276296537230389,-0.7758027257644531,-0.002144636300418945,-0.8090129049367745,21.825751210803425,21.01673830586665,21.000874961950885,0.8980933867353623,20.927657824068064
5.041999999999667,-0.5313333083908163,-0.7792050642921019,0.3092473583946899,-0.529180163471842,-0.7752548744015471,-0.0021531449189742258,-0.8087777041084432,21.946324235960176,21.137546531851733,21.07432399022857,0.9451183951596628,21.001205840800512
5.0439999999996665,-0.5328910897728109,-0.778571192803974,0.3246220443783597,-0.5307295163008112,-0.7746764144845725,-0.002161573471999634,-0.808511628242301,22.066760236471463,21.258248608229163,21.147670375595787,0.9921060661139924,21.07465417035747
5.045999999999666,-0.5344475726708999,-0.7779065846582814,0.33998391483955936,-0.5322776510396626,-0.7740673694257278,-0.0021699216312373037,-0.8082146774919208,22.18705438607725,21.37883970858533,21.22091115747401,1.0390545446864723,21.147999841390778
5.047999999999666,-0.5360026956378036,-0.7772112660926161,0.3553323633179469,-0.5338245065673549,-0.7734277638461445,-0.002178189070448644,-0.8078868529659533,22.307201870980197,21.499315018014244,21.294043386361096,1.0859619775138778,21.22123989346632
5.049999999999666,-0.53755639727993,-0.7764852645569643,0.37066678388305696,-0.5353700218145043,-0.7727576235747113,-0.0021863754654256606,-0.8075281567314097,22.427197890078777,21.619669733347365,21.367064123989216,1.1328265128547867,21.29437137722399
5.051999999999666,-0.5391086162597986,-0.7757286087126234,0.38598657115822266,-0.536914135765798,-0.7720569756468475,-0.002194480494000506,-0.807138591817087,22.547037655198377,21.73989906338129,21.43997044348091,1.1796463006626692,21.36739135453571
5.053999999999665,-0.5406592912984615,-0.774941328431071,0.40129112034446957,-0.5384567874624046,-0.7713258483032228,-0.0022025038360569127,-0.8067181622171526,22.666716391320275,21.859998229103123,21.51275942950334,1.2264194926588767,21.440296898661398
5.055999999999665,-0.5422083611779243,-0.774123454792784,0.41657982724441006,-0.5399979160043814,-0.7705642709884273,-0.002210445173542852,-0.806266872895165,22.786229336809047,21.979962463913882,21.585428178420702,1.2731442424056603,21.513085094403387
5.057999999999665,-0.5437557647435599,-0.7732750200860135,0.4318520882860698,-0.5415374605530806,-0.7697722743495895,-0.0022183041904793033,-0.8057847297874243,22.90557174363773,22.099787013850303,21.657973798444466,1.3198187053789716,21.58575303825876
5.059999999999665,-0.5453014409065254,-0.7723960578055088,0.44710730054673326,-0.5430753603335505,-0.7689498902349476,-0.002226080572974909,-0.8052717398073517,23.02473887761104,22.219467137803687,21.73039340978187,1.3664410390413055,21.658297838569734
5.0619999999996645,-0.5468453286461725,-0.7714866026511958,0.4623448617767415,-0.5446115546369352,-0.7680971516923701,-0.0022337740092372993,-0.8047279108493632,23.143726018586566,22.338998107737204,21.802684144782372,1.4130094029144304,21.730716615672137
5.063999999999664,-0.5483873670124566,-0.770546690526807,0.47756417042326793,-0.5461459828228709,-0.7672140929678302,-0.002241384189585749,-0.8041532517930139,23.262528460693954,22.45837520890094,21.874843148082117,1.4595219586520154,21.80300650204194
5.065999999999664,-0.5499274951283432,-0.7695763585384635,0.49276462565406265,-0.5476785843218785,-0.7663007495038323,-0.00224891080646461,-0.8035477725071272,23.38114151255198,22.577593740044854,21.94686757674628,1.5059768701121987,21.87516464243978
5.067999999999664,-0.5514656521922119,-0.7685756449932106,0.507945627381189,-0.5492092986377541,-0.7653571579377935,-0.002256353554457746,-0.8029114838542339,23.499560497483483,22.696649013629248,22.018754600409544,1.5523723034300987,21.947188194053386
5.069999999999664,-0.5530017774802555,-0.7675445893975057,0.5231065762846886,-0.5507380653499548,-0.7643833561003784,-0.0022637121303006325,-0.8022443976945115,23.617780753728226,22.815536356033714,22.090501401414336,1.5987064270901281,22.019074326638098
5.0719999999996634,-0.5545358103488778,-0.7664832324556581,0.5382468738362584,-0.5522648241159824,-0.7633793830137898,-0.0022709862328953445,-0.80154652689018,23.735797634653515,22.934251107763334,22.162105174947154,1.6449774119983371,22.09082022265518
5.073999999999663,-0.5560676902370877,-0.7653916160682226,0.5533659223228754,-0.5537895146737625,-0.7623452788900136,-0.002278175563325213,-0.8008178853097059,23.853606508962805,23.0527886236531,22.233563129172648,1.691183431554605,22.1624230774082
5.075999999999663,-0.5575973566688903,-0.7642697833303453,0.5684631248703933,-0.5553120768440205,-0.761281085129021,-0.0022852798248698125,-0.8000584878322048,23.97120276090195,23.171144273069743,22.304872485365607,1.7373226617247357,22.233880099177213
5.077999999999663,-0.5591247492556737,-0.7631177785300618,0.5835378854671018,-0.5568324505326544,-0.7601868443169272,-0.0022922987230192815,-0.7992683503514497,24.08858179046325,23.2893134401118,22.376030478040974,1.7833932811124364,22.305188509350817
5.079999999999663,-0.5606498076985947,-0.7619356471465485,0.5985896089872734,-0.5583505757331026,-0.7590626002241049,-0.002299231965492088,-0.7984474897804938,24.205739013587483,23.40729152380699,22.447034355081477,1.8293934710312882,22.376345542556194
5.081999999999662,-0.5621724717909569,-0.7607234358483287,0.6136177012146316,-0.5598663925287092,-0.757908397803258,-0.0023060792622476844,-0.7975959240553188,24.32266986236331,23.52507393830799,22.517881377863198,1.8753214155764324,22.447348446786876
5.083999999999662,-0.563692681420589,-0.7594811924914289,0.6286215688658277,-0.5613798410950841,-0.7567242831874503,-0.002312840325504939,-0.7967136721393886,24.439369785224624,23.642656113085234,22.58856882137895,1.9211753016963096,22.518194483528315
5.085999999999662,-0.5652103765722181,-0.7582089661174896,0.6436006196138575,-0.5628908617024603,-0.7555103036880934,-0.0023195148697577883,-0.795800754027578,24.55583424714563,23.76003349311805,22.65909397435952,1.9669533192642243,22.588880927881405
5.087999999999662,-0.566725497329838,-0.7569068069518295,0.6585542621114457,-0.564399394718046,-0.7542665077928917,-0.0023261026117920025,-0.7948571907502711,24.672058729833527,23.877201539083256,22.72945413939256,2.0126536611497845,22.659405068683743
5.0899999999996615,-0.5682379838790754,-0.7555747664014635,0.6734819060143871,-0.5659053806083735,-0.7529929451637465,-0.0023326032707019495,-0.7938830043773182,24.788038731918856,23.99415572754154,22.799646633039327,2.0582745232902346,22.729764208628623
5.091999999999661,-0.5697477765095518,-0.7542128970530708,0.688382962004869,-0.5674087599416427,-0.7516896666346184,-0.0023390165679090247,-0.7928782180221461,24.903769769143512,24.110891551121366,22.869668785949138,2.1038141047617107,22.7999556643818
5.093999999999661,-0.5712548156172389,-0.7528212526709218,0.7032568418147114,-0.5689094733900615,-0.7503567242093477,-0.002345342227177416,-0.7918428558452972,25.01924737454631,24.227404518701015,22.93951794297169,2.1492706078502453,22.869976766696066
5.095999999999661,-0.5727590417068127,-0.7513998881947542,0.7181029582486033,-0.5704074617321804,-0.7489941710594344,-0.002351579974632312,-0.7907769430583711,25.134467098646372,24.343690155588,23.009191463266877,2.1946422381228006,22.939824860523572
5.097999999999661,-0.574260395394004,-0.749948859737603,0.732920725207297,-0.571902665855224,-0.7476020615217768,-0.0023577295387799957,-0.7896805059280898,25.249424509623893,24.459744003695803,23.0786867204125,2.2399272044981062,23.009497305125787
5.09999999999966,-0.5757588174079391,-0.7484682245835874,0.7477095577107207,-0.5733950267574167,-0.7461804510963687,-0.0023637906505223905,-0.788553571779238,25.364115193498485,24.575561621719245,23.148001102509717,2.285123719317296,23.07899147418119
5.10199999999966,-0.5772542485934828,-0.7469580411856482,0.7624688719210899,-0.5748844855503046,-0.7447293964439563,-0.0023697630431782635,-0.7873961689988174,25.47853475430538,24.69113858530656,23.217132012286,2.330229998414543,23.148304755890834
5.10399999999966,-0.5787466299135726,-0.74541836916324,0.7771980851659515,-0.5763709834610719,-0.7432489553836547,-0.002375646452500768,-0.7862083270392817,25.592678814268773,24.80647048722949,23.286076867195906,2.3752442611874507,23.217434553081322
5.10599999999966,-0.5802359024515493,-0.743849269299978,0.7918966159611871,-0.5778544618348529,-0.7417391868905218,-0.0023814406166964286,-0.7849900764219608,25.706543013973032,24.92155293755107,23.354833099519546,2.4201647306673535,23.28637828330568
5.1079999999996595,-0.581722007413483,-0.7422508035412378,0.8065638840339685,-0.5793348621370391,-0.7402001510930937,-0.0023871452764439027,-0.7837414487403449,25.820123012531308,25.036381563790965,23.423398156458553,2.4649896335894703,23.355133378941836
5.109999999999659,-0.5832048861304945,-0.7406230349917109,0.8211993103456671,-0.5808121259555808,-0.738631909270878,-0.002392760174913633,-0.7824624766634192,25.93341448775154,25.150952011088123,23.49176950022992,2.509717200462886,23.423697287288654
5.111999999999659,-0.5846844800610711,-0.7389660279129122,0.8358023171147114,-0.5822861950032845,-0.7370345238518068,-0.002398285057786609,-0.7811531939387351,26.046413136300252,25.265259942361517,23.559944608157277,2.554345665640414,23.492067470659837
5.113999999999659,-0.586160730793378,-0.7372798477206441,0.8503723278393991,-0.5837570111201038,-0.7354080584096493,-0.0024037196732742405,-0.7798136353954588,26.15911467386352,25.37930103846806,23.627920972760062,2.5988732673882904,23.560241406475228
5.115999999999659,-0.587633580047564,-0.7355645609824133,0.8649087673206541,-0.5852245162754266,-0.7337525776613834,-0.002409063772137454,-0.778443836947329,26.27151483530579,25.493070998358462,23.695696101839957,2.643298247955733,23.628216587350057
5.117999999999658,-0.5891029696780616,-0.7338202354148041,0.8794110616847284,-0.5866886525703556,-0.7320681474645269,-0.00241431710770601,-0.7770438355954234,26.383609374825653,25.60656553923023,23.763267518565307,2.6876188536442798,23.695990521181372
5.119999999999658,-0.5905688416758859,-0.7320469398808013,0.8938786384058883,-0.5881493622399845,-0.7303548348144279,-0.0024194794359013727,-0.7756136694315341,26.4953940661097,25.719780396678168,23.830632761552927,2.731833334877134,23.763560731232566
5.121999999999658,-0.5920311381709195,-0.7302447443870771,0.9083109263289695,-0.5896065876556675,-0.7286127078415146,-0.002424550515251922,-0.7741533776399789,26.60686470248322,25.832711324843242,23.897789384947664,2.775939946268073,23.83092475621515
5.123999999999658,-0.5934898014342006,-0.7284137200812238,0.9227073556919565,-0.5910602713272846,-0.7268418358085047,-0.0024295301069160447,-0.7726630005007995,26.71801709705889,25.94535409655809,23.964734958499466,2.8199369466904516,23.89808015036844
5.1259999999996575,-0.5949447738802013,-0.7265539392489458,0.9370673581484689,-0.5925103559054997,-0.7250422891075735,-0.0024344179747015637,-0.7711425793921678,26.82884708288249,26.05770450349032,24.031467067638026,2.863822599345908,23.96502448353658
5.127999999999657,-0.5963959980691007,-0.7246654753112058,0.9513903667901978,-0.5939567841840147,-0.723214139257482,-0.0024392138850860556,-0.7695921567928443,26.93935051307618,26.16975835628334,24.0979833135453,2.9075951718329214,24.03175534124326
5.129999999999657,-0.5978434167090527,-0.7227484028213267,0.9656758161692873,-0.595399499101816,-0.7213574589006643,-0.002443917607236723,-0.7680117762845073,27.04952326097949,26.281511484694985,24.164281313225118,2.9512529362152056,24.098270324764286
5.131999999999657,-0.5992869726584479,-0.7208027974620476,0.9799231423206562,-0.5968384437454165,-0.719472321800273,-0.002448528913031378,-0.7664014825540422,27.15936122028708,26.39295973773304,24.230358699570942,2.9947941690899142,24.164567051197167
5.133999999999657,-0.600726608928169,-0.7188287360425367,0.9941317827842633,-0.5982735613510909,-0.7175588028371864,-0.0024530475770780935,-0.7647613213957705,27.268860305184653,26.504098983788882,24.296213121430835,3.038217151655674,24.23064315352898
5.135999999999656,-0.6021622686838412,-0.7168262964953589,1.0083011766273124,-0.5997047953071049,-0.7156169780069727,-0.0024574733767362966,-0.763091339713502,27.37801645048175,26.614925110768247,24.361842243670175,3.0815201697804495,24.296496280701298
5.137999999999656,-0.6035938952480756,-0.7147955578733987,1.0224307644663966,-0.6011320891559385,-0.7136469244168139,-0.0024618060921370866,-0.7613915855226705,27.486825611742148,26.725434026219478,24.427243747231927,3.124701514069188,24.36212409767296
5.139999999999656,-0.6050214321027068,-0.7127366003467396,1.0365199884895815,-0.6025553865965033,-0.7116487202823905,-0.0024660455062034403,-0.7596621079521615,27.595283765411725,26.835621657459562,24.492415329194554,3.1677594799313082,24.427524285480416
5.141999999999656,-0.6064448228910232,-0.7106495051995004,1.0505682924784194,-0.6039746314863528,-0.7096224449247235,-0.0024701914046704188,-0.7579029572461748,27.703386908943536,26.945483951697362,24.557354702827396,3.210692367647979,24.492694541295556
5.1439999999996555,-0.6078640114199954,-0.708534354826622,1.064575121829939,-0.6053897678438868,-0.7075681787669773,-0.0024742435761085924,-0.7561141847664854,27.811131060920502,27.055016876154017,24.622059597643847,3.25349848243929,24.55763257848121
5.145999999999655,-0.6092789416624895,-0.7063912327306199,1.0785399235784936,-0.6068007398505492,-0.705486003331221,-0.0024782018119403615,-0.7542958429934044,27.918512261175366,27.16421641818196,24.68652775945189,3.296176134531037,24.622336126644328
5.147999999999655,-0.6106895577594823,-0.7042202235182852,1.0924621464176214,-0.6082074918530195,-0.7033760012351491,-0.002482065906462827,-0.7524479855279109,28.025526570908035,27.273078585380123,24.75075695040243,3.3387236392215005,24.686802931686533
5.149999999999655,-0.6120958040222657,-0.7020214128973441,1.1063412407218034,-0.609609968365397,-0.7012382561887622,-0.0024858356568686624,-0.7505706670931467,28.132170072800353,27.381599405707206,24.81474494903514,3.3811393169479387,24.751030755852415
5.151999999999655,-0.613497624934645,-0.6997948876730751,1.1201766585681614,-0.611008114071379,-0.6990728529910061,-0.002489510863265987,-0.7486639435358455,28.238438871128434,27.48977492759259,24.878489550321873,3.4234214933528997,24.815017377775533
5.153999999999654,-0.614894965155131,-0.6975407357448815,1.1339678537580888,-0.6124018738264317,-0.6968798775263715,-0.0024930913286992373,-0.7467278718279036,28.34432909187199,27.597601220044087,24.94198856570773,3.465568499350291,24.8787605925217
5.155999999999654,-0.6162877695191242,-0.6952590461028217,1.1477142818388137,-0.6137911926599546,-0.6946594167614523,-0.002496576859169597,-0.7447625100675026,28.449836882821497,27.705074372753995,25.00523982314985,3.5075786711912884,24.942258211630207
5.157999999999654,-0.6176759830410935,-0.692949908824096,1.1614154001248935,-0.6151760157774375,-0.6924115587414637,-0.0024999672636559778,-0.742767917480649,28.554958413682538,27.81219049620189,25.068241167153595,3.5494503505300257,25.00550806315251
5.159999999999654,-0.6190595509167459,-0.6906134150694903,1.1750706677196379,-0.6165562885626109,-0.6901363925867199,-0.002503262354135005,-0.7407441544222104,28.65968987617756,27.91894572175535,25.130990458806487,3.5911818844890306,25.068507991688527
5.1619999999996535,-0.6204384185251907,-0.6882496570797771,1.188679545536464,-0.6179319565795891,-0.6878340084890715,-0.002506461945601557,-0.7386912823770952,28.764027484145053,28.025336201767956,25.19348557580986,3.632771625724494,25.13125585842056
5.163999999999653,-0.6218125314310957,-0.6858587281720746,1.2022414963201775,-0.6193029655750057,-0.6855044977083025,-0.002509565856089968,-0.7366093639613847,28.867967473636263,28.131358109674878,25.255724412508002,3.674217932491303,25.19374954114496
5.165999999999653,-0.6231818353868355,-0.6834407227361635,1.2157559846681762,-0.6206692614801427,-0.6831479525684868,-0.0025125739066927943,-0.7344984629231655,28.971506103009098,28.23700764008593,25.317704879914956,3.7155191687078144,25.255986934301283
5.167999999999653,-0.6245462763346361,-0.6809957362307554,1.2292224770516154,-0.6220307904130513,-0.6807644664543054,-0.0025154859215847925,-0.7323586441440577,29.07463965301969,28.342281008875634,25.379424905739107,3.7566737040205433,25.31796594899915
5.169999999999653,-0.6259058004087044,-0.6785238651797324,1.2426404418364265,-0.623387498680666,-0.6783541338073226,-0.0025183017280383524,-0.7301899736391482,29.177364426911183,28.447174453272034,25.44088243440539,3.7976799138683788,25.379684513042804
5.171999999999652,-0.6272603539373577,-0.6760252071683309,1.2560093493043352,-0.6247393327809104,-0.6759170501222224,-0.0025210211564472562,-0.7279925185585023,29.27967675050019,28.55168423194169,25.502075427075013,3.8385361795468333,25.44114057095336
5.173999999999652,-0.6286098834451423,-0.6734998608392911,1.2693286716737657,-0.6260862394047965,-0.6734533119430055,-0.002523644040345885,-0.7257663471877596,29.381572972260408,28.65580662507265,25.563001861663093,3.879240888271875,25.50233208398853
5.175999999999652,-0.6299543356549439,-0.6709479258889618,1.2825978831206775,-0.6274281654385148,-0.6709630168591459,-0.002526170216429091,-0.7235115289486038,29.483049463403965,28.759537934455363,25.62365973285381,3.9197924332436376,25.56325703016033
5.177999999999652,-0.6312936574900913,-0.6683695030633654,1.2958164597993231,-0.6287650579655182,-0.6684462635017084,-0.002528599524573072,-0.7212281343996874,29.584102617959992,28.862874483560304,25.684047052113456,3.9601892137098176,25.623913404250175
5.1799999999996515,-0.6326277960764517,-0.6657646941542198,1.308983879862929,-0.630096864268597,-0.6659031515394257,-0.002530931807854686,-0.7189162352369305,29.684728852850903,28.96581261761397,25.744161847700973,4.000429635028902,25.684299217822
5.181999999999651,-0.6339566987445181,-0.6631336019949208,1.3220996234842974,-0.6314235318319464,-0.663333781674737,-0.0025331669125716605,-0.7165759042941189,29.784924607965888,29.06834870367177,25.80400216467642,4.040512108733086,25.7444124992328
5.183999999999651,-0.6352803130314888,-0.6604763304564816,1.3351631728763276,-0.632745008343226,-0.6607382556397863,-0.002535304688262796,-0.7142072155433632,29.884686346232108,29.170479130688744,25.863566064907154,4.080435052590992,25.804251293641116
5.185999999999651,-0.6365985866833379,-0.6577929844434327,1.3481740123124584,-0.6340612416956107,-0.658116676192382,-0.0025373449877271748,-0.71181024409531,29.984010553683405,29.272200309588094,25.922851627071562,4.120196890670166,25.86381366301324
5.187999999999651,-0.6379114676568791,-0.6550836698896799,1.3611316281470265,-0.6353721799898345,-0.6554691471119177,-0.0025392876670445874,-0.7093850661996348,30.082893739526167,29.373508673326533,25.981856946660905,4.159796053399213,25.923097686126955
5.1899999999996504,-0.6392189041218187,-0.6523484937543242,1.374035508835539,-0.6366777715362251,-0.6527957731952528,-0.0025411325855936306,-0.7069317592449642,30.18133243620323,29.47440067695827,26.0405801359787,4.1992309776298145,25.982101458573418
5.19199999999965,-0.6405208444628052,-0.6495875640174332,1.3868851449548953,-0.6379779648567302,-0.6500966602525559,-0.0025428796060750214,-0.7044504017596376,30.279323199455018,29.57487279769538,26.099019324137984,4.238500106698486,26.040823092756533
5.19399999999965,-0.6418172372814626,-0.6468009896757869,1.3996800292234566,-0.6392727086869364,-0.6473719151031077,-0.002544528594526141,-0.7019410734110942,30.376862608378147,29.67492153496705,26.157172657056392,4.2776018904878885,26.09926071789026
5.19599999999965,-0.6431080313984221,-0.6439888807385689,1.4124196565211005,-0.6405619519780785,-0.6446216455710672,-0.002546079420343572,-0.6994038550063597,30.473947265481854,29.774543410475495,26.21503829744917,4.316534785488149,26.157412479993706
5.19799999999965,-0.6443931758553422,-0.6411513482230249,1.4251035239091547,-0.641845643899041,-0.6418459604811979,-0.0025475319563011967,-0.6968388284918836,30.570573796741897,29.873734968250012,26.27261442481972,4.355297254857737,26.21527654188416
5.199999999999649,-0.6456726199169203,-0.63828850415008,1.437731130650253,-0.6431237338383501,-0.6390449696545567,-0.0025488860785701783,-0.6942460769534997,30.666738851651775,29.972492774698274,26.329899235448533,4.393887768484127,26.272851083167648
5.201999999999649,-0.6469463130728954,-0.6354004615399161,1.4503019782281033,-0.6443961714061583,-0.6362187839041439,-0.0025501416667370602,-0.6916256846162527,30.762439103272154,30.070813418655902,26.386890942379512,4.4323048030442616,26.330134300227893
5.203999999999649,-0.6482142050400429,-0.6324873344075106,1.4628155703671677,-0.6456629064362194,-0.6333675150305159,-0.0025512986038235264,-0.6889777368442451,30.857671248277263,30.16869351143302,26.443587775404445,4.470546842064614,26.38712440621265
5.205999999999649,-0.6494762457641587,-0.6295492377581345,1.4752714130522557,-0.6469238889878541,-0.6304912758173602,-0.0025523567763046096,-0.6863023201402463,30.95243200699933,30.266129686859085,26.499987981045432,4.508612375981095,26.443819631018236
5.2079999999996485,-0.6507323854220362,-0.6265862875828127,1.4876690145480254,-0.6481790693479081,-0.6275901800270317,-0.002553316074128009,-0.6835995221454527,31.046718123470594,30.36311860132514,26.556089822535185,4.546499902198641,26.500218221271954
5.209999999999648,-0.6519825744234323,-0.6235986008537445,1.5000078854183982,-0.6494283980327002,-0.6246643423960527,-0.002554176390732077,-0.6808694316390929,31.140526365462907,30.459656933823815,26.611891579795184,4.584207925150532,26.556318440312374
5.211999999999648,-0.653226763413026,-0.6205862955196867,1.5122875385458796,-0.6506718257899614,-0.6217138786305751,-0.0025549376230645793,-0.6781121385378275,31.23385352452501,30.555741385987183,26.667391549412137,4.621734956357416,26.612118568167595
5.213999999999648,-0.6544649032723658,-0.6175494905012973,1.5245074891507835,-0.651909303600765,-0.6187389054018049,-0.0025555996716007945,-0.6753277338953279,31.326696416017747,30.651368682122417,26.722588044612046,4.659079514486086,26.66761690153166
5.215999999999648,-0.6556969451218113,-0.6144883056864352,1.5366672548103975,-0.6531407826814478,-0.6157395403413907,-0.0025561624403634964,-0.6725163099018605,31.419051879146693,30.746535569244834,26.777479395232618,4.696240125407991,26.722811753738704
5.217999999999647,-0.6569228403224594,-0.6114028619254372,1.5487663554779874,-0.6543662144855213,-0.6127159020367752,-0.0025566258369380535,-0.6696779598832481,31.510916776992662,30.841238817109414,26.832063947693577,4.7332153222573465,26.777701454735315
5.219999999999647,-0.6581425404780663,-0.6082932810263398,1.5608043135017757,-0.6555855507055743,-0.6096681100265091,-0.002556989772491969,-0.6668127783002853,31.602287996540046,30.93547521823976,26.886340064965083,4.7700036454891075,26.832284351050937
5.221999999999647,-0.6593559974369587,-0.6051596857500725,1.5727806536437923,-0.6567987432751654,-0.6065962847955298,-0.0025572541617933098,-0.6639208607481439,31.693162448702843,31.0292415879547,26.94030612653426,4.806603642936568,26.886558805766274
5.223999999999647,-0.6605631632939334,-0.602002199805611,1.5846949030986346,-0.6580057443707062,-0.6035005477704031,-0.0025574189232271394,-0.6610023039552182,31.78353706834855,31.122534764393333,26.993960528369776,4.843013869868698,26.940523198479852
5.2259999999996465,-0.6617639903921495,-0.5988209478450941,1.5965465915121348,-0.6592065064133353,-0.6003810213145285,-0.002557483978814168,-0.6580572057824718,31.873408814319788,31.215351608537315,27.047301682884687,4.879232889047154,26.994175925272636
5.227999999999646,-0.6629584313250091,-0.595616055458902,1.6083352509999278,-0.6604009820707819,-0.5972378287233102,-0.0025574492542271843,-0.6550856652222192,31.962774669453918,31.307689004231698,27.100328018897315,4.91525927078305,27.047515398670868
5.229999999999646,-0.6641464389380296,-0.5923876491706984,1.6200604161659224,-0.6615891242592205,-0.5940710942192899,-0.0025573146788091528,-0.6520877823973037,32.05163164060041,31.39954385820311,27.1530379815904,4.951091592993363,27.10054004760705
5.231999999999646,-0.6653279663307046,-0.5891358564324356,1.6317216241206747,-0.6627708861451149,-0.5908809429472461,-0.002557080185589644,-0.6490636585597365,32.13997675863608,31.490913100076344,27.205430032468428,4.9867284412571,27.15324831737898
5.233999999999646,-0.6665029668583555,-0.5858608056193231,1.6433184144996618,-0.6639462211470535,-0.5876675009692575,-0.002556745711302044,-0.6460133960896597,32.22780707847838,31.581793682388717,27.257502649313253,5.022168408871104,27.20563866960727
5.235999999999645,-0.6676713941339731,-0.5825626260247609,1.6548503294814494,-0.6651150829375729,-0.5844308952597304,-0.002556311196400207,-0.6429370984940008,32.3151196790965,31.672182580602495,27.309254326137946,5.057410096905611,27.257709582190884
5.237999999999645,-0.6688332020300503,-0.5792414478552285,1.6663169138057934,-0.6662774254449737,-0.5811712537003922,-0.0025557765850765524,-0.6398348704054269,32.40191166352053,31.762076793115103,27.360683573138886,5.092452114259513,27.309459549261014
5.239999999999645,-0.6699883446804001,-0.575897402225155,1.677717714791572,-0.6674332028551242,-0.5778887050752497,-0.0025551418252759417,-0.6367068175805413,32.488180158848444,31.8514733412679,27.41178891664632,5.127293077715175,27.36088708113327
5.241999999999645,-0.6711367764819687,-0.5725306211517358,1.6890522823546832,-0.6685823696132552,-0.5745833790655125,-0.0025544068687134436,-0.6335530468986184,32.57392231625135,31.94036926935273,27.462568899073062,5.161931611993123,27.411990704258226
5.2439999999996445,-0.6722784520966347,-0.5691412375497231,1.7003201690258078,-0.6697248804257442,-0.5712554062444821,-0.002553571670890542,-0.6303736663601112,32.65913531097642,32.0287616446163,27.513022078861802,5.196366349806294,27.46276896117012
5.245999999999644,-0.673413326453,-0.5657293852261779,1.7115209299680743,-0.670860690261889,-0.5679049180724074,-0.002552636191111013,-0.6271687850850793,32.74381634234828,32.1166475572632,27.563147030430585,5.230595931914045,27.513220410434236
5.247999999999644,-0.674541354748168,-0.5622951988751878,1.7226541229946184,-0.6719897543556717,-0.5645320468913052,-0.002551600392496356,-0.6239385133114106,32.82796263376819,32.20402412045678,27.61294234411692,5.264619007175775,27.563343626592413
5.249999999999644,-0.6756624924495134,-0.5588388140725495,1.733719308586043,-0.6731120282075111,-0.5611369259197478,-0.002550464242002226,-0.6206829623932308,32.9115714327114,32.290888470318166,27.662406626120173,5.298434232604295,27.613137200107104
5.251999999999644,-0.6767766952964391,-0.5553603672704172,1.7447160499077676,-0.6742274675860064,-0.5577196892476168,-0.0025492277104327554,-0.6174022447989835,32.99464001072277,32.37723776592379,27.71153849844263,5.332040273418822,27.66259973730395
5.253999999999643,-0.6778839193021247,-0.5518599957919141,1.7556439128272743,-0.675336028529668,-0.554280471830822,-0.0025478907724566513,-0.6140964741096022,33.077165663410355,32.463069189300754,27.760336598828882,5.365435803097685,27.711729860312673
5.255999999999643,-0.6789841207552624,-0.548337837825713,1.7665024659312467,-0.67643766734864,-0.5508194094859894,-0.0025464534066224065,-0.6107657650166942,33.15914571043738,32.548379945420685,27.8087995807039,5.398619503430678,27.7605262070067
5.257999999999643,-0.6800772562217825,-0.5447940324205792,1.7772912805426004,-0.6775323406264102,-0.5473366388851147,-0.002544915595372288,-0.6074102333203024,33.24057749551221,32.63316726219191,27.856926113109637,5.43159006457112,27.808987430941094
5.259999999999643,-0.681163282546568,-0.5412287194798843,1.7880099307374027,-0.6786200052215106,-0.5438322975501846,-0.002543277325057436,-0.6040299959269468,33.321458386376804,32.717428390449854,27.904714880640245,5.464346185087523,27.857112201289283
5.2619999999996425,-0.6822421568551604,-0.5376420397560743,1.7986579933617088,-0.6797006182692061,-0.5403065238477642,-0.002541538585954295,-0.6006251708477683,33.40178577479334,32.80116060394557,27.952164583375826,5.496886572015054,27.90489920277829
5.263999999999642,-0.6833138365554488,-0.5340341348451253,1.8092350480482329,-0.6807741371831733,-0.536759456983554,-0.0025396993722754946,-0.5971958771957442,33.48155707652893,32.884361199333185,27.999273936815108,5.529209940906434,27.952347135622492
5.265999999999642,-0.6843782793393536,-0.5304051471809457,1.8197406772329665,-0.6818405196571671,-0.5331912369969127,-0.0025377596821865023,-0.5937422351838983,33.56076973133916,32.96702749615526,28.046041671806485,5.5613150158828,27.999454715456356
5.267999999999642,-0.6854354431844961,-0.5267552200297544,1.8301744661716581,-0.6828997236666777,-0.5296020047553498,-0.002535719517818391,-0.5902643661226414,33.639421202949414,33.049156836826775,28.092466534478017,5.593200529683934,28.046220673265477
5.269999999999642,-0.686485286355858,-0.5230844974844256,1.840536002956186,-0.6839517074705757,-0.5259919019489848,-0.0025335788852823837,-0.5867623924175791,33.71750897903503,33.130746586617455,28.13854728616615,5.624865223718391,28.092643755316644
5.271999999999641,-0.6875277674074287,-0.5193931244588004,1.8508248785308197,-0.6849964296127456,-0.5223610710849752,-0.002531337794683064,-0.583236437566923,33.7950305711997,33.21179413363278,28.184282703343165,5.656307848113133,28.138722723086573
5.273999999999641,-0.688562845183841,-0.515681246681965,1.8610406867083684,-0.6860338489237094,-0.5187096554819136,-0.0025289962601315885,-0.5796866261588729,33.87198351495222,33.292296888793345,28.229671577543456,5.687527161762867,28.184456353189354
5.275999999999641,-0.6895904788219968,-0.5119490106924983,1.8711830241862182,-0.6870639245222379,-0.5150377992641932,-0.0025265542997588986,-0.5761130838691564,33.948365369681966,33.372252285812806,28.274712715288736,5.718521932379077,28.229843437302886
5.277999999999641,-0.6906106277526796,-0.5081965638326866,1.8812514905622517,-0.6880866158169505,-0.5113456473563426,-0.0025240119357290425,-0.572515937458209,34.024173718632525,33.45165778117432,28.3194049380121,5.749290936538598,28.27488278209393
5.2799999999996405,-0.6916232517021563,-0.5044240542427066,1.891245688350656,-0.6891018825079052,-0.507633345477329,-0.0025213691942511662,-0.5688953147684428,34.09940616887434,33.5305108541059,28.363747081980883,5.779832959731994,28.319573209142348
5.28199999999964,-0.6926283106937675,-0.5006316308547776,1.9011652229976161,-0.6901096845881748,-0.5039010401348315,-0.002518626105592725,-0.5652513447214425,34.174060351275386,33.60880900655394,28.407737998218742,5.8101467964114395,28.36391355486395
5.28399999999964,-0.6936257650495044,-0.4968194433872832,1.9110097028968827,-0.6911099823454138,-0.5001488786194842,-0.0025157827040905856,-0.561584157314946,34.24813392047092,33.68654976315597,28.45137655242643,5.840231250038329,28.40790267043259
5.28599999999964,-0.6946155753915781,-0.49298764233885284,1.9207787394052571,-0.6921027363634119,-0.4963770089990884,-0.002512839028166236,-0.5578938836202485,34.321624554831516,33.76373067121127,28.49466162490173,5.870085133130541,28.45153942170098
5.28799999999964,-0.6955977026439706,-0.48913637898243295,1.9304719468579,-0.6930879075236375,-0.492585580112795,-0.0025097951203331137,-0.5541806557786266,34.39452995642993,33.8403493006513,28.53759211045852,5.899707267309243,28.494822689120685
5.289999999999639,-0.6965721080339796,-0.4852658053593065,1.9400889425835783,-0.694065457006768,-0.4887747415652579,-0.0025066510272115927,-0.5504446069986602,34.46684785100666,33.916403244008,28.580166918344737,5.929096483345466,28.537751367661198
5.291999999999639,-0.6975387530937489,-0.4813760742730926,1.9496293469197676,-0.6950353462942095,-0.4849446437207565,-0.0025034067995394205,-0.54668587155287,34.53857598793415,33.991890116381285,28.622384972159566,5.9582516212062275,28.580324366727922
5.293999999999639,-0.6984975996617865,-0.4774673392837143,1.959092783227641,-0.6959975371696041,-0.4810954376972905,-0.0025000624921823755,-0.542904584774555,34.60971214017978,34.06680755540523,28.664245209769867,5.9871715301003485,28.622540610079433
5.295999999999639,-0.6994486098844718,-0.47353975470133614,1.9684788779069367,-0.6969519917203254,-0.4772272753606441,-0.002496618164146369,-0.5391008830544453,34.68025410426778,34.14115322121334,28.70574658322552,6.015855068523868,28.664399035743912
5.2979999999996386,-0.7003917462175495,-0.4695934755802723,1.977787260410708,-0.6978986723389623,-0.4733403093184214,-0.0024930738785872153,-0.5352749038373872,34.7501997002396,34.21492479640221,28.746888058674294,6.044301104305081,28.705898595934517
5.299999999999638,-0.7013269714276122,-0.46562865771286527,1.987017563259953,-0.6988375417247904,-0.4694346929140548,-0.0024894297028218437,-0.5314267856188659,34.81954677161357,34.2881199859947,28.787668616275795,6.072508514649255,28.74703825696431
5.301999999999638,-0.70225424859357,-0.4616454576233358,1.9961694220581192,-0.6997685628852319,-0.4655105802207824,-0.00248568570833807,-0.5275566679415389,34.88829318534317,34.360736517401634,28.82808725011475,6.10047618618294,28.787816999160235
5.303999999999638,-0.7031735411081079,-0.45764403256160296,2.0052424755054923,-0.7006916991373031,-0.4615681260355992,-0.00248184197080481,-0.523664691391611,34.95643683177434,34.43277214038273,28.868142968113567,6.128203014997942,28.8282338167764
5.305999999999638,-0.7040848126791319,-0.4536245404970767,2.014236365413457,-0.7016069141090495,-0.4576074858731789,-0.002477898570082404,-0.5197509975953107,35.023975624601576,34.504224627006266,28.907834791944353,6.155687906694843,28.868287717906735
5.3079999999996375,-0.7049880273311999,-0.44958714011242357,2.0231507367186357,-0.7025141717409691,-0.4536288159597684,-0.0024738555902308335,-0.5158157292149734,35.09090750082321,34.575091771608236,28.947161756940176,6.1829297764262225,28.907977724396986
5.309999999999637,-0.7058831494069451,-0.44553199079729294,2.031985237496923,-0.7034134362874231,-0.44963227322705474,-0.0024697131195219324,-0.5118590299456893,35.15723042069556,34.64537139074987,28.98612291200595,6.2099275489395405,28.947302871756023
5.311999999999637,-0.7067701435684801,-0.44145925264203867,2.0407395189773494,-0.7043046723180352,-0.4456180153060043,-0.0024654712504449394,-0.5078810445110726,35.22294236768629,34.71506132317521,29.024717319528584,6.2366801586194685,28.986262209066815
5.313999999999637,-0.7076489747987942,-0.43736908643138933,2.0494132355558725,-0.7051878447190765,-0.44158620052067504,-0.0024611300797177105,-0.5038819186595023,35.28804134842653,34.78415942976703,29.062944055286692,6.263186549530041,29.02485479889649
5.315999999999637,-0.7085196084031353,-0.4332616536381036,2.0580060448090136,-0.7060629186948405,-0.4375369878820015,-0.0024566897082948236,-0.49986179916034157,35.35252539266248,34.852663593502136,29.10080220835991,6.289445675456264,29.063079717206215
5.317999999999636,-0.7093820100103794,-0.42913711641659497,2.066517607507376,-0.7069298597690036,-0.4334705370815537,-0.0024521502413757945,-0.4958208337996428,35.41639255320595,34.92057171940631,29.13829088103772,6.3154564999454665,29.100936053260487
5.319999999999636,-0.7102361455743876,-0.42499563759653064,2.0749475876290395,-0.7077886337859741,-0.4293870084852679,-0.0024475117884135145,-0.4917591713763503,35.47964090588417,34.987881734507816,29.175409188727834,6.341217996348208,29.13842290953596
5.321999999999636,-0.7110819813753506,-0.42083738067640314,2.0832956523728225,-0.7086392069122285,-0.425286563127153,-0.0024427744631221326,-0.4876769616980037,35.542268549488654,35.05459158779065,29.212156259864173,6.366729147858754,29.1755394016299
5.323999999999636,-0.7119194840211192,-0.41666250981707553,2.0915614721714233,-0.7094815456376344,-0.4211693627029698,-0.002437938383484717,-0.4835743555765848,35.60427360572342,35.120699250146835,29.248531235814763,6.3919889475552285,29.212284658168194
5.3259999999996355,-0.7127486204485227,-0.4124711898353008,2.0997447207044297,-0.7103156167767622,-0.4170355695638839,-0.0024330036717604697,-0.47945150482427645,35.66565421915265,35.186202714328374,29.284533270788977,6.41699639843938,29.24865782071327
5.327999999999635,-0.7135693579246751,-0.40826358619721514,2.1078450749112014,-0.7111413874701824,-0.41288534671009397,-0.0024279704544927228,-0.4753085622492015,35.72640855714732,35.25109999489812,29.3201615317448,6.4417505134759185,29.284658043671406
5.329999999999635,-0.7143816640482654,-0.4040398650118081,2.11586221500362,-0.7119588251857513,-0.4087188577844338,-0.002422838862514154,-0.4711456816508852,35.78653480983136,35.31538912818047,29.355415198295773,6.466250315631419,29.32028449419994
5.331999999999635,-0.7151855067508397,-0.3998001930243551,2.1237958244787314,-0.7127678977198831,-0.4045362670659497,-0.002417609030956558,-0.46696301781611216,35.84603119002739,35.37906817221128,29.390293462617567,6.490494837913023,29.355536352114363
5.333999999999635,-0.7159808542980641,-0.39554473760984904,2.1316455901312135,-0.7135685731988101,-0.40033773946345197,-0.0024122810992540655,-0.4627607265141853,35.90489593320124,35.442135206687055,29.42479552935477,6.514483123406416,29.39041280979482
5.335999999999634,-0.7167676752909793,-0.3912736667663832,2.1394112020657587,-0.7143608200798282,-0.39612344050904275,-0.0024068552111511377,-0.4585389644924698,35.96312729740676,35.50458833291429,29.458920615527234,6.538214225313735,29.42491307209302
5.337999999999634,-0.7175459386672398,-0.3869871491085213,2.147092353709305,-0.7151446071525314,-0.39189353635161844,-0.002401331514708449,-0.45429788947190297,36.02072356322941,35.56642567375751,29.492667950436342,6.561687206990882,29.459036356238528
5.339999999999634,-0.7183156137023399,-0.3826853538606407,2.154688741823138,-0.7159199035400321,-0.3876481937503481,-0.0023957101623077737,-0.4500376601421463,36.0776830337296,35.627645373587455,29.526036775571562,6.584901141984473,29.492781891745125
5.341999999999634,-0.7190766700108273,-0.378368450850252,2.1622000665148624,-0.7166866787001683,-0.3833875800681276,-0.0023899913106589787,-0.44575843615712096,36.13400403438584,35.68824559822872,29.559026344516425,6.6078551140684665,29.526148920317375
5.3439999999996335,-0.719829077547502,-0.3740366105012942,2.16962603125024,-0.7174449024266983,-0.37911186326501006,-0.0023841751208036888,-0.4414603781300708,36.18968491303685,35.748224534906775,29.59163592285503,6.630548217280213,29.559136695756635
5.345999999999633,-0.7205728066086028,-0.3696900038274072,2.176966342864898,-0.7181945448504815,-0.3748212118916123,-0.0023782617581212806,-0.4371436476288326,36.24472403982385,35.80758039219502,29.62386478807832,6.652979555956313,29.59174448386754
5.347999999999633,-0.7213078278329799,-0.3653288024251797,2.184220711575904,-0.7189355764406465,-0.3705157950824985,-0.0023722513923333244,-0.4328084071710181,36.2991198071323,35.86631139996128,29.65571222949044,6.675148244767914,29.62397156236439
5.349999999999633,-0.7220341122032538,-0.36095317846737557,2.1913888509932016,-0.7196679680057456,-0.3661957825495395,-0.0023661441975081354,-0.4284548202189842,36.352870629533165,35.92441580931418,29.68717754811538,6.697053408755644,29.65581722077752
5.351999999999633,-0.7227516310469612,-0.35656330469613634,2.1984704781309206,-0.7203916906948962,-0.3618613445752506,-0.002359940352064993,-0.42408305117504597,36.405974943724054,35.98189189254901,29.7182600566035,6.71869418336415,29.687280760359904
5.353999999999632,-0.7234603560376863,-0.3521593544161644,2.205465313418544,-0.7211067159989084,-0.35751265200610527,-0.0023536400387779155,-0.41969326537630747,36.458431208469975,36.038737943093665,29.748959079138555,6.74006971447619,29.718361493993783
5.355999999999632,-0.7241602591961809,-0.3477415014878711,2.2123730807119584,-0.7218130157514001,-0.3531498762458272,-0.0023472434447807666,-0.4152856290898099,36.51023790454407,36.09495227545426,29.779273951344585,6.761179158446416,29.749058746097653
5.357999999999632,-0.7248513128914663,-0.3433099203205278,2.219193507304336,-0.7225105621298974,-0.3487731892486596,-0.0023407507615689216,-0.4108603095072527,36.56139353466777,36.15053322516052,29.80920402019338,6.7820216821345225,29.77937185253325
5.359999999999632,-0.7255334898419259,-0.338864785865371,2.225926323936913,-0.7231993276569226,-0.3443827635126123,-0.0023341621850032634,-0.4064174747399285,36.611896623451265,36.20547914871133,29.838748643911966,6.802596462938268,29.809300160512997
5.3619999999996315,-0.7262067631163815,-0.33440627360869773,2.232571264809618,-0.723879285201068,-0.33997877207268795,-0.002327477915313514,-0.4019572938134919,36.66174571733328,36.259788423519794,29.867907191890602,6.822902688825816,29.83884302850747
5.363999999999631,-0.7268711061351576,-0.3299345595649376,2.239128067591562,-0.7245504079780563,-0.3355613884940854,-0.002320698157101342,-0.3974799366629056,36.71093938452138,36.31345944785848,29.896679044590893,6.842939558367849,29.867999826153536
5.365999999999631,-0.7275264926711289,-0.3254498202697043,2.245596473431399,-0.725212669551787,-0.3311307868653825,-0.002313823119341918,-0.39298557412690727,36.75947621493154,36.36649064080463,29.92506359345456,6.862706280769156,29.896769934162382
5.367999999999631,-0.7281728968507573,-0.32095223277282614,2.251976226967542,-0.7258660438353703,-0.32668714179169756,-0.0023068530153869116,-0.38847437794292783,36.80735482012818,36.418880442185255,29.953060240812405,6.882202075899837,29.92515274422835
5.369999999999631,-0.7288102931551126,-0.3164419746313563,2.2582670763382455,-0.726510505092146,-0.32223062838782995,-0.002299788062966601,-0.3839465207416237,36.85457383326397,36.470627312522346,29.980668399793757,6.901426174326085,29.953147658937887
5.37199999999963,-0.7294386564208801,-0.31191922390256355,2.264468773191547,-0.7271460279366887,-0.3177614222713796,-0.002292628484191428,-0.37940217604150006,36.901131909019654,36.52172973297815,30.007887494236453,6.920377817340534,29.980754091679117
5.37399999999963,-0.7300579618413541,-0.30738415913690237,2.2705810726950757,-0.7277725873358004,-0.3132796995558472,-0.002285374505553661,-0.3748415182435305,36.947027723543854,36.572186205300326,30.034716958597304,6.939056256992207,30.00797146655165
5.37599999999963,-0.7306681849674168,-0.30283695937096433,2.276603733545711,-0.7283901586094879,-0.30878563684371296,-0.002278026357928953,-0.3702647226256217,36.99225997439322,36.6219952517676,30.061156237863038,6.957460756115987,30.034799218277236
5.37799999999963,-0.7312693017085039,-0.29827780412041294,2.282536517979113,-0.7289987174319269,-0.3042794112194959,-0.0022705842765770035,-0.3656719653372087,37.03682738047241,36.6711554151352,30.08720478746184,6.975590588361731,30.061236792110677
5.3799999999996295,-0.7318612883335565,-0.2937068733728857,2.288379191779117,-0.7295982398324125,-0.29976120024279446,-0.002263048501144005,-0.3610634233937071,37.08072868197422,36.71966525858051,30.112862073175542,6.99344503822291,30.08728364375131
5.381999999999629,-0.7324441214719556,-0.28912434758090444,2.2941315242869624,-0.7301887021962951,-0.29523118194130527,-0.0022554192756605307,-0.3564392746708267,37.12396264032013,36.7675233656493,30.138127571052397,7.011023401064831,30.112939239255297
5.383999999999629,-0.7330177781144471,-0.28453040765474086,2.299793288410411,-0.7307700812659027,-0.2906895348038255,-0.0022476968485444226,-0.3517996978991256,37.166528038100765,36.81472834020164,30.163000767320433,7.0283249831524195,30.13820305494835
5.385999999999629,-0.7335822356140491,-0.2799252349552771,2.30536426063271,-0.7313423541414492,-0.28613643777323383,-0.0022398814725999028,-0.34714487265831484,37.20842367901673,36.86127880635842,30.187481158301665,7.045349101677602,30.16307457733913
5.387999999999629,-0.7341374716869459,-0.27530901128684615,2.3108442210214157,-0.7319054982819281,-0.28157207023945474,-0.0022319734050177953,-0.34247497937157867,37.249648387819654,36.907173408448074,30.211568250326806,7.062095084786209,30.187553303033447
5.389999999999628,-0.734683464413368,-0.27068191889005405,2.316232953237074,-0.7324594915059929,-0.27699661203240306,-0.0022239729073750825,-0.3377901992999621,37.29020101025347,36.95241081095351,30.235261559651,7.078562271604485,30.211638738648986
5.391999999999628,-0.7352201922384575,-0.2660441404345859,2.321530244541765,-0.7330043119928227,-0.27241024341491027,-0.0022158802456347937,-0.3330907145365758,37.3300804129962,36.99698969845963,30.258560612369987,7.094750012265181,30.235330400731023
5.393999999999628,-0.7357476339731189,-0.26139585901199397,2.326735885807498,-0.7335399382829739,-0.26781314507563353,-0.0022076956901450062,-0.3283767080009248,37.3692854836017,37.040908775600776,30.28146494433748,7.110657667933097,30.258627815668603
5.395999999999628,-0.7362657687948557,-0.25673725812846965,2.3318496715244685,-0.7340663492792178,-0.2632054981219465,-0.002199419515637957,-0.32364836343308223,37.40781513044232,37.08416676700924,30.303974101082908,7.126284610830394,30.28153051961193
5.3979999999996275,-0.7367745762485923,-0.25206852169759897,2.336871399809174,-0.7345835242473634,-0.25858748407281323,-0.0021910520012289325,-0.31890586538796173,37.44566828265134,37.12676241726338,30.32608763773043,7.141630224261235,30.304038058390105
5.399999999999627,-0.7372740362474816,-0.2473898340331021,2.34180087241238,-0.7350914428170667,-0.2539592848516442,-0.0021825934304148253,-0.31414939922940976,37.48284389006623,37.16869449083682,30.347805118918544,7.156693902636149,30.32614998743008
5.401999999999627,-0.7377641290736978,-0.24270137984155954,2.3466378947269457,-0.735590084982625,-0.2493210827791355,-0.002174044091072802,-0.30937915112452363,37.519340923172216,37.20996177204769,30.369126118720924,7.171475051495876,30.34786587167634
5.403999999999627,-0.7382448353792158,-0.23800334421510952,2.351382275795518,-0.7360794311037572,-0.2446730605660919,-0.002165404275458638,-0.3045953080376401,37.55515837304659,37.25056306500895,30.390050220567737,7.185973087534912,30.369185285511676
5.405999999999627,-0.7387161361865735,-0.23329591262415683,2.356033828318053,-0.7365594619063697,-0.24001540130623303,-0.0021566742802038297,-0.299798057724564,37.59029525130284,37.290497193578275,30.41057701716842,7.200187438624331,30.39010781267851
5.407999999999626,-0.7391780128896221,-0.2285792709100404,2.3605923686592223,-0.7370301584833077,-0.23534828846898362,-0.0021478544063144867,-0.2949875887266429,37.6247505900361,37.32976300130946,30.43070611043511,7.214117543834469,30.41063304620163
5.409999999999626,-0.7396304472542603,-0.2238536052776988,2.3650577168556586,-0.7374915022950922,-0.23067190589224756,-0.0021389449591681098,-0.2901640903648317,37.658523441768615,37.36835935140378,30.450437111407226,7.22776285345697,30.430760588311642
5.411999999999626,-0.7400734214191538,-0.2191191022883196,2.3694296966230604,-0.7379434751706425,-0.2259864377751667,-0.002129946248511261,-0.2853277527337572,37.69161287939598,37.406285126662226,30.469769640177056,7.241122829026467,30.450490050369517
5.413999999999626,-0.7405069178964413,-0.21437594885197406,2.3737081353631537,-0.7383860593100507,-0.22129206970411597,-0.0021208585863905505,-0.28047876669590355,37.72401799613394,37.44353922943804,30.4887033258166,7.254196943341795,30.469821052792142
5.415999999999626,-0.740930919572424,-0.2096243322202383,2.3778928641705015,-0.7388192372876035,-0.21658898877634825,-0.002111682284820504,-0.27561730279708985,37.7557379054659,37.48012060266881,30.507237806327684,7.266984680486801,30.4887532249791
5.417999999999625,-0.7413454097082418,-0.20486443997880083,2.3819837178391774,-0.7392429920518712,-0.21187738213386706,-0.0021024176563706476,-0.27074350817672177,37.786771740881036,37.516028232704315,30.525372728595546,7.279485535855728,30.50728620502531
5.419999999999625,-0.7417503719405338,-0.20009646004005704,2.385980534869282,-0.7396573069258137,-0.20715743697124506,-0.0020930650147201746,-0.26585753585633476,37.81711865584616,37.551261119989825,30.54310774831057,7.291699016178987,30.52541963966717
5.421999999999625,-0.7421457902820846,-0.19532058063569094,2.389883157473323,-0.7400621656069093,-0.2024293405478106,-0.0020836246751753107,-0.2609595445431062,37.84677782409209,37.58581827954898,30.56044252989163,7.303624639541363,30.543153184550725
5.423999999999625,-0.7425316491224551,-0.19053699030924373,2.3936914315824422,-0.7404575521673075,-0.19769328019909016,-0.0020740969551475974,-0.2560496983378163,37.87574843954597,37.619698741208154,30.577376746411424,7.315261935399845,30.56048650414613
5.4259999999996245,-0.7429079332285986,-0.18574587790867342,2.397405206852497,-0.7408434510540024,-0.1929494433474406,-0.002064482174596205,-0.2511281664498932,37.90402971626445,37.65290154981456,30.593910079523397,7.326610444600992,30.57741927166346
5.427999999999624,-0.7432746277454636,-0.18094743257888846,2.4010243366700026,-0.7412198470890261,-0.1881980175118645,-0.0020547806564374937,-0.24619512292119727,37.9316208883686,37.6854257654474,30.61004221939079,7.337669719397974,30.593951168970626
5.429999999999624,-0.743631718196578,-0.17614184375429692,2.4045486781579086,-0.7415867254696601,-0.1834391903170152,-0.002044992726917938,-0.24125074635903299,37.958521209981306,37.71727046362227,30.625772864617236,7.348439323467217,30.610081886514088
5.431999999999624,-0.7439791904846224,-0.1713293011513171,2.4079780921812475,-0.741944071768663,-0.1786731495014088,-0.0020351187159594053,-0.23629521967849065,37.98472995516612,37.74843473548763,30.64110172217925,7.358918831924636,30.625811123241483
5.433999999999624,-0.7443170308919856,-0.16650999476089054,2.4113124433526263,-0.7422918719345126,-0.17390008292485884,-0.0020251589574730167,-0.2313287298541733,38.01024641786837,37.7789176880142,30.65602850736049,7.3691078313414815,30.641138586526893
5.435999999999623,-0.7446452260813071,-0.16168411484098164,2.4145516000375697,-0.742630112291663,-0.16912017857515282,-0.0020151137896441407,-0.22635146768135495,38.035069911857875,37.80871844417652,30.670552943687795,7.379005919759798,30.656063992098076
5.437999999999623,-0.7449637630960027,-0.15685185190906636,2.4176954343597186,-0.7429587795408109,-0.16433362457398953,-0.0020049835551917417,-0.22136362754620498,38.05919977067374,37.83783614312754,30.684674762869108,7.388612706707458,30.670587063966288
5.439999999999623,-0.7452726293607762,-0.15201339673461112,2.420743822205876,-0.7432778607591753,-0.15954060918219884,-0.0019947686016008603,-0.21636540720549102,38.082635347571,37.866269940365505,30.698393704732897,7.397927813212862,30.68470753435814
5.441999999999623,-0.7455718126821167,-0.14716894033154138,2.4236966432309104,-0.7435873434007839,-0.15474132080426362,-0.001984469281332779,-0.21135700757512088,38.10537601546874,37.89401900789362,30.71170951716966,7.406950871819112,30.698425143649633
5.4439999999996225,-0.7458613012487787,-0.14231867395070097,2.4265537808625033,-0.7438872152967683,-0.14993594799216528,-0.0019740859520104292,-0.2063386325277028,38.127421166900426,37.92108253437272,30.72462195607504,7.415681526597909,30.711739640302515
5.445999999999622,-0.7461410836322495,-0.13746278907230158,2.4293151223057534,-0.7441774646556654,-0.14512467944857604,-0.001963618976584147,-0.20131048869897528,38.148770213965726,37.947459725266754,30.737130785294568,7.424119433162995,30.724650780802733
5.447999999999622,-0.7464111487871993,-0.13260147739836636,2.431980558547627,-0.7444580800637242,-0.14030770402941828,-0.0019530687234751154,-0.19627278530258807,38.169422588283965,37.973149802981375,30.749235776570416,7.432264258683091,30.73715832960087
5.449999999999622,-0.7466714860519187,-0.1277349308451508,2.4345499843612686,-0.7447290504852158,-0.13548521074581435,-0.001942435566702927,-0.19122573395355613,38.18937774094959,37.99815200699603,30.76093670948972,7.440115681894594,30.749262059054995
5.451999999999622,-0.7469220851487379,-0.12286334153558272,2.4370232983101445,-0.7449903652627466,-0.13065738876544863,-0.0019317198859912788,-0.18616954849980022,38.20863514248903,38.02246559398923,30.772233371434698,7.44767339311374,30.76096174937529
5.453999999999621,-0.7471629361844339,-0.11798690179166654,2.439400402752056,-0.7452420141175734,-0.12582442741336403,-0.0019209220668604532,-0.18110444486180044,38.2271942828193,38.046089837957496,30.783125557534422,7.454937094248371,30.772257188570926
5.455999999999621,-0.7473940296506199,-0.11310580412689358,2.441681203842989,-0.7454839871499178,-0.120986516172215,-0.001910042500702036,-0.17603064087988063,38.24505467120809,38.06902403032821,30.793613070618527,7.4619064988092525,30.783148172398835
5.457999999999621,-0.7476153564241218,-0.10822024123864182,2.443865611540822,-0.7457162748392818,-0.11614384468199974,-0.001899081584839979,-0.17094835616933396,38.26221583623577,38.091267480066435,30.803695721172495,7.4685813319210705,30.793634504314696
5.459999999999621,-0.7478269077673374,-0.10333040600056873,2.44595353960888,-0.7459388680447604,-0.11129660273929247,-0.0018880397225770063,-0.16585781198249522,38.27867732575874,38.112819513776245,30.813373327294588,7.474961330332933,30.80371599542581
5.4619999999996205,-0.7480286753285821,-0.0984364914549967,2.4479449056193374,-0.7461517580053524,-0.10644498029599753,-0.0018769173232296987,-0.160759231078422,38.29443870687417,38.133679475795745,30.822645714654783,7.481046242428367,30.8133924644458
5.46399999999962,-0.7482206511424179,-0.09353869080529231,2.449839630956474,-0.7463549363402677,-0.10158916745764704,-0.0018657148021501424,-0.15565283759899295,38.30949956588666,38.15384672828767,30.831512716455165,7.486835828235064,30.822663737651595
5.46599999999962,-0.7484028276299685,-0.08863719740823882,2.451637640819778,-0.7465483950492302,-0.09672935448126248,-0.0018544325807382522,-0.15053885695198194,38.32385950827616,38.173320651324175,30.83997417339223,7.492329859434032,30.831529648842128
5.46799999999962,-0.7485751975992179,-0.08373220476640285,2.453338864226898,-0.7467321265127758,-0.09186573177280005,-0.0018430710864421052,-0.14541751570033956,38.33751815866749,38.192100642967155,30.84802993362076,7.497528119368439,30.839990039299053
5.46999999999962,-0.7487377542452951,-0.07882390652049519,2.4549432340164477,-0.7469061234925441,-0.08699848988420171,-0.0018316307527509457,-0.14028904145776927,38.35047516080119,38.21018611934342,30.855679852719604,7.502430403051899,30.848044757749292
5.471999999999619,-0.7488904911507418,-0.07391249644172902,2.4564506868506535,-0.7470703791315643,-0.0821278195100685,-0.0018201120191775333,-0.13515366279007623,38.3627301775061,38.22757651471603,30.86292379365896,7.507036517176461,30.855693660329642
5.473999999999619,-0.7490334022857668,-0.06899816842415904,2.457861163217861,-0.7472248869545323,-0.07725391148397871,-0.0018085153312344948,-0.13001160912230914,38.374282890673115,38.24427128155081,30.869761626769606,7.511346280120002,30.86293661055311
5.475999999999619,-0.749166482008483,-0.06408111647704345,2.4591746074348766,-0.7473696408680812,-0.07237695677446654,-0.0017968411404017948,-0.12486311065144501,38.385133001230564,38.26026989057912,30.87619322971364,7.515359521953341,30.86977347927722
5.477999999999619,-0.7492897250651309,-0.059161534717173794,2.460390967649172,-0.7475046351610426,-0.06749714648068084,-0.0017850899040883217,-0.1197083982640848,38.39528022912089,38.275571830856805,30.882218487457177,7.519076084446788,30.8762041446741
5.4799999999996185,-0.7494031265902856,-0.054239617361214285,2.461510195840929,-0.747629864504698,-0.06261467182774125,-0.0017732620855875902,-0.1145477034592754,38.40472431327886,38.29017660981959,30.887837292244456,7.522495821076309,30.882228492202554
5.481999999999618,-0.7495066821070491,-0.04931555871803445,2.4625322478249347,-0.7477453239530216,-0.05772972416180791,-0.0017613581540274481,-0.10938125827607059,38.41346501161098,38.30408375333491,30.893049543574026,7.525618597029217,30.887846414581762
5.483999999999618,-0.7496003875272268,-0.04438955318103818,2.463457083252327,-0.7478510089429113,-0.05284249494488299,-0.001749378584315453,-0.10420929522564015,38.42150210097655,38.31729280575091,30.897855148176312,7.528444289209466,30.893057811767083
5.485999999999618,-0.7496842391514893,-0.039461795220489426,2.4642846656121864,-0.74794691529441,-0.04795317574935761,-0.0017373238570792537,-0.09903204722771908,38.428835377169776,38.32980332994206,30.902254019993176,7.530972786242429,30.897862590927346
5.487999999999618,-0.749758233669518,-0.034532479375834785,2.465014962232979,-0.7480330392109147,-0.04306195825232137,-0.0017251944586033074,-0.09384974755113362,38.43546465490361,38.34161490735248,30.906246080159068,7.5332039884792845,30.90226066642433
5.489999999999617,-0.749822368160136,-0.029601800248023453,2.465647944283844,-0.748109377279374,-0.038169034229648485,-0.0017129908807620442,-0.08866262975831107,38.441389767794696,38.352727138036386,30.90983125698376,7.535137808000939,30.906251959793757
5.491999999999617,-0.7498766400914234,-0.02466995249182473,2.4661835867757347,-0.7481759264704737,-0.03327459554987457,-0.001700713620949701,-0.08347092765340874,38.446610568349485,38.363139640696076,30.913009485937167,7.536774168621424,30.909836399728057
5.493999999999617,-0.7499210473208174,-0.019737130808143356,2.4666218685624015,-0.7482326841388095,-0.028378834167878224,-0.0016883631820079348,-0.07827487523412158,38.45112692795229,38.372852052718166,30.91578070963548,7.538113005891024,30.913013922061268
5.495999999999617,-0.7499555880951966,-0.01480352993633585,2.466962772341231,-0.7482796480230463,-0.023481942118380252,-0.0016759400721503281,-0.07307470664656823,38.45493873685395,38.38186403020738,30.918144877829327,7.539154267098706,30.915784469755238
5.4979999999996165,-0.7499802610509503,-0.009869344646511369,2.4672062846539253,-0.7483168162460648,-0.01858411150927332,-0.00166344480488545,-0.0678706561434283,38.45804590416236,38.390175248018934,30.920101947393434,7.539897911274326,30.918147992888034
5.499999999999616,-0.7499950652140324,-0.004934769731859268,2.467352395887035,-0.7483441873150944,-0.01368553451479356,-0.0016508778989379191,-0.06266295804522554,38.46044835783397,38.397785399788745,30.921651882318148,7.540343909190223,30.920104448643748
5.501999999999616,-0.75,-9.47834093499918e-13,2.4674011002723395,-0.7483617601218315,-0.008786403368546431,-0.0016382398781684682,-0.05745184670419656,38.46214604466678,38.404694197962584,30.922794653702528,7.5404922433624,30.92165380130438
5.503999999999616,-0.7499950652140361,0.004934769729963638,2.4673523958870724,-0.7483695339425444,-0.0038869103563972107,-0.0016255312714917869,-0.05223755647071998,38.46313893029439,38.41090137382367,30.92353023974939,7.540342908051297,30.922796022243094
5.505999999999616,-0.7499802610509578,0.00986934464461585,2.467206284654,-0.7483675084381628,0.0010127521907633127,-0.001612752612795032,-0.04702032166243453,38.463426999181806,38.41640667751937,30.923858625761746,7.539895909262076,30.923531089919727
5.507999999999615,-0.7499555880952079,0.014803529934440517,2.466962772341343,-0.748355683654354,0.0059123919043674745,-0.0015999044408538943,-0.04180037653547691,38.46301025462188,38.4212098780864,30.923779804141198,7.539151264744358,30.92385898987752
5.509999999999615,-0.7499210473208326,0.01973713080625108,2.466621868562551,-0.7483340600215828,0.010811816385624463,-0.0015869872992498868,-0.036577955258055184,38.461888718733576,38.42531076347552,30.923293774387993,7.538109003991679,30.923779714741894
5.511999999999615,-0.7498766400914424,0.024669952489932784,2.466183586775921,-0.7483026383551566,0.015710833213070926,-0.0015740017362857461,-0.031353291885760304,38.46006243246125,38.42870914057549,30.92240054310264,7.536769168240351,30.9232932642209
5.513999999999615,-0.7498223681601587,0.029601800246131918,2.4656479442840684,-0.7482614198552562,0.020609249950208058,-0.0015609483049024986,-0.026126620339187112,38.45753145557513,38.431404835235945,30.921100123989433,7.535131810467886,30.92239964510724
5.5159999999996145,-0.7497582336695445,0.03453247937394373,2.4650149622332402,-0.7482104061069498,0.025506874153218978,-0.0015478275625947502,-0.020898174382955548,38.45429586667328,38.43339769229032,30.919392537861512,7.533196995391011,30.921098871282265
5.517999999999614,-0.7496842391515196,0.03946179521859894,2.4642846656124853,-0.7481495990801923,0.030403513378757345,-0.001534640071327309,-0.015668187606366346,38.4503557631845,38.43468757557813,30.917277812647757,7.530964799463142,30.919390963721355
5.519999999999614,-0.7496003875272609,0.04438955317914555,2.4634570832526634,-0.7480790011298087,0.0352989751918002,-0.0015213863974521402,-0.010436893405952885,38.4457112613729,38.43527436796695,30.914755983401236,7.528435310871511,30.917275950501388
5.521999999999614,-0.7495066821070869,0.04931555871614252,2.4625322478253087,-0.7479986149954616,0.04019306717355903,-0.001508067111625322,-0.005204524968791424,38.440362496343184,38.435157971374394,30.91182709230942,7.525608629533682,30.914753866809505
5.523999999999614,-0.7494031265903273,0.054239617359323145,2.46151019584134,-0.7479084438012821,0.045085597089745716,-0.0014946827890451875,2.868474215156347e-05,38.43430962204758,38.43433830678973,30.9084911887061,7.522484867093748,30.911824754953827
5.525999999999613,-0.7492897250651763,0.059161534715283515,2.4603909676496207,-0.7478084910570612,0.04997637211045191,-0.0014812340081151731,0.005262499731905623,38.42755281129376,38.432815311025664,30.90474832908332,7.5190641469179615,30.9084886643758
5.527999999999613,-0.7491664820085322,0.0640811164751541,2.4591746074353624,-0.747698760656419,0.05486520032106621,-0.0014677213521131494,0.01049669699983502,38.4200922557343,38.43058895273414,30.90059857711313,7.515346604088198,30.904745651646103
5.529999999999613,-0.7490334022858198,0.0689981684222707,2.457861163218384,-0.7475792568776481,0.05975188938546217,-0.001454145408171681,0.015731036143934007,38.411928165970856,38.42765920211479,30.896042003655197,7.511332385403643,30.900595780567212
5.531999999999613,-0.7488904911507986,0.07391249643984177,2.456450686851214,-0.7474499843835258,0.06463624706113055,-0.001440506767272809,0.020965286457492627,38.40306077139499,38.42402605785248,30.891078686780524,7.507021649365399,30.896039122029595
5.533999999999613,-0.7487377542453556,0.07882390651861187,2.4549432340170445,-0.7473109482211545,0.06951808118564713,-0.0014268060242010883,0.026199216783672763,38.393490320345066,38.41968953712874,30.88570871179126,7.502414566175522,30.89107575416954
5.535999999999612,-0.7485751975992821,0.08373220476452076,2.453338864227532,-0.7471621538218035,0.07439719967552373,-0.0014130437774786397,0.03143259595194542,38.3832170800705,38.41464967602245,30.87993217124237,7.497511317729981,30.88570576234052
5.537999999999612,-0.7484028276300365,0.08863719740635803,2.451637640820449,-0.7470036070007424,0.0792734105305531,-0.0013992206292940956,0.0366651929700848,38.372241336748225,38.40890652971831,30.873749164965147,7.49231209761131,30.879929239136917
5.539999999999612,-0.7482206511424897,0.0935386908034129,2.4498396309571824,-0.7468353139570615,0.08414652184046563,-0.0013853371854282148,0.0418967771077397,38.36056339549981,38.40246017260755,30.867159800092338,7.486817111081063,30.87374628441875
5.541999999999612,-0.7480286753286576,0.09843649145311877,2.447944905620083,-0.7466572812734764,0.0890163417925279,-0.0013713940551811632,0.0471271179338445,38.34818358040921,38.39531069834306,30.860164191084856,7.481026575071711,30.867157005337504
5.5439999999996115,-0.7478269077674169,0.10333040599868952,2.4459535396096634,-0.7464695159161174,0.0938826786795165,-0.001357391851299461,0.05235598533513658,38.335102234541445,38.387458219876585,30.85276245976035,7.474940718178166,30.860161516363277
5.545999999999611,-0.747615356424205,0.10822024123676424,2.443865611541643,-0.7462720252343018,0.09874534090783663,-0.001343331189903152,0.057583149527449806,38.321319719962645,38.3789028694901,30.844954735323057,7.4685597806488495,30.852759939313792
5.547999999999611,-0.7473940296507068,0.11310580412501767,2.4416812038438467,-0.7460648169602904,0.1036041370056926,-0.0013292126904164148,0.06280838106262565,38.306836417760906,38.36964479882353,30.836741154395618,7.461884014376245,30.844952403384664
5.549999999999611,-0.7471629361845245,0.11798690178979239,2.4394004027529506,-0.7458478992090278,0.10845887563127346,-0.0013150369754966196,0.06803145083517897,38.29165272806853,38.359684178903706,30.828121861052054,7.454913682887066,30.83673904518146
5.551999999999611,-0.7469220851488323,0.12286334153371038,2.4370232983110762,-0.7456212804778659,0.11330936558093838,-0.0013008046709663823,0.07325213008784609,38.275769070084934,38.34902120017278,30.819097006852815,7.4476490613318935,30.82812000875304
5.55399999999961,-0.7466714860520167,0.12773493084328036,2.434549984362237,-0.7453849696462711,0.11815541579739422,-0.001286516405745619,0.07847019041667791,38.25918588210129,38.33765607251797,30.80966675088104,7.440090436474412,30.81909544562688
5.55599999999961,-0.7464111487873012,0.1326014773964979,2.4319805585486325,-0.7451389759755154,0.1229968353778624,-0.001272172811785821,0.08368540377605538,38.24190362152577,38.32558902530183,30.799831259780504,7.43223810668014,30.809665514845634
5.55799999999961,-0.746141083632355,0.13746278907043794,2.429315122306794,-0.7448833091083509,0.12783343358223162,-0.0012577745240041072,0.08889754248358805,38.223922764910036,38.31282030739362,30.789590707795057,7.424092381904742,30.799830383005293
5.55999999999961,-0.7458613012488879,0.14231867394883943,2.4265537808635806,-0.7446179790686684,0.13266501984119652,-0.0012433221802194971,0.09410637922474319,38.205243807976814,38.299350187201554,30.778945276809807,7.4156535836818085,30.789590224295004
5.5619999999996095,-0.7455718126822296,0.14716894032968203,2.4236966432320246,-0.7443429962611396,0.13749140376437885,-0.0012288164210899621,0.09931168705747784,38.18586726564863,38.28517895270611,30.76789515639341,7.406922045110327,30.778945220538308
5.563999999999609,-0.7452726293608929,0.15201339673275402,2.4207438222070268,-0.7440583714708427,0.14231239514843091,-0.001214257890050141,0.10451323941685409,38.165793672077314,38.27030691149417,30.75644054384237,7.397898110841469,30.767895561235846
5.565999999999609,-0.7449637630961231,0.15685185190720888,2.417695434360908,-0.7437641158628725,0.14712780398512015,-0.0011996472332506114,0.10971081011948713,38.1450235806749,38.25473439079439,30.744581644226415,7.388582137065154,30.756441443609745
5.567999999999609,-0.7446452260814314,0.16168411483912656,2.414551600038796,-0.7434602409819338,0.15193744046939323,-0.0011849850994976041,0.11490417336835701,38.12355756414525,38.23846173751361,30.73231867043564,7.378974491495975,30.744583072649277
5.569999999999609,-0.7443170308921137,0.16650999475903797,2.411312443353889,-0.7431467587519189,0.15674111500741927,-0.001170272140194717,0.12009310375691473,38.10139621451689,38.221489318273804,30.719651843228963,7.369075553358784,30.732320661158106
5.571999999999608,-0.743979190484754,0.17132930114946707,2.407978092182547,-0.7428236814754697,0.16153863822461084,-0.0011555090092842946,0.1252773762739373,38.0785401431768,38.20381751945074,30.706581391284026,7.358885713373778,30.719654429803022
5.573999999999608,-0.7436317181967134,0.1761418437524495,2.404548678159244,-0.7424910218335224,0.1663298209736222,-0.0011406963631909184,0.13045676630804692,38.054989980905034,38.18544674721308,30.693107551248687,7.348405373741075,30.706584607163958
5.575999999999608,-0.7432746277456026,0.1809474325770438,2.401024336671375,-0.7421487928848378,0.17111447434232388,-0.001125834860764785,0.13563104965240103,38.03074637791063,38.166377427563035,30.679230567793773,7.337634948124974,30.69311142978566
5.577999999999608,-0.7429079332287414,0.18574587790683153,2.3974052068539056,-0.7417970080655143,0.1758924096617541,-0.0011109251632270833,0.14080000250944025,38.005810003868156,38.1466100063776,30.66495069366735,7.326574861637605,30.679235142230553
5.5799999999996075,-0.7425316491226013,0.19053699030740742,2.393691431583885,-0.7414356811884862,0.18066343851404348,-0.0010959679341150386,0.1459634014956701,37.980181547955425,38.126144949451096,30.65026818975018,7.315225550822253,30.664955997133173
5.581999999999607,-0.7421457902822345,0.19532058063385754,2.389883157474802,-0.7410648264430056,0.18542737274031706,-0.0010809638392288434,0.15112102364663205,37.953861718891886,38.10498274253852,30.635183325112862,7.303587463636109,30.65027425525578
5.583999999999607,-0.7417503719406873,0.20009646003822665,2.385980534870797,-0.7406844583941085,0.1901840244485689,-0.0010659135465788117,0.1562726464218661,37.92685124497828,38.08312389140015,30.619696377074092,7.291661059432702,30.635190185545582
5.585999999999607,-0.7413454097083989,0.20486443997697343,2.3819837178407286,-0.7402945919820655,0.19493320602151168,-0.0010508177263334195,0.1614180477100008,37.899150874136865,38.060568921846865,30.60380763126028,7.2794468089437645,30.619704065193098
5.587999999999607,-0.7409309195725848,0.2096243322184141,2.3778928641720887,-0.7398952425218167,0.19967473012439957,-0.0010356770507681246,0.16655700583417865,37.870761373952625,38.037318379786804,30.58751738166662,7.266945194260716,30.60381617969191
5.589999999999606,-0.7405069178966059,0.21437594885015038,2.373708135364779,-0.7394864257023911,0.20440840971282548,-0.0010204921942148504,0.1716892995571695,37.84168353171547,38.01337283127264,30.570825930719206,7.25415670881567,30.587526822899797
5.591999999999606,-0.7400734214193222,0.2191191022864992,2.369429696624722,-0.7390681575863101,0.2091340580404906,-0.0010052638330121377,0.1768147080872534,37.81191815446295,37.98873286255021,30.553733589338727,7.241081857361988,30.570836297100964
5.593999999999606,-0.7396304472544323,0.22385360527588175,2.365057716857356,-0.7386404546089762,0.21385148866694828,-0.0009899926454560726,0.18193301108337945,37.781466069024205,37.963399080107585,30.536240677005207,7.227721155954391,30.553744913069814
5.595999999999606,-0.7391780128897978,0.2285792709082268,2.3605923686609556,-0.7382033335780456,0.21856051546532002,-0.0009746793117522135,0.18704398866125405,37.75032812206441,37.93737211072566,30.51834752182395,7.214075131928683,30.53625299013573
5.5979999999996055,-0.7387161361867528,0.23329591262234675,2.356033828319822,-0.737756811672478,0.2232609527837972,-0.0009593245142748286,0.1921474213990887,37.71850518013001,37.9106526015291,30.500054460592942,7.200144323880872,30.51836085624914
5.599999999999605,-0.7382448353793987,0.23800334421330296,2.351382275797323,-0.7373009064430837,0.22795261469713451,-0.0009439289363150083,0.1972430872059766,37.68599812969495,37.88324121690093,30.48136183886958,7.18592928164605,30.5000688480489
5.601999999999605,-0.7377641290738842,0.24270137983975665,2.346637894728786,-0.7368356358101714,0.23263531645609545,-0.000928493263712804,0.2023307766923299,37.65280787712676,37.85513865381909,30.462270011046613,7.171430566275,30.481377310851762
5.603999999999605,-0.7372740362476714,0.2473898340313056,2.3418008724142534,-0.7363610180637614,0.2373088732050138,-0.000913018183909986,0.2074102640042058,37.61893534912653,37.826345613130734,30.44277934041387,7.1566487500185545,30.462286599107976
5.605999999999605,-0.7367745762487856,0.25206852169580624,2.336871399811083,-0.7358770718628104,0.2419731004755209,-0.0008975043859752452,0.21248133281100923,37.58438149203688,37.79686282484789,30.422890199235127,7.141584416296048,30.442797075740835
5.607999999999604,-0.7362657687950527,0.25673725812668075,2.3318496715264128,-0.7353838162344635,0.24662781417344667,-0.0008819525605892053,0.21754376657473595,37.54914727254605,37.766691039120786,30.402602968820688,7.126238159677211,30.422909112868837
5.609999999999604,-0.7357476339733194,0.261395859010209,2.3267358858094767,-0.7348812705733087,0.2512728305774164,-0.0008663634000107834,0.2225973489640537,37.51323367749273,37.73583102645678,30.381918039601167,7.110610585858266,30.40262309163446
5.611999999999604,-0.7352201922386616,0.266044140432805,2.321530244543779,-0.7343694546406233,0.25590796634268015,-0.0008507375980383314,0.22764186403717468,37.47664171392728,37.70428357796445,30.36083581120259,7.094702311637924,30.381939402289355
5.613999999999604,-0.7346834644135759,0.27068191888827453,2.3162329532391266,-0.733848388563609,0.2605330385071251,-0.0008350758499668931,0.23267709632136868,37.43937240916692,37.67204950548829,30.339356692522415,7.078513964893017,30.3608584442739
5.6159999999996035,-0.7341374716871574,0.27530901128507074,2.310844221023503,-0.7333180928346127,0.26514786449815825,-0.0008193788525446832,0.23770283084924015,37.401426810848626,37.63912964169786,30.31748110180667,7.062046184553635,30.33938062629499
5.617999999999603,-0.7335822356142642,0.2799252349535059,2.305364260634833,-0.7327785883103328,0.26975226213991804,-0.000803647303931343,0.24271885317665776,37.36280598698185,37.6055248401585,30.29520946672813,7.045299620578028,30.31750636640382
5.619999999999603,-0.7330177781146657,0.28453040765297394,2.2997932884125682,-0.7322298962110116,0.27434604966059706,-0.0007878819036540863,0.2477249493945366,37.32351102600136,37.5712359753959,30.272542224465155,7.02827493392697,30.29523609207439
5.621999999999603,-0.7324441214721777,0.2891243475791419,2.2941315242891545,-0.731672038119612,0.2789290456997894,-0.0007720833525657333,0.2527209061376767,37.283543036820035,37.53626394295771,30.249479821781883,7.010972796537591,30.27257024028244
5.623999999999603,-0.7318612883337821,0.2937068733711276,2.288379191781344,-0.7311050359809803,0.2835010693158306,-0.0007562523528017451,0.2577065105927556,37.24290314888269,37.500609659475444,30.226022715108954,6.993393891297013,30.249509257585675
5.625999999999602,-0.731269301708733,0.29827780411865934,2.2825365179813746,-0.7305289121009941,0.28806193999311697,-0.0007403896077389227,0.2626815505060265,37.20159251221989,37.46427406272591,30.202171370625305,6.97553891201534,30.22605360020455
5.627999999999602,-0.7306681849676491,0.30283695936921784,2.276603733548004,-0.7299436891456953,0.2926114776494,-0.0007244958219537745,0.26764581419102984,37.159612297502406,37.42725811169343,30.17792626434072,6.957408563398321,30.20220373410409
5.629999999999602,-0.7300579618415899,0.3073841591351605,2.2705810726974027,-0.7293493901404092,0.2971495026430546,-0.0007085717011806603,0.27259909053629183,37.11696369609596,37.38956278663225,30.153287882179175,6.939003561019562,30.177960135076397
5.631999999999602,-0.7294386564211194,0.3119192239008263,2.2644687731939093,-0.7287460384688486,0.30167583578032076,-0.0006926179522708242,0.2775411690134033,37.073647920116386,37.35118908912979,30.12825672006316,6.9203246312922815,30.153323288824105
5.6339999999996015,-0.7288102931553553,0.3164419746296239,2.2582670763406414,-0.7281336578722035,0.3061902983225189,-0.0006766352831517608,0.2824718396847181,37.02966620248535,37.31213804217007,30.102833283998397,6.901372511440735,30.128293691044618
5.635999999999601,-0.7281728968510035,0.3209522327710985,2.251976226969972,-0.727512272448217,0.31069271199323867,-0.0006606244027864694,0.2873908932115965,36.98501979698589,37.27241069019748,30.077018090159715,6.882147949471024,30.102871847514866
5.637999999999601,-0.7275264926713789,0.3254498202679791,2.2455964734338667,-0.726881906650246,0.3151828989855016,-0.0006445860211329313,0.2922981208624309,36.93970997831898,37.232008099181414,30.05081166497723,6.862651704141725,30.077058274177254
5.639999999999601,-0.7268711061354111,0.3299345595632173,2.2391280675940637,-0.7262425852863081,0.3196606819688988,-0.0006285208491029204,0.29719331452130016,36.89373804215959,37.19093135668089,30.024214545223472,6.84288454493383,30.05085349722576
5.641999999999601,-0.7262067631166386,0.33440627360698244,2.2325712648121536,-0.7255943335181148,0.3241258840967016,-0.0006124295985238115,0.30207626669558785,36.84710530521369,37.149181571909274,29.997227278101064,6.822847252020521,30.024258053193165
5.6439999999996004,-0.7255334898421861,0.33886478586366087,2.2259263239394826,-0.7249371768600888,0.32857832901294776,-0.0005963129820972801,0.3069467705249096,36.79981310527494,37.10675987579985,29.969850421330968,6.8025406162363256,29.997272489038615
5.6459999999996,-0.72485131289173,0.34330992031882285,2.2191935073069393,-0.7242711411783699,0.33301784085950115,-0.0005801717133601114,0.3118046197892732,36.75186280128197,37.063667421071244,29.94208454324135,6.781965439045943,29.969897362236033
5.6479999999996,-0.7241602591964481,0.34774150148617133,2.2123730807145954,-0.7235962526898037,0.3374442442830879,-0.0005640065066444544,0.3166496089177584,36.703255773375545,37.0199053822933,29.91393022285698,6.761122532512667,29.94213324086288
5.6499999999996,-0.7234603560379569,0.35215935441447,2.205465313421214,-0.722912537960919,0.34185736444230513,-0.0005478180770378538,0.32148153299699556,36.653993422955914,36.97547495595291,29.88538804998911,6.740012719266276,29.91398070368964
5.6519999999996,-0.7227516310472347,0.3565633046944498,2.1984704781336206,-0.7222200239068898,0.3462570270146056,-0.0005316071403449474,0.32630018777975556,36.60407717274028,36.93037736052004,29.856458625326113,6.718636832470652,29.88544034026963
5.653999999999599,-0.7220341122035306,0.3609531784656944,2.1913888509959345,-0.7215187377904833,0.35064305820325775,-0.000515374413047387,0.3311053696936028,36.553508466820645,36.88461383651425,29.827142560523985,6.6969957157909334,29.856512751029708
5.655999999999599,-0.7213078278332601,0.3653288024235041,2.18422071157867,-0.7208087072209947,0.35501528474427957,-0.0004991206122654246,0.3358968758495606,36.502288770720995,36.83818564657056,29.797440478298036,6.675090223360154,29.827198547360837
5.657999999999599,-0.7205728066088865,0.3696900038257371,2.176966342867697,-0.720089960153168,0.3593735339133476,-0.0004828464557184997,0.3406745040507919,36.45041957145533,36.791094075506116,29.767353012514242,6.652921219745662,29.797498351709663
5.659999999999599,-0.7198290775477889,0.3740366104996298,2.1696260312530717,-0.7193625248861026,0.3637176335326813,-0.0004665526616862703,0.34543805280145223,36.39790237758489,36.74334043038635,29.73688080828151,6.630489579914912,29.767412797669976
5.6619999999995985,-0.719076670011118,0.3783684508485908,2.1622000665177312,-0.7186264300621469,0.3680474119779025,-0.0004502399489710873,0.3501873213151241,36.34473871927603,36.694926040591156,29.706024522043982,6.607796189201047,29.736942530074984
5.663999999999598,-0.718315613702634,0.3826853538589853,2.1546887418260403,-0.7178817046654863,0.3723626983303212,-0.0004339090371476839,0.3549221095242372,36.29093014835748,36.64585225788172,29.674784821673672,6.584841943267903,29.70608820508958
5.665999999999598,-0.7175459386675371,0.3869871491068717,2.1470923537122393,-0.7171283780221489,0.3766633216687054,-0.00041756064538822635,0.35964221512084116,36.23647823837778,36.59612045349862,29.643162386562018,6.5616277480747245,29.674850490303054
5.667999999999598,-0.7167676752912799,0.3912736667647395,2.1394112020687257,-0.7163664797972702,0.38094911243935764,-0.00040119549400974286,0.3643474480944753,36.181384584537625,36.5457320326321,29.61115790771872,6.538154519839004,29.643230064698624
5.669999999999598,-0.7159808542983681,0.3955447376082113,2.131645590134213,-0.7155960399947837,0.38521990124323546,-0.00038481430358439095,0.36903760315749046,36.12565080435669,36.494688407514175,29.578772087857,6.514423185005866,29.61122761935082
5.671999999999597,-0.7151855067511469,0.3998001930227234,2.123795824481763,-0.7148170889561795,0.3894755193021425,-0.000368417794967435,0.37371248431712356,36.06927853657524,36.442991020892364,29.546005641491533,6.490434680203839,29.5788438563714
5.673999999999597,-0.7143816640485758,0.4040398650101825,2.115862215006684,-0.7140296573592875,0.39371579844600985,-0.00035200668928836443,0.3783718956815241,36.012269442238846,36.39064133792037,29.512859295031866,6.466189952212024,29.54607949002682
5.675999999999597,-0.7135693579249882,0.4082635861955981,2.1078450749142927,-0.7132337762170652,0.39794057111112663,-0.0003355817079230272,0.3830156418516173,35.95462520436746,36.337640846219074,29.479333786875834,6.4416899579224784,29.51293524644498
5.677999999999597,-0.7127486204488391,0.4124711898336899,2.0997447207075526,-0.7124294768763786,0.402149670343324,-0.00031914357246054514,0.3876435280964763,35.89634752802942,36.2839910561259,29.44542986750347,6.416935664302239,29.479411863727186
5.6799999999995965,-0.7119194840214388,0.4166625098154709,2.091561472174578,-0.7116167910167721,0.40634292980322384,-0.0003026930046666765,0.3922553604308987,35.83743814040444,36.22969350083534,29.41114829957072,6.391928048355205,29.445510092049233
5.681999999999596,-0.7110819813756735,0.4208373806748049,2.083295652376009,-0.7107957506492275,0.4105201837723102,-0.0002862307264459574,0.39685094565135026,35.77789879084143,36.17474973649278,29.37648985800321,6.3666680970835525,29.411230693757872
5.683999999999596,-0.7102361455747142,0.4249956375949365,2.074947587632262,-0.7099663881149089,0.4146812671593126,-0.00026975745980528654,0.40143009135519825,35.7177312509144,36.11916134226959,29.341455330090234,6.3411568074487805,29.376574443465614
5.685999999999596,-0.7093820100107091,0.4291371164150073,2.0665176075106304,-0.7091287360838955,0.41882601550669224,-0.00025327392681362415,0.40599260595384545,35.656937314477574,36.06292992043142,29.30604551557829,6.315395186332395,29.34154212814518
5.687999999999596,-0.7085196084034682,0.4332616536365224,2.058006044812299,-0.7082828275539012,0.42295426499715233,-0.00023678084956701984,0.41053829868206604,35.5955187977194,36.00605709640146,29.27026122676473,6.289384250496221,29.306134547223177
5.689999999999595,-0.7076489747991302,0.4373690864298148,2.049413235559189,-0.7074286958489808,0.4270658524601377,-0.00022027895014942178,0.4150669796074302,35.53347753921616,35.94854451882359,29.234103288591307,6.263125026542258,29.2703525126739
5.691999999999595,-0.7067701435688193,0.44145925264047076,2.040739518980697,-0.7065663746182242,0.43116061537831535,-0.0002037689505950402,0.41957845963896956,35.47081539998504,35.89039385962401,29.197572538737415,6.23661855087222,29.23419684911282
5.693999999999595,-0.7058831494072874,0.44553199079573186,2.0319852375003014,-0.7056958978344362,0.43523839189402913,-0.0001872515728511548,0.4240725505357079,35.40753426353659,35.831606814072295,29.160669827713075,6.209865869646641,29.19766839388995
5.695999999999595,-0.7049880273315453,0.4495871401108692,2.023150736722045,-0.7048172997928047,0.4392990208157274,-0.00017072753874058932,0.42854906491498035,35.343636035926366,35.77218510084135,29.123396018951944,6.182868038743574,29.160767997182795
5.6979999999995945,-0.7040848126794799,0.45362454049553147,2.0142363654168918,-0.703930615109556,0.4433423416243637,-0.00015419756992385292,0.4330078162610518,35.279122645806495,35.71213046206755,29.085751988903766,6.155626123717027,29.123496522089468
5.699999999999594,-0.7031735411084591,0.45764403256006464,2.005242475508957,-0.7030358787205965,0.4473681944797697,-0.00013766238786261376,0.4374486189334037,35.21399604447595,35.65144466340935,29.047738627126595,6.1281411997548565,29.085854844721094
5.701999999999594,-0.7022542485939242,0.4616454576218045,1.9961694220616146,-0.7021331258801424,0.4513764202270007,-0.00012112271378172945,0.4418712881751585,35.14825820593055,35.59012949410571,29.009356836378693,6.100414351636409,29.047843854294143
5.703999999999594,-0.7013269714279694,0.465628657711341,1.9870175632634786,-0.7012223921593371,0.45536686040265334,-0.00010457926863227662,0.44627564012141074,35.081911126912,35.52818676703341,28.97060753271012,6.072446673689684,29.009464453222314
5.705999999999594,-0.7003917462179098,0.46959347557875497,1.977787260414264,-0.7003037134425296,0.4593393584037797,-8.803277538016463e-05,0.45066149180750137,35.014956826956364,35.465618318763866,28.93149164555362,6.0442392697482346,28.97071755720813
5.707999999999593,-0.6994486098848356,0.4735397546998238,1.9684788779105273,-0.6993771259227588,0.46329375988542015,-7.148396207679042e-05,0.4550286374596868,34.94739734844153,35.40242598590121,28.89201011779031,6.015793253107561,28.931604095333967
5.709999999999593,-0.6984975996621533,0.4774673392822092,1.9590927832312617,-0.6984426661007055,0.46722991102667233,-5.493356144781192e-05,0.45937684005688095,34.87923475604972,35.3386115961066,28.852163905807302,5.987109746476496,28.892125009573224
5.711999999999593,-0.6975387530941187,0.48137607427159473,1.9496293469234178,-0.6975003707836421,0.4711476585316679,-3.838231047659235e-05,0.4637058662158011,34.81047113655546,35.27417700277127,28.811953979593802,5.9581898819267245,28.852281254628743
5.713999999999593,-0.6965721080343525,0.48526580535781594,1.940088942587258,-0.6965502770843562,0.4750468496429524,-2.1830949996304305e-05,0.4680154863808783,34.74110859967993,35.20912408606081,28.771381322836856,5.9290348008489655,28.81207379883097
5.7159999999995925,-0.6955977026443464,0.4891363789809498,1.930471946861609,-0.6955924224200468,0.47892733215473715,-5.280224299575309e-06,0.4723054747619171,34.671149278149095,35.14345475291101,28.730446933016,5.89964565390887,28.771503624240225
5.717999999999592,-0.6946155753919568,0.49298764233737713,1.9207787394089952,-0.6946268445111949,0.48278895442593744,1.1269119238099812e-05,0.4765756092707951,34.60059532774478,35.07717093701557,28.689151821497294,5.870023601002421,28.730571726742355
5.719999999999592,-0.693625765049886,0.49681944338581496,1.9110097029006499,-0.693653581380409,0.48663156539298,2.781633052295618e-05,0.48082567145932953,34.529448927354835,35.01027459881416,28.647497013626076,5.840169811211116,28.689279116143716
5.721999999999592,-0.6926283106941515,0.5006316308533191,1.9011652230014064,-0.6926726713512442,0.4904550145823772,4.436065709267911e-05,0.4850554464582735,34.457712279021266,34.94276772547954,28.605483548819194,5.810085462756508,28.64762681626476
5.723999999999592,-0.6916232517025434,0.5044240542412558,1.8912456883544755,-0.691684153046998,0.4942591521230739,6.090134445468909e-05,0.4892647229177449,34.385387607987646,34.87465233090539,28.56311248065574,5.779771742954622,28.605615865033027
5.725999999999591,-0.6906106277530695,0.5081965638312435,1.8812514905660995,-0.6906880653894809,0.49804382875857295,7.743763641143708e-05,0.4934532929491042,34.31247716274432,34.80593045569343,28.520384876967256,5.749229848169731,28.563247314574593
5.727999999999591,-0.6895904788223896,0.5119490106910628,1.8711830241900944,-0.6896844475977633,0.5018088958588456,9.396877537370951e-05,0.49762095206806856,34.2389832150728,34.73660416714087,28.4773018199266,5.718460983767914,28.520522231304888
5.729999999999591,-0.6885628451842366,0.5156812466805373,1.8610406867122729,-0.6886733391868992,0.5055542054320331,0.00011049400266260889,0.5017674991391652,34.16490806008832,34.666675559227485,28.43386440613589,5.687466364070168,28.477441696018154
5.731999999999591,-0.6875277674078277,0.5193931244573785,1.850824878534758,-0.6876547799666273,0.5092796101359476,0.0001270125587995441,0.5058927363212051,34.090254016281094,34.5961467526023,28.39007374671322,5.656247212305176,28.434006803975915
5.7339999999995905,-0.6864852863562599,0.5230844974830117,1.8405360029601523,-0.6866288100400485,0.5129849632893767,0.00014352368378856006,0.5099964690147485,34.015023425555626,34.52501989457038,28.345930967378436,5.624804760561543,28.39021866499408
5.73599999999959,-0.6854354431849008,0.5267552200283482,1.8301744661756523,-0.6855954698020147,0.5166701190168931,0.00016002661711389532,0.5140785058089703,33.93921865326911,34.453297159078076,28.30143720853765,5.5931402497399345,28.346078403529173
5.73799999999959,-0.684378279339761,0.5304051471795476,1.8197406772369882,-0.6845547999388095,0.5203349316025818,0.00017652059904849082,0.5181386557038214,33.86284208826778,34.380980743971605,28.25659362536535,5.561254929504596,28.301587158763184
5.73999999999959,-0.6833138365558591,0.5340341348437353,1.809235048052282,-0.683506841425302,0.5239792567537395,0.0001930048694429587,0.5221767414131562,33.78589614276387,34.30807288417702,28.211401387891392,5.5291500582334985,28.25674608453037
5.74199999999959,-0.6822421568555735,0.5376420397546924,1.7986579933657856,-0.6824516355243206,0.5276029504906824,0.00020947866874709842,0.5261925739647588,33.70838325314122,34.23457582710598,28.16586168107505,5.49682690297349,28.211556350167733
5.743999999999589,-0.6811632825469839,0.5412287194785106,1.7880099307415067,-0.6813892237851622,0.5312058695792481,0.00022594123817831768,0.5301859752239158,33.63030587852076,34.160491853744674,28.119975704888432,5.464286739384827,28.166019139135933
5.745999999999589,-0.6800772562222004,0.5447940324192156,1.7772912805467256,-0.6803196480421156,0.5347878715232895,0.00024239181991525527,0.5341567693917137,33.551666502098755,34.08582327149047,28.07374467439471,5.431530851694529,28.12013565040423
5.747999999999589,-0.678984120755683,0.5483378378243577,1.7665024659353983,-0.6792429504129817,0.538348814567007,0.0002588296572986204,0.5381047833078845,33.472467630680185,34.01057241398807,28.027169819824785,5.398560532645902,28.073907098034283
5.749999999999589,-0.6778839193025481,0.5518599957905673,1.755643912831453,-0.6781591732975782,0.5418885577017093,0.0002752539950301447,0.5420298465579187,33.39271179472882,33.934741641286735,27.980252386653184,5.365377083447814,28.027334711281007
5.7519999999995886,-0.6767766952968651,0.5553603672690787,1.7447160499119725,-0.6770683593762296,0.5454069606743538,0.00029166407936442873,0.5459317914900108,33.31240154840126,33.858333339891274,27.93299363567224,5.3319818137237345,27.980419734677525
5.753999999999588,-0.675662492449942,0.5588388140712195,1.7337193085902742,-0.6759705516082362,0.5489038839967247,0.0003080591582941272,0.5498104531948189,33.23153946957323,33.781349922768044,27.885394843065125,5.298376041460398,27.933163428112827
5.755999999999588,-0.6745413547486001,0.5622951988738641,1.722654122998882,-0.6748657932303266,0.5523791889547849,0.0003244384817264745,0.5536656694699982,33.15012815986219,33.70379382933219,27.837457300477347,5.26456109295623,27.885567066905963
5.757999999999588,-0.6734133264534345,0.5657293852248629,1.7115209299723637,-0.6737541277550906,0.5558327376180141,0.00034080130165603517,0.5574972807799683,33.06817024464718,33.62566752542715,27.789182315086727,5.230538302769207,27.837631941877973
5.759999999999588,-0.6722784520970719,0.5691412375484168,1.7003201690301235,-0.6726355989693933,0.5592643928486615,0.00035714687232135667,0.5613051302117844,32.98566837308644,33.546973503298226,27.740571209672225,5.196309013664656,27.789359359421788
5.7619999999995875,-0.6711367764824085,0.5725306211504382,1.6890522823590246,-0.6715102509327715,0.562674018310888,0.0003734744503629539,0.5650890634324823,32.90262521813343,33.46771428156591,27.691625322680782,5.161874576562534,27.740750641570894
5.763999999999587,-0.6699883446808426,0.575897402223866,1.6777177147959388,-0.6703781279758119,0.5660614784797905,0.00038978329496930364,0.5688489286453469,32.81904347655029,33.387892405195636,27.642346008293018,5.127236350484363,27.691807126065925
5.765999999999587,-0.6688332020304953,0.5792414478539483,1.6663169138101857,-0.6692392746985113,0.5694266386503046,0.00040607266801595543,0.5725845765464599,32.73492586891987,33.307510445466335,27.59273463648723,5.092395702499889,27.64253016641998
5.767999999999587,-0.6676713941344207,0.5825626260234895,1.654850329485867,-0.6680937359686193,0.5727693649459905,0.00042234183419864735,0.5762958602818236,32.65027513965567,33.22657099993749,27.542792593101726,5.057354007673418,27.59292113198225
5.769999999999587,-0.6665029668588051,0.5858608056180624,1.6433184145040975,-0.6669415569199639,0.5760895243276999,0.0004385900611588722,0.5799826354042903,32.565094057009674,33.145076692413966,27.492521279895733,5.022112649009731,27.54298140799994
5.771999999999586,-0.6653279663311565,0.5891358564311838,1.6317216241251356,-0.6657827829507597,0.5793869846021288,0.0004548166196031156,0.5836447598311567,32.47938541307845,33.063030172909606,27.441922114608403,4.986673017399771,27.492712395678677
5.773999999999586,-0.6641464389384841,0.5923876491694555,1.620060416170408,-0.6646174597218991,0.5826616144302559,0.0004710207834149882,0.5872820938016399,32.39315202380689,32.98043411760853,27.390996531016466,4.9510365115659,27.44211551224099
5.775999999999586,-0.6629584313254661,0.5956160554576682,1.6083352510044377,-0.6634456331552278,0.5859132833356689,0.00048720182976169646,0.5908944998348575,32.30639672899035,32.89729122882521,27.339745978990017,4.915204538006942,27.39119219098341
5.777999999999586,-0.6617639903926089,0.5988209478438693,1.596546591516669,-0.6622673494318022,0.5891418617127808,0.0005033590391932963,0.5944818426877752,32.219122392274464,32.81360423496224,27.288171924546482,4.879178510942809,27.339943881331656
5.7799999999995855,-0.6605631632943959,0.6020021998043935,1.5846949031031994,-0.6610826549901323,0.5923472208349343,0.000519491695736396,0.5980439893135148,32.13133190115283,32.72937589046635,27.236275849903194,4.842959852258863,27.288372048893972
5.781999999999585,-0.6593559974374237,0.6051596857488641,1.5727806536483808,-0.6598915965244075,0.5955292328623994,0.0005355990869838623,0.6015808088203212,32.04302816696286,32.644608975783186,27.18405925352778,4.806549991449894,27.236478175512968
5.783999999999585,-0.6581425404785337,0.6082932810251407,1.5608043135063883,-0.658694220982707,0.5986877708502611,0.000551680504173313,0.605092172429591,31.95421412487925,32.559306297308844,27.131523650187102,4.769950365563901,27.18426375931535
5.785999999999585,-0.656922840322929,0.6114028619242474,1.5487663554826234,-0.6574905755651946,0.6018227087561994,0.0005677352422656101,0.6085779534353253,31.86489273390551,32.473470687340836,27.07867057099424,4.733162419145441,27.13173031476007
5.787999999999585,-0.6556969451222835,0.6144883056852547,1.536667254815057,-0.6562807077222983,0.6049339214481612,0.0005837626000148033,0.6120380271633352,31.775066976863233,32.387105004026566,27.025501563453656,4.696187604178736,27.078879372684497
5.789999999999584,-0.6544649032728402,0.617549490500126,1.5245074891554662,-0.6550646651528744,0.6080212847119255,0.0005997618800341886,0.615472270930908,31.684739860379292,32.3002121313102,26.972018191504432,4.659027380030455,27.025712480348837
5.791999999999584,-0.6532267634135022,0.6205862955185265,1.5122875385505785,-0.6538424958023573,0.61108467525856,0.0006157323888551502,0.6188805640064721,31.593914414870618,32.21279497887709,26.918222035561868,4.621683213392153,26.972231201478465
5.793999999999584,-0.6519825744239107,0.6235986008525938,1.5000078854231198,-0.6526142478608937,0.6141239707317703,0.0006316734369830046,0.6222627875699938,31.502593694527114,32.12485648209711,26.864114692556925,4.5841565782224984,26.918437116304617
5.795999999999584,-0.6507323854225169,0.6265862875816715,1.4876690145527698,-0.6513799697614634,0.6171390497151409,0.0006475843389465163,0.6256188246733929,31.410780777292082,32.03639960196548,26.8096977759738,4.546448955689142,26.86433182160294
5.7979999999995835,-0.6494762457646417,0.6295492377570028,1.4752714130570221,-0.6501397101779849,0.6201297917392689,0.0006634644133431955,0.6289485602015787,31.318478764840478,31.947427325042057,26.754972915885677,4.508561834110253,26.809916930730225
5.799999999999583,-0.6482142050405281,0.6324873344063884,1.4628155703719565,-0.6488935180234073,0.6230960772887876,0.0006793129828792654,0.632251880833754,31.2256907825549,31.857942663388652,26.69994175898841,4.470496708895846,26.755194073659055
5.801999999999583,-0.6469463130733836,0.6354004615388019,1.4503019782329212,-0.6476414424477888,0.6260377878092819,0.0006951293744051901,0.6355286750050393,31.13241997949938,31.767948654504423,26.6446059686323,4.432255082488783,26.7001648970106
5.803999999999583,-0.6456726199174105,0.6382885041489754,1.4377311306550928,-0.6463835328363605,0.6289548057140948,0.0007109129189499797,0.6387788328695154,31.038669528390795,31.67744836126031,26.58896722485167,4.393838464305415,26.64483106408538
5.805999999999583,-0.6443931758558348,0.64115134822193,1.4251035239140162,-0.6451198388075785,0.6318470143910222,0.0007266629517437284,0.6420022462618524,30.9444426255679,31.58644487182975,26.5330272243928,4.355248370676091,26.589194254891808
5.807999999999582,-0.6431080313989168,0.6439888807374838,1.4124196565259837,-0.6438504102111607,0.6347142982088989,0.0007423788122439268,0.6451988086615712,30.849742490958395,31.494941299619967,26.476787680739342,4.316486324785267,26.53325616617313
5.809999999999582,-0.6418172372819595,0.6468009896747116,1.3996800292283613,-0.6425752971261126,0.6375565425240726,0.0007580598441531139,0.6483684151565017,30.754572368043107,31.402940783199607,26.420250324136177,4.277553856611339,26.477018511431766
5.811999999999582,-0.6405208444633043,0.6495875640163677,1.386885144959821,-0.6412945498587391,0.6403736336867667,0.0007737053954348649,0.6515109624075732,30.658935523818446,31.31044648622602,26.36341690161062,4.238452502866278,26.42048302095217
5.813999999999582,-0.6392189041223199,0.6523484937532686,1.3740355088404854,-0.6400082189406444,0.6431654590473314,0.0007893148183245602,0.6546263486138937,30.562835248755768,31.217461597369663,26.306289176992223,4.199183806934863,26.363651441820906
5.8159999999995815,-0.6379114676573816,0.6550836698886356,1.3611316281519863,-0.6387163551267196,0.6459319069623822,0.0008048874693380448,0.6577144734786478,30.466274856759263,31.12398933023791,26.24886893092978,4.159749318813823,26.30652553794544
5.817999999999581,-0.6365985866838426,0.6577929844423984,1.3481740123174386,-0.637419009393118,0.6486728668008259,0.0008204227092754035,0.6607752381757304,30.36925768512062,31.03003292329635,26.191157960906665,4.120150595050528,26.24910709007009
5.819999999999581,-0.6352803130319955,0.6604763304554573,1.3351631728813282,-0.6361162329352185,0.6513882289497724,0.0008359199032229592,0.6638085453171305,30.271787094471776,30.935595639788907,26.133158081253846,4.080389198681511,26.191397895790267
5.821999999999581,-0.6339566987450269,0.6631336019939066,1.3220996234893183,-0.6348080771655777,0.6540778848203349,0.0008513784205508301,0.6668142989209924,30.17386646873515,30.840680767656142,26.074871123160733,4.040466699170734,26.133399769564413
5.823999999999581,-0.6326277960769624,0.6657646941532156,1.30898387986797,-0.6334945937118711,0.6567417268533146,0.0008667976349087114,0.6697924043806824,30.075499215071428,30.74529161945211,26.016298934683963,4.000384672347554,26.075114542723874
5.82599999999958,-0.6312936574906047,0.6683695030623699,1.2958164598043913,-0.6321758344148216,0.6593796485247735,0.000882176924216882,0.6727427684343823,29.976688763825027,30.64943153225941,25.95744338075379,3.9601447003444754,26.016544063480552
5.82799999999958,-0.6299543356554593,0.6709479258879765,1.2825978831257654,-0.6308518513261187,0.6619915443514921,0.0008975156706593213,0.6756652991365164,29.87743856846682,30.553103867603333,25.898306343178533,3.919748371534527,25.95769019693229
5.82999999999958,-0.6286098834456597,0.6734998608383159,1.2693286716788728,-0.629522696706326,0.6645773098963143,0.0009128132606662787,0.6785599058282643,29.777752105534887,30.456312011363153,25.83888972064657,3.879197280468621,25.898554825066267
5.83199999999958,-0.6272603539378772,0.676025207167366,1.2560093493094613,-0.6281884230227792,0.6671368417733772,0.0009280690849020612,0.6814264991108021,29.677632874572467,30.35905937368327,25.779195428726226,3.8384930278124516,25.839139846760016
5.8339999999995795,-0.6259058004092256,0.6785238651787776,1.2426404418415713,-0.6268490829474728,0.6696700376532295,0.0009432825382471588,0.6842649908187304,29.57708439806348,30.26134938888221,25.719225399863404,3.7976372202832165,25.779447177780263
5.835999999999579,-0.6245462763351592,0.680995736229811,1.229222477056779,-0.6255047293549371,0.6721767962678356,0.0009584530197778163,0.6870752939943348,29.47611022136574,30.163185515360077,25.658981583376942,3.756631470586117,25.719478750779622
5.837999999999579,-0.6231818353873605,0.6834407227352294,1.2157559846733583,-0.6241554153201061,0.6746570174154669,0.0009735799327456052,0.6898573228631899,29.37471391264154,30.06457123550473,25.598465945451682,3.7154773973506123,25.659236515290928
5.839999999999579,-0.6218125314316219,0.6858587281711522,1.2022414963253707,-0.6228011941161752,0.6771106019654822,0.000988662684553332,0.6926109928105562,29.27289906278582,29.96551005559638,25.537680469129324,3.674176625066404,25.598722437719417
5.841999999999579,-0.6204384185257187,0.6882496570788652,1.188679545541675,-0.6214421192124492,0.6795374518629956,0.001003700686730502,0.6953362203589597,29.17066928535186,29.86600550571082,25.47662715429692,3.632730784019234,25.537938501332626
5.843999999999578,-0.6190595509172757,0.6906134150685888,1.1750706677248668,-0.6200782442721823,0.681937470133434,0.0010186933549065635,0.6980329231465565,29.0680282164744,29.766061139620955,25.415308017673123,3.5911415102264175,25.47688670624798
5.845999999999578,-0.6176759830416252,0.6929499088232051,1.16141540013014,-0.6187096231504083,0.6843105608869849,0.0010336401087831515,0.7007010199068398,28.964979514790393,29.665680534697234,25.353725092792047,3.54941044537217,25.415569069418222
5.847999999999578,-0.6162877695196577,0.6952590461019413,1.147714281844078,-0.6173363098917625,0.686656629322935,0.0010485403721047781,0.7033404304492574,28.861526861357024,29.56486729180628,25.291880429984992,3.507539236742662,25.353987624614362
5.849999999999578,-0.6148949651556669,0.6975407357440103,1.133967853763378,-0.6159583587282946,0.6889755817339019,0.0010633935726277466,0.7059510756406229,28.757673959567605,29.463625035208228,25.22977609635954,3.465529537160967,25.292144422406636
5.8519999999995775,-0.6134976249351827,0.6997948876722145,1.1201766585734678,-0.6145758240772747,0.6912673255099576,0.0010781991420920622,0.7085328773886435,28.653424535064328,29.361957412452973,25.167414175776713,3.42338300492156,25.230041530142767
5.853999999999577,-0.6120958040228051,0.7020214128964941,1.1063412407271267,-0.6131887605389894,0.693531769142648,0.0010929565161843513,0.7110857586246655,28.548782335649353,29.25986809427402,25.104796768825356,3.381101303724946,25.167681031924406
5.855999999999577,-0.6106895577600233,0.7042202235174458,1.0924621464229611,-0.6117972228945316,0.6957688222289076,0.0011076651345083288,0.7136096432891748,28.44375113119251,29.157360774481685,25.041925992794507,3.338686102611728,25.105065028580782
5.857999999999577,-0.6092789416630322,0.7063912327297912,1.07853992358385,-0.6104012661035819,0.697978395474872,0.0011223244405497157,0.7161044563175611,28.33833471353705,29.05443916985461,24.978803981643264,3.296139075896688,25.042195637640365
5.859999999999577,-0.6078640114205397,0.7085343548258041,1.0645751218353117,-0.6090009453021827,0.7001604006995888,0.001136933881643043,0.7185701236270869,28.23253689640263,28.951107020029717,24.915432885968297,3.253461903102543,24.979074993300088
5.861999999999576,-0.6064448228915691,0.7106495051986934,1.050568292483808,-0.6075963158005054,0.7023147508386296,0.0011514929089363468,0.7210065721048209,28.126361515285797,28.847368087390617,24.85181487296907,3.2106562688935747,24.91570524639222
5.863999999999576,-0.6050214321032535,0.7127366003459444,1.0365199884949778,-0.6061874330806102,0.704441359947604,0.0011660009773566404,0.7234137295966758,28.019812427358023,28.743226156954698,24.78795212641053,3.1677238630090137,24.85208856434901
5.865999999999576,-0.603593895248624,0.7147955578726142,1.0224307644718087,-0.604774352794199,0.7065401432055778,0.0011804575455750532,0.72579152489745,27.912893511361013,28.63868503625846,24.723846846583644,3.1246663801962162,24.788227131164795
5.867999999999576,-0.6021622686843912,0.7168262964945854,1.00830117663274,-0.6033571307603622,0.7086110169183959,0.0011948620759710815,0.7281398877417211,27.80560866749973,28.533748555241452,24.659501250263332,3.0814855201436773,24.724123147356053
5.869999999999576,-0.6007266089287204,0.718828736041774,0.994131782789706,-0.6019358229633184,0.7106538985219145,0.0012092140345979496,0.7304587487959235,27.69796181733263,28.42842056612855,24.594917570664222,3.038182987413823,24.659778829918807
5.871999999999575,-0.5992869726590009,0.7208027974612958,0.9799231423261138,-0.6005104855501481,0.7126687065851426,0.0012235128911471937,0.7327480396511254,27.58995690365958,28.322704943310704,24.530098057393797,2.9947604913756414,24.59519641228394
5.873999999999575,-0.597843416709608,0.7227484028205847,0.9656758161747677,-0.5990811748285215,0.7146553608132931,0.0012377581189134679,0.735007692816847,27.481597890407034,28.21660558322388,24.465044976403327,2.951219746137101,24.530378144269932
5.875999999999575,-0.5963959980696575,0.724665475310475,0.9513903667956928,-0.59764794726442,0.7166137820507507,0.0012519491947625694,0.7372376417164461,27.37288876251075,28.1101264042272,24.399760609936422,2.907562470477315,24.465326292033435
5.877999999999575,-0.5949447738807595,0.7265539392482259,0.9370673581539782,-0.5962108594798522,0.7185438922839529,0.0012660855990926922,0.7394378206816143,27.263833525796123,28.00327134647774,24.334247256475024,2.8637903877787405,24.40004313801738
5.8799999999995745,-0.5934898014347603,0.728413720080515,0.9227073556974799,-0.5947699682505638,0.7204456146441898,0.0012801668158035628,0.7416081649496276,27.154436206855717,27.896044371805345,24.26850723068317,2.8199052259589514,24.334530980896766
5.881999999999574,-0.5920311381714805,0.7302447443863793,0.9083109263345067,-0.5933253305037431,0.7223188734103241,0.0012941923322626891,0.7437486106604663,27.04470085292445,27.788449463584918,24.202542863348246,2.7759087174023667,24.268792135522084
5.883999999999574,-0.5905688416764483,0.7320469398801146,0.8938786384114392,-0.5918770033157202,0.7241635940114319,0.001308161639271943,0.7458590948547794,26.934631531752093,27.680490626606872,24.13635650131996,2.731802598891772,24.20282893286032
5.885999999999574,-0.5891029696786254,0.7338202354141286,0.8794110616902927,-0.5904250439096616,0.725979703029369,0.001322074231036141,0.7479395554728985,26.824232331473386,27.572171886946286,24.069950507446883,2.6875886115396788,24.13664371993371
5.887999999999574,-0.5876335800481283,0.7355645609817497,0.8649087673262236,-0.588969509653259,0.7277671282012615,0.0013359296051307368,0.7499899313542713,26.713507360475628,27.4634972918299,24.003327260510474,2.6432685007195174,24.07023885975611
5.889999999999573,-0.5861607307939436,0.7372798477199918,0.8503723278449814,-0.5875104580564151,0.7295257984219271,0.0013497272624715118,0.7520101622376862,26.60246074726349,27.354470909501174,23.93648915515694,2.598844015996638,24.003616731266852
5.891999999999573,-0.584684480061638,0.7389660279122711,0.8358023171203066,-0.5860479467689227,0.7312556437462251,0.0013634667072847106,0.7540001887623049,26.491096640321683,27.245096829083987,23.869438601826534,2.554316911059193,23.93677972926249
5.893999999999573,-0.5832048861310626,0.740623034991081,0.8211993103512747,-0.58458203357814,0.7329565953913385,0.0013771474470773981,0.7559599524691385,26.379419207974774,27.13537916044391,23.802178026680565,2.5096889436488143,23.86973026432596
5.895999999999573,-0.5817220074140523,0.7422508035406191,0.8065638840395885,-0.583112776406662,0.7346285857389927,0.0013907689926097033,0.7578893958031419,26.267432638244742,27.025322034047882,23.734709871525954,2.4649618754911646,23.80247076275358
5.8979999999995725,-0.5802359024521208,0.7438492692993695,0.7918966159668274,-0.5816402333099868,0.7362715483376087,0.0014043308578660652,0.7597884621157913,26.155141138705865,26.914929600821658,23.66703659373748,2.420137472226348,23.735003666479518
5.899999999999572,-0.5787466299141454,0.7454183691626429,0.7771980851716037,-0.5801644624741781,0.737885417904396,0.0014178325600326946,0.7616570956689728,26.042548936337038,26.80420603200601,23.599160666177603,2.37521750333904,23.667331432997997
5.901999999999572,-0.5772542485940567,0.7469580411850625,0.7624688719267538,-0.5786855222135233,0.7394701303273853,0.0014312736194665998,0.7634952416376017,25.929660277371948,26.69315551900955,23.531084577113973,2.330203742088726,23.59945653528322
5.903999999999572,-0.5757588174085141,0.748468224583013,0.7477095577163961,-0.5772034709681885,0.7410256226674046,0.0014446535596743804,0.7653028461143996,25.816479427146312,26.58178227326071,23.46281083013457,2.2850979654395362,23.531381461706776
5.905999999999572,-0.5742603953945801,0.7499488597370398,0.7329207252129835,-0.5757183673018684,0.7425518331599978,0.001457971907288358,0.7670798561143854,25.703010669943005,26.47009052605739,23.394341944060393,2.239901953990077,23.463108715952927
5.907999999999571,-0.57275904170739,0.7513998881942024,0.7181029582543008,-0.5742302698994338,0.7440487012172918,0.0014712281920438164,0.7688262195797768,25.589258308834406,26.35808452841418,23.325680452855956,2.1946174919030725,23.394640816931332
5.909999999999571,-0.5712548156178168,0.7528212526703819,0.7032568418204155,-0.5727392375645742,0.7455161674298086,0.0014844219467574638,0.770541885385212,25.4752266655225,26.245768550907712,23.25682890553731,2.149246366834887,23.32598029868761
5.911999999999571,-0.5697477765101308,0.7542128970525424,0.6883829620105837,-0.5712453292174378,0.7469541735682297,0.0014975527073070038,0.7722268033433699,25.36092008017642,26.13314688351979,23.187789866077825,2.1037903698649103,23.25712971031151
5.913999999999571,-0.5682379838796554,0.7555747664009465,0.6734819060201122,-0.5697486038922676,0.7483626625851089,0.0015106200126121516,0.7738809242108058,25.246342911267586,26.02022383547839,23.118565913311613,2.0582512954247916,23.188091615842794
5.9159999999995705,-0.5667254973304187,0.7569068069513243,0.6585542621171766,-0.5682491207350345,0.7497415786165398,0.0015236234046158703,0.7755041996940881,25.131499535402373,25.90700373509646,23.049159640834553,2.0126309412275893,23.118868594174785
5.91799999999957,-0.5652103765727997,0.7582089661169958,0.6436006196195982,-0.566746939001067,0.7510908669837765,0.001536562428267274,0.7770965824560849,25.01639434715233,25.793490929608414,22.979573656903227,1.9669311081967247,23.049463238955603
5.91999999999957,-0.5636926814211725,0.7594811924909459,0.6286215688715866,-0.5652421180526773,0.7524104741948098,0.0015494366315048635,0.7786580261222942,24.90103175888208,25.679689785004374,22.909810584331257,1.9211536003949086,22.97987815848717
5.92199999999957,-0.5621724717915413,0.7607234358478574,0.6136177012203999,-0.5637347173567855,0.7537003479459004,0.0015622455652442024,0.7801884852881602,24.7854162005746,25.56560468586276,22.83987306038369,1.8753002249527606,22.91011597562184
5.92399999999957,-0.56064980769918,0.7619356471460886,0.5985896089930508,-0.5622247964825393,0.7549604371230701,0.0015749887833592657,0.7816879155248535,24.669552119654462,25.451240035179314,22.769763736668775,1.8293727919976142,22.84017932765685
5.925999999999569,-0.55912474925626,0.7631177785296135,0.5835378854728883,-0.5607124150989322,0.7561906918035529,0.0015876658426722257,0.7831562733867314,24.55344398080828,25.33660025419501,22.699485279027794,1.7833731145818992,22.77007086622638
5.927999999999569,-0.5575973566694771,0.7642697833299088,0.5684631248761842,-0.5591976329724178,0.7573910632572048,0.0016002763029406841,0.7845935164181461,24.437096265803174,25.22168978222132,22.629040367422323,1.7373030086115955,22.69979325719158
5.929999999999569,-0.5560676902376753,0.7653916160677978,0.5533659223286749,-0.557680509964522,0.7585615039478772,0.0016128197268466815,0.7859996031603456,24.320513473302494,25.10651307646284,22.55843169581955,1.6911642927744905,22.629349180528003
5.931999999999569,-0.5545358103494662,0.7664832324552449,0.538246873842066,-0.5561611060294525,0.759701967534751,0.0016252956799862606,0.7873744931585147,24.20370011867955,24.991074611838066,22.48766197207521,1.6449587884683818,22.558741330211166
5.9339999999995685,-0.5530017774808448,0.767544589397104,0.5231065762905044,-0.5546394812117051,0.7608124088736349,0.0016377037308603626,0.7887181469685944,24.086660733828857,24.875378880797452,22.416733917814277,1.5986883197291493,22.48797241409971
5.935999999999568,-0.551465652192802,0.7685756449928207,0.5079456273870125,-0.5531156956436687,0.7618927840182265,0.0016500434508667228,0.7900305261643514,23.969399866975014,24.759430393139365,22.34565026830954,1.5523547131587117,22.417045153816304
5.937999999999568,-0.5499274951289339,0.7695763585380853,0.49276462565989376,-0.551589809543226,0.7629430502213397,0.0016623144142920987,0.7913115933441328,23.851922082479387,24.64323367582352,22.27441377235805,1.5059597978529227,22.345962284626463
5.939999999999568,-0.5483873670130478,0.7705466905264405,0.47756417042910215,-0.5500618832113539,0.7639631659360964,0.001674516198306053,0.7925613121376585,23.734231960644532,24.52679327278219,22.203027192155133,1.459505405329337,22.274726555315194
5.941999999999568,-0.5468453286467644,0.7714866026508412,0.46234486178258277,-0.5485319770297197,0.7649530908170843,0.0016866483829552914,0.7937796472127912,23.616334097516187,24.410113744728978,22.13149330316672,1.412993369454882,22.203340728061306
5.943999999999567,-0.5453014409071189,0.7723960578051653,0.44710730055259007,-0.5470001514582767,0.765912785721481,0.0016987105511578893,0.7949665642817849,23.498233104683386,24.293199668965173,22.059814893998944,1.3664255263735028,22.131807578309882
5.945999999999567,-0.543755764744154,0.7732750200856817,0.4318520882919333,-0.5454664670328564,0.7668422127101457,0.0017107022887024037,0.7961220301085636,23.379933609075692,24.176055639184256,21.987994766266183,1.3198037144335302,22.060129894642163
5.947999999999567,-0.542208361178519,0.7741234547924639,0.41657982725028,-0.543930984362759,0.7677413350486768,0.0017226231842399908,0.7972460125138414,23.261440252759105,24.058686265272947,21.916035734456642,1.2731297741152803,21.988310478643825
5.949999999999567,-0.5406592912990569,0.7749413284307627,0.4012911203503457,-0.5423937641283422,0.7686101172084377,0.001734472829285294,0.7983384803821414,23.142757692729017,23.94109617311116,21.843940625796016,1.2264055479582714,21.916352144770745
5.9519999999995665,-0.5391086162603941,0.7757286087123272,0.38598657116410046,-0.5408548670786071,0.7694485248675509,0.001746250818213002,0.7993994036674068,23.02389060070141,23.82329000436882,21.77171228010893,1.1796328804885094,21.8442577202129
5.953999999999566,-0.5375563972805261,0.7764852645566798,0.37066678388894053,-0.5393143540287834,0.7702565249118583,0.0017579567482572944,0.8004287533987808,22.90484366290172,23.7052724163005,21.699353549678605,1.1328136181456596,21.772030044756058
5.955999999999566,-0.5360026956384003,0.7772112660923434,0.35533236332383583,-0.5377722858579117,0.7710340854358507,0.0017695902195113966,0.8014265016863131,22.785621579851778,23.587048081538093,21.626867299104198,1.0859496092101617,21.699671970641617
5.957999999999566,-0.5344475726714971,0.7779065846580205,0.3399839148454536,-0.5362287235064246,0.7717811757435653,0.0017811508349274696,0.8023926217263133,22.666229066154408,23.46862168788072,21.55425640515638,1.03904270373025,21.62718636242416
5.959999999999566,-0.5328910897734086,0.7785711928037248,0.32462204438425896,-0.5346837279737257,0.7724977663494502,0.0017926382003170538,0.803327087806387,22.546670850276186,23.349997938082574,21.481523756630665,0.992094753448925,21.55457609682726
5.961999999999565,-0.5313333083914145,0.7792050642918645,0.3092473584005941,-0.5331373603157673,0.7731838289791975,0.0018040519243528452,0.8042298753105248,22.42695167432783,23.231181549638357,21.4086722541991,0.9451076117308382,21.481844062596995
5.963999999999565,-0.5297742900240562,0.779808174098279,0.2938604638607357,-0.5315896816426262,0.7738393365705436,0.001815391618570028,0.8051009607238546,22.307076293842936,23.11217725456679,21.335704810259763,0.898083133489141,21.408993160353795
5.965999999999565,-0.5282140962187095,0.7803804984132253,0.2784619682129339,-0.5300407531160781,0.7744642632740385,0.001826656897368606,0.8059403216369732,22.187049477554446,22.99298979919142,21.262624348784374,0.8510231751122467,21.3360263024422
5.967999999999565,-0.5266527885691553,0.7809220146423195,0.26305247936343906,-0.5284906359471706,0.7750585844537798,0.0018378473780152893,0.8067479367501806,22.06687600716916,22.87362394391934,21.18943380516417,0.8039295943905794,21.262946412778582
5.9699999999995645,-0.5250904287131444,0.7814327014074286,0.24763260565246814,-0.5269393913937944,0.775622276688117,0.0018489626806500459,0.8075237858782214,21.94656067714036,22.754084463018582,21.116136126053654,0.7568042504431252,21.189756426697237
5.971999999999564,-0.5235270783299695,0.7819125385475132,0.23220295583024106,-0.5253870807582538,0.77615531777032,0.0018600024282843242,0.8082678499529128,21.826108294438463,22.634376144391375,21.042734269212687,0.7096490036442018,21.11645929079426
5.973999999999564,-0.521962799138027,0.7823615071194246,0.21676413903291292,-0.5238337653848354,0.7766576867092153,0.001870966246808381,0.8089801110274508,21.705523678319725,22.514503789347177,20.969231203346705,0.6624657155499115,21.043057962769815
5.975999999999564,-0.5203976528923809,0.7827795893986527,0.20131676475853544,-0.5222795066573758,0.777129363729789,0.0018818537649948341,0.8096605522796385,21.584811660093205,22.394472212372843,20.89562990794507,0.6152562488246881,20.969555411268516
5.977999999999564,-0.5188317013823249,0.7831667688800245,0.1858614428429948,-0.5207243659968283,0.777570330273754,0.0018926646145033255,0.8103091580148769,21.463977082885663,22.27428624090054,20.821933373117673,0.5680224671677584,20.895954615717905
5.979999999999563,-0.5172650064289435,0.7835230302783571,0.17039878343593648,-0.5191684048588281,0.7779805690000839,0.0019033984298846285,0.8109259136690206,21.343024801404766,22.153950715073787,20.748144599429843,0.5207662352395789,20.82225856616519
5.981999999999563,-0.5156976298826706,0.7838483595290607,0.15492939697667754,-0.5176116847312571,0.7783600637855111,0.0019140548485864217,0.8115108058110243,21.2219596817005,22.033470487511526,20.674266597735446,0.47348941858822835,20.74847026311227
5.983999999999563,-0.5141296336208486,0.7841427437886935,0.13945389417010762,-0.5160542671318071,0.7787087997249901,0.0019246335109585067,0.8120638221453369,21.10078660092477,21.912850423070108,20.600302389008302,0.4261938835757647,20.674592717349007
5.985999999999563,-0.5125610795452851,0.784406171435469,0.12397288596257916,-0.5144962136055429,0.7790267631321239,0.0019351340602578038,0.8125849515139905,20.979510447089222,21.792095398603212,20.5262550041719,0.3788814973045524,20.60062894978467
5.987999999999563,-0.5109920295798092,0.7846386320697146,0.10848698351778847,-0.5129375857224637,0.7793139415395555,0.0019455561426545698,0.8130741838985567,20.85813611882142,21.671210302719977,20.45212748392757,0.3315541275435572,20.52658199127786
5.989999999999562,-0.5094225456678267,0.7848401165142828,0.09299679819264799,-0.5113784450750651,0.7795703236993204,0.001955899407238393,0.8135315104219432,20.73666852511931,21.550200035541252,20.377922878580918,0.2842136426546227,20.452454882464686
5.991999999999562,-0.5078526897698762,0.7850106168149124,0.07750294151315963,-0.5098188532758988,0.7797958995831641,0.0019661635060226335,0.813956923349628,20.6151125851041,21.42906950845373,20.303644247866657,0.23686191151874153,20.37825067358536
5.993999999999562,-0.5062825238611787,0.7851501262405437,0.06200602515023788,-0.5082588719551332,0.7799906603828196,0.0019763480939545275,0.8143504160916226,20.493473227771243,21.307823643862868,20.229294660771963,0.18950080346217674,20.303972424309066
5.995999999999562,-0.5047121099291965,0.7852586392835833,0.046506660895614504,-0.5066985627581126,0.7801545985102482,0.0019864528289161854,0.8147119832026206,20.37175539174028,21.1864673749429,20.15487719535827,0.14213218818283427,20.229623203557445
5.9979999999995615,-0.5031415099711827,0.7853361516601223,0.031005460637651135,-0.5051379873429169,0.7802877075978396,0.001996477371734251,0.8150416203834765,20.24996402500277,21.065005645386247,20.08039493858142,0.09475793567635145,20.15520608932642
5.999999999999561,-0.5015707859917344,0.7853826603101045,0.015503036337191644,-0.5035772073779198,0.7803899824985747,0.002006421386185342,0.8153393244817964,20.128104084668724,20.94344340915052,20.00585098611053,0.0473799161623075,20.080724168506418
