elapsed_time_s,ros_stamp_s,phase,q1,q2,q3,q4,q5,q6,q7,dq1,dq2,dq3,dq4,dq5,dq6,dq7,target1,target2,target3,target4,target5,target6,target7
0.047052644,426.890000000,WAITING,-9.043928362681997e-08,-0.7850136528224214,3.674507302164194e-13,-2.356037914661733,-1.4279309095387738e-11,1.5710351982980992,0.7849999999999993,-1.0842021724855044e-19,-5.5426149780934963e-14,-6.505213034913027e-19,-2.2024049251001543e-13,8.673617379884035e-18,1.0620671009320404e-13,-1.5677563414140394e-15,nan,nan,nan,nan,nan,nan,nan
0.050414696,426.900000000,INITIALIZE_HOME,-9.043928362682345e-08,-0.7850136528224214,3.674507301079992e-13,-2.356037914661733,-1.4279309048550204e-11,1.5710351982980992,0.7849999999999993,-5.421010862427522e-19,-5.542094561050703e-14,1.0842021724855044e-19,-2.2022661472220761e-13,0.0,1.0617895451758841e-13,-1.579899405745877e-15,nan,nan,nan,nan,nan,nan,nan
0.055285018,426.910000000,INITIALIZE_HOME,-9.04392836268242e-08,-0.7850136528224214,3.674507314090418e-13,-2.356037914661733,-1.4279309087581482e-11,1.5710351982980992,0.7849999999999993,-1.0842021724855044e-19,-5.541747616355508e-14,5.421010862427522e-19,-2.202127369343998e-13,-8.673617379884035e-18,1.0614426004806887e-13,-1.5894403848637495e-15,nan,nan,nan,nan,nan,nan,nan
0.056423631,426.920000000,INITIALIZE_HOME,-9.043928362682496e-08,-0.7850136528224214,3.6745073010799925e-13,-2.356037914661733,-1.4279309052887014e-11,1.5710351982980992,0.7849999999999993,6.505213034913027e-19,-5.542268033398301e-14,-5.421010862427522e-19,-2.2023355361611152e-13,-1.214306433183765e-17,1.0615119894197278e-13,-1.5812004483528597e-15,nan,nan,nan,nan,nan,nan,nan
0.058082381,426.930000000,INITIALIZE_HOME,-9.043928362682247e-08,-0.7850136528224214,3.674507291322173e-13,-2.356037914661733,-1.4279309054621739e-11,1.5710351982980992,0.7849999999999993,5.421010862427522e-19,-5.542268033398301e-14,-6.505213034913027e-19,-2.2024049251001543e-13,6.938893903907228e-18,1.0620671009320404e-13,-1.5742615544489524e-15,nan,nan,nan,nan,nan,nan,nan
0.072177709,426.940000000,INITIALIZE_HOME,-9.043928362677422e-08,-0.785013652822397,3.745029524123899e-13,-2.3560379146623327,-1.4567069628671517e-11,1.5710351982972066,0.7849999999999993,3.903127820947816e-18,2.4797924130792737e-12,7.052227725401483e-13,-5.98310012644987e-11,-2.8776053588586148e-11,-8.93477375418783e-11,-1.6193643648243494e-15,nan,nan,nan,nan,nan,nan,nan
0.093021576,426.950000000,INITIALIZE_HOME,-9.039406968534948e-08,-0.7846211459960002,3.822404042591589e-13,-2.3556452907055814,-1.48450424765362e-11,1.5710350756971097,0.7842148500010729,4.521037548130789e-09,0.03925068264336627,6.162227846051582e-13,0.039262395677945976,-2.5184791752064228e-11,-1.225999533100569e-05,-0.07851499990480465,nan,nan,nan,nan,nan,nan,nan
0.104569901,426.960000000,INITIALIZE_HOME,-9.030815785823423e-08,-0.7838753830258274,3.8886111908623035e-13,-2.3548993051871716,-1.5085446202108585e-11,1.571034842757887,0.7827230650020283,8.590861146269037e-09,0.07457629702053832,5.202365231313233e-13,0.07459855184349559,-2.1690852239353298e-11,-2.329390927331698e-05,-0.14917849991543733,nan,nan,nan,nan,nan,nan,nan
0.116425521,426.970000000,INITIALIZE_HOME,-9.018561790210326e-08,-0.7828116895262575,3.944916296839259e-13,-2.3538352942632694,-1.5292292158270465e-11,1.5710345105134513,0.7805953085028778,1.2253705352922167e-08,0.106369349959959,4.3531259326379246e-13,0.10640109239245032,-1.8572631280133756e-11,-3.322443196026453e-05,-0.2127756499248949,nan,nan,nan,nan,nan,nan,nan
0.124964509,426.980000000,INITIALIZE_HOME,-9.003011260208013e-08,-0.7814618585502301,3.9957076547209646e-13,-2.3524850604744225,-1.5469171301547037e-11,1.571034088894322,0.7778951776536335,1.555026775987116e-08,0.13498309760541685,3.96677265687706e-13,0.1350233788864705,-1.579031523590846e-11,-4.216190252105678e-05,-0.27001308493330173,nan,nan,nan,nan,nan,nan,nan
0.135050083,426.990000000,INITIALIZE_HOME,-8.984493846828444e-08,-0.7798545038453912,4.041570090748672e-13,-2.350877226107128,-1.561929750381527e-11,1.5710335868379661,0.7746799098893056,1.8517176247098525e-08,0.16073547048630782,3.6235034070464245e-13,0.16078343673103787,-1.3308293703162555e-11,-5.0205626149005256e-05,-0.3215267764407776,nan,nan,nan,nan,nan,nan,nan
0.149746808,427.000000000,INITIALIZE_HOME,-8.963306236286319e-08,-0.778015377784622,4.082894904328455e-13,-2.349037551219232,-1.574554546728754e-11,1.5710330123881064,0.771001018901403,2.118739594143479e-08,0.1839126060790921,3.3055459411346355e-13,0.18396748879111313,-1.109474751653794e-11,-5.7444977516266094e-05,-0.3678890987974249,nan,nan,nan,nan,nan,nan,nan
0.162095018,427.010000000,INITIALIZE_HOME,-8.939715446436299e-08,-0.7759676575035162,4.1200405576351847e-13,-2.3469892198627953,-1.585762577499597e-11,1.5710323727840911,0.7669048670122846,2.3590595492903668e-08,0.2047720281125784,3.010948695231219e-13,0.2048331356451694,-9.912890820695797e-12,-6.396039384628377e-05,-0.40961518891833215,nan,nan,nan,nan,nan,nan,nan
0.174303193,427.020000000,INITIALIZE_HOME,-8.913961793574193e-08,-0.7737322024241069,4.1533357688413366e-13,-2.344753097684669,-1.595824091708195e-11,1.5710316745413364,0.7624331803120724,2.5753476713599038e-08,0.2235455079427038,2.737955261816749e-13,0.22361221781380639,-8.999261405517878e-12,-6.982426862586766e-05,-0.4471686700270854,nan,nan,nan,nan,nan,nan,nan
0.183645447,427.030000000,INITIALIZE_HOME,-8.88626156256835e-08,-0.7713277860262252,4.183081949403469e-13,-2.3423479637670233,-1.6048170491286013e-11,1.5710309235237152,0.7576235122818762,2.770007124434752e-08,0.24044163978980107,2.4849230745999096e-13,0.24051339176554126,-8.143705328145234e-12,-7.510175601466856e-05,-0.4809668030249074,nan,nan,nan,nan,nan,nan,nan
0.193168121,427.040000000,INITIALIZE_HOME,-8.856809409970683e-08,-0.7687713044417182,4.2095559058940355e-13,-2.339790719283812,-1.6128137810510788e-11,1.571030125008712,0.752509661054695,2.9452007601726664e-08,0.2556481584521791,2.2504112288934675e-13,0.255724448322072,-7.342283031563923e-12,-7.985149474189213e-05,-0.5113851227228934,nan,nan,nan,nan,nan,nan,nan
0.204735305,427.050000000,INITIALIZE_HOME,-8.825780526831782e-08,-0.7660779641892482,4.233011836017589e-13,-2.337096575291591,-1.619881358216949e-11,1.5710292837460655,0.7471220449502269,3.10287514562399e-08,0.26933402524830813,2.0330211038949164e-13,0.26941439922294036,-6.591406240263886e-12,-8.412625964965975e-05,-0.5387616104510338,nan,nan,nan,nan,nan,nan,nan
0.212819730,427.060000000,INITIALIZE_HOME,-8.793332585228632e-08,-0.7632614511356121,4.2537898735112776e-13,-2.3342792217412605,-1.626165484561241e-11,1.5710284040105396,0.7414880404562025,3.244782192652999e-08,0.28165130536481275,1.831523214340658e-13,0.281735355033708,-5.887674028870471e-12,-8.797354813056685e-05,-0.563400449406309,nan,nan,nan,nan,nan,nan,nan
0.223442812,427.070000000,INITIALIZE_HOME,-8.759607490149267e-08,-0.7603340825609263,4.2724457825771197e-13,-2.331350979588632,-1.6317441673026937e-11,1.5710274896494212,0.735632286411577,3.3724986242674934e-08,0.2927368574696588,1.6441730789351627e-13,0.292824215263371,-5.223783211549815e-12,-9.143610781829625e-05,-0.5855754044660252,nan,nan,nan,nan,nan,nan,nan
0.232665764,427.080000000,INITIALIZE_HOME,-8.724732956187466e-08,-0.7573069440172959,4.2891181264211656e-13,-2.3283229376939367,-1.636657589315697e-11,1.5710265441252693,0.7295769577714105,3.487443491552878e-08,0.3027138543640123,1.4682721184711145e-13,0.30280418947005033,-4.59587836537656e-12,-9.455241158497912e-05,-0.6055328640197329,nan,nan,nan,nan,nan,nan,nan
0.242832008,427.090000000,INITIALIZE_HOME,-8.688823926570861e-08,-0.7541900125016158,4.3039361029110966e-13,-2.3252050760313816,-1.640943453860903e-11,1.571025570554386,0.7233420119952585,3.590893942210984e-08,0.31169315156892347,1.303091749088603e-13,0.31178616625606015,-4.0018873631586516e-12,-9.735708501670826e-05,-0.6234945776180351,nan,nan,nan,nan,nan,nan,nan
0.253871999,427.100000000,INITIALIZE_HOME,-8.651983850286173e-08,-0.7509922673110905,4.317020297012536e-13,-2.3220063765777517,-1.6446371753180742e-11,1.5710245717414457,0.7169454107967188,3.6839994083538025e-08,0.3197745190533406,1.148004217729759e-13,0.3198699453634623,-3.4398699166882096e-12,-9.988129113885219e-05,-0.639660119856484,nan,nan,nan,nan,nan,nan,nan
0.265594658,427.110000000,INITIALIZE_HOME,-8.614305831495695e-08,-0.7477217898132047,4.3284833226367355e-13,-2.3187349231121552,-1.6477720140608316e-11,1.5710235502106527,0.710403319718031,3.7677943820913634e-08,0.327047749789308,1.0023958659649557e-13,0.32714534656011174,-2.9080253829971703e-12,-0.0001021530766917994,-0.6542091078710588,nan,nan,nan,nan,nan,nan,nan
0.276708641,427.120000000,INITIALIZE_HOME,-8.57587366401171e-08,-0.7443858532386947,4.3384305317087974e-13,-2.315397991035789,-1.6503792415155965e-11,1.5710225082337923,0.7037302877472096,3.84320990563531e-08,0.33359365745167296,8.657397715383652e-14,0.333693207637092,-2.4047109789537835e-12,-0.00010419768371956739,-0.6673031970841542,nan,nan,nan,nan,nan,nan,nan
0.286935878,427.130000000,INITIALIZE_HOME,-8.536762762322622e-08,-0.7409910034952227,4.346960388217418e-13,-2.312002128209729,-1.652488273735296e-11,1.5710214478554703,0.6969394089734688,3.911083917851072e-08,0.33948497434779773,7.374764861289851e-14,0.3395862826063693,-1.928297799214107e-12,-0.00010603783007362422,-0.6790878773759151,nan,nan,nan,nan,nan,nan,nan
0.302073462,427.140000000,INITIALIZE_HOME,-8.497040999521321e-08,-0.7375431318996852,4.3541649018957647e-13,-2.3085532277089458,-1.6541267690642936e-11,1.5710203709158335,0.6900424680771007,3.972170564551288e-08,0.3447871595543056,6.171452238135089e-14,0.3448900500787087,-1.4773156656322506e-12,-0.0001076939618145159,-0.6896940896384856,nan,nan,nan,nan,nan,nan,nan
0.316813687,427.150000000,INITIALIZE_HOME,-8.456769461440258e-08,-0.7340475406372887,4.3601305075094315e-13,-2.305056593300909,-1.65532075312522e-11,1.5710192790710127,0.683050071270368,4.027148577264404e-08,0.34955912624015967,5.042862828708028e-14,0.34966344080380823,-1.0503811362361226e-12,-0.00010918448040918294,-0.6992396806747833,nan,nan,nan,nan,nan,nan,nan
0.334380075,427.160000000,INITIALIZE_HOME,-8.416003125369972e-08,-0.7305090016747191,4.364937871868456e-13,-2.301516998376347,-1.6560947288871726e-11,1.5710181738115265,0.6759717641443068,4.076628814728145e-08,0.35385389625742536,3.984421299840779e-14,0.35395949245636904,-6.460882176484439e-13,-0.00011052594716498554,-0.7078307126074372,nan,nan,nan,nan,nan,nan,nan
0.347865801,427.170000000,INITIALIZE_HOME,-8.374791470912691e-08,-0.7269318097819937,4.3686628208201754e-13,-2.297938738986913,-1.656471764009046e-11,1.5710170564788397,0.6688161377308512,4.121161050548057e-08,0.3577191892729616,2.992354627973093e-14,0.3578259389436761,-2.6327724722552404e-13,-0.00011173326726605926,-0.7155626413468077,nan,nan,nan,nan,nan,nan,nan
0.360668730,427.180000000,INITIALIZE_HOME,-8.333179029746024e-08,-0.7233198302521281,4.371376384785717e-13,-2.2943256815790916,-1.6564735760144528e-11,1.571015928280274,0.66159092395874,4.161240081148026e-08,0.36119795298694124,2.0629765257185184e-14,0.36130574078226035,9.924699950758509e-14,-0.00011281985536369665,-0.7225213772122343,nan,nan,nan,nan,nan,nan,nan
0.370288394,427.190000000,INITIALIZE_HOME,-8.29120588040806e-08,-0.7196765418488364,4.3731452432828917e-13,-2.2906813059547217,-1.65612064981924e-11,1.571014790302416,0.654303081563839,4.197311223520968e-08,0.3643288403295206,1.1925898636688803e-14,0.36443756243697406,4.426008171076745e-13,-0.00011379778467345003,-0.7287842394911074,nan,nan,nan,nan,nan,nan,nan
0.381612698,427.200000000,INITIALIZE_HOME,-8.248908093615645e-08,-0.7160050754594613,4.3740320404290236e-13,-2.287008743935462,-1.6554322980131298e-11,1.571013643523196,0.646958873408427,4.229775263408283e-08,0.3671466389378406,3.779637193501717e-15,0.3672562019261953,7.678215702133784e-13,-0.00011467792106127639,-0.7344208155420818,nan,nan,nan,nan,nan,nan,nan
0.394937416,427.210000000,INITIALIZE_HOME,-8.206318133041276e-08,-0.712308248882611,4.374095589855161e-13,-2.2833108141607985,-1.654426702493082e-11,1.5710124888227495,0.6395639360685553,4.258992907944705e-08,0.3696826576853272,-3.840894616247148e-15,0.3697929774665131,1.0759431540163789e-12,-0.00011547004382898851,-0.7394937339879478,nan,nan,nan,nan,nan,nan,nan
0.415036445,427.220000000,INITIALIZE_HOME,-8.163465216011805e-08,-0.7085885981370331,4.3733911414198126e-13,-2.279590053406271,-1.6531210297356697e-11,1.5710113269931978,0.6321233424626705,4.2852887946259396e-08,0.37196507455806366,-1.0964102889476912e-14,0.3720760754527947,1.3678077767642627e-12,-0.00011618295432929554,-0.7440593605892188,nan,nan,nan,nan,nan,nan,nan
0.427235307,427.230000000,INITIALIZE_HOME,-8.120375638146786e-08,-0.7048484056396004,4.371970753090289e-13,-2.2758487447698665,-1.6515314975839335e-11,1.5710101587474525,0.624641658217373,4.308955096345938e-08,0.3740192497435232,-1.76181768826722e-14,0.37413086364043424,1.6442949432593501e-12,-0.00011682457378168337,-0.7481684245303589,nan,nan,nan,nan,nan,nan,nan
0.437785189,427.240000000,INITIALIZE_HOME,-8.077073065520605e-08,-0.7010897255654983,4.3698834763412784e-13,-2.272088943039773,-1.649673392941562e-11,1.5710089847271338,0.6171229923966051,4.330254769688291e-08,0.37586800741043747,-2.3825125899934463e-14,0.3759801730092986,1.9062616068987737e-12,-0.00011740203129866761,-0.7518665820773726,nan,nan,nan,nan,nan,nan,nan
0.451487297,427.250000000,INITIALIZE_HOME,-8.033578797621292e-08,-0.697314406672394,4.367175167503667e-13,-2.26831249752536,-1.647561133268836e-11,1.5710078055096974,0.6095710431579137,4.3494244750513084e-08,0.3775318893106581,-2.9615524442527796e-14,0.3776445514412726,2.154470178650225e-12,-0.00011792174308110359,-0.7551949238696819,nan,nan,nan,nan,nan,nan,nan
0.461648040,427.260000000,INITIALIZE_HOME,-7.989912004005824e-08,-0.6935241128421874,4.363889444030852e-13,-2.2645210726050586,-1.6452083712731918e-11,1.5710066216148557,0.601989138843091,4.3666772081693214e-08,0.37902938302085687,-3.500737026651546e-14,0.37914249203004846,2.389644905564925e-12,-0.000118389483685373,-0.7581904314827576,nan,nan,nan,nan,nan,nan,nan
0.477995540,427.270000000,INITIALIZE_HOME,-7.946089937291e-08,-0.689720341568589,4.360067192270961e-13,-2.2607161662194595,-1.6426279829396302e-11,1.5710054335103494,0.5943802749597503,4.382204663077108e-08,0.380377127360034,-4.0022672675998905e-14,0.3804906385599413,2.612524779843639e-12,-0.00011881045023866971,-0.7608863883345204,nan,nan,nan,nan,nan,nan,nan
0.495272786,427.280000000,INITIALIZE_HOME,-7.902128124845629e-08,-0.6859044405959378,4.355747124746764e-13,-2.2568991265150897,-1.63983212295513e-11,1.5710042416171432,0.5867471474647428,4.3961793676845946e-08,0.38159009726529325,-4.467910416638965e-14,0.38170397043685367,2.823664045636942e-12,-0.00011918932014614442,-0.7633127495011052,nan,nan,nan,nan,nan,nan,nan
0.509965128,427.290000000,INITIALIZE_HOME,-7.858040541319814e-08,-0.6820776228941392,4.3509656272831706e-13,-2.2530711668238275,-1.636832296526201e-11,1.5710030463141096,0.5790921827192358,4.4087565939134044e-08,0.3826817701800258,-4.900008350461338e-14,0.38279596912606295,3.023822511827312e-12,-0.00011953030305552476,-0.7654964745510194,nan,nan,nan,nan,nan,nan,nan
0.519577022,427.300000000,INITIALIZE_HOME,-7.813839763909751e-08,-0.6782409801361079,4.3457571059519223e-13,-2.249233379144364,-1.6336393834915398e-11,1.571001847942229,0.5714175644482792,4.4200760889942514e-08,0.3836642758032846,-5.300176530304013e-14,0.3837787679463413,3.2134017668994375e-12,-0.00011983718768782126,-0.7674618270959411,nan,nan,nan,nan,nan,nan,nan
0.528762606,427.310000000,INITIALIZE_HOME,-7.769537112103421e-08,-0.6743954948274672,4.3401541497019196e-13,-2.2453867462755177,-1.630263664082674e-11,1.5710006468083868,0.5637252580044181,4.43026362427143e-08,0.38454853086421686,-5.6697485248391466e-14,0.3846632868846078,3.3931225884575866e-12,-0.00012011338385269077,-0.7692306443863669,nan,nan,nan,nan,nan,nan,nan
0.540343826,427.320000000,INITIALIZE_HOME,-7.725142773450188e-08,-0.670542051223278,4.3341874295284196e-13,-2.241532152736226,-1.6267148408682134e-11,1.5709994431887802,0.556017032204943,4.439432395731812e-08,0.38534436041905684,-6.010675897977213e-14,0.38545935392904146,3.563405646944684e-12,-0.00012036196040230568,-0.7708225799477474,nan,nan,nan,nan,nan,nan,nan
0.550678433,427.330000000,INITIALIZE_HOME,-7.680665916759098e-08,-0.6666814451530951,4.327886114806671e-13,-2.2376703945935352,-1.6230021366789892e-11,1.5709982373319855,0.5482944789854152,4.447684276952246e-08,0.3860606070184117,-6.324389796585894e-14,0.38617581426902314,3.7247739614887365e-12,-0.00012058567930703368,-0.7722553219529892,nan,nan,nan,nan,nan,nan,nan
0.566733635,427.340000000,INITIALIZE_HOME,-7.636114793967672e-08,-0.6628143928635181,4.3212776846407346e-13,-2.2338021883077843,-1.6191342446480216e-11,1.5709970294617195,0.5405590310878405,4.45511095606985e-08,0.3867052289578296,-6.611952738794225e-14,0.38682062857500904,3.877713254663018e-12,-0.00012078702632961624,-0.7735447897577031,nan,nan,nan,nan,nan,nan,nan
0.577381628,427.350000000,INITIALIZE_HOME,-7.591496831827654e-08,-0.6589415389764862,4.31438832901829e-13,-2.229928178693279,-1.6151194051455017e-11,1.5709958197793321,0.5328119779800229,4.461794953132276e-08,0.3872853887033063,-6.874991027860933e-14,0.3874009614503943,4.022668483039116e-12,-0.00012096823864046757,-0.7747053107819492,nan,nan,nan,nan,nan,nan,nan
0.590822106,427.360000000,INITIALIZE_HOME,-7.546818714426914e-08,-0.655063463651745,4.3072426333078003e-13,-2.226048946082897,-1.6109654198300548e-11,1.570994608466034,0.5250544801829871,4.4678105343511944e-08,0.38780753247423566,-7.11453465584988e-14,0.38792326103823394,4.159977050333108e-12,-0.00012113132973796265,-0.7757497797037656,nan,nan,nan,nan,nan,nan,nan
0.616857200,427.370000000,INITIALIZE_HOME,-7.502086457452198e-08,-0.6511806890330653,4.2998641225280044e-13,-2.222165012776224,-1.6066796628377046e-11,1.5709933956849147,0.5172875821656545,4.473224541321798e-08,0.38827746186807127,-7.331656982911827e-14,0.3883933306673056,4.290124679118268e-12,-0.0001212781117279696,-0.7766898017334005,nan,nan,nan,nan,nan,nan,nan
0.629613819,427.380000000,INITIALIZE_HOME,-7.457305475031548e-08,-0.6472936850498411,4.2922749837921593e-13,-2.2182768488428897,-1.6022691187723188e-11,1.5709921815827588,0.5095122239500555,4.478097129613848e-08,0.388700398322523,-7.527875892088254e-14,0.3888163933334717,4.413432293237651e-12,-0.00012141021550376302,-0.7775358215600685,nan,nan,nan,nan,nan,nan,nan
0.647462781,427.390000000,INITIALIZE_HOME,-7.412480639890106e-08,-0.6434028746385267,4.2844963698846503e-13,-2.214384877345558,-1.597740400486523e-11,1.5709909662916686,0.5017292515560162,4.48248244016387e-08,0.3890810411315304,-7.703700958400228e-14,0.3891971497330178,4.530284133941187e-12,-0.00012152910891537888,-0.7782972394040714,nan,nan,nan,nan,nan,nan,nan
0.656653073,427.400000000,INITIALIZE_HOME,-7.367616337485202e-08,-0.6395086384419313,4.276548323366839e-13,-2.210489479040632,-1.5930997837761736e-11,1.5709897499305379,0.49393942640138067,4.486429200476101e-08,0.3894236196596365,-7.86022722604196e-14,0.3895398304925885,4.640986379922385e-12,-0.00012163611298428301,-0.7789825154636721,nan,nan,nan,nan,nan,nan,nan
0.667730859,427.410000000,INITIALIZE_HOME,-7.322716514741012e-08,-0.6356113190385828,4.2684500606380307e-13,-2.2065909966088686,-1.588353202436392e-11,1.5709885326063708,0.48614343376220864,4.489981264023911e-08,0.38973194033493186,-7.998473845055587e-14,0.3898482431762168,4.745834801533899e-12,-0.00012173241664786838,-0.7795992639173099,nan,nan,nan,nan,nan,nan,nan
0.677625183,427.420000000,INITIALIZE_HOME,-7.277784723892868e-08,-0.6317112247491566,4.2602196087277454e-13,-2.2026897384629534,-1.5835062859050663e-11,1.5709873144154707,0.47834189038695357,4.493178100851286e-08,0.39000942894269736,-8.119297335157372e-14,0.3901258145914694,4.845193690705685e-12,-0.00012181908994590013,-0.7801543375255836,nan,nan,nan,nan,nan,nan,nan
0.686944675,427.430000000,INITIALIZE_HOME,-7.232824161961279e-08,-0.6278086330622606,4.251874294270903e-13,-2.198785982174301,-1.578564351456595e-11,1.5709860954445103,0.47053535134922414,4.4960552315464336e-08,0.3902591686896863,-8.223456637868054e-14,0.39037562886520233,4.93932672540609e-12,-0.00012189709591488296,-0.780653903773027,nan,nan,nan,nan,nan,nan,nan
0.696491859,427.440000000,INITIALIZE_HOME,-7.187837706274939e-08,-0.6239037937176417,4.2434307033923377e-13,-2.1948799775571834,-1.573532459019149e-11,1.570984875771497,0.4627243162152676,4.49864462617397e-08,0.3904839344619774,-8.311450486186978e-14,0.39060046171156304,5.028468093304372e-12,-0.00012196730128123667,-0.7811035133957269,nan,nan,nan,nan,nan,nan,nan
0.706299362,427.450000000,INITIALIZE_HOME,-7.142827946434495e-08,-0.6199969314810722,4.23490453642371e-13,-2.19097194944445,-1.5684153867150704e-11,1.5709836554666348,0.4549092345947069,4.500975057627251e-08,0.39068622365703937,-8.384243820047654e-14,0.3908028112732709,5.112942187690539e-12,-0.00012203048611867523,-0.7815081620561558,nan,nan,nan,nan,nan,nan,nan
0.720928562,427.460000000,INITIALIZE_HOME,-7.097797213090147e-08,-0.6160882486417469,4.2263107922178737e-13,-2.1870621001856603,-1.5632176811678545e-11,1.5709824345931096,0.44709051113620213,4.5030724214680136e-08,0.39086828393259665,-8.442476318731851e-14,0.39098492587881817,5.192922480912188e-12,-0.00012208735246586194,-0.7818723458505429,nan,nan,nan,nan,nan,nan,nan
0.731571836,427.470000000,INITIALIZE_HOME,-7.052747603832037e-08,-0.6121779272599418,4.2176638147695703e-13,-2.1831506118954223,-1.5579436390273416e-11,1.5709812132077874,0.43926851002354755,4.504960023651947e-08,0.39103213818059657,-8.486820187586508e-14,0.39114882902380266,5.268686528725475e-12,-0.0001221385321817925,-0.7822001112654897,nan,nan,nan,nan,nan,nan,nan
0.741278737,427.480000000,INITIALIZE_HOME,-7.007681006501432e-08,-0.6082661311899046,4.208977349593942e-13,-2.1792376484768785,-1.552597339842731e-11,1.5709799913618474,0.43144355902215853,4.5066588398373283e-08,0.3911796070037976,-8.51768742343717e-14,0.3912963418543071,5.340382649987596e-12,-0.00012218459392920183,-0.7824951001389381,nan,nan,nan,nan,nan,nan,nan
0.751650272,427.490000000,INITIALIZE_HOME,-6.962599120161228e-08,-0.6043530079004585,4.2002645296319047e-13,-2.175323357442861,-1.5471826331388874e-11,1.570978769101352,0.42361595312090844,4.5081877469163936e-08,0.3913123289446782,-8.535750231630779e-14,0.3914291034017489,5.408308349774682e-12,-0.00012222604949860966,-0.7827605901250424,nan,nan,nan,nan,nan,nan,nan
0.776218369,427.500000000,INITIALIZE_HOME,-6.917503473976741e-08,-0.6004386901135444,4.1915379869229713e-13,-2.171407871554917,-1.541703170421992e-11,1.5709775464677571,0.41578595780978334,4.509563736277908e-08,0.39143177869147094,-8.541344714840804e-14,0.3915485887944542,5.472565109410077e-12,-0.00012226335951296546,-0.7829995311125363,nan,nan,nan,nan,nan,nan,nan
0.787802039,427.510000000,INITIALIZE_HOME,-6.872395444201844e-08,-0.5965232972789093,4.1828097138273703e-13,-2.1674913102984363,-1.5361624464659594e-11,1.5709763234983711,0.40795381202977077,4.51080209767701e-08,0.3915392834635835,-8.535067184262113e-14,0.39165612564788926,5.533437423543841e-12,-0.0001222969385313577,-0.7832145780012789,nan,nan,nan,nan,nan,nan,nan
0.797813851,427.520000000,INITIALIZE_HOME,-6.827276269477261e-08,-0.5926069369013252,4.1740913492554236e-13,-2.163573781210275,-1.5305637435410793e-11,1.570975100226775,0.4001197308277594,4.511916593553239e-08,0.39163603775848577,-8.517600687263371e-14,0.39175290881595903,5.591032845031485e-12,-0.00012232715964025087,-0.7834081202011483,nan,nan,nan,nan,nan,nan,nan
0.818102258,427.530000000,INITIALIZE_HOME,-6.782147064579868e-08,-0.5886897057350868,4.1653940084478033e-13,-2.159655381073602,-1.5249101839761348e-11,1.5709738766831882,0.3922839077459493,4.512919610092422e-08,0.3917231166238985,-8.489205432365976e-14,0.391840013667222,5.64555346915796e-12,-0.00012235435864612482,-0.7835823081810297,nan,nan,nan,nan,nan,nan,nan
0.835018563,427.540000000,INITIALIZE_HOME,-6.737008832826638e-08,-0.5847716908590599,4.15672849656336e-13,-2.155736196993267,-1.5192047153265214e-11,1.5709726528948107,0.38444651697232046,4.513822293651833e-08,0.39180148760276984,-8.449848893504752e-14,0.3919184080333642,5.697181441888244e-12,-0.00012237883774738473,-0.7837390773629233,nan,nan,nan,nan,nan,nan,nan
0.846911202,427.550000000,INITIALIZE_HOME,-6.691862477203407e-08,-0.580852970644223,4.148105054975816e-13,-2.151816307363636,-1.513450153915801e-11,1.5709714288861205,0.3766077152760544,4.514634677275746e-08,0.3918720214837564,-8.400712851047709e-14,0.39198896296289,5.745963600756188e-12,-0.00012240086893790247,-0.7838801696266302,nan,nan,nan,nan,nan,nan,nan
0.858345640,427.560000000,INITIALIZE_HOME,-6.646708810406647e-08,-0.5769336156244572,4.1395336550925524e-13,-2.147895782739641,-1.507649158728119e-11,1.5709702046791512,0.36876764374941495,4.515365789787857e-08,0.391935501976643,-8.341547938495175e-14,0.39205246239945163,5.792134133431048e-12,-0.0001224206970036404,-0.7840071526639647,nan,nan,nan,nan,nan,nan,nan
0.869843351,427.570000000,INITIALIZE_HOME,-6.601548563872384e-08,-0.5730136892802555,4.1310239105342306e-13,-2.143974686620716,-1.501804253786132e-11,1.570968980293729,0.3609264293754393,4.516023757001556e-08,0.39199263442024046,-8.27277699469442e-14,0.3921096118923747,5.835787582342267e-12,-0.000122438542277524,-0.7841214373975649,nan,nan,nan,nan,nan,nan,nan
0.881727254,427.580000000,INITIALIZE_HOME,-6.556382395902957e-08,-0.5690932487440614,4.1225851465237374e-13,-2.1400530761563554,-1.495917840987965e-11,1.5709677557476993,0.35308418643886125,4.516615894018059e-08,0.3920440536194795,-8.194898752644786e-14,0.39216104643599636,5.877046245494899e-12,-0.0001224546030230353,-0.7842242936578036,nan,nan,nan,nan,nan,nan,nan
0.890193461,427.590000000,INITIALIZE_HOME,-6.511210898977775e-08,-0.5651723454350741,4.1142263261604317e-13,-2.1361310027811014,-1.4899921694893412e-11,1.5709665310571228,0.3452410177959411,4.517148780621826e-08,0.39209033089879464,-8.107902370324549e-14,0.39220733752526127,5.916109616088683e-12,-0.00012246905769067867,-0.7843168642920184,nan,nan,nan,nan,nan,nan,nan
0.900765348,427.600000000,INITIALIZE_HOME,-6.466034606334003e-08,-0.561251025630573,4.1059562087136666e-13,-2.132208512786045,-1.48402940439863e-11,1.5709653062364535,0.3373970160173132,4.5176283432679307e-08,0.39213198045017816,-8.012275738711327e-14,0.3922489995055891,5.953026266380945e-12,-0.00012248206689208924,-0.7844001778628122,nan,nan,nan,nan,nan,nan,nan
0.915625477,427.610000000,INITIALIZE_HOME,-6.420853997896506e-08,-0.5573293309801095,4.097783066646017e-13,-2.128285647833164,-1.4780315788984818e-11,1.5709640812987022,0.32955226441654817,4.51805991279414e-08,0.3921694650464246,-7.908430854630666e-14,0.3922864952878938,5.987920229100219e-12,-0.00012249377516510007,-0.7844751600765288,nan,nan,nan,nan,nan,nan,nan
0.929969833,427.620000000,INITIALIZE_HOME,-6.375669505608487e-08,-0.5534072989682797,4.0897152287985727e-13,-2.1243624454182424,-1.472000632409743e-11,1.570962856255576,0.3217068379758597,4.51844828680591e-08,0.39220320118304647,-7.796465296278088e-14,0.39232024149194966,6.0208392091420926e-12,-0.00012250431261874584,-0.7845426440688741,nan,nan,nan,nan,nan,nan,nan
0.940330207,427.630000000,INITIALIZE_HOME,-6.330481518223893e-08,-0.5494849633312202,4.0817606694783117e-13,-2.120438939287486,-1.4659383975810296e-11,1.5709616311176136,0.3138608041792401,4.518797784331015e-08,0.3922335637060058,-7.676444115783942e-14,0.3923506130755992,6.051994842770636e-12,-0.00012251379631936926,-0.7846033796619839,nan,nan,nan,nan,nan,nan,nan
0.953420079,427.640000000,INITIALIZE_HOME,-6.285290385634707e-08,-0.5455623544314541,4.073927143983374e-13,-2.116515159812476,-1.4598466066204693e-11,1.5709604058942974,0.30601422376228216,4.5191122918222457e-08,0.3922608899766693,-7.548519101452378e-14,0.39237794750090077,6.081389732071063e-12,-0.00012252233166067106,-0.7846580416957837,nan,nan,nan,nan,nan,nan,nan
0.974980035,427.650000000,INITIALIZE_HOME,-6.240096422752478e-08,-0.541639499595252,4.06622229810748e-13,-2.112591134327639,-1.4537269082959888e-11,1.5709591805941627,0.2981671513870201,4.519395307219388e-08,0.3922854836202663,-7.412982987869965e-14,0.3924025484836623,6.109156583389286e-12,-0.00012253001346441972,-0.7847072375261999,nan,nan,nan,nan,nan,nan,nan
0.986350054,427.660000000,INITIALIZE_HOME,-6.194899913004647e-08,-0.5377164234162576,4.058653409015611e-13,-2.108666887433956,-1.4475808685424703e-11,1.5709579552248922,0.29031963624928464,4.519649979641861e-08,0.39230761789950486,-7.269955037275677e-14,0.39242468936815567,6.135346571067846e-12,-0.0001225369270823895,-0.7847515137735751,nan,nan,nan,nan,nan,nan,nan
0.997999055,427.670000000,INITIALIZE_HOME,-6.149701111491022e-08,-0.53379314802875,4.051227748451738e-13,-2.104742441272313,-1.4414099514665276e-11,1.5709567297933984,0.2824717226253224,4.519879140798058e-08,0.39232753875082005,-7.119912298625408e-14,0.39244461616418874,6.160095003537869e-12,-0.00012254314933971,-0.7847913623962165,nan,nan,nan,nan,nan,nan,nan
1.010718399,427.680000000,INITIALIZE_HOME,-6.104500247805537e-08,-0.5298696933535806,4.043952360477377e-13,-2.1008178157695054,-1.4352155628013292e-11,1.5709555043059047,0.2746234503637566,4.520085341219379e-08,0.3923454675170038,-6.962670457549835e-14,0.39246255028062177,6.183462596121014e-12,-0.00012254874936546561,-0.7848272261565897,nan,nan,nan,nan,nan,nan,nan
1.021389029,427.690000000,INITIALIZE_HOME,-6.059297528603962e-08,-0.5259460773195155,4.0368342230177073e-13,-2.09689302885965,-1.4289990378502706e-11,1.5709542787680113,0.26677485532834755,4.520270875955825e-08,0.3923616034065701,-6.798348776287932e-14,0.3924786909854079,6.205534350267605e-12,-0.00012255378939222267,-0.784859503540927,nan,nan,nan,nan,nan,nan,nan
1.030854647,427.700000000,INITIALIZE_HOME,-6.014093139877095e-08,-0.5220223160624443,4.0298802315985484e-13,-2.092968096683452,-1.4227616479054521e-11,1.5709530531847566,0.2589259697964794,4.520437810846215e-08,0.3923761257071794,-6.627044833035223e-14,0.3924932176197114,6.226247815932506e-12,-0.00012255832542204526,-0.7848885531868323,nan,nan,nan,nan,nan,nan,nan
1.040752137,427.710000000,INITIALIZE_HOME,-5.968887249029881e-08,-0.5180984241046677,4.0230969554008625e-13,-2.089043033767546,-1.416504573966615e-11,1.5709518275606789,0.2510768228177981,4.5205880043648616e-08,0.39238919577772846,-6.449062204400002e-14,0.39250629159058886,6.245845854402354e-12,-0.00012256240783876243,-0.7849146978681472,nan,nan,nan,nan,nan,nan,nan
1.055770774,427.720000000,INITIALIZE_HOME,-5.923680006742526e-08,-0.5141744145162561,4.0164909646898144e-13,-2.0851178531859005,-1.4102289449917983e-11,1.5709506018998594,0.24322744053698475,4.520723128318988e-08,0.39240095884122306,-6.264574362729869e-14,0.3925180581643858,6.264344078188433e-12,-0.00012256608202161623,-0.78493822808133,nan,nan,nan,nan,nan,nan,nan
1.063609917,427.730000000,INITIALIZE_HOME,-5.878471548636797e-08,-0.5102502990602731,4.0100687950361003e-13,-2.081192566705091,-1.4039358303512884e-11,1.5709493762059712,0.23537784648425275,4.520844690833817e-08,0.39241154559836905,-6.073863200589669e-14,0.3925286480807879,6.2817364157585764e-12,-0.0001225693887891982,-0.7849594052731929,nan,nan,nan,nan,nan,nan,nan
1.073498751,427.740000000,INITIALIZE_HOME,-5.833261996787017e-08,-0.5063260883234758,4.003836811790675e-13,-2.0772671849150353,-1.397626234536714e-11,1.570948150482322,0.22752806183679405,4.520954044700924e-08,0.3924210736798013,-5.876245670610736e-14,0.39253817900554816,6.2981148074570115e-12,-0.00012257236486997586,-0.7849784647458692,nan,nan,nan,nan,nan,nan,nan
1.083027712,427.750000000,INITIALIZE_HOME,-5.788051461067805e-08,-0.5024017918339455,3.9978012718842764e-13,-2.073341717346656,-1.3913011276054435e-11,1.5709469247318895,0.2196781056540813,4.521052409973015e-08,0.3924296489530908,-5.6720795595099904e-14,0.3925467568378446,6.313541703328873e-12,-0.0001225750433395678,-0.7849956182712786,nan,nan,nan,nan,nan,nan,nan
1.093315581,427.760000000,INITIALIZE_HOME,-5.7428400403846924e-08,-0.4984774181669557,3.99196853633105e-13,-2.0694161725777858,-1.384961417425007e-11,1.5709456989573498,0.21182799508963976,4.521140883916898e-08,0.39243736669904994,-5.46156002367848e-14,0.39255447688690454,6.328052665205419e-12,-0.0001225774539741903,-0.7850110564441464,nan,nan,nan,nan,nan,nan,nan
1.106167932,427.770000000,INITIALIZE_HOME,-5.6976278237644466e-08,-0.49455297504025214,3.986344774241357e-13,-2.065490558328474,-1.3786079521017125e-11,1.5709444731611142,0.2039777455816424,4.521220455238218e-08,0.3924443126704153,-5.245240006224172e-14,0.392561424931059,6.341758715389112e-12,-0.00012257962353909996,-0.7850249507997276,nan,nan,nan,nan,nan,nan,nan
1.119117934,427.780000000,INITIALIZE_HOME,-5.652414891344559e-08,-0.49062846939980637,3.980936026789702e-13,-2.0615648815467655,-1.3722415632619944e-11,1.5709432473453526,0.19612737102444486,4.5212920113672957e-08,0.3924505640446435,-5.0223930916915016e-14,0.392567678170794,6.354597403834816e-12,-0.0001225815761439833,-0.7850374557197505,nan,nan,nan,nan,nan,nan,nan
1.136456523,427.790000000,INITIALIZE_HOME,-5.607201315262257e-08,-0.4867039074969925,3.975748435981393e-13,-2.057639148485898,-1.3658629973573641e-11,1.5709420215120178,0.18827688392296704,4.521356352879015e-08,0.39245619028144973,-4.79362643329706e-14,0.39257330608655766,6.3667040389736584e-12,-0.00012258333348921097,-0.7850487101477719,nan,nan,nan,nan,nan,nan,nan
1.157175082,427.800000000,INITIALIZE_HOME,-5.561987160458998e-08,-0.4827792949580474,3.970788011549073e-13,-2.05371336477379,-1.3594729819308478e-11,1.5709407956628667,0.18042629553163714,4.521414199705302e-08,0.39246125389457537,-4.558278667715632e-14,0.3925783712107292,6.378080355529114e-12,-0.00012258491509901243,-0.7850588391329905,nan,nan,nan,nan,nan,nan,nan
1.167052600,427.810000000,INITIALIZE_HOME,-5.516772485392729e-08,-0.47885463684658414,3.966060744793945e-13,-2.0497875354755637,-1.3530722084432229e-11,1.5709395697994815,0.17257561597944032,4.521466200242425e-08,0.39246581114638973,-4.317043684337607e-14,0.39258292982249876,6.388813089674983e-12,-0.00012258633854827367,-0.7850679552196882,nan,nan,nan,nan,nan,nan,nan
1.176970457,427.820000000,INITIALIZE_HOME,-5.471557342693356e-08,-0.4749299377198546,3.9615726053331714e-13,-2.0458616651498316,-1.346661309548141e-11,1.5709383439232854,0.16472485438246312,4.52151293659853e-08,0.39246991267302245,-4.069856431032637e-14,0.39258703257308303,6.398872751112172e-12,-0.00012258761965567438,-0.7850761596977168,nan,nan,nan,nan,nan,nan,nan
1.187157254,427.830000000,INITIALIZE_HOME,-5.426341779746899e-08,-0.4710052016793853,3.9573295194158274e-13,-2.0419357578993456,-1.340240920327867e-11,1.5709371180355585,0.15687401894518369,4.52155493359252e-08,0.39247360404699266,-3.816456699279325e-14,0.39259072504860787,6.408302707927582e-12,-0.00012258877265401702,-0.7850835437279419,nan,nan,nan,nan,nan,nan,nan
1.196847384,427.840000000,INITIALIZE_HOME,-5.381125839213429e-08,-0.46708043241655034,3.953337420880403e-13,-2.038009817416579,-1.3338116038736408e-11,1.5709358921374554,0.14902311705163218,4.521592663806438e-08,0.392476926283566,-3.5570179614252684e-14,0.3925940482765925,6.4171810226776316e-12,-0.0001225898103421122,-0.7850901893551446,nan,nan,nan,nan,nan,nan,nan
1.206744869,427.850000000,INITIALIZE_HOME,-5.33590955950471e-08,-0.46315563325358616,3.949602190439482e-13,-2.034083847024761,-1.3273739099193323e-11,1.5709346662300132,0.14117215534743585,4.5216265516837516e-08,0.39247991629648343,-3.2916377956659915e-14,0.39259703918177347,6.42553371621446e-12,-0.00012259074427065086,-0.7850961704196254,nan,nan,nan,nan,nan,nan,nan
1.217616192,427.860000000,INITIALIZE_HOME,-5.290692975211205e-08,-0.45923080718050574,3.946129578701387e-13,-2.030157849714795,-1.320928334422383e-11,1.570933440314165,0.13332113981365926,4.5216569804357176e-08,0.39248260730810874,-3.020673988718414e-14,0.3925997309964344,6.433308746833788e-12,-0.00012259158480709687,-0.7851015533776595,nan,nan,nan,nan,nan,nan,nan
1.227815026,427.870000000,INITIALIZE_HOME,-5.245476117482465e-08,-0.45530595688832065,3.942925656114083e-13,-2.026231828178497,-1.3144753662278684e-11,1.5709322143907531,0.1254700758332604,4.52168429319064e-08,0.392485029218572,-2.7432158107576488e-14,0.39260215362961715,6.440712546629257e-12,-0.0001225923412834229,-0.7851063980398908,nan,nan,nan,nan,nan,nan,nan
1.236957164,427.880000000,INITIALIZE_HOME,-5.2002590143710946e-08,-0.45138108479894146,3.9399963120637685e-13,-2.022305784838502,-1.3080154459555512e-11,1.5709309884605314,0.11761896825090143,4.5217087993581345e-08,0.39248720893798905,-2.459935467130636e-14,0.39260433399947836,6.447642766915784e-12,-0.00012259302212009465,-0.7851107582358984,nan,nan,nan,nan,nan,nan,nan
1.246725198,427.890000000,INITIALIZE_HOME,-5.155041691143122e-08,-0.44745619309208745,3.937347308000789e-13,-2.018379721875178,-1.301549005378105e-11,1.5709297625241834,0.10976782142677834,4.5217307780335246e-08,0.3924891706854655,-2.1705510652725302e-14,0.3926062963323701,6.454111550757702e-12,-0.00012259363485976615,-0.7851146824123062,nan,nan,nan,nan,nan,nan,nan
1.256934677,427.900000000,INITIALIZE_HOME,-5.109824170557656e-08,-0.4435312837295062,3.934984522469324e-13,-2.0144536412508565,-1.2950764512881848e-11,1.5709285365823198,0.10191663928506763,4.52175047965667e-08,0.39249093625819437,-1.874965026987807e-14,0.39260806243196666,6.460164000965385e-12,-0.00012259418633719238,-0.7851182141710729,nan,nan,nan,nan,nan,nan,nan
1.267964734,427.910000000,INITIALIZE_HOME,-5.0646064731185405e-08,-0.4396063584767704,3.9329137548667934e-13,-2.01052754473164,-1.2885981460695245e-11,1.5709273106354935,0.09406542535752796,4.521768129980147e-08,0.39249252527365097,-1.573925451775482e-14,0.39260965192159114,6.4658781800952525e-12,-0.00012259468265819057,-0.7851213927539633,nan,nan,nan,nan,nan,nan,nan
1.279717714,427.920000000,INITIALIZE_HOME,-5.019388617305015e-08,-0.4356814189228954,3.931140983483978e-13,-2.006601433907016,-1.2821144422179348e-11,1.5709260846841997,0.08621418282274228,4.521783932638808e-08,0.3924939553875634,-1.2667601342886137e-14,0.3926110824622628,6.471229802018641e-12,-0.0001225951293498534,-0.7851242534785644,nan,nan,nan,nan,nan,nan,nan
1.289829778,427.930000000,INITIALIZE_HOME,-4.9741706197631185e-08,-0.4317564664979952,3.929672021812925e-13,-2.002675310207526,-1.2756256804331062e-11,1.5709248587288869,0.07836291454143526,4.52179806802221e-08,0.3924952424900841,-9.533823383534035e-15,0.3926123699488581,6.476296929291969e-12,-0.000122595531367925,-0.7851268281307053,nan,nan,nan,nan,nan,nan,nan
1.301613403,427.940000000,INITIALIZE_HOME,-4.9289524955003874e-08,-0.42783150248917234,3.928512573841265e-13,-1.998749174920656,-1.2691321518016376e-11,1.5709236327699547,0.07051162308825898,4.52181070214339e-08,0.3924964008823529,-6.342582709040201e-15,0.39261352868679167,6.481046602169194e-12,-0.00012259589319543046,-0.785129145317633,nan,nan,nan,nan,nan,nan,nan
1.312291578,427.950000000,INITIALIZE_HOME,-4.8837342580503964e-08,-0.42390652805481904,3.9276688195213807e-13,-1.9948230292051456,-1.2626341659716704e-11,1.5709224068077674,0.06266031078040027,4.521821982486369e-08,0.39249744343539555,-3.088241468107711e-15,0.3926145715509292,6.485482290097266e-12,-0.00012259621882960287,-0.7851312307858681,nan,nan,nan,nan,nan,nan,nan
1.321700781,427.960000000,INITIALIZE_HOME,-4.8385159196126866e-08,-0.4199815442374884,3.9271463598416947e-13,-1.990896874103858,-1.2561319534879536e-11,1.570921180842649,0.05480897970332746,4.521832040575713e-08,0.39249838173313434,2.242130092700023e-16,0.39261551012865725,6.4896629736743705e-12,-0.0001225965119115366,-0.7851331077072791,nan,nan,nan,nan,nan,nan,nan
1.332205824,427.970000000,INITIALIZE_HOME,-4.793297491194969e-08,-0.4160565519754781,3.926951285850013e-13,-1.9869707105553707,-1.2496257660588642e-11,1.5709199548748929,0.046957631733961946,4.52184099716986e-08,0.3924992262011008,3.595648084830927e-15,0.39261635484861157,6.493652837669117e-12,-0.00012259677568104976,-0.7851347969365491,nan,nan,nan,nan,nan,nan,nan
1.342925681,427.980000000,INITIALIZE_HOME,-4.748078982728241e-08,-0.41213155211325603,3.9270893112917836e-13,-1.9830445394044038,-1.2431158350965138e-11,1.570918728904763,0.03910626856153304,4.5218489589759873e-08,0.39249998622227045,7.032352131175479e-15,0.39261711509657093,6.497358207013804e-12,-0.000122597013073579,-0.7851363172428921,nan,nan,nan,nan,nan,nan,nan
1.353569681,427.990000000,INITIALIZE_HOME,-4.7028604031756354e-08,-0.4082065454108435,3.9275663537424646e-13,-1.9791183614112056,-1.2366023774413364e-11,1.5709175029324958,0.03125489170634702,4.52185602410355e-08,0.3925006702413233,1.052218208397182e-14,0.3926177993197317,6.500871022052657e-12,-0.0001225972267293457,-0.7851376855186015,nan,nan,nan,nan,nan,nan,nan
1.362760880,428.000000000,INITIALIZE_HOME,-4.6576417606358386e-08,-0.40428153255225946,3.9283882548833605e-13,-1.9751921772599985,-1.2300855823516637e-11,1.570916276958306,0.023403502536679624,4.521862277629893e-08,0.3925012858584718,1.4075979964944807e-14,0.3926184151205768,6.504208630020436e-12,-0.0001225974190106338,-0.7851389169667397,nan,nan,nan,nan,nan,nan,nan
1.372803319,428.010000000,INITIALIZE_HOME,-4.6124230624198415e-08,-0.40035651415312107,3.929560951805569e-13,-1.971265987566584,-1.2235656316265157e-11,1.5709150509823853,0.015552102283978984,4.5218677990161923e-08,0.3925018399139064,1.7687023720625028e-14,0.3926189693413331,6.507364092023238e-12,-0.00012259759206470489,-0.7851400252700631,nan,nan,nan,nan,nan,nan,nan
1.385781167,428.020000000,INITIALIZE_HOME,-4.56720431513912e-08,-0.3964314907674838,3.9310902753483725e-13,-1.9673397928851828,-1.2170426822583673e-11,1.570913825004908,0.007700692056548426,4.521872658258541e-08,0.39250233856379746,2.136008384057142e-14,0.3926194681400148,6.510330469167158e-12,-0.0001225977478103088,-0.7851410227430555,nan,nan,nan,nan,nan,nan,nan
1.396585160,428.030000000,INITIALIZE_HOME,-4.5219855247772795e-08,-0.3925064628939975,3.932981997804139e-13,-1.9634135937145936,-1.2105169059848423e-11,1.5709125990260278,-0.00015072714813906473,4.521876916831202e-08,0.39250278734870014,2.509017299479055e-14,0.3926199170588262,6.5132239879250875e-12,-0.00012259788799005855,-0.7851419204687485,nan,nan,nan,nan,nan,nan,nan
1.409137709,428.040000000,INITIALIZE_HOME,-4.476766696752978e-08,-0.38858143098144704,3.9352423056304633e-13,-1.9594873905037347,-1.2039883966544807e-11,1.570911373045886,-0.008002154432357793,4.521880632749834e-08,0.39250319125511307,2.8884230077186324e-14,0.39262032108575956,6.515945769058895e-12,-0.00012259801414071791,-0.7851427284218724,nan,nan,nan,nan,nan,nan,nan
1.418919769,428.050000000,INITIALIZE_HOME,-4.431547835965603e-08,-0.3846563954337389,3.937876608996185e-13,-1.9555611836566336,-1.19745728558585e-11,1.5709101470646094,-0.015853588988154636,4.521883857242989e-08,0.39250355477088567,3.2734665672551344e-14,0.3926206847099929,6.518523568144197e-12,-0.00012259812767238115,-0.785143455579684,nan,nan,nan,nan,nan,nan,nan
1.430562790,428.060000000,INITIALIZE_HOME,-4.386328946864463e-08,-0.3807313566143888,3.940890738740591e-13,-1.9516349735369143,-1.190923680505278e-11,1.5709089210823115,-0.02370503008837179,4.5218866345678004e-08,0.39250388193508157,3.6644949227837564e-14,0.39262101197180305,6.521040651907839e-12,-0.00012259822985927898,-0.7851441100217146,nan,nan,nan,nan,nan,nan,nan
1.445681027,428.070000000,INITIALIZE_HOME,-4.341110033480957e-08,-0.3768063148505609,3.9442902329683765e-13,-1.9477087604718386,-1.1843876660672701e-11,1.5709076950990941,-0.03155647707856721,4.521889008439299e-08,0.3925041763828574,4.060814184914108e-14,0.3926213065074304,6.5234762036681104e-12,-0.0001225983218318752,-0.78514469901954,nan,nan,nan,nan,nan,nan,nan
1.458229087,428.080000000,INITIALIZE_HOME,-4.2958910994881316e-08,-0.37288127043670305,3.9480810743071296e-13,-1.9437825447559425,-1.1778493232834128e-11,1.5709064691150487,-0.03940792936974308,4.521891011177552e-08,0.3925044413858565,4.464028972861467e-14,0.39262157158949246,6.525831958148487e-12,-0.00012259840460930593,-0.7851452291175851,nan,nan,nan,nan,nan,nan,nan
1.467560952,428.090000000,INITIALIZE_HOME,-4.250672148225571e-08,-0.36895622363781816,3.952268777009099e-13,-1.9398563266543078,-1.1713087237977855e-11,1.5709052431302573,-0.04725938643180132,4.521892681109106e-08,0.39250467988855703,4.872014250367762e-14,0.3926218101633512,6.528116588966348e-12,-0.00012259847910409127,-0.7851457062058257,nan,nan,nan,nan,nan,nan,nan
1.477898243,428.100000000,INITIALIZE_HOME,-4.205453182732674e-08,-0.365031174692409,3.956858885684194e-13,-1.9359301064055086,-1.1647659271114038e-11,1.5709040171447952,-0.055110847787653766,4.521894043517556e-08,0.39250489454098747,5.28578916747513e-14,0.39262202487982156,6.530333565568647e-12,-0.0001225985461402318,-0.7851461355852427,nan,nan,nan,nan,nan,nan,nan
1.487544166,428.110000000,INITIALIZE_HOME,-4.1602342057879655e-08,-0.3611061238151279,3.9618569536159435e-13,-1.9320038842242606,-1.1582209646227623e-11,1.5709027911587314,-0.06296231300792098,4.5218951266138424e-08,0.39250508772817627,5.705483828444269e-14,0.39262221812464404,6.532536664383137e-12,-0.0001225986064702228,-0.7851465220267179,nan,nan,nan,nan,nan,nan,nan
1.496958995,428.120000000,INITIALIZE_HOME,-4.11501521992937e-08,-0.3571810711991622,3.9672682261744584e-13,-1.9280776603038097,-1.1516738838632841e-11,1.5709015651721236,-0.07081378170616144,4.521895953491471e-08,0.39250526159664606,6.130469396015137e-14,0.39262239204497895,6.5346894562168245e-12,-0.0001225986607824442,-0.7851468698240456,nan,nan,nan,nan,nan,nan,nan
1.509702493,428.130000000,INITIALIZE_HOME,-4.0697962274807756e-08,-0.3532560170183802,3.973098052813256e-13,-1.9241514348180755,-1.1451246794553267e-11,1.5709003391850274,-0.07866525353457789,4.5218965470162666e-08,0.39250541807827016,6.560594081883586e-14,0.39262254857328255,6.536868268902651e-12,-0.0001225987096519776,-0.7851471828416405,nan,nan,nan,nan,nan,nan,nan
1.523650307,428.140000000,INITIALIZE_HOME,-4.024577230580805e-08,-0.3493309614292636,3.979351561808613e-13,-1.9202252079235866,-1.1385733888689173e-11,1.5708991131974914,-0.08651672818015264,4.521896924372833e-08,0.392505558911732,6.995922938179966e-14,0.39262268944875267,6.538988100990295e-12,-0.0001225987536386114,-0.7851474645574761,nan,nan,nan,nan,nan,nan,nan
1.532099449,428.150000000,INITIALIZE_HOME,-3.979358231188039e-08,-0.34540590457264586,3.98603346943998e-13,-1.9162989797612184,-1.1320200044712725e-11,1.5708978872095603,-0.09436820536116995,4.5218971034721896e-08,0.3925056856618489,7.436781225556022e-14,0.39262281623667716,6.54114609699441e-12,-0.0001225987932282971,-0.7851477181017286,nan,nan,nan,nan,nan,nan,nan
1.549051240,428.160000000,INITIALIZE_HOME,-3.9341392311255935e-08,-0.34148084657527705,3.9931490405931064e-13,-1.9123727504577592,-1.125464518282664e-11,1.5708966612212716,-0.10221968482408554,4.5218970993739054e-08,0.39250579973695426,7.882149793969617e-14,0.39262293034580464,6.543278072146386e-12,-0.00012259882886534595,-0.7851479462915556,nan,nan,nan,nan,nan,nan,nan
1.560608646,428.170000000,INITIALIZE_HOME,-3.888920232068593e-08,-0.3375557875512323,4.0007028094014785e-13,-1.9084465201273177,-1.1189069051496014e-11,1.5708954352326632,-0.11007116634070958,4.5218969248065136e-08,0.3925059024045498,8.332115379594551e-14,0.3926230330440209,6.545507191813016e-12,-0.00012259886092486072,-0.7851481516623999,nan,nan,nan,nan,nan,nan,nan
1.571754168,428.180000000,INITIALIZE_HOME,-3.8437012355767065e-08,-0.33363072760317913,4.008699023769207e-13,-1.9045202888725923,-1.1123471657659746e-11,1.570894209243766,-0.11792264970567122,4.521896593539382e-08,0.3925059948053862,8.785572096214889e-14,0.3926231254724155,6.547640901688467e-12,-0.0001225988897890426,-0.78514833649616,nan,nan,nan,nan,nan,nan,nan
1.591115998,428.190000000,INITIALIZE_HOME,-3.798482243102018e-08,-0.3297056668235185,4.017142072546686e-13,-1.9005940567860113,-1.1057852144364436e-11,1.5708929832546092,-0.12577413473413665,4.521896112446352e-08,0.3925060779661396,9.244861820523198e-14,0.39262320865796674,6.549939410294137e-12,-0.00012259891576608256,-0.7851485028465441,nan,nan,nan,nan,nan,nan,nan
1.610470240,428.200000000,INITIALIZE_HOME,-3.753263256002814e-08,-0.32578060529541103,4.0260359867975934e-13,-1.8966678239507604,-1.0992210353750245e-11,1.5708917572652175,-0.13362562125975544,4.521895494190905e-08,0.39250615281081913,9.707924568391757e-14,0.39262328352496206,6.5521962855363824e-12,-0.00012259893914516595,-0.7851486525618895,nan,nan,nan,nan,nan,nan,nan
1.631759964,428.210000000,INITIALIZE_HOME,-3.708044275557141e-08,-0.32185554309370146,4.0353843313786715e-13,-1.8927415904417064,-1.0926545612744468e-11,1.5708905312756165,-0.1414771091328125,4.52189474627572e-08,0.39250622017103065,1.0173415929126683e-13,0.392623350905256,6.5545832650393265e-12,-0.0001225989601744623,-0.7851487873057024,nan,nan,nan,nan,nan,nan,nan
1.648056069,428.220000000,INITIALIZE_HOME,-3.662825302957839e-08,-0.31793048028575,4.045190393590909e-13,-1.8888153563262302,-1.0860857184089624e-11,1.570889305285825,-0.14932859821856395,4.521893874750646e-08,0.39250628079522226,1.0643699463463996e-13,0.39262341154751856,6.557070858503877e-12,-0.00012259897910959355,-0.7851489085751326,nan,nan,nan,nan,nan,nan,nan
1.658099344,428.230000000,INITIALIZE_HOME,-3.617606339349478e-08,-0.3140054169321808,4.0554575279558264e-13,-1.8848891216649735,-1.0795144337467132e-11,1.5708880792958644,-0.15718008839574013,4.521892888592876e-08,0.39250633535699503,1.1116042981929031e-13,0.3926234661255575,6.55956192141538e-12,-0.0001225989961416707,-0.7851490177176204,nan,nan,nan,nan,nan,nan,nan
1.668685657,428.240000000,INITIALIZE_HOME,-3.5723873858052355e-08,-0.31008035308755566,4.066188150075863e-13,-1.8809628865125143,-1.0729406210719428e-11,1.5708868533057505,-0.16503157955519862,4.5218917924319535e-08,0.39250638446259134,1.1590706693043185e-13,0.3926235152457898,6.5622108441631966e-12,-0.00012259901148123364,-0.7851491159458586,nan,nan,nan,nan,nan,nan,nan
1.679984088,428.250000000,INITIALIZE_HOME,-3.5271684433560575e-08,-0.30615528880098014,4.077384536775582e-13,-1.877036650917973,-1.0663642156794653e-11,1.5708856273154976,-0.17288307159871133,4.521890589000068e-08,0.39250642865762847,1.2067907437240954e-13,0.392623559453999,6.5649083391683405e-12,-0.00012259902528862637,-0.7851492043512761,nan,nan,nan,nan,nan,nan,nan
1.690183739,428.260000000,INITIALIZE_HOME,-3.4819495129854013e-08,-0.3022302241166493,4.0890481473911073e-13,-1.873110414925558,-1.0597850739341766e-11,1.5708844013251215,-0.18073456443787286,4.5218892856372685e-08,0.3925064684331627,1.2546322487871908e-13,0.3926235992413832,6.5677480814985145e-12,-0.00012259903770335534,-0.7851492839161495,nan,nan,nan,nan,nan,nan,nan
1.700908630,428.270000000,INITIALIZE_HOME,-3.4367305956409134e-08,-0.2983051590743386,4.101180395722072e-13,-1.8691841785750565,-1.0532030924465578e-11,1.5708831753346324,-0.18858605799311826,4.521887883969858e-08,0.3925065042311443,1.3026277105587791e-13,0.392623635050031,6.570690172513771e-12,-0.0001225990488876033,-0.7851493555245346,nan,nan,nan,nan,nan,nan,nan
1.716969116,428.280000000,INITIALIZE_HOME,-3.391511692239395e-08,-0.2943800937098461,4.1137816677444507e-13,-1.8652579419022772,-1.0466181598473613e-11,1.5708819493440433,-0.19643755219283895,4.5218863876732816e-08,0.3925065364493279,1.3505711306260881e-13,0.39262366727781084,6.5738022664296736e-12,-0.00012259905894140138,-0.7851494199720835,nan,nan,nan,nan,nan,nan,nan
1.729710731,428.290000000,INITIALIZE_HOME,-3.3462928036781436e-08,-0.29045502805538986,4.1268524795384755e-13,-1.861331704939448,-1.0400301496752462e-11,1.5708807233533633,-0.20428904697258762,4.521884800303723e-08,0.39250656544569434,1.3984364881369782e-13,0.39262369628281174,6.5770184437541346e-12,-0.00012259906799566567,-0.7851494779748773,nan,nan,nan,nan,nan,nan,nan
1.738572654,428.300000000,INITIALIZE_HOME,-3.3010739308147406e-08,-0.2865299621399664,4.1403919138691095e-13,-1.8574054677155736,-1.0334389174277469e-11,1.5708794973626017,-0.2121405422743615,4.521883122056338e-08,0.39250659154242545,1.4463538873521475e-13,0.39262372238731164,6.580335235040202e-12,-0.00012259907613726417,-0.7851495301773939,nan,nan,nan,nan,nan,nan,nan
1.749593504,428.310000000,INITIALIZE_HOME,-3.2558550744997316e-08,-0.28260489598967237,4.1543984073168197e-13,-1.8534792302567589,-1.0268443203371213e-11,1.5708782713717668,-0.21999203804595815,4.521881356281312e-08,0.3925066150294837,1.4940891406023393e-13,0.3926237458813583,6.583881009825099e-12,-0.00012259908346543003,-0.7851495771596562,nan,nan,nan,nan,nan,nan,nan
1.770342915,428.320000000,INITIALIZE_HOME,-3.210636235565797e-08,-0.2786798296279948,4.1688700061492916e-13,-1.8495529925864977,-1.0202462074824269e-11,1.570877045380867,-0.22784353424039505,4.5218795045615795e-08,0.3925066361678358,1.5415186488398902e-13,0.39262376702600077,6.587546480529838e-12,-0.00012259909006097358,-0.7851496194436909,nan,nan,nan,nan,nan,nan,nan
1.782151598,428.330000000,INITIALIZE_HOME,-3.165417414826345e-08,-0.27475476307607205,4.183803418728728e-13,-1.8456267547259346,-1.0136444074729841e-11,1.570875819389907,-0.23569503081538823,4.521877568035553e-08,0.3925066551923546,1.5885643495083812e-13,0.39262378605617776,6.59140450554041e-12,-0.00012259909600534358,-0.7851496574993233,nan,nan,nan,nan,nan,nan,nan
1.792745596,428.340000000,INITIALIZE_HOME,-3.120198613086941e-08,-0.27082969635292864,4.199194496897619e-13,-1.8417005166941,-1.0070387442343606e-11,1.570874593398894,-0.24354652773288216,4.521875546909231e-08,0.39250667231442193,1.6352023901600177e-13,0.3926238031833335,6.5954307987281524e-12,-0.000122599101347938,-0.7851496917493953,nan,nan,nan,nan,nan,nan,nan
1.803538573,428.350000000,INITIALIZE_HOME,-3.074979831154305e-08,-0.2669046294756866,4.215038168758201e-13,-1.8377742785081208,-1.000429050539213e-11,1.570873367407832,-0.2513980249586268,4.5218734425053406e-08,0.39250668772428354,1.6812115935516125e-13,0.39262381859777573,6.599592400347021e-12,-0.00012259910615940867,-0.7851497225744579,nan,nan,nan,nan,nan,nan,nan
1.813439585,428.360000000,INITIALIZE_HOME,-3.029761069818064e-08,-0.26297956245975573,4.231328354104691e-13,-1.8338480401834119,-9.938151345271248e-12,1.5708721414167277,-0.25924952246179694,4.521871256439342e-08,0.3925067015931608,1.726574612448406e-13,0.39262383247076754,6.60401247576381e-12,-0.00012259911048226324,-0.7851497503170157,nan,nan,nan,nan,nan,nan,nan
1.823339148,428.370000000,INITIALIZE_HOME,-2.984542329862192e-08,-0.2590544953190051,4.2480568823895165e-13,-1.8299218017338457,-9.871967878578067e-12,1.5708709154255835,-0.26710102021465015,4.5218689883642915e-08,0.39250671407514937,1.770929323324788e-13,0.392623844956461,6.608625105486432e-12,-0.00012259911438276816,-0.7851497752853162,nan,nan,nan,nan,nan,nan,nan
1.833673980,428.380000000,INITIALIZE_HOME,-2.9393236120846405e-08,-0.25512942806591654,4.2652156763064937e-13,-1.8259955631719087,-9.805737952520752e-12,1.5708696894344045,-0.27495251819221805,4.52186663416022e-08,0.392506725308941,1.8146551969411284e-13,0.39262385619358303,6.6134511061965995e-12,-0.00012259911788112254,-0.7851497977567885,nan,nan,nan,nan,nan,nan,nan
1.843850312,428.390000000,INITIALIZE_HOME,-2.894104917264235e-08,-0.25120436071172386,4.282794390398491e-13,-1.8220693245088375,-9.739459612065945e-12,1.5708684634431938,-0.2828040163720292,4.521864204994411e-08,0.3925067354193541,1.856947755285443e-13,0.3926238663069936,6.618516498746452e-12,-0.00012259912103269877,-0.7851498179811119,nan,nan,nan,nan,nan,nan,nan
1.854520567,428.400000000,INITIALIZE_HOME,-2.8488862461811892e-08,-0.24727929326653736,4.3007805910349963e-13,-1.8181430857547456,-9.673130520541122e-12,1.5708672374519554,-0.29065551473385914,4.521861689829685e-08,0.39250674451872686,1.8980585332617483e-13,0.39262387540906074,6.6237779150490894e-12,-0.00012259912386673733,-0.7851498361830057,nan,nan,nan,nan,nan,nan,nan
1.865095619,428.410000000,INITIALIZE_HOME,-2.8036675996177222e-08,-0.24335422573945656,4.319160753878109e-13,-1.814216846918735,-9.606748448826622e-12,1.5708660114606914,-0.2985070132595064,4.5218590939135814e-08,0.3925067527081621,1.937716480326923e-13,0.39262388360091915,6.629337703789595e-12,-0.00012259912642487852,-0.7851498525647087,nan,nan,nan,nan,nan,nan,nan
1.881043808,428.420000000,INITIALIZE_HOME,-2.7584489783604987e-08,-0.23942915813867083,4.337919661066136e-13,-1.8102906080089975,-9.540310947492893e-12,1.5708647854694051,-0.306358511932589,4.521856415110222e-08,0.3925067600786551,1.97571776647254e-13,0.3926238909735892,6.635110863517646e-12,-0.00012259912872303325,-0.7851498673082413,nan,nan,nan,nan,nan,nan,nan
1.894459694,428.430000000,INITIALIZE_HOME,-2.7132303831824793e-08,-0.23550409047155066,4.3570400846265557e-13,-1.806364369032906,-9.473815430067238e-12,1.5708635594780966,-0.3142100107383633,4.521853654839911e-08,0.3925067667120996,2.0118824141379665e-13,0.39262389760898986,6.641159844278377e-12,-0.00012259913080113483,-0.7851498805774185,nan,nan,nan,nan,nan,nan,nan
1.903810564,428.440000000,INITIALIZE_HOME,-2.6680118148791216e-08,-0.23157902274472947,4.376502389658026e-13,-1.8024381299970962,-9.407259400282565e-12,1.5708623334867704,-0.32206150966355984,4.5218508150433705e-08,0.39250677268220163,2.0457919212846232e-13,0.392623903580851,6.647455155772697e-12,-0.00012259913265686567,-0.7851498925196789,nan,nan,nan,nan,nan,nan,nan
1.914800492,428.450000000,INITIALIZE_HOME,-2.6227932742198836e-08,-0.22765395496417737,4.396284855254223e-13,-1.7985118909075395,-9.34064035146346e-12,1.5708611074954264,-0.3299130086962371,4.5218478910260054e-08,0.3925067780552931,2.077517845255894e-13,0.39262390895552407,6.654017614682317e-12,-0.00012259913433474573,-0.7851499032677192,nan,nan,nan,nan,nan,nan,nan
1.934721996,428.460000000,INITIALIZE_HOME,-2.5775747619815956e-08,-0.22372888713526742,4.416362857015404e-13,-1.7945856517696106,-9.273955450806483e-12,1.570859881504069,-0.3377645078256464,4.521844886821048e-08,0.3925067828910764,2.106680715291409e-13,0.39262391379272793,6.660892323817613e-12,-0.00012259913583466397,-0.7851499129409506,nan,nan,nan,nan,nan,nan,nan
1.945468708,428.470000000,INITIALIZE_HOME,-2.5323562789436588e-08,-0.2198038192628354,4.4367095609378016e-13,-1.7906594125881472,-9.207201608769124e-12,1.5708586555126969,-0.3456160070421149,4.521841804401745e-08,0.39250678724328186,2.132790472009205e-13,0.39262391814621067,6.668032445644734e-12,-0.00012259913719894766,-0.7851499216468637,nan,nan,nan,nan,nan,nan,nan
1.955451957,428.480000000,INITIALIZE_HOME,-2.4871378258638648e-08,-0.2158787513512336,4.457295168808906e-13,-1.7867331733675023,-9.14037631347179e-12,1.570857429521313,-0.3534675063369369,4.521838636872572e-08,0.39250679116026754,2.1558861466874912e-13,0.3926239220643447,6.675441449610631e-12,-0.00012259913841631415,-0.7851499294821823,nan,nan,nan,nan,nan,nan,nan
1.971674805,428.490000000,INITIALIZE_HOME,-2.4419194035054492e-08,-0.2119536834043789,4.478086712209056e-13,-1.7828069341115942,-9.073476553434526e-12,1.5708562035299178,-0.3613190057022764,4.5218353959971223e-08,0.39250679468555616,2.175341070470571e-13,0.3926239255906619,6.683195663548247e-12,-0.00012259913951575413,-0.785149936533969,nan,nan,nan,nan,nan,nan,nan
1.984834616,428.500000000,INITIALIZE_HOME,-2.3967010126387482e-08,-0.2080286154257966,4.4990488136213636e-13,-1.7788806948239493,-9.00649919748146e-12,1.5708549775385139,-0.3691705051310823,4.521832072982516e-08,0.39250679785831655,2.1910793492063707e-13,0.39262392876434643,6.691289883287155e-12,-0.0001225991405037416,-0.7851499428805789,nan,nan,nan,nan,nan,nan,nan
1.995298358,428.510000000,INITIALIZE_HOME,-2.351482653988768e-08,-0.20410354741865944,4.520141327207787e-13,-1.774954455507741,-8.939441242806252e-12,1.5708537515471006,-0.3770220046170075,4.521828673629234e-08,0.39250680071380184,2.2026022498955466e-13,0.3926239316206612,6.699673801846551e-12,-0.00012259914140053813,-0.7851499485925266,nan,nan,nan,nan,nan,nan,nan
2.005296699,428.520000000,INITIALIZE_HOME,-2.3062643282859352e-08,-0.20017847938582287,4.54132104100654e-13,-1.7710282161658262,-8.87229974905261e-12,1.570852525555679,-0.3848735041543405,4.5218252012983046e-08,0.3925068032837394,2.2094782600734497e-13,0.3926239341913409,6.708342215056007e-12,-0.00012259914220611595,-0.7851499537332794,nan,nan,nan,nan,nan,nan,nan
2.015364214,428.530000000,INITIALIZE_HOME,-2.261046036235079e-08,-0.19625341132985688,4.562540445278422e-13,-1.7671019768007752,-8.805071434123719e-12,1.5708512995642505,-0.39272500373793984,4.5218216534526935e-08,0.39250680559668477,2.2112845408928106e-13,0.39262393650495364,6.717383593812798e-12,-0.00012259914292685192,-0.7851499583599567,nan,nan,nan,nan,nan,nan,nan
2.025193417,428.540000000,INITIALIZE_HOME,-2.215827778516135e-08,-0.19232834325307438,4.583748359175681e-13,-1.7631757374149017,-8.737753055821402e-12,1.5708500735728155,-0.40057650336317974,4.521818033984687e-08,0.3925068076783357,2.2079365245841753e-13,0.39262393858720573,6.7266903852614135e-12,-0.00012259914358090512,-0.785149962523969,nan,nan,nan,nan,nan,nan,nan
2.035275605,428.550000000,INITIALIZE_HOME,-2.1706095557901414e-08,-0.188403275157557,4.604888369490877e-13,-1.759249498010288,-8.670341195005688e-12,1.5708488475813738,-0.40842800302589544,4.521814349811495e-08,0.3925068095518223,2.198313146101194e-13,0.3926239404612295,6.7364811645598266e-12,-0.00012259914416558326,-0.7851499662715777,nan,nan,nan,nan,nan,nan,nan
2.046624384,428.560000000,INITIALIZE_HOME,-2.125391368665954e-08,-0.18447820704517826,4.625899791260012e-13,-1.7553232585888079,-8.602832985913394e-12,1.5708476215899276,-0.4162795027223395,4.521810607828643e-08,0.3925068112379611,2.1821715441572298e-13,0.39262394214785085,6.7464315384180296e-12,-0.00012259914468579214,-0.7851499696444266,nan,nan,nan,nan,nan,nan,nan
2.056263725,428.570000000,INITIALIZE_HOME,-2.080173217756244e-08,-0.18055313891762426,4.646717140840272e-13,-1.7513970191521486,-8.535224799503008e-12,1.570846395598477,-0.42413100244913926,4.5218067953292813e-08,0.3925068127554859,2.1594553402393135e-13,0.39262394366580333,6.756820797315655e-12,-0.00012259914516124515,-0.7851499726799921,nan,nan,nan,nan,nan,nan,nan
2.066531131,428.580000000,INITIALIZE_HOME,-2.0349551035992312e-08,-0.17662807077641252,4.667269051707856e-13,-1.7474707797018274,-8.467513568783427e-12,1.570845169607022,-0.4319825022032594,4.521802933997454e-08,0.39250681412126015,2.128904691423017e-13,0.39262394503196707,6.7674581216703444e-12,-0.00012259914559212964,-0.7851499754120006,nan,nan,nan,nan,nan,nan,nan
2.076779818,428.590000000,INITIALIZE_HOME,-1.989737026679185e-08,-0.1727030026229088,4.687479098451625e-13,-1.743544540239211,-8.399696077577326e-12,1.5708439436155626,-0.43983400198196765,4.5217990221092796e-08,0.39250681535045895,2.0904220195128165e-13,0.39262394626150754,6.778475350466273e-12,-0.00012259914597591293,-0.7851499778708078,nan,nan,nan,nan,nan,nan,nan
2.098528549,428.600000000,INITIALIZE_HOME,-1.9445189874162232e-08,-0.1687779344583423,4.707263621863545e-13,-1.7396183007655284,-8.331768976133673e-12,1.5708427176240987,-0.44768550178280486,4.5217950730438126e-08,0.3925068164567379,2.04303371095782e-13,0.3926239473680939,6.789836054510445e-12,-0.00012259914631737936,-0.785149980083732,nan,nan,nan,nan,nan,nan,nan
2.115003846,428.610000000,INITIALIZE_HOME,-1.899300986199022e-08,-0.1648528662838193,4.726534749525942e-13,-1.7356920612818867,-8.26372914715438e-12,1.5708414916326325,-0.45553700160355837,4.5217910819655115e-08,0.3925068174523897,1.9864491995758016e-13,0.3926239483640185,6.801502069886389e-12,-0.00012259914661410728,-0.7851499820753689,nan,nan,nan,nan,nan,nan,nan
2.127078973,428.620000000,INITIALIZE_HOME,-1.8540830233175074e-08,-0.1609277981003354,4.745196833123159e-13,-1.7317658217892815,-8.195573357114888e-12,1.5708402656411642,-0.463388501442237,4.5217870685851716e-08,0.3925068183484773,1.9195691043638607e-13,0.39262394926035027,6.8134595188062974e-12,-0.0001225991468884781,-0.785149983867841,nan,nan,nan,nan,nan,nan,nan
2.141204321,428.630000000,INITIALIZE_HOME,-1.8088650989663583e-08,-0.15700272990878672,4.763147838388741e-13,-1.7278395822886095,-8.127298717700608e-12,1.5708390396496936,-0.4712400012970477,4.521783033455736e-08,0.39250681915495694,1.8423088575525437e-13,0.39262395006704565,6.825802076337872e-12,-0.0001225991471377301,-0.785149985481062,nan,nan,nan,nan,nan,nan,nan
2.152432567,428.640000000,INITIALIZE_HOME,-1.7636472132728175e-08,-0.15307766170997972,4.780278113451775e-13,-1.7239133427806772,-8.058902323249721e-12,1.5708378136582208,-0.47909150116637733,4.521778991528353e-08,0.3925068198807897,1.7533956057913525e-13,0.3926239507930732,6.838328514557901e-12,-0.0001225991473671785,-0.7851499869329647,nan,nan,nan,nan,nan,nan,nan
2.162202886,428.650000000,INITIALIZE_HOME,-1.7184293662302927e-08,-0.14915259350464022,4.796470941779983e-13,-1.7199871032662108,-7.990381389531047e-12,1.5708365876667458,-0.4869430010487742,4.5217749533089414e-08,0.39250682053404007,1.65222870107673e-13,0.3926239514464951,6.851201897473125e-12,-0.0001225991475739159,-0.785149988239676,nan,nan,nan,nan,nan,nan,nan
2.172815027,428.660000000,INITIALIZE_HOME,-1.6732115577219827e-08,-0.14522752529342145,4.811601399430653e-13,-1.7160608637458634,-7.92173293282021e-12,1.5708353616752686,-0.4947945009429312,4.5217709378577754e-08,0.39250682112196633,1.5377629725144004e-13,0.3926239520345747,6.864375387549693e-12,-0.00012259914775809497,-0.7851499894157173,nan,nan,nan,nan,nan,nan,nan
2.183108497,428.670000000,INITIALIZE_HOME,-1.627993787520368e-08,-0.14130245707691133,4.8255380919425e-13,-1.7121346242202233,-7.852954944307421e-12,1.5708341356837892,-0.5026460008476727,4.521766942312561e-08,0.39250682165110196,1.4099398731870494e-13,0.39262395256384436,6.8777032680156225e-12,-0.0001225991479177034,-0.7851499904741553,nan,nan,nan,nan,nan,nan,nan
2.193151652,428.680000000,INITIALIZE_HOME,-1.5827760552422584e-08,-0.13737738885563902,4.838140714880785e-13,-1.7082083846898197,-7.784045312834208e-12,1.5708329096923095,-0.5104975007619403,4.5217630062792044e-08,0.39250682212732385,1.2667557974799237e-13,0.392623953040184,6.891258397256905e-12,-0.00012259914805709884,-0.7851499914267502,nan,nan,nan,nan,nan,nan,nan
2.206538390,428.690000000,INITIALIZE_HOME,-1.537558360337877e-08,-0.1334523206300807,4.849260149247108e-13,-1.7042821451551293,-7.715001764178096e-12,1.5708316837008278,-0.5183490006847811,4.5217591330753634e-08,0.3925068225559247,1.1080763043236352e-13,0.3926239534688871,6.905018223868353e-12,-0.00012259914819384016,-0.7851499922840828,nan,nan,nan,nan,nan,nan,nan
2.214539574,428.700000000,INITIALIZE_HOME,-1.4923407021037825e-08,-0.12952725240066493,4.858739693133079e-13,-1.7003559056165807,-7.645822903621408e-12,1.570830457709344,-0.5262005006153379,4.521755326886059e-08,0.3925068229416662,9.338124891400401e-14,0.3926239538547208,6.918925501975259e-12,-0.00012259914831032337,-0.7851499930556861,nan,nan,nan,nan,nan,nan,nan
2.224120386,428.710000000,INITIALIZE_HOME,-1.4471230796457685e-08,-0.1256021841677775,4.866414578166137e-13,-1.6964296660745593,-7.57650717858664e-12,1.57082923171786,-0.5340520005528391,4.521751635112609e-08,0.3925068232888343,7.416550013017442e-14,0.3926239542019709,6.93295594544896e-12,-0.0001225991484044113,-0.7851499937501271,nan,nan,nan,nan,nan,nan,nan
2.234956423,428.720000000,INITIALIZE_HOME,-1.4019054918732794e-08,-0.12167711593176556,4.872110501499824e-13,-1.6925034265294128,-7.507053621098087e-12,1.5708280057263762,-0.5419035004965902,4.521748064824013e-08,0.39250682360128647,5.312959273917617e-14,0.3926239545144919,6.947074859819935e-12,-0.00012259914849582776,-0.7851499943751258,nan,nan,nan,nan,nan,nan,nan
2.246885148,428.730000000,INITIALIZE_HOME,-1.3566879374809903e-08,-0.11775204769294155,4.875645317169161e-13,-1.6885771869814536,-7.437461660431727e-12,1.57082677973489,-0.5497550004459664,4.5217446368152683e-08,0.3925068238824946,3.021151037674308e-14,0.39262395479576323,6.961238877001286e-12,-0.0001225991485892218,-0.7851499949376236,nan,nan,nan,nan,nan,nan,nan
2.256383617,428.740000000,INITIALIZE_HOME,-1.311470414920866e-08,-0.11382697945158665,4.876827997424974e-13,-1.6846509474309632,-7.36773134689454e-12,1.570825553743404,-0.5576065004004052,4.521741391223539e-08,0.3925068241355829,5.266403632631089e-15,0.3926239550489047,6.975402894182636e-12,-0.00012259914866007832,-0.7851499954438732,nan,nan,nan,nan,nan,nan,nan
2.265449162,428.750000000,INITIALIZE_HOME,-1.266252922415661e-08,-0.10990191120795398,4.875459812345855e-13,-1.6807247078781946,-7.297863001410371e-12,1.570824327751917,-0.5654580003594003,4.521738334055305e-08,0.3925068243633632,-2.1726110494002526e-14,0.3926239552767319,6.989488848807568e-12,-0.00012259914873067115,-0.7851499958994945,nan,nan,nan,nan,nan,nan,nan
2.276672608,428.760000000,INITIALIZE_HOME,-1.221035457936735e-08,-0.10597684296227122,4.871334787371476e-13,-1.6767984683233752,-7.2278574340950814e-12,1.5708231017604286,-0.5733095003224955,4.521735496459695e-08,0.3925068245683677,-5.0826964165251454e-14,0.39262395548177825,7.003413474149234e-12,-0.00012259914878988074,-0.7851499963095523,nan,nan,nan,nan,nan,nan,nan
2.285757424,428.770000000,INITIALIZE_HOME,-1.1758180191448785e-08,-0.10205177471474347,4.864237691023367e-13,-1.6728722287667102,-7.157716459469427e-12,1.5708218757689403,-0.5811610002892811,4.521732921035013e-08,0.39250682475287113,-8.218252467440124e-14,0.39262395566631314,7.017225342464961e-12,-0.0001225991488375787,-0.7851499966786117,nan,nan,nan,nan,nan,nan,nan
2.303892803,428.780000000,INITIALIZE_HOME,-1.1306006034694705e-08,-0.09812670646555519,4.85394875768957e-13,-1.6689459892083847,-7.08744203950566e-12,1.570820649777452,-0.5890125002593884,4.521730623491347e-08,0.3925068249189254,-1.1579214150014838e-13,0.3926239558323905,7.030745777236724e-12,-0.00012259914888506154,-0.7851499970107654,nan,nan,nan,nan,nan,nan,nan
2.314100684,428.790000000,INITIALIZE_HOME,-1.0853832080025605e-08,-0.0942016382148724,4.840240183483219e-13,-1.6650197496485644,-7.017037140580923e-12,1.5708194237859636,-0.5968640002324856,4.521728647847306e-08,0.39250682506837536,-1.5180304929751642e-13,0.3926239559818622,7.043914063142864e-12,-0.00012259914893228765,-0.7851499973097033,nan,nan,nan,nan,nan,nan,nan
2.327798028,428.800000000,INITIALIZE_HOME,-1.0401658295539711e-08,-0.09027656996284456,4.82287979301429e-13,-1.661093510087399,-6.946505176631017e-12,1.570818197794473,-0.6047155002082729,4.5217270185516495e-08,0.3925068252028811,-1.9017730099046837e-13,0.3926239561163847,7.056733669630333e-12,-0.0001225991489767625,-0.7851499975787406,nan,nan,nan,nan,nan,nan,nan
2.339247193,428.810000000,INITIALIZE_HOME,-9.949484645973344e-09,-0.08635150170960615,4.80162904012079e-13,-1.6571672705250227,-6.875850853960735e-12,1.5708169718029825,-0.6125670001864816,4.521725767132976e-08,0.3925068253239371,-2.31005535880624e-13,0.3926239562374545,7.06905367575672e-12,-0.00012259914900101393,-0.7851499978208795,nan,nan,nan,nan,nan,nan,nan
2.354234828,428.820000000,INITIALIZE_HOME,-9.497311093063386e-09,-0.08242643345527823,4.776247407561184e-13,-1.6532410309615568,-6.805079362862714e-12,1.570815745811492,-0.6204185001668696,4.521724937111161e-08,0.3925068254328883,-2.743558418644154e-13,0.39262395634641506,7.0807769370073714e-12,-0.00012259914902496005,-0.7851499980387999,nan,nan,nan,nan,nan,nan,nan
2.369839643,428.830000000,INITIALIZE_HOME,-9.04513759506046e-09,-0.07850136519996974,4.746490730837821e-13,-1.6493147913971105,-6.734196922320617e-12,1.5708145198200014,-0.6282700001492191,4.521724551948339e-08,0.39250682553094524,-3.2015210794933413e-13,0.3926239564444789,7.091813247761536e-12,-0.00012259914904881944,-0.7851499982349309,nan,nan,nan,nan,nan,nan,nan
2.382626071,428.840000000,INITIALIZE_HOME,-8.592964107039566e-09,-0.07457629694377874,4.712114548381657e-13,-1.6453885518317812,-6.663210211019827e-12,1.5708132938285109,-0.636121500133333,4.521724646913607e-08,0.39250682561919736,-3.6845353157399785e-13,0.3926239565327382,7.102126178826218e-12,-0.00012259914906982347,-0.7851499984114454,nan,nan,nan,nan,nan,nan,nan
2.401210883,428.850000000,INITIALIZE_HOME,-8.140790580798269e-09,-0.07065122868679347,4.672873433683716e-13,-1.641462312265658,-6.592127135829946e-12,1.5708120678370203,-0.6439730001190357,4.521725264106536e-08,0.3925068256986252,-4.1926249798318604e-13,0.39262395661216576,7.111616850963287e-12,-0.00012259914909294733,-0.7851499985703172,nan,nan,nan,nan,nan,nan,nan
2.420502629,428.860000000,INITIALIZE_HOME,-7.688616965531939e-09,-0.06672616042909334,4.628527366067053e-13,-1.6375360726988197,-6.5209569393576546e-12,1.5708108418455298,-0.6518245001061683,4.5217264216224594e-08,0.39250682577011115,-4.725052814291697e-13,0.39262395668365185,7.120125669612953e-12,-0.00012259914911554037,-0.7851499987132992,nan,nan,nan,nan,nan,nan,nan
2.430179504,428.870000000,INITIALIZE_HOME,-7.236443206765704e-09,-0.06280109217074983,4.57883658289484e-13,-1.6336098331313385,-6.449709460954508e-12,1.5708096158540392,-0.6596760000945877,4.521728164705134e-08,0.3925068258344494,-5.28208119604523e-13,0.39262395674798933,7.1275242652379944e-12,-0.00012259914913814382,-0.7851499988419834,nan,nan,nan,nan,nan,nan,nan
2.444933815,428.880000000,INITIALIZE_HOME,-6.784269247529946e-09,-0.05887602391182727,4.5235687504835363e-13,-1.6296835935632779,-6.378395313658731e-12,1.5708083898625487,-0.6675275000841661,4.521730519668147e-08,0.3925068258923547,-5.862543523554864e-13,0.392623956805893,7.13386467954269e-12,-0.00012259914915787457,-0.7851499989577979,nan,nan,nan,nan,nan,nan,nan
2.454708958,428.890000000,INITIALIZE_HOME,-6.332095027612847e-09,-0.05495095565238356,4.462497136138021e-13,-1.6257573539946961,-6.3070263872650306e-12,1.5708071638710566,-0.6753790000747859,4.521733507458284e-08,0.3925068259444703,-6.465574603486957e-13,0.3926239568580025,7.138905785963878e-12,-0.0001225991491796731,-0.7851499990620248,nan,nan,nan,nan,nan,nan,nan
2.464845526,428.900000000,INITIALIZE_HOME,-5.8799204852585734e-09,-0.0510258873924708,4.3954075340350783e-13,-1.6218311144256454,-6.235615707811987e-12,1.5708059378795638,-0.6832305000663439,4.521737150399267e-08,0.39250682599137626,-7.090059876008192e-13,0.39262395690489954,7.142593808073805e-12,-0.00012259914918573422,-0.7851499991558339,nan,nan,nan,nan,nan,nan,nan
2.476998428,428.910000000,INITIALIZE_HOME,-5.427745555980519e-09,-0.04710081913213588,4.322095123205493e-13,-1.6179048748561726,-6.164176700324581e-12,1.5708047118880712,-0.6910820000587468,4.5217414804208517e-08,0.3925068260335915,-7.735246904810866e-13,0.39262395694710583,7.144845479145623e-12,-0.00012259914918460665,-0.7851499992402636,nan,nan,nan,nan,nan,nan,nan
2.486303763,428.920000000,INITIALIZE_HOME,-4.9755701739689095e-09,-0.043175750871421024,4.2423724537672625e-13,-1.6139786352863201,-6.092724231383001e-12,1.5708034858965787,-0.698933500051909,4.521746497729035e-08,0.392506826071586,-8.398349290311691e-13,0.39262395698509,7.145520286577778e-12,-0.00012259914918336112,-0.785149999316242,nan,nan,nan,nan,nan,nan,nan
2.496632989,428.930000000,INITIALIZE_HOME,-4.523394271700285e-09,-0.03925068261036421,4.156064953991784e-13,-1.6100523957161257,-6.021273757373419e-12,1.5708022599050862,-0.7067850000457552,4.521752234318624e-08,0.39250682610578186,-9.079095981967544e-13,0.3926239570192783,7.144595678965082e-12,-0.00012259914918410011,-0.7851499993846283,nan,nan,nan,nan,nan,nan,nan
2.507978452,428.940000000,INITIALIZE_HOME,-4.071217780628566e-09,-0.03532561434899963,4.0630161214638647e-13,-1.6061261561456237,-5.949841695718811e-12,1.5708010339135934,-0.7146365000402164,4.521758683868719e-08,0.3925068261365591,-9.774572644338786e-13,0.39262395705004377,7.142007471538925e-12,-0.00012259914918437073,-0.7851499994461741,nan,nan,nan,nan,nan,nan,nan
2.531481676,428.950000000,INITIALIZE_HOME,-3.6643229746165155e-09,-0.03179305291370332,3.7670129190460427e-13,-1.6025925405322357,-5.886512425071805e-12,1.5707999305213063,-0.7217028500353149,4.069571517793802e-08,0.3532561435231412,-1.0232118971553739e-12,0.3533615613445804,6.759334411632345e-12,-0.00011033923440221041,-0.7066349995016796,nan,nan,nan,nan,nan,nan,nan
2.545745192,428.960000000,INITIALIZE_HOME,-3.298112680788683e-09,-0.028613747621940876,3.5093196144170225e-13,-1.5994122864801854,-5.8262378151158585e-12,1.57079893746824,-0.7280625650308961,3.66266799590358e-08,0.3179305291703818,-9.62098890139318e-13,0.3180254052103087,6.4202532179535865e-12,-9.930531165096637e-05,-0.6359714995508008,nan,nan,nan,nan,nan,nan,nan
2.555903886,428.970000000,INITIALIZE_HOME,-2.9685187665438836e-09,-0.025752372859358563,3.27879782352491e-13,-1.596550057833339,-5.7688556449198404e-12,1.570798043720474,-0.7337863085269132,3.296450594208935e-08,0.2861374762529395,-9.144373626368552e-13,0.2862228646894607,6.09909518722862e-12,-8.937478108726402e-05,-0.5723743495950839,nan,nan,nan,nan,nan,nan,nan
2.582681824,428.980000000,INITIALIZE_HOME,-2.6718799201598888e-09,-0.02317713557303801,3.0648683786195466e-13,-1.5939740520511756,-5.714217122047044e-12,1.5707972393474796,-0.7389376776733224,2.9668509054126165e-08,0.25752372862727935,-8.746055095432137e-13,0.25760057822069005,5.7945905018730315e-12,-8.043730350809977e-05,-0.5151369146349979,nan,nan,nan,nan,nan,nan,nan
2.599536815,428.990000000,INITIALIZE_HOME,-2.4049009589684123e-09,-0.02085942201535272,2.8662878862918637e-13,-1.5916556468472272,-5.662184363736705e-12,1.5707965154117798,-0.7435739099050851,2.6702073824074433e-08,0.23177135576421978,-8.37407400366974e-13,0.23184052039878594,5.50570006252471e-12,-7.239357363080651e-05,-0.4636232231709822,nan,nan,nan,nan,nan,nan,nan
2.617885764,429.000000000,INITIALIZE_HOME,-2.1646162099094603e-09,-0.018773479813438885,2.681895044584489e-13,-1.5895690821636723,-5.612629758525762e-12,1.570795863869645,-0.7477465189136674,2.4032246255523138e-08,0.20859422018749757,-8.023104750010113e-13,0.20865646835906126,5.231573854680427e-12,-6.515421668772461e-05,-0.4172609008534242,nan,nan,nan,nan,nan,nan,nan
2.629040573,429.010000000,INITIALIZE_HOME,-1.948356554884183e-09,-0.01689613183171907,2.5106145352775353e-13,-1.5876911739484718,-5.5654333728372535e-12,1.5707952774817202,-0.751501867021387,2.1629368054205608e-08,0.18773479816847635,-7.689935927618352e-13,0.1877908215232995,4.9713115568561506e-12,-5.8638795386620896e-05,-0.3755348107676631,nan,nan,nan,nan,nan,nan,nan
2.639644019,429.020000000,INITIALIZE_HOME,-1.7537197712242904e-09,-0.015206518648173633,2.35144509549631e-13,-1.5860010565547904,-5.52048291281641e-12,1.5707947497325838,-0.7548816803183308,1.946674680556714e-08,0.1689613183513832,-7.372739571631648e-13,0.1690117393711046,4.7241221351468354e-12,-5.277491617573793e-05,-0.33798132969052264,nan,nan,nan,nan,nan,nan,nan
2.647932837,429.030000000,INITIALIZE_HOME,-1.578543841432135e-09,-0.013685866782984913,2.2034622108695025e-13,-1.5844799509004759,-5.477672173487863e-12,1.570794274758358,-0.7579235122855763,1.7520359122378572e-08,0.152065186516023,-7.069466539944003e-13,0.15211056543412155,4.489303026544711e-12,-4.7497424843275654e-05,-0.3041831967211344,nan,nan,nan,nan,nan,nan,nan
2.658805768,429.040000000,INITIALIZE_HOME,-1.4208829313541896e-09,-0.012317280104317032,2.0658111527828395e-13,-1.5831109558115921,-5.4369006883415e-12,1.5707938472815535,-0.760661161056095,1.576858369681418e-08,0.13685866786422027,-6.777694724902084e-13,0.1368995088908259,4.266241873662757e-12,-4.2747682612139654e-05,-0.27376487704872426,nan,nan,nan,nan,nan,nan,nan
2.669369960,429.050000000,INITIALIZE_HOME,-1.2789857720477653e-09,-0.011085552093517718,1.9377050203099566e-13,-1.581878860231595,-5.3980732887127075e-12,1.5707934625524256,-0.7631250449495584,1.4191961780350877e-08,0.12317280107761729,-6.497307032671262e-13,0.12320955800185383,4.0543228496670025e-12,-3.8472914587684565e-05,-0.24638838934357718,nan,nan,nan,nan,nan,nan,nan
2.686951270,429.060000000,INITIALIZE_HOME,-1.1512762033960518e-09,-0.009976996883799945,1.8184173524587977e-13,-1.5807699742095966,-5.361099602447277e-12,1.5707931162962094,-0.7653425404536733,1.2772979841998641e-08,0.11085552096969223,-6.227360207361476e-13,0.11088860220176244,3.852919719382619e-12,-3.462562332692126e-05,-0.2217495504089804,nan,nan,nan,nan,nan,nan,nan
2.697164866,429.070000000,INITIALIZE_HOME,-1.0363356637435372e-09,-0.008979297195055403,1.7072779648352714e-13,-1.5797719767897975,-5.3258936271594436e-12,1.5707928046656119,-0.7673382864073749,1.1495875905397947e-08,0.09976996887257564,-5.966952192765218e-13,0.0997997419816722,3.6614287990399674e-12,-3.1163061180949914e-05,-0.1995745953678631,nan,nan,nan,nan,nan,nan,nan
2.708152805,429.080000000,INITIALIZE_HOME,-9.32887431191772e-10,-0.008081367475186625,1.6036724400682295e-13,-1.5788737791119773,-5.292373208080108e-12,1.5707925241980738,-0.7691344577657043,1.0346463942762299e-08,0.0897929719851851,-5.716128525373732e-13,0.0898197677835853,3.479553450924655e-12,-2.8046755218228553e-05,-0.17961713583087682,nan,nan,nan,nan,nan,nan,nan
2.721027301,429.090000000,INITIALIZE_HOME,-8.397824407285623e-10,-0.007273230727305913,1.50703517156833e-13,-1.5780654012019388,-5.260460010301265e-12,1.570792271777288,-0.7707510119881986,9.311976249554849e-09,0.08081367478654664,-5.473514436832305e-13,0.08083779100529788,3.30669519543747e-12,-2.5242079848018795e-05,-0.16165542224760884,nan,nan,nan,nan,nan,nan,nan
2.732535161,429.100000000,INITIALIZE_HOME,-7.559865190294571e-10,-0.006545907654214343,1.416846427508553e-13,-1.5773378610829039,-5.230079496224598e-12,1.5707920445985784,-0.7722059107884421,8.380922178474748e-09,0.07273230730778385,-5.240105224735281e-13,0.07275401190483616,3.1423613711112353e-12,-2.2717871998940292e-05,-0.14548988002268962,nan,nan,nan,nan,nan,nan,nan
2.749795464,429.110000000,INITIALIZE_HOME,-6.80568896323954e-10,-0.005891316888432897,1.3326272637476074e-13,-1.576683074975772,-5.20116058035151e-12,1.5707918401377396,-0.7735153197086595,7.542959579750867e-09,0.06545907657690798,-5.014532625940982e-13,0.0654786107144178,2.9861703387812355e-12,-2.04460849103881e-05,-0.13094089202027567,nan,nan,nan,nan,nan,nan,nan
2.762040006,429.120000000,INITIALIZE_HOME,-6.126918673895896e-10,-0.005302185199230466,1.2539367287567302e-13,-1.5760937674793527,-5.17363500131322e-12,1.5707916561229827,-0.7746937877368539,6.788780727677579e-09,0.058913168919129295,-4.79741246728338e-13,0.05893074964303869,2.8376849481315247e-12,-1.8401476530018057e-05,-0.11784680281812127,nan,nan,nan,nan,nan,nan,nan
2.773123523,429.130000000,INITIALIZE_HOME,-5.516014862643864e-10,-0.004771966678949065,1.1803711653934875e-13,-1.5755633907325746,-5.147437679223804e-12,1.5707914905097007,-0.7757544089622275,6.110008420761627e-09,0.05302185202713717,-4.588295889063065e-13,0.05303767467878963,2.696613765618139e-12,-1.6561328965544048e-05,-0.10606212253619415,nan,nan,nan,nan,nan,nan,nan
2.784112674,429.140000000,INITIALIZE_HOME,-4.966191906773019e-10,-0.004294770010696515,1.1115570920303104e-13,-1.575086051660474,-5.122506733027427e-12,1.570791341457746,-0.776708968065063,5.4991029103381925e-09,0.04771966682435206,-4.3865714012547574e-13,0.04773390721095888,2.5624398436452367e-12,-1.4905196150494238e-05,-0.09545591028247424,nan,nan,nan,nan,nan,nan,nan
2.794183410,429.150000000,INITIALIZE_HOME,-4.4713426509550334e-10,-0.0038652930092698576,1.047151991853676e-13,-1.5746564464955821,-5.0987826755866485e-12,1.5707912073109853,-0.7775680712576135,4.949278667562736e-09,0.042947700141852584,-4.192572938127581e-13,0.04296051648990995,2.4350417515695e-12,-1.341467660663856e-05,-0.08591031925413335,nan,nan,nan,nan,nan,nan,nan
2.804422860,429.160000000,INITIALIZE_HOME,-4.025970567896265e-10,-0.0034787637079864426,9.868407284917254e-14,-1.5742698018471801,-5.076208764096574e-12,1.5707910865789,-0.778341264130909,4.454428428218339e-09,0.03865293012760938,-4.006046796373175e-13,0.03866446484095031,2.3138921334542317e-12,-1.2073209004193758e-05,-0.07731928732864032,nan,nan,nan,nan,nan,nan,nan
2.814924706,429.170000000,INITIALIZE_HOME,-3.6251287003518287e-10,-0.003130887336831888,9.303333277366184e-14,-1.5739218216636184,-5.054730847429173e-12,1.5707909779200233,-0.7790371377168742,4.009055549233746e-09,0.034787637114796245,-3.826383654370602e-13,0.03479801835689471,2.198748128012795e-12,-1.0865888155020542e-05,-0.0695873585956969,nan,nan,nan,nan,nan,nan,nan
2.825130007,429.180000000,INITIALIZE_HOME,-3.264364713499285e-10,-0.0028177986027932574,8.773601246556102e-14,-1.5736086394984117,-5.034297352255507e-12,1.570790880127034,-0.7796634239442422,3.6082130185164513e-09,0.03130887340326964,-3.653676753506696e-13,0.03131821652124526,2.089269729443899e-12,-9.779299389906654e-06,-0.06262862273605468,nan,nan,nan,nan,nan,nan,nan
2.837981632,429.190000000,INITIALIZE_HOME,-2.939671438473242e-10,-0.0025360187421589113,8.276741249833826e-14,-1.5733267755497247,-5.014858675892503e-12,1.570790792113344,-0.7802270815488727,3.247448689298882e-09,0.02817798606290032,-3.4888628444584846e-13,0.028186394869149388,1.9853181598694647e-12,-8.801369499399081e-06,-0.05636576046238448,nan,nan,nan,nan,nan,nan,nan
2.846968576,429.200000000,INITIALIZE_HOME,-2.6474423693453826e-10,-0.0022824168675883803,7.810495414491109e-14,-1.5730730979959062,-4.996367658147743e-12,1.570790712901022,-0.780734373393039,2.922755074096818e-09,0.025360187456572165,-3.3298580906504505e-13,0.025367755382253453,1.8864632078674504e-12,-7.921232600158895e-06,-0.050729184416087654,nan,nan,nan,nan,nan,nan,nan
2.857171242,429.210000000,INITIALIZE_HOME,-2.3844315897349757e-10,-0.0020541751804752442,7.372750977438477e-14,-1.5728447881974703,-4.978779262130344e-12,1.5707906416099322,-0.7811909360527882,2.6305256451818887e-09,0.02282416871088061,-3.176770912299842e-13,0.02283097984404574,1.7925244621963543e-12,-7.129109381467241e-06,-0.04565626597443186,nan,nan,nan,nan,nan,nan,nan
2.867661577,429.220000000,INITIALIZE_HOME,-2.1477177297382238e-10,-0.0018487576620737302,6.961575521775816e-14,-1.572639309378878,-4.962050522209254e-12,1.5707905774479505,-0.7816018424465624,2.3675147316779346e-09,0.020541751839761653,-3.030941383291852e-13,0.020547881859665836,1.7031966115244046e-12,-6.416198486028368e-06,-0.041090639376946056,nan,nan,nan,nan,nan,nan,nan
2.889999267,429.230000000,INITIALIZE_HOME,-1.934671505558148e-10,-0.001663881895512645,6.575166431287115e-14,-1.572454378442144,-4.946140165843532e-12,1.5707905197021672,-0.7819716582009584,2.1308007554579622e-09,0.018487576655757638,-2.890827768137205e-13,0.01849309367372361,1.6184033280186583e-12,-5.774578669782288e-06,-0.036981575439210324,nan,nan,nan,nan,nan,nan,nan
2.905202182,429.240000000,INITIALIZE_HOME,-1.7429265298103107e-10,-0.0014974937056079188,6.211880857788487e-14,-1.572287940599084,-4.931008991752067e-12,1.570790467730962,-0.7823044923799143,1.9177544242302696e-09,0.016638818990156807,-2.756516803009701e-13,0.016643784306367954,1.537724808597929e-12,-5.197120838355135e-06,-0.03328341789525588,nan,nan,nan,nan,nan,nan,nan
2.919950546,429.250000000,INITIALIZE_HOME,-1.5703530100032547e-10,-0.0013477443346938903,5.870172338669188e-14,-1.5721381465403297,-4.916619845627452e-12,1.5707904209568773,-0.7826040431409746,1.72600935334586e-09,0.014974937091118546,-2.6280345087614787e-13,0.014979405875751372,1.461122889345745e-12,-4.677408788098664e-06,-0.0299550761057016,nan,nan,nan,nan,nan,nan,nan
2.933283329,429.260000000,INITIALIZE_HOME,-1.415034105529299e-10,-0.0012129699008714674,5.548638892099978e-14,-1.572003331887451,-4.902936940124376e-12,1.5707903788601998,-0.7828736388259284,1.553435878304428e-09,0.013477443381986375,-2.505036109101688e-13,0.013481465288195167,1.3882991978242387e-12,-4.209667940752865e-06,-0.026959568495102348,nan,nan,nan,nan,nan,nan,nan
2.944065200,429.270000000,INITIALIZE_HOME,-1.2752446230246264e-10,-0.0010916729104314697,5.2459457784703515e-14,-1.5718819986998585,-4.8899262156821115e-12,1.5707903409731903,-0.7831162749423866,1.3981169447001285e-09,0.012129699043769449,-2.3873654789174914e-13,0.012133318759395006,1.3190767922388602e-12,-3.7887011666744297e-06,-0.024263611645568547,nan,nan,nan,nan,nan,nan,nan
2.954140821,429.280000000,INITIALIZE_HOME,-1.1494318666700956e-10,-0.0009825056190356368,4.960879862285473e-14,-1.5717727988310264,-4.877555243380001e-12,1.570790306874881,-0.7833346474471989,1.2583274394250415e-09,0.01091672913937603,-2.274894682352535e-13,0.010919986883459586,1.253344650287147e-12,-3.409831072068159e-06,-0.021837250480990687,nan,nan,nan,nan,nan,nan,nan
2.963898596,429.290000000,INITIALIZE_HOME,-1.0361983872639951e-10,-0.0008842550567795345,4.69232604161094e-14,-1.5716745189490777,-4.86579315554851e-12,1.5707902761864019,-0.7835311827015299,1.1325146562733701e-09,0.009825056225423614,-2.1671640176856855e-13,0.009827988195129034,1.1908009300842792e-12,-3.068847979816741e-06,-0.019653525432870043,nan,nan,nan,nan,nan,nan,nan
2.974564497,429.300000000,INITIALIZE_HOME,-9.342864551480553e-11,-0.0007958295507491757,4.439223836617802e-14,-1.5715860670553232,-4.854610423724633e-12,1.570790248566772,-0.7837080644304278,1.0192812736420712e-09,0.008842550602867915,-2.0646635442989059e-13,0.008845189375633517,1.1314213455015931e-12,-2.7619631893724406e-06,-0.017688172889563473,nan,nan,nan,nan,nan,nan,nan
2.984058392,429.310000000,INITIALIZE_HOME,-8.425640939324831e-11,-0.0007162465953219726,4.2006007396413815e-14,-1.571506460350943,-4.8439790598798064e-12,1.5707902237091038,-0.783867257986436,9.1736925196019e-10,0.007958295542569108,-1.9658059902116776e-13,0.007960670438080495,1.0749144629951246e-12,-2.485766890776564e-06,-0.01591935560058648,nan,nan,nan,nan,nan,nan,nan
2.999106930,429.320000000,INITIALIZE_HOME,-7.60012509671588e-11,-0.0006446219354375979,3.975543722348186e-14,-1.571434814317001,-4.8338721272278966e-12,1.5707902013372028,-0.7840105321868425,8.256470211296871e-10,0.007162465988301386,-1.872794454238491e-13,0.007164603394270996,1.021335793716105e-12,-2.237190209645329e-06,-0.014327420040507464,nan,nan,nan,nan,nan,nan,nan
3.007848328,429.330000000,INITIALIZE_HOME,-6.857147695542238e-11,-0.000580159741541758,3.76322083304318e-14,-1.5713703328864537,-4.824264173906064e-12,1.570790181202492,-0.7841394789672084,7.430954221095479e-10,0.0064462193894615095,-1.78274712700488e-13,0.006448143054843973,9.7039390412057e-13,-2.0134712000637045e-06,-0.012894678036444573,nan,nan,nan,nan,nan,nan,nan
3.019148637,429.340000000,INITIALIZE_HOME,-6.18845619099753e-11,-0.0005221437670355896,3.562835378285978e-14,-1.5713122995989615,-4.8151308097022344e-12,1.5707901630812526,-0.7842555310695377,6.687976972360662e-10,0.0058015974505065985,-1.6973119958130223e-13,0.005803328749365434,9.219777719060573e-13,-1.8121240924103e-06,-0.01160521023278746,nan,nan,nan,nan,nan,nan,nan
3.030881554,429.350000000,INITIALIZE_HOME,-5.586623190082076e-11,-0.00046992938998011705,3.3736704402320466e-14,-1.571260069640218,-4.806448869119112e-12,1.570790146772137,-0.784359977961634,6.019286379011987e-10,0.005221437705448048,-1.6160206853244041e-13,0.005222995874438072,8.759694358762005e-13,-1.6309116987849037e-06,-0.010444689209495713,nan,nan,nan,nan,nan,nan,nan
3.039539873,429.360000000,INITIALIZE_HOME,-5.044963907063103e-11,-0.00042293645063026244,3.195044554447891e-14,-1.5712130626773477,-4.798196404435279e-12,1.5707901320939324,-0.7844539801645202,5.417453240565487e-10,0.004699293934896154,-1.5380622123140064e-13,0.00470069628699794,8.322613431754888e-13,-1.4678205429129176e-06,-0.00940022028853401,nan,nan,nan,nan,nan,nan,nan
3.048537277,429.370000000,INITIALIZE_HOME,-4.5574619235983534e-11,-0.0003806428052154572,3.02631719597405e-14,-1.5711707564107653,-4.790352210390964e-12,1.570790118883549,-0.7845385821471174,4.875794526156343e-10,0.0042293645414001515,-1.4640805928722855e-13,0.004230626658291832,7.907112464788923e-13,-1.3210384966454158e-06,-0.008460198259673993,nan,nan,nan,nan,nan,nan,nan
3.057987802,429.380000000,INITIALIZE_HOME,-4.118702347997411e-11,-0.00034257852434218996,2.866889408162356e-14,-1.5711326807708408,-4.782896472974624e-12,1.5707901069942023,-0.7846147239314557,4.3882930698523753e-10,0.0038064280872543905,-1.393373263991471e-13,0.0038075639924638506,7.512636346351798e-13,-1.1889346622426245e-06,-0.007614178433703375,nan,nan,nan,nan,nan,nan,nan
3.071614860,429.390000000,INITIALIZE_HOME,-3.723811779228592e-11,-0.00030832067155630113,2.7162413160711015e-14,-1.571098412694909,-4.775810235128114e-12,1.570790096293791,-0.7846832515373596,3.9495329554571634e-10,0.003425785278523756,-1.3255499128894677e-13,0.0034268075932151164,7.137311575089456e-13,-1.0700411962674683e-06,-0.006852760590321021,nan,nan,nan,nan,nan,nan,nan
3.077861001,429.400000000,INITIALIZE_HOME,-3.3684039470928475e-11,-0.0002774886040490478,2.5738228172020113e-14,-1.5710675714265705,-4.769075237152126e-12,1.5707900866634217,-0.7847449263826733,3.554643061018728e-10,0.0030832067506667213,-1.2614041755565353e-13,0.003084126833894394,6.781172845471417e-13,-9.630370841409719e-07,-0.006167484531282726,nan,nan,nan,nan,nan,nan,nan
3.089921731,429.410000000,INITIALIZE_HOME,-3.0485312114370416e-11,-0.0002497397432925618,2.4391554097682808e-14,-1.5710398142850657,-4.7626741387507935e-12,1.5707900779960886,-0.7848004337434551,3.199235299421177e-10,0.002774886075595847,-1.1999212387592273e-13,0.002775714150506342,6.442589517430264e-13,-8.667333903124297e-07,-0.005550736078146476,nan,nan,nan,nan,nan,nan,nan
3.103124061,429.420000000,INITIALIZE_HOME,-2.7606406609756856e-11,-0.00022476576861176216,2.3117975849612303e-14,-1.5710148328577107,-4.7565905780122925e-12,1.5707900701954887,-0.7848503903681593,2.8793626662658445e-10,0.0024973974680324914,-1.1416410351794415e-13,0.0024981427354555975,6.120728923697527e-13,-7.800600597997198e-07,-0.004995662470329769,nan,nan,nan,nan,nan,nan,nan
3.113993540,429.430000000,INITIALIZE_HOME,-2.5015345725027606e-11,-0.0002022891913990764,2.191325940148461e-14,-1.5709923495730926,-4.750808945894785e-12,1.5707900631749492,-0.784895351330393,2.5914721453815237e-10,0.0022476577212258474,-1.0857525815921587e-13,0.0022483284619037244,5.815140036169453e-13,-7.020540605182091e-07,-0.004496096223288572,nan,nan,nan,nan,nan,nan,nan
3.125063306,429.440000000,INITIALIZE_HOME,-2.2683349720306687e-11,-0.0001820602719076899,2.0773435489146255e-14,-1.5709721146169358,-4.7453143168374845e-12,1.5707900568564637,-0.7849358161964025,2.3323664332351723e-10,0.0020228919491002088,-1.0330863768615028e-13,0.002023495615721016,5.524747326290935e-13,-6.318486657393152e-07,-0.004046486600952047,nan,nan,nan,nan,nan,nan,nan
3.134774975,429.450000000,INITIALIZE_HOME,-2.058451584342869e-11,-0.00016385424436546938,1.9694682733620096e-14,-1.5709539031563944,-4.740092677744151e-12,1.570790051169826,-0.7849722345758117,2.0991671508679977e-10,0.001820602754187447,-9.824953350889842e-14,0.0018211460541503813,5.248579348915428e-13,-5.686638107765818e-07,-0.0036418379408575926,nan,nan,nan,nan,nan,nan,nan
3.146823778,429.460000000,INITIALIZE_HOME,-1.8695532063593943e-11,-0.00014746881957749573,1.8673630567192313e-14,-1.570937512841907,-4.735130466546649e-12,1.5707900460518514,-0.7850050111172796,1.8892840167750863e-10,0.001638542478766234,-9.34569262256435e-14,0.0016390314487350413,4.986462631695332e-13,-5.117974347865206e-07,-0.003277654146766563,nan,nan,nan,nan,nan,nan,nan
3.156046355,429.470000000,INITIALIZE_HOME,-1.6995416499639385e-11,-0.00013272193726834167,1.7707092953358833e-14,-1.570922761558868,-4.730414926088537e-12,1.570790041445674,-0.7850345100046006,1.7003853164908322e-10,0.001474688230887349,-8.884603122649715e-14,0.001475128303859357,4.737633896301219e-13,-4.6061768774544043e-07,-0.0029498887320877076,nan,nan,nan,nan,nan,nan,nan
3.166180334,429.480000000,INITIALIZE_HOME,-1.5465285294196583e-11,-0.00011944974319012304,1.6791836584400882e-14,-1.5709094854041328,-4.7259337814665e-12,1.5707900373001147,-0.7850610590031893,1.5303738072798556e-10,0.0013272194077966217,-8.449794683396128e-14,0.0013276154734673286,4.500948225238943e-13,-4.145559134270671e-07,-0.0026548998588785512,nan,nan,nan,nan,nan,nan,nan
3.175217091,429.490000000,INITIALIZE_HOME,-1.4088142854723716e-11,-0.00010750476851974442,1.5925127752960746e-14,-1.5708975368648728,-4.721675656363983e-12,1.5707900335691125,-0.7850849531019193,1.3773613033538773e-10,0.0011944974670151317,-8.035564401376316e-14,0.0011948539261149027,4.2758852014657123e-13,-3.7310032116946723e-07,-0.0023894098729911103,nan,nan,nan,nan,nan,nan,nan
3.185090234,429.500000000,INITIALIZE_HOME,-1.2848692574140831e-11,-9.675429131641995e-05,1.5104197840370776e-14,-1.5708867831795374,-4.717629389570138e-12,1.5707900302112099,-0.7851064577907769,1.239647027606941e-10,0.001075047720312,-7.640719654200545e-14,0.0010753685335137264,4.0622366581644087e-13,-3.3579029952435224e-07,-0.002150468885692109,nan,nan,nan,nan,nan,nan,nan
3.196340455,429.510000000,INITIALIZE_HOME,-1.1733167654416507e-11,-8.707886183344258e-05,1.4326607825423737e-14,-1.5708771048627364,-4.713784260493886e-12,1.5707900271890964,-0.7851258120107483,1.1157024566374463e-10,0.0009675429482793494,-7.267667370691733e-14,0.0009678316801596427,3.8592740114751223e-13,-3.022112733397364e-07,-0.001935421997115972,nan,nan,nan,nan,nan,nan,nan
3.210976917,429.520000000,INITIALIZE_HOME,-1.0729177336233722e-11,-7.837097529877609e-05,1.3589768850172171e-14,-1.5708683943776145,-4.710130513050397e-12,1.5707900244691946,-0.7851432308087225,1.0041498361978984e-10,0.0008707886534500848,-6.907798985600344e-14,0.0008710485121477436,3.666754400111216e-13,-2.719901388559265e-07,-0.0017418797974027792,nan,nan,nan,nan,nan,nan,nan
3.222531839,429.530000000,INITIALIZE_HOME,-9.825569845426919e-12,-7.053387741758809e-05,1.2891545903698024e-14,-1.5708605549410057,-4.706658595852213e-12,1.5707900220212838,-0.7851589077268996,9.037511147433341e-11,0.0007837097881039099,-6.567359503439896e-14,0.0007839436609284253,3.4839492402127803e-13,-2.447911202629882e-07,-0.0015676918176607034,nan,nan,nan,nan,nan,nan,nan
3.247860581,429.540000000,INITIALIZE_HOME,-9.012309028230404e-12,-6.348048932452957e-05,1.2230031440699022e-14,-1.570853499448058,-4.703359661809607e-12,1.570790019818164,-0.7851730169532581,8.133895466888585e-11,0.0007053388092924597,-6.239930447349273e-14,0.000705549294840152,3.3093666695904744e-13,-2.203120127754199e-07,-0.0014109226358904091,nan,nan,nan,nan,nan,nan,nan
3.264129926,429.550000000,INITIALIZE_HOME,-8.280361455040879e-12,-5.713244004078643e-05,1.1603093486023192e-14,-1.570847149504405,-4.700225075469116e-12,1.5707900178353567,-0.7851857152569812,7.32063711950462e-11,0.0006348049283622476,-5.932949444231728e-14,0.0006349943653629064,3.1442903836165215e-13,-1.9828081375405926e-07,-0.0012698303723047595,nan,nan,nan,nan,nan,nan,nan
3.274406178,429.560000000,INITIALIZE_HOME,-7.621596575263572e-12,-5.141919568542633e-05,1.1008592908784213e-14,-1.5708414345551158,-4.697246555260864e-12,1.5707900160508288,-0.7851971437303323,6.588695897462998e-11,0.0005713244355251461,-5.643163887569802e-14,0.0005714949288311393,2.987020353284464e-13,-1.784527411050063e-07,-0.0011428473350740933,nan,nan,nan,nan,nan,nan,nan
3.283857234,429.570000000,INITIALIZE_HOME,-7.028697876051522e-12,-4.627727576560991e-05,1.0445148435414345e-14,-1.5708362911007558,-4.694416534321047e-12,1.5707900144447537,-0.7852074293563478,5.929932727580939e-11,0.0005141919919718757,-5.3649576101100216e-14,0.0005143454359392875,2.837521884124783e-13,-1.6060746266602366e-07,-0.0010285626015631884,nan,nan,nan,nan,nan,nan,nan
3.294296163,429.580000000,INITIALIZE_HOME,-6.495079641707985e-12,-4.1649547837782226e-05,9.910952700892053e-15,-1.570831661991833,-4.691727483949784e-12,1.5707900129992858,-0.7852166864197615,5.3370276297329267e-11,0.00046277279277395105,-5.095901998986019e-14,0.0004629108923389705,2.696141920832673e-13,-1.4454671203034675e-07,-0.0009257063414086827,nan,nan,nan,nan,nan,nan,nan
3.304806596,429.590000000,INITIALIZE_HOME,-6.0148146865159e-12,-3.748459270274356e-05,9.404411494342915e-15,-1.570827495793802,-4.689172465253169e-12,1.5707900116983664,-0.7852250177768346,4.803410685698395e-11,0.00041649551349595,-4.844367094969382e-14,0.00041661980311007846,2.5613886012187947e-13,-1.3009203238961708e-07,-0.0008331357072717763,nan,nan,nan,nan,nan,nan,nan
3.317132068,429.600000000,INITIALIZE_HOME,-5.582568610344443e-12,-3.373613308121438e-05,8.92406721436624e-15,-1.570823746215574,-4.686744983426508e-12,1.5707900105275385,-0.7852325159981997,4.323151472224174e-11,0.000374845962145794,-4.608423018193086e-14,0.00037495782279965695,2.432949675057472e-13,-1.170828387957179e-07,-0.000749822136540664,nan,nan,nan,nan,nan,nan,nan
3.331133086,429.610000000,INITIALIZE_HOME,-5.193540175118971e-12,-3.036251942184323e-05,8.46848004047697e-15,-1.5708203715951687,-4.684438404887229e-12,1.5707900094737925,-0.7852392643974291,3.890901511573175e-11,0.0003373613659306944,-4.376880802237082e-14,0.00033746204052025747,2.3115190317390955e-13,-1.0537456003253953e-07,-0.0006748399228904854,nan,nan,nan,nan,nan,nan,nan
3.340176670,429.620000000,INITIALIZE_HOME,-4.843408248628751e-12,-2.732626712841385e-05,8.03629211787428e-15,-1.570817334436804,-4.6822468593310884e-12,1.5707900085254223,-0.7852453379567347,3.501875189566156e-11,0.00030362522933717194,-4.1617317231290585e-14,0.00030371583646656916,2.1960905316475987e-13,-9.483710027360925e-08,-0.0006073559305963226,nan,nan,nan,nan,nan,nan,nan
3.350715720,429.630000000,INITIALIZE_HOME,-4.52828399934268e-12,-2.4593640064331597e-05,7.626399511906148e-15,-1.570814600994276,-4.6801646464567436e-12,1.5707900076718875,-0.7852508041601102,3.151735426462632e-11,0.0002732627064030138,-3.950941136754427e-14,0.0002733442528181744,2.0862478411487473e-13,-8.535339745055492e-08,-0.0005466203375404412,nan,nan,nan,nan,nan,nan,nan
3.364908569,429.640000000,INITIALIZE_HOME,-4.244667161862054e-12,-2.2134275706661232e-05,7.237580977245483e-15,-1.570812140896,-4.678186225557416e-12,1.5707900069037064,-0.7852557237431479,2.8366178655113428e-11,0.00024593643576236086,-3.7557413776201365e-14,0.0002460098275391641,1.9818174878949435e-13,-7.681804954987048e-08,-0.0004919583037855703,nan,nan,nan,nan,nan,nan,nan
3.382469922,429.650000000,INITIALIZE_HOME,-3.989407408748719e-12,-1.9920847784761304e-05,6.868724772984624e-15,-1.570809926807552,-4.676306416748802e-12,1.5707900062123439,-0.7852601513678825,2.5530032298284877e-11,0.00022134279218578184,-3.5717305849058967e-14,0.00022140884477912792,1.882972944233785e-13,-6.913623877904951e-08,-0.0004427624734084142,nan,nan,nan,nan,nan,nan,nan
3.393581340,429.660000000,INITIALIZE_HOME,-3.759669612470626e-12,-1.7928762655054403e-05,6.518755370568463e-15,-1.5708079341279484,-4.674520505052496e-12,1.5707900055901172,-0.7852641362301428,2.2977421072593873e-11,0.00019920851296692803,-3.394355109487268e-14,0.00019926796029755278,1.7890550152444007e-13,-6.222261363791892e-08,-0.00039848622606226524,nan,nan,nan,nan,nan,nan,nan
3.410686771,429.670000000,INITIALIZE_HOME,-3.552902056377298e-12,-1.6135886038320883e-05,6.1867455602990885e-15,-1.570806140716305,-4.672823713040045e-12,1.570790005030114,-0.7852677226061778,2.0680007511118814e-11,0.00017928766166995774,-3.2232029545387064e-14,0.00017934116426192998,1.6993351170668802e-13,-5.600034645378282e-08,-0.00035863760345954034,nan,nan,nan,nan,nan,nan,nan
3.419527514,429.680000000,INITIALIZE_HOME,-3.3668079183395452e-12,-1.452229708326306e-05,5.871663832229599e-15,-1.5708045266458277,-4.671211603288797e-12,1.5707900045261105,-0.7852709503446088,1.8612369024478825e-11,0.00016135889550270704,-3.0654515384420655e-14,0.00016140704782763998,1.6148193893172902e-13,-5.040031498745878e-08,-0.00032277384310921454,nan,nan,nan,nan,nan,nan,nan
3.428967038,429.690000000,INITIALIZE_HOME,-3.1984796420002306e-12,-1.3070067023713128e-05,5.572643691983746e-15,-1.5708030739823982,-4.669679981237387e-12,1.570790004072507,-0.7852738553091966,1.6834151585730373e-11,0.0001452230059522312,-2.913272921512e-14,0.00014526634305472505,1.5337731085196538e-13,-4.536027988291669e-08,-0.0002904964587994961,nan,nan,nan,nan,nan,nan,nan
3.438545390,429.700000000,INITIALIZE_HOME,-3.0385664852820118e-12,-1.1763059970120298e-05,5.288932920094256e-15,-1.5708017665853098,-4.668224697427262e-12,1.5707900036642646,-0.7852764697773263,1.599248489712879e-11,0.00013070070535679845,-2.7641083866214444e-14,0.0001307397087591082,1.4568901640643617e-13,-4.082424384307948e-08,-0.00026144681292189324,nan,nan,nan,nan,nan,nan,nan
3.450821981,429.710000000,INITIALIZE_HOME,-2.8866477457579997e-12,-1.0586753621888542e-05,5.019628592991886e-15,-1.5708005899279316,-4.6668421124085666e-12,1.5707900032968474,-0.785278822798643,1.5192949329168037e-11,0.00011763063482093656,-2.6309466757967748e-14,0.00011766573787530543,1.3843787227685311e-13,-3.674182050272812e-08,-0.0002353021316242052,nan,nan,nan,nan,nan,nan,nan
3.460635209,429.720000000,INITIALIZE_HOME,-2.7423239523903486e-12,-9.528077908481549e-06,4.7640812735753145e-15,-1.5707995309362905,-4.665528541628641e-12,1.5707900029661719,-0.7852809405178275,1.443333451887907e-11,0.00010586757133868334,-2.4993895841873837e-14,0.00010589916409323857,1.3152673394856151e-13,-3.3067648494422563e-08,-0.00021177191845743112,nan,nan,nan,nan,nan,nan,nan
3.471839289,429.730000000,INITIALIZE_HOME,-2.605215333877846e-12,-8.575269766416738e-06,4.521507300514271e-15,-1.5707985778438145,-4.664280491354403e-12,1.5707900026685633,-0.7852828464650942,1.3711710911655517e-11,9.528081420466235e-05,-2.3724945619196802e-14,9.530924768265392e-05,1.2492437639899379e-13,-2.976089361408918e-08,-0.0001905947266128711,nan,nan,nan,nan,nan,nan,nan
3.488878352,429.740000000,INITIALIZE_HOME,-2.47496135743631e-12,-7.717742438559828e-06,4.291302773198679e-15,-1.5707977200605856,-4.6630947211224e-12,1.5707900024007153,-0.7852845618176342,1.3026180286333788e-11,8.575273278407032e-05,-2.2555525155953937e-14,8.577832292207613e-05,1.1868978022633314e-13,-2.6784807510837894e-08,-0.0001715352539461328,nan,nan,nan,nan,nan,nan,nan
3.500075039,429.750000000,INITIALIZE_HOME,-2.3512192887612624e-12,-6.945967843489649e-06,4.072787896866391e-15,-1.570796948055679,-4.661968177819312e-12,1.5707900021596526,-0.7852861056349193,1.2374897981337618e-11,7.717745950556023e-05,-2.1421666523968597e-14,7.720049063311002e-05,1.1277784262020418e-13,-2.410632799279555e-08,-0.00015438172854605105,nan,nan,nan,nan,nan,nan,nan
3.512144786,429.760000000,INITIALIZE_HOME,-2.2336635323993257e-12,-6.25137070792753e-06,3.865294586138723e-15,-1.5707962532512627,-4.6608979644569366e-12,1.570790001942695,-0.7852874950704759,1.1756212539917876e-11,6.945971355489054e-05,-2.0373893544478605e-14,6.948044156631153e-05,1.0711917464156784e-13,-2.1695700676976903e-08,-0.0001389435556948468,nan,nan,nan,nan,nan,nan,nan
3.537894705,429.770000000,BASELINE,-2.1219849429545863e-12,-5.6262332859224985e-06,3.668319988048076e-15,-1.5707956279272879,-4.659881267313795e-12,1.5707900017474334,-0.785288745562477,1.1168444858170035e-11,6.2513742199318e-05,-1.938249907795786e-14,6.25323974040512e-05,1.0174500131299169e-13,-1.9526125136920536e-08,-0.00012504920012879235,nan,nan,nan,nan,nan,nan,nan
3.550644099,429.780000000,BASELINE,-2.015889744464286e-12,-5.063609606118928e-06,3.481337830859922e-15,-1.5707950651357123,-4.658915338587903e-12,1.5707900015716985,-0.7852898710052781,1.0610033684965714e-11,5.626236797928296e-05,-1.839283933491309e-14,5.627915765577668e-05,9.66726698692355e-14,-1.7573509328294712e-08,-0.00011254428011823157,nan,nan,nan,nan,nan,nan,nan
3.562373585,429.790000000,BASELINE,-1.915098829136858e-12,-4.557248294296451e-06,3.303888196012696e-15,-1.5707945586232936,-4.657997597010725e-12,1.570790001413536,-0.7852908839037989,1.0079551668144837e-11,5.0636131181280635e-05,-1.747885690350781e-14,5.0651241900043914e-05,9.182932192430826e-14,-1.5816159434217658e-08,-0.00010128985210647572,nan,nan,nan,nan,nan,nan,nan
3.572809394,429.800000000,BASELINE,-1.819346887279685e-12,-4.101523113656838e-06,3.1353270674159403e-15,-1.570794102762116,-4.657125825605661e-12,1.57079000127119,-0.7852917955124674,9.575633038230724e-12,4.557251806309526e-05,-1.6632095006796632e-14,4.5586117713321966e-05,8.718373245564237e-14,-1.423453579313394e-08,-9.116086689923541e-05,nan,nan,nan,nan,nan,nan,nan
3.583141255,429.810000000,BASELINE,-1.7283821247560102e-12,-3.6913704510817798e-06,2.975304247767942e-15,-1.5707936924870576,-4.656297599229289e-12,1.570790001143079,-0.7852926159602693,9.096849250440908e-12,4.101526625673209e-05,-1.5776008971402078e-14,4.102750593628843e-05,8.286427100046012e-14,-1.2811074416585466e-08,-8.204478021371642e-05,nan,nan,nan,nan,nan,nan,nan
3.595024857,429.820000000,BASELINE,-1.6419653556161412e-12,-3.3222330547648457e-06,2.8234612998304774e-15,-1.570793323239505,-4.655510718252246e-12,1.5707900010277802,-0.7852933543632914,8.642035546381488e-12,3.6913739630987496e-05,-1.4997551811557486e-14,3.692475535255896e-05,7.873562912763532e-14,-1.1529965929929498e-08,-7.384030219456227e-05,nan,nan,nan,nan,nan,nan,nan
3.605892617,429.830000000,BASELINE,-1.5598690661057152e-12,-2.9900093980801125e-06,2.6792665308581604e-15,-1.5707929909167069,-4.654763170395296e-12,1.5707900009240099,-0.7852940189260107,8.209917121138055e-12,3.3222365667849585e-05,-1.4232972439520708e-14,3.3232279827176414e-05,7.480821517802383e-14,-1.0376977072762417e-08,-6.64562719739862e-05,nan,nan,nan,nan,nan,nan,nan
3.615689215,429.840000000,BASELINE,-1.4818770814903683e-12,-2.6910081070642792e-06,2.542151602072174e-15,-1.5707926918261879,-4.654052651945664e-12,1.570790000830618,-0.7852946170324584,7.79947807727499e-12,2.990012910100877e-05,-1.3560983933014192e-14,2.9909051845397605e-05,7.109243749248151e-14,-9.33927371896126e-09,-5.981064478095474e-05,nan,nan,nan,nan,nan,nan,nan
3.626126251,429.850000000,BASELINE,-1.4077845875229414e-12,-2.421906945150503e-06,2.412119766079035e-15,-1.5707924226447219,-4.65337785492185e-12,1.5707900007465652,-0.7852951553282619,7.409487736906306e-12,2.6910116190859016e-05,-1.2846277860911748e-14,2.6918146655202646e-05,6.750502934416147e-14,-8.405354055135428e-09,-5.382958030393167e-05,nan,nan,nan,nan,nan,nan,nan
3.635220159,429.860000000,BASELINE,-1.3373964272702855e-12,-2.179715899428363e-06,2.2886150440046932e-15,-1.5707921803814013,-4.652736770514069e-12,1.5707900006709168,-0.7852956397944846,7.039034828106028e-12,2.4219104571769883e-05,-1.2230667867374478e-14,2.4226331995131495e-05,6.420211584590163e-14,-7.564826490918941e-09,-4.8446622269090155e-05,nan,nan,nan,nan,nan,nan,nan
3.645581364,429.870000000,BASELINE,-1.2705273947152117e-12,-1.9617439582787876e-06,2.1712711923552835e-15,-1.5707919623444129,-4.652127754204463e-12,1.5707900006028335,-0.785296075814085,6.687089575650729e-12,2.1797194114542848e-05,-1.1602697969070874e-14,2.1803698789991943e-05,6.090267179459374e-14,-6.808342823544367e-09,-4.3601960042163705e-05,nan,nan,nan,nan,nan,nan,nan
3.663613295,429.880000000,BASELINE,-1.2070016205559594e-12,-1.7655692112443873e-06,2.05982323211985e-15,-1.5707917661111233,-4.651549293314164e-12,1.570790000541558,-0.7852964682317256,6.352778112589386e-12,1.961747470306547e-05,-1.106450001064907e-14,1.9623328905336856e-05,5.785649737077847e-14,-6.1275095969426374e-09,-3.92417640379299e-05,nan,nan,nan,nan,nan,nan,nan
3.673595432,429.890000000,BASELINE,-1.14665207488266e-12,-1.5890119389137775e-06,1.9541085329725198e-15,-1.5707915895011633,-4.650999549036286e-12,1.570790000486411,-0.7852968214076019,6.035102322402008e-12,1.765572723272748e-05,-1.0459515198402158e-14,1.7660996009111196e-05,5.5001142529320646e-14,-5.514755221924794e-09,-3.531758763185896e-05,nan,nan,nan,nan,nan,nan,nan
3.683095694,429.900000000,BASELINE,-1.0893197651929902e-12,-1.4301103938164667e-06,1.853659370096082e-15,-1.5707914305521982,-4.650477265431032e-12,1.5707900004367774,-0.7852971392658905,5.733369942001465e-12,1.589015450942973e-05,-9.940616038650596e-15,1.5894896409216624e-05,5.2235993308613615e-14,-4.963285345216395e-09,-3.178582886865719e-05,nan,nan,nan,nan,nan,nan,nan
3.699199796,429.910000000,BASELINE,-1.034854000720661e-12,-1.2870990032290676e-06,1.7582877428338288e-15,-1.5707912874981296,-4.649980995739024e-12,1.5707900003921087,-0.7852974253383507,5.446699731861959e-12,1.430113905846373e-05,-9.457495550591055e-15,1.4305406758199218e-05,4.9595744178176915e-14,-4.466949050235813e-09,-2.8607245982873765e-05,nan,nan,nan,nan,nan,nan,nan
3.716249338,429.920000000,BASELINE,-9.831112508789508e-13,-1.1583887517005642e-06,1.6676159151488662e-15,-1.570791158749469,-4.649509688717836e-12,1.5707900003519053,-0.7852976828035643,5.174399320476142e-12,1.2871025152609615e-05,-9.004299042492114e-15,1.2874866072258573e-05,4.7156722970953524e-14,-4.020261856058083e-09,-2.574652138124297e-05,nan,nan,nan,nan,nan,nan,nan
3.728117461,429.930000000,BASELINE,-9.33955694300686e-13,-1.0425495253251452e-06,1.5816881224898312e-15,-1.570791042875674,-4.649062050263754e-12,1.5707900003157231,-0.7852979145222563,4.915681577066788e-12,1.15839226373217e-05,-8.55283725786915e-15,1.158737946600763e-05,4.4787090702769206e-14,-3.618227901319715e-09,-2.317186924530052e-05,nan,nan,nan,nan,nan,nan,nan
3.741292746,429.940000000,BASELINE,-8.872576624660214e-13,-9.382942215874634e-07,1.499878997043634e-15,-1.570790938589259,-4.648636619739612e-12,1.570790000283158,-0.7852981230690794,4.669902810804094e-12,1.0425530373578927e-05,-8.13628678320022e-15,1.0428641515968645e-05,4.2587461335230614e-14,-3.25640617943046e-09,-2.0854682325178835e-05,nan,nan,nan,nan,nan,nan,nan
3.755972228,429.950000000,BASELINE,-8.428944685750016e-13,-8.444644482235982e-07,1.4222596624727898e-15,-1.5707908447314862,-4.648232397944686e-12,1.5707900002538504,-0.7852983107612201,4.4364049109693604e-12,9.38297733620269e-06,-7.72342259591774e-15,9.385777365419207e-06,4.04121180963557e-14,-2.9307556624613706e-09,-1.8769214093770567e-05,nan,nan,nan,nan,nan,nan,nan
3.765920527,429.960000000,BASELINE,-8.007494207067433e-13,-7.600176521963675e-07,1.348637130790596e-15,-1.5707907602594902,-4.647848514047794e-12,1.5707900002274737,-0.7852984796841469,4.214604902054442e-12,8.444679602578236e-06,-7.339831867292368e-15,8.447199638727393e-06,3.837208328860697e-14,-2.637678912092989e-09,-1.6892292686553068e-05,nan,nan,nan,nan,nan,nan,nan
3.775743638,429.970000000,BASELINE,-7.607114616474741e-13,-6.840155357718532e-07,1.2785835758197905e-15,-1.5707906842346926,-4.64748390292872e-12,1.570790000203735,-0.7852986317147806,4.003878717288856e-12,7.600211642314969e-06,-6.978142022551204e-15,7.602479678119056e-06,3.6463887465032485e-14,-2.3739122681498692e-09,-1.520306341901926e-05,nan,nan,nan,nan,nan,nan,nan
3.786110434,429.980000000,BASELINE,-7.226753874656899e-13,-6.156136309899943e-07,1.2120987807199377e-15,-1.570790615812376,-4.647137256605962e-12,1.5707900001823698,-0.785298768542351,3.803688483974832e-12,6.840190478063588e-06,-6.624908954755426e-15,6.842231702382934e-06,3.466324449696856e-14,-2.1365242838800036e-09,-1.3682757081506965e-05,nan,nan,nan,nan,nan,nan,nan
3.800020372,429.990000000,BASELINE,-6.865410717655018e-13,-5.540519166863623e-07,1.1489166822779104e-15,-1.5707905542322904,-4.646807967926305e-12,1.5707900001631407,-0.7852988916871643,3.6135324333469443e-12,6.156171430259528e-06,-6.318947101680017e-15,6.158008535418064e-06,3.289729599842417e-14,-1.922873072573994e-09,-1.2314481377679286e-05,nan,nan,nan,nan,nan,nan,nan
3.806485495,430.000000000,BASELINE,-6.522134058386736e-13,-4.986463738131799e-07,1.0889928282046366e-15,-1.5707904988102146,-4.646495207691927e-12,1.5707900001458346,-0.785299002517497,3.4328151215720637e-12,5.540554287220131e-06,-5.957690937807847e-15,5.542207680585276e-06,3.1297880953573554e-14,-1.7305823198088266e-09,-1.1083033245313026e-05,nan,nan,nan,nan,nan,nan,nan
3.816132354,430.010000000,BASELINE,-6.196020552612365e-13,-4.4878138522740804e-07,1.0320138840722679e-15,-1.5707904489303455,-4.6461980460910455e-12,1.5707900001302604,-0.7852991022647963,3.261184941885653e-12,4.986498858472986e-06,-5.680135181651558e-15,4.987986922402876e-06,2.9715813143482706e-14,-1.5575206749329773e-09,-9.974729918415907e-06,nan,nan,nan,nan,nan,nan,nan
3.825992840,430.020000000,BASELINE,-5.886213169956419e-13,-4.0390289550032773e-07,9.780553103520093e-16,-1.5707904040384641,-4.645915823928739e-12,1.5707900001162427,-0.7852991920373656,3.098123862489699e-12,4.487848972618185e-06,-5.379160658569582e-15,4.489188231180524e-06,2.8206603719382883e-14,-1.4017787312858854e-09,-8.977256925319851e-06,nan,nan,nan,nan,nan,nan,nan
3.838093069,430.030000000,BASELINE,-5.59189463340027e-13,-3.6351225474599735e-07,9.266283487045044e-16,-1.5707903636357696,-4.645647788335019e-12,1.5707900001036261,-0.7852992728326783,2.943227801234516e-12,4.03906407534611e-06,-5.12047002021454e-15,4.040269417936171e-06,2.6804947150793623e-14,-1.2616018542355167e-09,-8.07953123155812e-06,nan,nan,nan,nan,nan,nan,nan
3.846709235,430.040000000,BASELINE,-5.312292880408485e-13,-3.2716067806728035e-07,8.778778485399973e-16,-1.5707903272733454,-4.645392874189671e-12,1.5707900000922708,-0.7852993455484595,2.7960412847874427e-12,3.635157667804473e-06,-4.839661657540795e-15,3.6362424726751885e-06,2.5490026756003203e-14,-1.1354360091031523e-09,-7.271578104908229e-06,nan,nan,nan,nan,nan,nan,nan
3.856564832,430.050000000,BASELINE,-5.046669375229413e-13,-2.944442590563e-07,8.314468905033055e-16,-1.5707902945471637,-4.645150869856432e-12,1.5707900000820523,-0.7852994109926629,2.656261387061487e-12,3.2716419010544485e-06,-4.626724350864642e-15,3.272618230881763e-06,2.4202861936828413e-14,-1.021882564677945e-09,-6.54442029318289e-06,nan,nan,nan,nan,nan,nan,nan
3.867767584,430.060000000,BASELINE,-4.794327551577498e-13,-2.6499948194654844e-07,7.874328359495184e-16,-1.5707902650935996,-4.644920790012367e-12,1.5707900000728552,-0.7852994698924457,2.523441091500933e-12,2.9444777109178654e-06,-4.387549351614339e-15,2.945356413180944e-06,2.3040597207923952e-14,-9.196975091219084e-10,-5.889978259272441e-06,nan,nan,nan,nan,nan,nan,nan
3.880068720,430.070000000,BASELINE,-4.554602562585945e-13,-2.384991825478151e-07,7.45611471869366e-16,-1.570790238585393,-4.6447022391405216e-12,1.5707900000645774,-0.78529952290225,2.397251993267735e-12,2.6500299398224143e-06,-4.137966011508176e-15,2.650820772883561e-06,2.187833247901949e-14,-8.277266545786421e-10,-5.300980431014769e-06,nan,nan,nan,nan,nan,nan,nan
3.896012755,430.080000000,BASELINE,-4.326863641114846e-13,-2.1464891308901676e-07,7.059242513455341e-16,-1.5707902147280057,-4.644494686415515e-12,1.5707900000571278,-0.7852995706110736,2.2774071040468358e-12,2.3850269458445747e-06,-3.943676982198774e-15,2.385738705517476e-06,2.0761170560490427e-14,-7.449485542321277e-10,-4.770882387755172e-06,nan,nan,nan,nan,nan,nan,nan
3.906853826,430.090000000,BASELINE,-4.1105113751511205e-13,-1.9318367057615166e-07,6.68196400987818e-16,-1.5707901932563568,-4.644297361620123e-12,1.5707900000504242,-0.7852996135490146,2.163560780185647e-12,2.1465242512513135e-06,-3.767385708952631e-15,2.1471648336858495e-06,1.970645868709653e-14,-6.704525545853102e-10,-4.293794152178745e-06,nan,nan,nan,nan,nan,nan,nan
3.917658740,430.100000000,BASELINE,-3.904976277745849e-13,-1.7386495231453538e-07,6.323322941646044e-16,-1.5707901739318726,-4.644109907401309e-12,1.570790000044389,-0.7852996521931624,2.0553617401802837e-12,1.931871826114928e-06,-3.556616806621449e-15,1.9324483446735152e-06,1.872807464664561e-14,-6.034173334612536e-10,-3.864414742385525e-06,nan,nan,nan,nan,nan,nan,nan
3.926719181,430.110000000,BASELINE,-3.709718244913193e-13,-1.5647810587913673e-07,5.982922490763804e-16,-1.5707901565398381,-4.6439318137503706e-12,1.5707900000389579,-0.7852996869728949,1.952582084734089e-12,1.738684643507512e-06,-3.391601235969155e-15,1.7392035022954777e-06,1.7822548992185716e-14,-5.430654571869642e-10,-3.477973263575629e-06,nan,nan,nan,nan,nan,nan,nan
3.937571017,430.120000000,BASELINE,-3.5242221602747794e-13,-1.4082994408729956e-07,5.659411741324544e-16,-1.5707901408870057,-4.643762914133856e-12,1.5707900000340707,-0.7852997182746538,1.8549990103006175e-12,1.5648161791465259e-06,-3.2591117304914263e-15,1.5652831575410642e-06,1.6882328868206287e-14,-4.887535168252022e-10,-3.130175939309622e-06,nan,nan,nan,nan,nan,nan,nan
3.947506858,430.130000000,BASELINE,-3.3480018773342836e-13,-1.267465984746716e-07,5.352714799176191e-16,-1.5707901267994568,-4.643602365476156e-12,1.570790000029672,-0.7852997464462378,1.7622162409858255e-12,1.4083345612483315e-06,-3.0685089885684746e-15,1.4087548338703737e-06,1.6063539387545234e-14,-4.39881339686643e-10,-2.817158349648942e-06,nan,nan,nan,nan,nan,nan,nan
3.958253509,430.140000000,BASELINE,-3.1805918765417164e-13,-1.1407158742330632e-07,5.061051404351521e-16,-1.5707901141206633,-4.643449737565846e-12,1.570790000025713,-0.785299771800663,1.6741019378055388e-12,1.2675011051013155e-06,-2.9000239709642273e-15,1.2678793448357706e-06,1.524474990688418e-14,-3.958943485538047e-10,-2.535442510100301e-06,nan,nan,nan,nan,nan,nan,nan
3.967916117,430.150000000,BASELINE,-3.0215530993853074e-13,-1.0266407747716181e-07,4.784586355580752e-16,-1.5707901027097488,-4.6433048950944945e-12,1.570790000022149,-0.7852997946196453,1.5904016385098751e-12,1.1407509945880832e-06,-2.757776645934129e-15,1.1410914091125601e-06,1.453351328173369e-14,-3.5630378508733074e-10,-2.2818982578082236e-06,nan,nan,nan,nan,nan,nan,nan
3.978589242,430.160000000,BASELINE,-2.870465304766193e-13,-9.239731852557024e-08,4.521491688001076e-16,-1.570790092439926,-4.643167140703268e-12,1.5707900000189428,-0.7852998151567295,1.5109025142123755e-12,1.0266758951435646e-06,-2.6474048647751047e-15,1.026982264795001e-06,1.3811868315727338e-14,-3.206657266108248e-10,-2.053708435243752e-06,nan,nan,nan,nan,nan,nan,nan
3.988173931,430.170000000,BASELINE,-2.7269313212393344e-13,-8.315723546918535e-08,4.2710561649873386e-16,-1.5707900831970862,-4.643036366839309e-12,1.5707900000160562,-0.7852998336401055,1.4353492353014197e-12,9.240083056166314e-07,-2.4745830384809153e-15,9.24284037091827e-07,1.3069406668009265e-14,-2.8860247525130944e-10,-1.8483375927172765e-06,nan,nan,nan,nan,nan,nan,nan
3.998965520,430.180000000,BASELINE,-2.590574371202559e-13,-7.484116071845983e-08,4.0334229012263113e-16,-1.5707900748785293,-4.642912105127277e-12,1.5707900000134583,-0.7852998502751433,1.3635918566165528e-12,8.316074750632733e-07,-2.3843774177301214e-15,8.318556388373088e-07,1.2399803406282217e-14,-2.597366800805023e-10,-1.663503833311715e-06,nan,nan,nan,nan,nan,nan,nan
4.008322742,430.190000000,BASELINE,-2.4610350416356876e-13,-6.735669344278022e-08,3.807694177319175e-16,-1.5707900673918291,-4.642794025969714e-12,1.5707900000111201,-0.7852998652466773,1.2954011778185115e-12,7.484467275619116e-07,-2.256658401811329e-15,7.486700693143389e-07,1.1792650189690335e-14,-2.337575168154249e-10,-1.4971534553730181e-06,nan,nan,nan,nan,nan,nan,nan
4.017944880,430.200000000,BASELINE,-2.337973034002841e-13,-6.062067289474557e-08,3.593716036557436e-16,-1.570790060653799,-4.642681775483031e-12,1.5707900000090174,-0.7852998787210589,1.2306117496557745e-12,6.736020547902163e-07,-2.1308909498030104e-15,6.738030677647111e-07,1.1223660889569942e-14,-2.1037608460838797e-10,-1.347438115229492e-06,nan,nan,nan,nan,nan,nan,nan
4.038768238,430.210000000,BASELINE,-2.2210638314149653e-13,-5.455825440148661e-08,3.3903348878295705e-16,-1.570790054589572,-4.642575291217181e-12,1.5707900000071233,-0.7852998908480017,1.1690961783730747e-12,6.062418493103273e-07,-2.0317948712378353e-15,6.0642276643319e-07,1.0637324354689781e-14,-1.8934848133866922e-10,-1.212694299130776e-06,nan,nan,nan,nan,nan,nan,nan
4.050851971,430.220000000,BASELINE,-2.1099994272136875e-13,-4.910207775756074e-08,3.1962822145937705e-16,-1.5707900491317668,-4.642473993774525e-12,1.5707900000054202,-0.7852999017622501,1.1106671138350066e-12,5.456176643777767e-07,-1.9617554108952717e-15,5.457804974663694e-07,1.0120376758848693e-14,-1.7040809735524576e-10,-1.0914248712978053e-06,nan,nan,nan,nan,nan,nan,nan
4.062001694,430.230000000,BASELINE,-2.0044886957684603e-13,-4.419151877811261e-08,3.011668605471629e-16,-1.5707900442197427,-4.642377758254972e-12,1.570790000003886,-0.7852999115850737,1.0551127029370666e-12,4.910558979423409e-07,-1.8431436932253575e-15,4.91202444247163e-07,9.617306950815419e-15,-1.5337731085196538e-10,-9.822823873817735e-07,nan,nan,nan,nan,nan,nan,nan
4.070750812,430.240000000,BASELINE,-1.9042540173551994e-13,-3.977201569660119e-08,2.837680177639846e-16,-1.5707900397989212,-4.6422865152695825e-12,1.5707900000025048,-0.7852999204256154,1.0023553168037047e-12,4.4195030813286296e-07,-1.736458199452784e-15,4.4208220300809287e-07,9.110767695830191e-15,-1.3803390375155544e-10,-8.840541507139019e-07,nan,nan,nan,nan,nan,nan,nan
4.081399831,430.250000000,BASELINE,-1.8090316673848628e-13,-3.579446292314868e-08,2.6727426695439715e-16,-1.5707900358201816,-4.64219972705408e-12,1.5707900000012636,-0.785299928382103,9.522206157255853e-13,3.9775527735071495e-07,-1.6449515360950073e-15,3.9787398820739783e-07,8.690964614643804e-15,-1.2422286116420267e-10,-7.956487343861382e-07,nan,nan,nan,nan,nan,nan,nan
4.092234030,430.260000000,BASELINE,-1.7185701261322646e-13,-3.2214665427135796e-08,2.515743689755036e-16,-1.570790032239315,-4.6421171576860706e-12,1.5707900000001445,-0.7852999355429416,9.046141656934847e-13,3.5797974959621455e-07,-1.5729605118419698e-15,3.5808659252720143e-07,8.267692086505463e-15,-1.1181041162378058e-10,-7.160838575047054e-07,nan,nan,nan,nan,nan,nan,nan
4.100713572,430.270000000,BASELINE,-1.6326312041379288e-13,-2.8992847680697866e-08,2.3666246913557246e-16,-1.570790029016535,-4.64203882451279e-12,1.5707899999991386,-0.7852999419876964,8.593785405519583e-13,3.221817746375255e-07,-1.4697444650213498e-15,3.22277925384612e-07,7.8236028766554e-15,-1.0061942598560414e-10,-6.444754716084314e-07,nan,nan,nan,nan,nan,nan,nan
4.110793274,430.280000000,BASELINE,-1.5509886902079815e-13,-2.6093211708885548e-08,2.2244684393081153e-16,-1.570790026116033,-4.641964443039589e-12,1.5707899999982327,-0.7852999477879755,8.164597470328161e-13,2.899635971886916e-07,-1.4387362828882644e-15,2.900501272495859e-07,7.445433158892456e-15,-9.05608504853106e-11,-5.800279243069889e-07,nan,nan,nan,nan,nan,nan,nan
4.120704033,430.290000000,BASELINE,-1.4734291168608843e-13,-2.3483539334335858e-08,2.0897866770376207e-16,-1.5707900235055812,-4.641893839794116e-12,1.5707899999974178,-0.7852999530082264,7.756371499939574e-13,2.6096723745199814e-07,-1.3825746103535153e-15,2.6104510659000213e-07,7.077671781985373e-15,-8.150132999040771e-11,-5.220251328404493e-07,nan,nan,nan,nan,nan,nan,nan
4.130767195,430.300000000,BASELINE,-1.3997473487087944e-13,-2.1134834197240986e-08,1.961996103775444e-16,-1.570790021156176,-4.641826692117808e-12,1.570789999996685,-0.7852999577064527,7.368314942565735e-13,2.3487051370278678e-07,-1.283044850919346e-15,2.3494058805015317e-07,6.723788192886104e-15,-7.335233809246944e-11,-4.6982262386866674e-07,nan,nan,nan,nan,nan,nan,nan
4.140829896,430.310000000,BASELINE,-1.329748358380723e-13,-1.902099957370427e-08,1.8392037025284256e-16,-1.5707900190417097,-4.641763013888453e-12,1.5707899999960255,-0.7852999619348559,6.999962675474647e-13,2.113834623618683e-07,-1.2333883914195098e-15,2.11446536928922e-07,6.369904603786836e-15,-6.602492857998854e-11,-4.228403613446702e-07,nan,nan,nan,nan,nan,nan,nan
4.152063476,430.320000000,BASELINE,-1.263249777650247e-13,-1.7118548412623313e-08,1.7229598824032197e-16,-1.570790017138692,-4.641702531019738e-12,1.5707899999954305,-0.7852999657404195,6.649875962383422e-13,1.9024511611486113e-07,-1.158361601083513e-15,1.9030187310351e-07,6.043776590303196e-15,-5.943016911924559e-11,-3.805563295140521e-07,nan,nan,nan,nan,nan,nan,nan
4.162273005,430.330000000,BASELINE,-1.2000748371109625e-13,-1.5406342367527112e-08,1.6117467603583465e-16,-1.5707900154259753,-4.641645024936509e-12,1.5707899999948953,-0.7852999691654264,6.317585343751375e-13,1.7122060451510608e-07,-1.1256186954744507e-15,1.7127169572514478e-07,5.7592819402429996e-15,-5.34794569739816e-11,-3.4250069310542974e-07,nan,nan,nan,nan,nan,nan,nan
4.172950152,430.340000000,BASELINE,-1.1400596606887005e-13,-1.3865356927078287e-08,1.5065032554751787e-16,-1.5707900138845305,-4.641590408902592e-12,1.5707899999944135,-0.7852999722479329,6.001582694356578e-13,1.5409854403430033e-07,-1.0473392986209973e-15,1.5414452934556233e-07,5.447031714567174e-15,-4.812821322031091e-11,-3.0825062368334405e-07,nan,nan,nan,nan,nan,nan,nan
4.182624356,430.350000000,BASELINE,-1.0830467170604048e-13,-1.2478470030685014e-08,1.4084003061000004e-16,-1.5707900124972292,-4.641538585773469e-12,1.5707899999939805,-0.7852999750221882,5.701360607582306e-13,1.3868868962464698e-07,-9.720956678505033e-16,1.3873008178691415e-07,5.197231534026514e-15,-4.3309657943302327e-11,-2.774255589040042e-07,nan,nan,nan,nan,nan,nan,nan
4.200219406,430.360000000,BASELINE,-1.028884457530608e-13,-1.123027182400508e-08,1.3151285616054171e-16,-1.570790011248659,-4.641489153093297e-12,1.5707899999935897,-0.7852999775190187,5.41612870004482e-13,1.2481982064669987e-07,-9.256918148681237e-16,1.2485706794504448e-07,4.9509008004378074e-15,-3.897981243339288e-11,-2.4968300623828127e-07,nan,nan,nan,nan,nan,nan,nan
4.216377749,430.370000000,BASELINE,-9.774288382512797e-14,-1.0106893437937583e-08,1.2250010034110424e-16,-1.5707900101249446,-4.641442305151106e-12,1.5707899999932389,-0.7852999797661656,5.145510753590266e-13,1.1233783860911326e-07,-8.946836327350383e-16,1.1237136663191927e-07,4.673345044281518e-15,-3.5071928000673935e-11,-2.2471470103018615e-07,nan,nan,nan,nan,nan,nan,nan
4.229617387,430.380000000,BASELINE,-9.285466671539353e-14,-9.095852890430844e-09,1.1397913862710616e-16,-1.5707900091136024,-4.641397788677265e-12,1.5707899999929236,-0.7852999817885978,4.888172115344314e-13,1.0110405474980655e-07,-8.567365566980456e-16,1.011342220871847e-07,4.423544863740858e-15,-3.1563664876221864e-11,-2.0224323192801624e-07,nan,nan,nan,nan,nan,nan,nan
4.239339617,430.390000000,BASELINE,-8.821085230252443e-14,-8.18591639770492e-09,1.0589294198427477e-16,-1.570790008203395,-4.641355499588367e-12,1.5707899999926394,-0.7852999836087874,4.643725725131387e-13,9.099364927018551e-08,-7.919012667834124e-16,9.102080084089081e-08,4.2223169405275485e-15,-2.841048923896139e-11,-1.8201890969286871e-07,nan,nan,nan,nan,nan,nan,nan
4.249329562,430.400000000,BASELINE,-8.379922000173352e-14,-7.3669735542745515e-09,9.825343663650742e-17,-1.570790007384208,-4.641315489926116e-12,1.570789999992384,-0.785299985246957,4.4115362404784086e-13,8.189428435368372e-08,-7.428953285870676e-16,8.19187262329768e-08,4.003741782554471e-15,-2.5568474421033827e-11,-1.638170141048806e-07,nan,nan,nan,nan,nan,nan,nan
4.264698900,430.410000000,BASELINE,-7.9608164729807e-14,-6.629924995130863e-09,9.097193484609476e-17,-1.57079000664694,-4.6412773260096445e-12,1.570789999992153,-0.7852999867213099,4.1911222756207955e-13,7.370485592510245e-08,-7.274996577377735e-16,7.372685681752977e-08,3.785166624581393e-15,-2.3014940647714255e-11,-1.474353181372609e-07,nan,nan,nan,nan,nan,nan,nan
4.274981314,430.420000000,BASELINE,-7.562671566180186e-14,-5.96658129192984e-09,8.411153717947549e-17,-1.5707900059833975,-4.641241091105677e-12,1.5707899999919466,-0.7852999880482273,3.9814321544512365e-13,6.633437033194169e-08,-6.815294856243881e-16,6.635417656650211e-08,3.597816489175898e-15,-2.0705610837001842e-11,-1.3269178948584898e-07,nan,nan,nan,nan,nan,nan,nan
4.284465070,430.430000000,BASELINE,-7.184429163503597e-14,-5.36957195907247e-09,7.750614386382482e-17,-1.5707900053862107,-4.641206566639057e-12,1.57078999999176,-0.7852999892424531,3.7822956572286515e-13,5.970093328684298e-08,-6.559423143537302e-16,5.971875099639035e-08,3.472916398905568e-15,-1.864061335843381e-11,-1.194226148760677e-07,nan,nan,nan,nan,nan,nan,nan
4.295701235,430.440000000,BASELINE,-6.825097371751416e-14,-4.8322635593881e-09,7.127068032942618e-17,-1.5707900048487429,-4.641173863632087e-12,1.5707899999915913,-0.7852999903172567,3.593251998029734e-13,5.3730839958939305e-08,-6.086710996333622e-16,5.3746883568739356e-08,3.282096816548119e-15,-1.677536928812451e-11,-1.0748035656621413e-07,nan,nan,nan,nan,nan,nan,nan
4.304657972,430.450000000,BASELINE,-6.483736805635332e-14,-4.3486859998491535e-09,6.533922708419245e-17,-1.570790004365021,-4.641142635140073e-12,1.5707899999914403,-0.7852999912845796,3.41383713832466e-13,4.8357755954306705e-08,-6.201636426617085e-16,4.8372205099095344e-08,3.1086244689504383e-15,-1.5087851107375982e-11,-9.673232071686494e-08,nan,nan,nan,nan,nan,nan,nan
4.317300243,430.460000000,BASELINE,-6.159443056229125e-14,-3.9134661961736575e-09,5.973064924592492e-17,-1.5707900039296714,-4.6411131240243e-12,1.5707899999913049,-0.785299992155171,3.2430828855734006e-13,4.3521980369219324e-08,-5.765787153277913e-16,4.353498558179458e-08,2.9802549317281546e-15,-1.3577958202226625e-11,-8.705909189648392e-08,nan,nan,nan,nan,nan,nan,nan
4.327571796,430.470000000,BASELINE,-5.851361316855963e-14,-3.5217683728207602e-09,5.4360162204735217e-17,-1.570790003537856,-4.641085018034542e-12,1.5707899999911827,-0.7852999929387031,3.0807973359914254e-13,3.916978233496453e-08,-5.457873736292029e-16,3.9181490236323e-08,2.8171909249863347e-15,-1.2223555501122974e-11,-7.835317811667047e-08,nan,nan,nan,nan,nan,nan,nan
4.336880343,430.480000000,BASELINE,-5.558685190466019e-14,-3.1692403318713486e-09,4.928848128228252e-17,-1.5707900031852224,-4.641058275537438e-12,1.5707899999910695,-0.7852999936438813,2.9266769129704384e-13,3.525280408019603e-08,-4.846383711010205e-16,3.5263335536328544e-08,2.6853519408120974e-15,-1.141957708949981e-11,-7.051785681864292e-08,nan,nan,nan,nan,nan,nan,nan
4.346762654,430.490000000,BASELINE,-5.2806452838296066e-14,-2.8519650950455013e-09,4.4471587870363923e-17,-1.5707900028678519,-4.641032906941326e-12,1.5707899999909607,-0.7852999942785425,2.7803974400608666e-13,3.17275236749303e-08,-4.705437428587089e-16,3.17370007392459e-08,2.525757381022231e-15,-1.0853252324638518e-11,-6.346607544019389e-08,nan,nan,nan,nan,nan,nan,nan
4.358949418,430.500000000,BASELINE,-5.0164977692042717e-14,-2.566417381936651e-09,3.9795207059999445e-17,-1.5707900025822181,-4.641008797754457e-12,1.5707899999908586,-0.7852999948497367,2.64178436071294e-13,2.8554771311795762e-08,-4.928783076119103e-16,2.8563295024347513e-08,2.418204525511669e-15,-1.030923957312524e-11,-5.711946333454565e-08,nan,nan,nan,nan,nan,nan,nan
4.370723426,430.510000000,BASELINE,-4.7655640878183434e-14,-2.309424440101867e-09,3.5428040709227824e-17,-1.5707900023251482,-4.640985961854619e-12,1.5707899999907609,-0.7852999953638121,2.509247150339622e-13,2.569929418078966e-08,-4.3129562421473366e-16,2.570695761816566e-08,2.310651670001107e-15,-9.798592492948899e-12,-5.14075212988685e-08,nan,nan,nan,nan,nan,nan,nan
4.379057799,430.520000000,BASELINE,-4.5271819764588015e-14,-2.0781307924576294e-09,3.133279226331558e-17,-1.5707900020937866,-4.640963986377625e-12,1.5707899999906676,-0.7852999958264798,2.383615223602864e-13,2.3129364755273066e-08,-3.8510861166685117e-16,2.3136258391759368e-08,2.185751579730777e-15,-9.310049259303455e-12,-4.6266766810104665e-08,nan,nan,nan,nan,nan,nan,nan
4.389548945,430.530000000,BASELINE,-4.300707961136276e-14,-1.8699665095337533e-09,2.7297825458193526e-17,-1.5707900018855598,-4.640943363984943e-12,1.5707899999905788,-0.7852999962428812,2.2648614754483543e-13,2.0816428295076378e-08,-4.2327252813834093e-16,2.0822642447099193e-08,2.0712598303163077e-15,-8.84379375287736e-12,-4.1640089981122286e-08,nan,nan,nan,nan,nan,nan,nan
4.401786884,430.540000000,BASELINE,-4.085563880200267e-14,-1.682618654932493e-09,2.356513421876043e-17,-1.5707900016981564,-4.6409237338540885e-12,1.5707899999904944,-0.7852999966176414,2.1515699378388264e-13,1.873478545151748e-08,-3.89011739487799e-16,1.874037476243262e-08,1.9914625504213745e-15,-8.399704543027298e-12,-3.747607640967182e-08,nan,nan,nan,nan,nan,nan,nan
4.411449908,430.550000000,BASELINE,-3.881187553140298e-14,-1.5140055858419473e-09,2.0158137311941982e-17,-1.5707900015294936,-4.6409051063934044e-12,1.5707899999904145,-0.785299996954926,2.043527022946301e-13,1.686130688609115e-08,-3.122502256758253e-16,1.6866340449284145e-08,1.8735013540549517e-15,-7.97777122141241e-12,-3.372847416725083e-08,nan,nan,nan,nan,nan,nan,nan
4.423321057,430.560000000,BASELINE,-3.687017243968783e-14,-1.3622538236698019e-09,1.6762199267282882e-17,-1.5707900013776972,-4.640887446908419e-12,1.570789999990339,-0.7852999972584821,1.9416369553826307e-13,1.5175176223047523e-08,-3.3133218391157016e-16,1.517971190412304e-08,1.790234627208065e-15,-7.57817072982725e-12,-3.0355627741486535e-08,nan,nan,nan,nan,nan,nan,nan
4.433931454,430.570000000,BASELINE,-3.5025564748268963e-14,-1.2256772377250407e-09,1.3509592749826368e-17,-1.5707900012410798,-4.640870561110104e-12,1.570789999990268,-0.7852999975316824,1.8445911031256257e-13,1.3657658593044936e-08,-3.1159970437233397e-16,1.3661748333310131e-08,1.700029006457271e-15,-7.200635920856513e-12,-2.7320067019429017e-08,nan,nan,nan,nan,nan,nan,nan
4.444823901,430.580000000,BASELINE,-3.327319425563171e-14,-1.1027583103106582e-09,1.0470790900783997e-17,-1.5707900011181248,-4.6408547196153235e-12,1.570789999990199,-0.7852999977775635,1.7521737099429613e-13,1.2291892745189617e-08,-2.8644621397067027e-16,1.2295574534221254e-08,1.5508427875232655e-15,-6.845503330854541e-12,-2.4588063545286087e-08,nan,nan,nan,nan,nan,nan,nan
4.456858373,430.590000000,BASELINE,-3.160857464160651e-14,-9.921312757563907e-10,7.655117858839141e-18,-1.5707900010074645,-4.640839360373668e-12,1.5707899999901347,-0.7852999979988565,1.6647241311146255e-13,1.1062703453171632e-08,-2.8406096919120216e-16,1.1066024679928788e-08,1.536964999715451e-15,-6.501216232024376e-12,-2.212925260137305e-08,nan,nan,nan,nan,nan,nan,nan
4.469282402,430.600000000,BASELINE,-3.0027105419535096e-14,-8.925669445780994e-10,4.921193660699692e-18,-1.5707900009078708,-4.640824844207621e-12,1.5707899999900725,-0.7852999981980194,1.5814530674590488e-13,9.956433113730845e-09,-2.68665298341908e-16,9.959420982363909e-09,1.4675760606763788e-15,-6.179216860413561e-12,-1.9916322749856386e-08,nan,nan,nan,nan,nan,nan,nan
4.487019366,430.610000000,BASELINE,-2.852470532717957e-14,-8.029590465050822e-10,2.3249631384659035e-18,-1.5707900008182358,-4.640810872744746e-12,1.5707899999900148,-0.785299998377266,1.5024678549913073e-13,8.960789802227656e-09,-2.688821387764051e-16,8.963484329771454e-09,1.384309333829492e-15,-5.868399516328893e-12,-1.7924693660777147e-08,nan,nan,nan,nan,nan,nan,nan
4.497643670,430.620000000,BASELINE,-2.7097400871997994e-14,-7.223119382728901e-10,-1.118896644125164e-19,-1.5707900007375648,-4.6407977408880325e-12,1.5707899999899593,-0.7852999985385881,1.427328307629372e-13,8.064710814523895e-09,-2.3787395664331967e-16,8.067134658201747e-09,1.3287981825982342e-15,-5.579689488222073e-12,-1.613222747835069e-08,nan,nan,nan,nan,nan,nan,nan
4.508627901,430.630000000,BASELINE,-2.574147508368243e-14,-6.497295407552587e-10,-2.47067991087198e-18,-1.5707900006649607,-4.640785302920711e-12,1.570789999989906,-0.7852999986837786,1.356044183192795e-13,7.258239750765685e-09,-2.5110122314764283e-16,7.260424424865297e-09,1.2628786905111156e-15,-5.302144140406639e-12,-1.4519006831005543e-08,nan,nan,nan,nan,nan,nan,nan
4.527941802,430.640000000,BASELINE,-2.445336971912301e-14,-5.844053831319414e-10,-4.6902585983843045e-18,-1.5707900005996174,-4.6407734200649e-12,1.570789999989855,-0.7852999988144497,1.2884441777383238e-13,6.532415758710511e-09,-2.5305278705811673e-16,6.534382986089771e-09,1.1553258350005535e-15,-5.035825922927728e-12,-1.3067101587403707e-08,nan,nan,nan,nan,nan,nan,nan
4.548640073,430.650000000,BASELINE,-2.3229681034019424e-14,-5.256136412157265e-10,-6.758048981748657e-18,-1.5707900005408089,-4.640762338651335e-12,1.570789999989806,-0.7852999989320534,1.2236793609649022e-13,5.8791742008589e-09,-2.0773313624822265e-16,5.88095014353307e-09,1.124100812432971e-15,-4.780405238324903e-12,-1.1760391270196346e-08,nan,nan,nan,nan,nan,nan,nan
4.563630758,430.660000000,BASELINE,-2.2067143194587715e-14,-4.727010734804209e-10,-8.759486192156899e-18,-1.57079000048788,-4.640751697857534e-12,1.5707899999897617,-0.7852999990378965,1.1624598852955081e-13,5.291256761300739e-09,-1.971079549578647e-16,5.2928649622863144e-09,1.0720591081536668e-15,-4.536166581248224e-12,-1.058435422900822e-08,nan,nan,nan,nan,nan,nan,nan
4.574875533,430.670000000,BASELINE,-2.0962659068901958e-14,-4.2507976247475747e-10,-1.0710182740892819e-17,-1.5707900004402449,-4.640741594828011e-12,1.5707899999897195,-0.7852999991331558,1.1046599832781334e-13,4.762131086168131e-09,-2.1467203015212988e-16,4.763577206301495e-09,1.0443035325380379e-15,-4.314076873512818e-12,-9.525923097206124e-09,nan,nan,nan,nan,nan,nan,nan
4.588615776,430.680000000,BASELINE,-1.991345797831037e-14,-3.822205826988106e-10,-1.2512343591998223e-17,-1.5707900003973725,-4.640732005276636e-12,1.5707899999896795,-0.7852999992188895,1.0494242193986869e-13,4.285917973171141e-09,-2.0274580625478933e-16,4.287224929233613e-09,9.957312752106873e-16,-4.103082457129759e-12,-8.57332951940265e-09,nan,nan,nan,nan,nan,nan,nan
4.598730363,430.690000000,BASELINE,-1.8916622226346568e-14,-3.4364732077330314e-10,-1.4322744379614516e-17,-1.5707900003587878,-4.640722891039494e-12,1.5707899999896395,-0.7852999992960489,9.966929625376819e-14,3.857326194350516e-09,-1.6089560239684886e-16,3.8585012754333015e-09,9.055256544598933e-16,-3.903353334999693e-12,-7.715993113541209e-09,nan,nan,nan,nan,nan,nan,nan
4.608596765,430.700000000,BASELINE,-1.796976515876827e-14,-3.089313850796596e-10,-1.5952300244860232e-17,-1.5707900003240622,-4.640714154972068e-12,1.5707899999896018,-0.7852999993654933,9.467903891446916e-14,3.4715935764116634e-09,-1.5113778284447932e-16,3.472654327291158e-09,8.777700788442644e-16,-3.703440332181174e-12,-6.9443992153916945e-09,nan,nan,nan,nan,nan,nan,nan
4.618278464,430.710000000,BASELINE,-1.7070250863253722e-14,-2.7768704306586067e-10,-1.747755586111284e-17,-1.5707900002928072,-4.640705883810534e-12,1.5707899999895663,-0.7852999994279933,8.994497854852845e-14,3.1244341870684256e-09,-1.5287250632045613e-16,3.1253987037294095e-09,8.222589276130066e-16,-3.5146746624192815e-12,-6.249954716958106e-09,nan,nan,nan,nan,nan,nan,nan
4.634923961,430.720000000,BASELINE,-1.6215686939289122e-14,-2.49567135265151e-10,-1.8957274986121057e-17,-1.5707900002646786,-4.640697966532589e-12,1.570789999989533,-0.7852999994842428,8.543372172903352e-14,2.811990783887358e-09,-1.2576745200831851e-16,2.812848749061958e-09,8.222589276130066e-16,-3.337000814562785e-12,-5.6249546505002246e-09,nan,nan,nan,nan,nan,nan,nan
4.644691424,430.730000000,BASELINE,-1.540383656937241e-14,-2.2425921807745847e-10,-2.0366304129483213e-17,-1.5707900002393633,-4.6406905523244535e-12,1.5707899999895019,-0.7852999995348678,8.119600911765668e-14,2.530791720720821e-09,-1.4116312285761268e-16,2.5315626921151857e-09,7.147060721024445e-16,-3.1706026693001377e-12,-5.062460188900997e-09,nan,nan,nan,nan,nan,nan,nan
4.654676496,430.740000000,BASELINE,-1.4632580788777683e-14,-2.0148209263737493e-10,-2.1720906323786606e-17,-1.5707900002165793,-4.6406834538359895e-12,1.5707899999894708,-0.7852999995804303,7.711919210867668e-14,2.2777125550238475e-09,-1.3639263329867646e-16,2.2784096449790514e-09,6.904199434387692e-16,-3.015230426450799e-12,-4.556209560677149e-09,nan,nan,nan,nan,nan,nan,nan
4.675423437,430.750000000,BASELINE,-1.3899933555965382e-14,-1.8098267980283907e-10,-2.2963402013454998e-17,-1.5707900001960735,-4.640676591269919e-12,1.570789999989442,-0.7852999996214364,7.325010823594491e-14,2.0499412839956876e-09,-1.0603497246908233e-16,2.0505696272932195e-09,6.626643678231403e-16,-2.8596847112538626e-12,-4.1005851587547215e-09,nan,nan,nan,nan,nan,nan,nan
4.691601366,430.760000000,BASELINE,-1.3203940162838734e-14,-1.625332082746335e-10,-2.41002964115233e-17,-1.5707900001776194,-4.640670231773657e-12,1.5707899999894153,-0.7852999996583413,6.961163416530081e-14,1.8449471479633356e-09,-1.194790794079026e-16,1.8455114242366122e-09,6.591949208711867e-16,-2.7153210235830727e-12,-3.6905242759358026e-09,nan,nan,nan,nan,nan,nan,nan
4.700696115,430.770000000,BASELINE,-1.2542689811488951e-14,-1.4592868376840693e-10,-2.5209652074410465e-17,-1.5707900001610104,-4.640664292080475e-12,1.5707899999893886,-0.7852999996915558,6.610749274382766e-14,1.6604524550028338e-09,-8.760353553682876e-17,1.660970194716782e-09,5.93275428784068e-16,-2.5821463023323332e-12,-3.32147504812641e-09,nan,nan,nan,nan,nan,nan,nan
4.711993443,430.780000000,BASELINE,-1.1914461439387426e-14,-1.3098461175686496e-10,-2.6332668684670947e-17,-1.5707900001460624,-4.640658546676324e-12,1.5707899999893642,-0.7852999997214486,6.281000025643024e-14,1.4944072082231918e-09,-9.6710833785707e-17,1.4948808579884343e-09,5.689893001203927e-16,-2.44894729495293e-12,-2.9893295946242793e-09,nan,nan,nan,nan,nan,nan,nan
4.725101743,430.790000000,BASELINE,-1.131768685651188e-14,-1.175349470402824e-10,-2.736309442940117e-17,-1.5707900001326087,-4.640652992091754e-12,1.570789999989342,-0.7852999997483526,5.968110120685433e-14,1.344966454180918e-09,-1.0104764247564901e-16,1.3454003640334111e-09,5.620504062164855e-16,-2.3267776594337874e-12,-2.690402067795361e-09,nan,nan,nan,nan,nan,nan,nan
4.732999685,430.800000000,BASELINE,-1.0750770225684628e-14,-1.0543024863997025e-10,-2.829897774469066e-17,-1.5707900001205006,-4.640647878126947e-12,1.5707899999893198,-0.7852999997725666,5.6678836971024715e-14,1.2104698309239187e-09,-8.131516293641283e-17,1.210863579542698e-09,4.926614671774132e-16,-2.215748418077368e-12,-2.4213617135643295e-09,nan,nan,nan,nan,nan,nan,nan
4.743032876,430.810000000,BASELINE,-1.0212111481339516e-14,-9.453602017965274e-11,-2.9293407977294375e-17,-1.5707900001096027,-4.640642896001122e-12,1.5707899999892998,-0.7852999997943592,5.3867175477118057e-14,1.0894228347126805e-09,-1.0213184464813452e-16,1.089782621782609e-09,4.753142324176451e-16,-2.1048024434477952e-12,-2.1792220606178803e-09,nan,nan,nan,nan,nan,nan,nan
4.753322298,430.820000000,BASELINE,-9.70049848544771e-15,-8.473121463124311e-11,-3.0101355436230566e-17,-1.570790000099795,-4.640638118572669e-12,1.5707899999892798,-0.7852999998139724,5.1156670045904296e-14,9.80480553518237e-10,-7.676151381197371e-17,9.808031331548506e-10,4.926614671774132e-16,-2.004830329527252e-12,-1.961296390053102e-09,nan,nan,nan,nan,nan,nan,nan
4.763506846,430.830000000,BASELINE,-9.214551265484065e-15,-7.590688966107152e-11,-3.0809339454863604e-17,-1.5707900000909687,-4.6406336256388664e-12,1.5707899999892598,-0.7852999998316238,4.860283182861469e-14,8.824324968653707e-10,-8.370040771588094e-17,8.827260554455929e-10,4.510281037539698e-16,-1.9049310739926995e-12,-1.7651643931249072e-09,nan,nan,nan,nan,nan,nan,nan
4.773493636,430.840000000,BASELINE,-8.752720821804754e-15,-6.796499704877061e-11,-3.1623575286400216e-17,-1.570790000083024,-4.640629507405335e-12,1.570789999989242,-0.78529999984751,4.6185169404189264e-14,7.941892686026686e-10,-7.35089072945172e-17,7.944633319267869e-10,4.0245584642661925e-16,-1.8049867156477717e-12,-1.5886499954084754e-09,nan,nan,nan,nan,nan,nan,nan
4.783012327,430.850000000,BASELINE,-8.314003183198055e-15,-6.081729362787713e-11,-3.2387070456264506e-17,-1.570790000075874,-4.6406254654996356e-12,1.5707899999892243,-0.7852999998618074,4.389902070328633e-14,7.147703321146864e-10,-1.1622647289044608e-16,7.150157549373759e-10,4.163336342344337e-16,-1.7161203014204318e-12,-1.4297882305197573e-09,nan,nan,nan,nan,nan,nan,nan
4.797668190,430.860000000,BASELINE,-7.897243891190706e-15,-5.438436060480101e-11,-3.318656113825532e-17,-1.5707900000694393,-4.6406217531913976e-12,1.5707899999892088,-0.785299999874676,4.167141891969761e-14,6.43293312499113e-10,-7.112366251504909e-17,6.435174303154323e-10,3.7816971776294395e-16,-1.6273163372382271e-12,-1.2868137068064445e-09,nan,nan,nan,nan,nan,nan,nan
4.808885550,430.870000000,BASELINE,-7.5013334816996e-15,-4.859472090615021e-11,-3.3829276186104726e-17,-1.5707900000636483,-4.640618252519423e-12,1.5707899999891932,-0.7852999998862568,3.9585088679183755e-14,5.789639739850472e-10,-6.223320470066795e-17,5.791688760525826e-10,3.677613769070831e-16,-1.5496666450065533e-12,-1.1581277759714625e-09,nan,nan,nan,nan,nan,nan,nan
4.824296314,430.880000000,BASELINE,-7.125146227609046e-15,-4.338404517476241e-11,-3.455764320558049e-17,-1.5707900000584347,-4.640614810828047e-12,1.5707899999891777,-0.7852999998966795,3.761032284221866e-14,5.210675608439269e-10,-7.28583859910259e-17,5.212596708437101e-10,3.5388358909926865e-16,-1.4719614416236482e-12,-1.0423203966603012e-09,nan,nan,nan,nan,nan,nan,nan
4.847001576,430.890000000,BASELINE,-6.7678311386338625e-15,-3.8694436968656705e-11,-3.51255483035284e-17,-1.570790000053743,-4.640611591181275e-12,1.5707899999891644,-0.7852999999060609,3.5733460461429e-14,4.689608219983488e-10,-6.396792817664476e-17,4.691235941378658e-10,3.0878077872387166e-16,-1.3941972576425599e-12,-9.380926556390445e-10,nan,nan,nan,nan,nan,nan,nan
4.864502937,430.900000000,BASELINE,-6.428445175724419e-15,-3.447378968429595e-11,-3.565073583588039e-17,-1.5707900000495219,-4.640608357656717e-12,1.570789999989151,-0.7852999999145042,3.3949297366386855e-14,4.2206472930343686e-10,-5.811323644522304e-17,4.2220555523941883e-10,2.949029909160572e-16,-1.3275699983772427e-12,-8.442788404158796e-10,nan,nan,nan,nan,nan,nan,nan
4.876522541,430.910000000,BASELINE,-6.106060695501937e-15,-3.0675207146802706e-11,-3.616074453781758e-17,-1.5707900000457227,-4.640605384340679e-12,1.5707899999891377,-0.7852999999221025,3.2245473652325884e-14,3.798582613821072e-10,-4.705437428587089e-17,3.799948897209582e-10,2.706168622523819e-16,-1.2609913113692528e-12,-7.598463499028374e-10,nan,nan,nan,nan,nan,nan,nan
4.887611727,430.920000000,BASELINE,-5.799592953692845e-15,-2.7256482834262383e-11,-3.682904675693765e-17,-1.5707900000423032,-4.640602487352474e-12,1.5707899999891266,-0.7852999999289415,3.06512627779032e-14,3.418724207806395e-10,-7.37257477290143e-17,3.4200299189879324e-10,3.0878077872387166e-16,-1.1943571132100317e-12,-6.838626930363856e-10,nan,nan,nan,nan,nan,nan,nan
4.898880878,430.930000000,BASELINE,-5.508605342082285e-15,-2.417963095919941e-11,-3.7305878872396785e-17,-1.5707900000392256,-4.640599815878322e-12,1.5707899999891155,-0.7852999999350966,2.908513273974789e-14,3.0768518180339377e-10,-2.4936649967166602e-17,3.078081331486793e-10,2.740863092043355e-16,-1.1388216758501102e-12,-6.154729373722412e-10,nan,nan,nan,nan,nan,nan,nan
4.908791642,430.940000000,BASELINE,-5.232094539979837e-15,-2.1410464176818412e-11,-3.7812418127382015e-17,-1.5707900000364545,-4.640597321345964e-12,1.5707899999891044,-0.7852999999406355,2.7652251148591045e-14,2.7691667513728146e-10,-5.442694905877232e-17,2.770327960088803e-10,2.498001805406602e-16,-1.0833590968761797e-12,-5.539221858974486e-10,nan,nan,nan,nan,nan,nan,nan
4.918888411,430.950000000,BASELINE,-4.969409483980925e-15,-1.89182141318079e-11,-3.8241328506817277e-17,-1.570790000033961,-4.640595114777702e-12,1.5707899999890933,-0.7852999999456204,2.6257099793036698e-14,2.492250138902419e-10,-3.2959746043559335e-17,2.493216431920242e-10,2.220446049250313e-16,-1.027837537304066e-12,-4.985331461884734e-10,nan,nan,nan,nan,nan,nan,nan
4.929170775,430.960000000,BASELINE,-4.71997196906696e-15,-1.6675189088110884e-11,-3.8576780658984303e-17,-1.570790000031716,-4.640592828412161e-12,1.5707899999890844,-0.7852999999501068,2.492624162631074e-14,2.2430249975100014e-10,-2.3418766925686896e-17,2.2438598895613282e-10,2.393918396847994e-16,-9.722778138154808e-13,-4.486841384543361e-10,nan,nan,nan,nan,nan,nan,nan
4.939050907,430.970000000,BASELINE,-4.48293306493689e-15,-1.4656466517710334e-11,-3.898639223974932e-17,-1.5707900000296977,-4.64059078143846e-12,1.5707899999890755,-0.7852999999541447,2.371605516138242e-14,2.0187226651598167e-10,-5.5077470362263625e-17,2.0193733143991643e-10,2.0816681711721685e-16,-9.27907056746946e-13,-4.0382006852995866e-10,nan,nan,nan,nan,nan,nan,nan
4.951789747,430.980000000,BASELINE,-4.257687027836945e-15,-1.2839616116681256e-11,-3.941183317223264e-17,-1.5707900000278792,-4.6405888628342955e-12,1.5707899999890667,-0.7852999999577795,2.2537635820107926e-14,1.8168503051856078e-10,-5.767955557622884e-17,1.8175344215776157e-10,1.9081958235744878e-16,-8.835120135497476e-13,-3.6344123977710696e-10,nan,nan,nan,nan,nan,nan,nan
4.969888867,430.990000000,BASELINE,-4.043750737279063e-15,-1.1204450902079012e-11,-3.9787183964347125e-17,-1.5707900000262427,-4.640586857493958e-12,1.5707899999890578,-0.7852999999610503,2.1402367725298355e-14,1.6351652453935883e-10,-4.8138576458356397e-17,1.6356796472827284e-10,2.3592239273284576e-16,-8.389886008153269e-13,-3.270925171341976e-10,nan,nan,nan,nan,nan,nan,nan
4.978831799,431.000000000,BASELINE,-3.8404416879956656e-15,-9.732802099259097e-12,-4.0207203885968006e-17,-1.5707900000247705,-4.6405850395037555e-12,1.570789999989049,-0.7852999999639946,2.034212642082478e-14,1.471648749043486e-10,-5.594483210025203e-17,1.4720335367313098e-10,1.7694179454963432e-16,-7.947462132840144e-13,-2.943853962683596e-10,nan,nan,nan,nan,nan,nan,nan
4.989351108,431.010000000,BASELINE,-3.647406972179612e-15,-8.408318325083402e-12,-4.049321641906968e-17,-1.570790000023445,-4.6405831555940595e-12,1.5707899999890422,-0.7852999999666436,1.9283511419609933e-14,1.3244837084730454e-10,-2.168404344971009e-18,1.3248172697766236e-10,1.5959455978986625e-16,-7.50271372806921e-13,-2.649422426240222e-10,nan,nan,nan,nan,nan,nan,nan
5.004261333,431.020000000,BASELINE,-3.463904670284269e-15,-7.216282853016593e-12,-4.089372070158582e-17,-1.5707900000222526,-4.640581226581555e-12,1.5707899999890356,-0.7852999999690283,1.8361072211259266e-14,1.192035482908832e-10,-4.4885969940899884e-17,1.192256848803197e-10,2.0816681711721685e-16,-7.169577431742624e-13,-2.384523446752329e-10,nan,nan,nan,nan,nan,nan,nan
5.016119086,431.030000000,BASELINE,-3.2896906199803908e-15,-6.143450947238422e-12,-4.115349554211335e-17,-1.57079000002118,-4.640579547369229e-12,1.570789999989029,-0.7852999999711744,1.7411419528379213e-14,1.0728319296306188e-10,-2.6020852139652106e-18,1.0730188612639857e-10,1.5265566588595902e-16,-6.836545218824597e-13,-2.1460473675904979e-10,nan,nan,nan,nan,nan,nan,nan
5.040635560,431.040000000,BASELINE,-3.124225539107384e-15,-5.17790226326309e-12,-4.1347567730988257e-17,-1.5707900000202142,-4.6405779687708676e-12,1.5707899999890222,-0.7852999999731062,1.654405779039081e-14,9.655488344625929e-11,-2.4936649967166602e-17,9.657712476962566e-11,1.6653345369377348e-16,-6.502819116516179e-13,-1.9314411441734292e-10,nan,nan,nan,nan,nan,nan,nan
5.051099300,431.050000000,BASELINE,-2.9668675799791382e-15,-4.308908436496326e-12,-4.1744168885683456e-17,-1.570790000019346,-4.640576463030889e-12,1.5707899999890156,-0.7852999999748448,1.57631069655495e-14,8.689938157079025e-11,-6.635317295611287e-17,8.691821914985631e-11,1.3530843112619095e-16,-6.171278765787491e-13,-1.7382625287082343e-10,nan,nan,nan,nan,nan,nan,nan
5.061897727,431.060000000,BASELINE,-2.817445330232183e-15,-3.5268139279829444e-12,-4.2002859524038494e-17,-1.5707900000185644,-4.640575217499433e-12,1.570789999989009,-0.7852999999764091,1.4954183724658066e-14,7.820946798173245e-11,-3.729655473350135e-17,7.823629244452235e-11,1.1796119636642288e-16,-5.838246552869464e-13,-1.564401472947674e-10,nan,nan,nan,nan,nan,nan,nan
5.071319058,431.070000000,BASELINE,-2.6753959805187806e-15,-2.8229288718387844e-12,-4.233701063359852e-17,-1.5707900000178605,-4.640573944212402e-12,1.5707899999890045,-0.7852999999778169,1.420586738520857e-14,7.038850904049487e-11,-2.7972416050126014e-17,7.042031194282039e-11,8.673617379884035e-17,-5.505214339951436e-13,-1.407971083472459e-10,nan,nan,nan,nan,nan,nan,nan
5.082020955,431.080000000,BASELINE,-2.5405264344320112e-15,-2.1894322577314245e-12,-4.264622509319139e-17,-1.5707900000172277,-4.640572729905969e-12,1.570789999989,-0.7852999999790836,1.3503087537003466e-14,6.334966297198708e-11,-4.228388472693467e-17,6.338151878337861e-11,9.71445146547012e-17,-5.283239123965444e-13,-1.2671947605819023e-10,nan,nan,nan,nan,nan,nan,nan
5.092965293,431.090000000,BASELINE,-2.4123656061279317e-15,-1.6192853519157022e-12,-4.2915107231967796e-17,-1.570790000016657,-4.640571678663542e-12,1.5707899999889956,-0.7852999999802238,1.2814510737257923e-14,5.701468941063381e-11,4.336808689942018e-19,5.705323019578046e-11,6.938893903907228e-17,-5.060535324119542e-13,-1.1405183308194067e-10,nan,nan,nan,nan,nan,nan,nan
5.101791599,431.100000000,BASELINE,-2.2906613101812197e-15,-1.1061531114413264e-12,-4.3112432027360157e-17,-1.570790000016144,-4.640570592726646e-12,1.5707899999889912,-0.7852999999812508,1.2136559118802737e-14,5.1313216913387305e-11,8.239936510889834e-18,5.134665609363154e-11,1.1796119636642288e-16,-4.837831524273639e-13,-1.0264984608848726e-10,nan,nan,nan,nan,nan,nan,nan
5.112607748,431.110000000,BASELINE,-2.1751311119259437e-15,-6.44334167460777e-13,-4.326855714019806e-17,-1.5707900000156823,-4.6405694998508575e-12,1.5707899999889867,-0.7852999999821878,1.1540790025021952e-14,4.6181878633755336e-11,1.0625181290357943e-17,4.621741878096941e-11,1.1102230246251565e-16,-4.616237947452362e-13,-9.37427566127802e-11,nan,nan,nan,nan,nan,nan,nan
5.127259118,431.120000000,BASELINE,-2.0653456673017998e-15,-2.2869711425704736e-13,-4.3392806709164903e-17,-1.570790000015267,-4.640568424322304e-12,1.5707899999889823,-0.7852999999830782,1.0980582762498692e-14,4.156369974757379e-11,-1.3227266504323154e-17,4.1598873651294e-11,1.1449174941446927e-16,-4.394158648057811e-13,-8.905765187805503e-11,nan,nan,nan,nan,nan,nan,nan
5.139124455,431.130000000,BASELINE,-1.9609904492585487e-15,1.4537630295019617e-13,-4.3653232070995926e-17,-1.5707900000148918,-4.640567525735543e-12,1.5707899999889778,-0.7852999999839242,1.0457346794057187e-14,3.740735585872068e-11,-5.399326818977812e-17,3.7446677703112385e-11,9.367506770274758e-17,-4.173120182748846e-13,-8.460566015139337e-11,nan,nan,nan,nan,nan,nan,nan
5.151037491,431.140000000,BASELINE,-1.86182910172259e-15,4.820423120401743e-13,-4.3917777401082395e-17,-1.5707900000145543,-4.640566568168186e-12,1.5707899999889734,-0.785299999984728,9.905596308479314e-15,3.366659663724125e-11,-7.589415207398531e-18,3.3694106532644597e-11,1.1102230246251565e-16,-3.950485771841983e-13,-8.037568787616634e-11,nan,nan,nan,nan,nan,nan,nan
5.167752382,431.150000000,BASELINE,-1.7675310514515322e-15,7.850417914966054e-13,-4.4197501561583654e-17,-1.57079000001425,-4.6405657424398106e-12,1.570789999988969,-0.7852999999854918,9.405995947397994e-15,3.029995395212315e-11,-1.1492543028346347e-17,3.031905976280669e-11,7.979727989493313e-17,-3.7291003618378227e-13,-7.635669353744934e-11,nan,nan,nan,nan,nan,nan,nan
5.180084746,431.160000000,BASELINE,-1.6780999847327621e-15,1.0577413039904875e-12,-4.433150895010287e-17,-1.570790000013977,-4.6405648265058146e-12,1.5707899999889645,-0.7852999999862168,8.930031193676857e-15,2.726995300579571e-11,1.1058862159352145e-17,2.727701398086424e-11,1.1102230246251565e-16,-3.5056332836624904e-13,-7.253749077090754e-11,nan,nan,nan,nan,nan,nan,nan
5.192790664,431.170000000,BASELINE,-1.5931081838092337e-15,1.303170929398066e-12,-4.447288891339497e-17,-1.5707900000137305,-4.6405640701663795e-12,1.5707899999889623,-0.7852999999869062,8.497326106637892e-15,2.454296488263452e-11,-1.3660947373317356e-17,2.4545865340286355e-11,1.1102230246251565e-16,-3.282617233590912e-13,-6.891263774899681e-11,nan,nan,nan,nan,nan,nan,nan
5.202385862,431.180000000,BASELINE,-1.5123222199532108e-15,1.524057484755399e-12,-4.459301851410637e-17,-1.5707900000135107,-4.640563560157679e-12,1.57078999998896,-0.7852999999875613,8.065705221771413e-15,2.2088649269044747e-11,-9.974659986866641e-18,2.2081170225618507e-11,3.8163916471489756e-17,-3.1736765992995686e-13,-6.546541520685567e-11,nan,nan,nan,nan,nan,nan,nan
5.213903845,431.190000000,BASELINE,-1.4355736081470897e-15,1.7228554673883605e-12,-4.4755215159110204e-17,-1.5707900000133108,-4.640563053618422e-12,1.5707899999889579,-0.785299999988183,7.652082092968193e-15,1.9879779463230496e-11,-8.456776945386935e-18,1.9882928636860697e-11,7.979727989493313e-17,-3.0612665180562715e-13,-6.219020264042197e-11,nan,nan,nan,nan,nan,nan,nan
5.228813339,431.200000000,BASELINE,-1.3626202460457542e-15,1.9017736375983456e-12,-4.490526873978219e-17,-1.570790000013131,-4.64056263381534e-12,1.5707899999889556,-0.7852999999887736,7.3075226425523e-15,1.789180826064496e-11,-1.9081958235744878e-17,1.7884579234239695e-11,1.0408340855860843e-17,-2.953158551033397e-13,-5.908161460066452e-11,nan,nan,nan,nan,nan,nan,nan
5.240750134,431.210000000,BASELINE,-1.2934027193701521e-15,2.062799935146077e-12,-4.502756674483856e-17,-1.570790000012971,-4.6405620058454415e-12,1.5707899999889534,-0.7852999999893354,6.9446401754214016e-15,1.6102639621012882e-11,-4.0115480381963664e-17,1.608600058711218e-11,3.8163916471489756e-17,-2.8407831642596193e-13,-5.6128434365587676e-11,nan,nan,nan,nan,nan,nan,nan
5.252902048,431.220000000,BASELINE,-1.227674155285608e-15,2.2077237014930125e-12,-4.515810468640582e-17,-1.5707900000128268,-4.6405614507339295e-12,1.5707899999889512,-0.7852999999898683,6.562350489403013e-15,1.4492376049224376e-11,1.0408340855860843e-17,1.4487289839992812e-11,2.0816681711721685e-17,-2.729864945205662e-13,-5.3319572715371244e-11,nan,nan,nan,nan,nan,nan,nan
5.265668349,431.230000000,BASELINE,-1.1651413855246824e-15,2.338155030424881e-12,-4.5331360193569003e-17,-1.5707900000126958,-4.640560954603015e-12,1.570789999988949,-0.7852999999903746,6.247606598730471e-15,1.3043139701976458e-11,-1.1926223897340549e-17,1.3043965213510589e-11,2.0816681711721685e-17,-2.6179405865356387e-13,-5.0655008833333515e-11,nan,nan,nan,nan,nan,nan,nan
5.279855170,431.240000000,BASELINE,-1.1058869178727014e-15,2.4555430492181915e-12,-4.5361717854398595e-17,-1.570790000012578,-4.640560389083162e-12,1.5707899999889468,-0.7852999999908553,5.933946910230414e-15,1.1738818033943388e-11,-1.452830911130576e-17,1.1733915922240712e-11,7.632783294297951e-17,-2.5071958398292793e-13,-4.812370467399685e-11,nan,nan,nan,nan,nan,nan,nan
5.301253816,431.250000000,BASELINE,-1.0495614223896898e-15,2.561192379648138e-12,-4.538123349350334e-17,-1.5707900000124715,-4.640559827032755e-12,1.5707899999889445,-0.7852999999913127,5.61790197695089e-15,1.0564916996802509e-11,1.1275702593849246e-17,1.0557058699456334e-11,6.938893903907228e-17,-2.3961041484277246e-13,-4.572011259168507e-11,nan,nan,nan,nan,nan,nan,nan
5.311249102,431.260000000,BASELINE,-9.960559367573129e-16,2.656276872878562e-12,-4.5467319145998694e-17,-1.570790000012376,-4.640559337840734e-12,1.5707899999889423,-0.7852999999917468,5.3688607379309694e-15,9.508457389506564e-12,-1.691355389077387e-17,9.491296637520463e-12,3.469446951953614e-18,-2.286573708154549e-13,-4.343302106857294e-11,nan,nan,nan,nan,nan,nan,nan
5.321239549,431.270000000,BASELINE,-9.451762803664785e-16,2.741852982445227e-12,-4.5585714023234103e-17,-1.5707900000122916,-4.6405590533460845e-12,1.57078999998894,-0.7852999999921598,5.106809072841223e-15,8.557625962024584e-12,-2.5370330836160804e-17,8.536501366895877e-12,1.3877787807814457e-17,-2.1747187384235644e-13,-4.126255153530378e-11,nan,nan,nan,nan,nan,nan,nan
5.334712295,431.280000000,BASELINE,-8.967727248971667e-16,2.818871333994043e-12,-4.574140545520302e-17,-1.570790000012214,-4.640558734156965e-12,1.5707899999889379,-0.7852999999925517,4.834999588199107e-15,7.701830492812256e-12,-9.75781955236954e-18,7.692714520945998e-12,1.734723475976807e-17,-2.0641821585343223e-13,-3.919754191367142e-11,nan,nan,nan,nan,nan,nan,nan
5.350755489,431.290000000,BASELINE,-8.50858280775447e-16,2.8881877728675223e-12,-4.581903433075298e-17,-1.570790000012145,-4.640558217209369e-12,1.5707899999889356,-0.7852999999929237,4.597450892207533e-15,6.931658805969798e-12,-3.903127820947816e-18,6.915513300898013e-12,7.28583859910259e-17,-1.9513557436567908e-13,-3.723797485644109e-11,nan,nan,nan,nan,nan,nan,nan
5.364782684,431.300000000,BASELINE,-8.072334548015822e-16,2.9505726923634306e-12,-4.5879749652412177e-17,-1.570790000012083,-4.640557929245272e-12,1.5707899999889334,-0.7852999999932778,4.347759131884121e-15,6.238488675300302e-12,9.75781955236954e-18,6.227220128440791e-12,-3.122502256758253e-17,-1.8416518310360175e-13,-3.5378347820747e-11,nan,nan,nan,nan,nan,nan,nan
5.380807253,431.310000000,BASELINE,-7.6573485770817875e-16,3.006719106487325e-12,-4.599836137008209e-17,-1.5707900000120274,-4.640557523319977e-12,1.5707899999889312,-0.7852999999936142,4.147940671495043e-15,5.6146385284117084e-12,-1.5178830414797062e-17,5.605460540181184e-12,4.85722573273506e-17,-1.7302131949392674e-13,-3.3607534290214236e-11,nan,nan,nan,nan,nan,nan,nan
5.390683117,431.320000000,BASELINE,-7.263772346447823e-16,3.0572508686387006e-12,-4.6016792807014346e-17,-1.5707900000119763,-4.640557165966942e-12,1.570789999988929,-0.785299999993934,3.946821168498982e-15,5.053166001953158e-12,-2.6020852139652106e-18,5.050345558421654e-12,3.8163916471489756e-17,-1.618045974982607e-13,-3.192556982667405e-11,nan,nan,nan,nan,nan,nan,nan
5.400868882,431.330000000,BASELINE,-6.889968710833477e-16,3.102729501217316e-12,-4.603999473350553e-17,-1.570790000011932,-4.640556867594505e-12,1.5707899999889268,-0.785299999994237,3.7474363889788975e-15,4.547874229987592e-12,-1.8865117801247777e-17,4.539695008798361e-12,2.0816681711721685e-17,-1.5085155347094314e-13,-3.0326830456617326e-11,nan,nan,nan,nan,nan,nan,nan
5.411480081,431.340000000,BASELINE,-6.5349033413662e-16,3.1436602159810164e-12,-4.6047367308278435e-17,-1.570790000011892,-4.640556603916538e-12,1.5707899999889245,-0.7852999999945257,3.5362338057787213e-15,4.0930735363542414e-12,1.1492543028346347e-17,4.095581512819635e-12,3.469446951953614e-18,-1.3974238433078767e-13,-2.8811412457196983e-11,nan,nan,nan,nan,nan,nan,nan
5.424283610,431.350000000,BASELINE,-6.197200385489103e-16,3.1804977828320938e-12,-4.616359378116888e-17,-1.5707900000118542,-4.6405562257468205e-12,1.5707899999889223,-0.7852999999947999,3.3757718842508666e-15,3.683759026984479e-12,-1.5395670849294163e-17,3.695883876719819e-12,4.85722573273506e-17,-1.285950512741607e-13,-2.7368093902246926e-11,nan,nan,nan,nan,nan,nan,nan
5.433232248,431.360000000,BASELINE,-5.87675901240015e-16,3.2136516463841786e-12,-4.6216286006751676e-17,-1.570790000011821,-4.640555854515996e-12,1.57078999998892,-0.7852999999950597,3.194276440576793e-15,3.315375751711258e-12,1.1058862159352145e-17,3.3184149872411695e-12,2.7755575615628914e-17,-1.1752404605047673e-13,-2.5996957191132264e-11,nan,nan,nan,nan,nan,nan,nan
5.445242279,431.370000000,BASELINE,-5.571674278882281e-16,3.243490141340287e-12,-4.6308660031847444e-17,-1.570790000011792,-4.640555469407384e-12,1.57078999998892,-0.7852999999953062,3.0588595892333537e-15,2.9838575187068894e-12,-7.589415207398531e-18,2.9853515493005744e-12,3.469446951953614e-17,-1.0640793801641735e-13,-2.46980092627469e-11,nan,nan,nan,nan,nan,nan,nan
5.455123613,431.380000000,BASELINE,-5.281558040557747e-16,3.2703448345056792e-12,-4.6402768780419186e-17,-1.5707900000117654,-4.640555240423885e-12,1.57078999998892,-0.7852999999955405,2.9129259768168048e-15,2.6854725040936778e-12,-1.3227266504323154e-17,2.6966970323449857e-12,-1.734723475976807e-17,-1.0640099912251344e-13,-2.346568165473295e-11,nan,nan,nan,nan,nan,nan,nan
5.469909348,431.390000000,BASELINE,-5.0063766871592e-16,3.294514018954626e-12,-4.6435945366897246e-17,-1.570790000011741,-4.640555035726516e-12,1.57078999998892,-0.7852999999957636,2.733707357704951e-15,2.4169143249264113e-12,1.6479873021779667e-17,2.4302088119654286e-12,2.42861286636753e-17,-1.0632814073652241e-13,-2.2294377281795175e-11,nan,nan,nan,nan,nan,nan,nan
5.478639535,431.400000000,BASELINE,-4.745894946815213e-16,3.316266240289549e-12,-4.640385298259167e-17,-1.5707900000117188,-4.6405548587847195e-12,1.57078999998892,-0.7852999999959757,2.5821358939914774e-15,2.1752107493694384e-12,2.7755575615628914e-17,2.185966685441798e-12,2.42861286636753e-17,-1.0635589631213804e-13,-2.1178609213579058e-11,nan,nan,nan,nan,nan,nan,nan
5.489102048,431.410000000,BASELINE,-4.496745287578043e-16,3.335843297929476e-12,-4.6484517624224595e-17,-1.5707900000116988,-4.640554674904031e-12,1.57078999998892,-0.7852999999961766,2.501688092793053e-15,1.9576998442488724e-12,-1.3877787807814457e-17,1.9639359583045746e-12,-2.7755575615628914e-17,-1.0643569359203298e-13,-2.0118354898679414e-11,nan,nan,nan,nan,nan,nan,nan
5.505641773,431.420000000,BASELINE,-4.260809884419128e-16,3.3534626245001313e-12,-4.6558243371953604e-17,-1.570790000011681,-4.640554518778919e-12,1.57078999998892,-0.7852999999963676,2.3400335488754642e-15,1.7619284937292479e-12,8.023096076392733e-18,1.7641131611068062e-12,3.469446951953614e-18,-1.0639752967556149e-13,-1.9113596122499743e-11,nan,nan,nan,nan,nan,nan,nan
5.518749106,431.430000000,BASELINE,-4.036972009100805e-16,3.369320141622456e-12,-4.656388122325053e-17,-1.5707900000116655,-4.6405543557149114e-12,1.57078999998892,-0.7852999999965496,2.258284705070057e-15,1.5857534469559953e-12,-2.6237692574149207e-17,1.5864982938484928e-12,2.0816681711721685e-17,-1.0644957137984079e-13,-1.815878610672561e-11,nan,nan,nan,nan,nan,nan,nan
5.538316542,431.440000000,TARGET,-3.8241355332266925e-16,3.383591801214416e-12,-4.655217183978769e-17,-1.5707900000116521,-4.6405541926509054e-12,1.57078999998892,-0.7852999999967217,2.1381551043586633e-15,1.4271639425800231e-12,-4.336808689942018e-19,1.4310289064844994e-12,-3.469446951953614e-18,-1.0639059078165758e-13,-1.7248415369597314e-11,0.5,-0.4,0.3,-1.8,0.2,1.8,-0.5
5.563918727,431.450000000,TARGET,-3.8129790928718167e-16,3.734795520315897e-12,-4.8922454629275505e-17,-1.5707900000127801,-4.9912880859682064e-12,1.5707899999879276,-0.7852999999967217,9.302454639925628e-17,3.512037514107058e-11,-2.196593601455632e-16,-1.127987321603019e-10,-3.507339210728766e-11,-9.91739364242239e-11,3.3471489468972493e-15,0.5,-0.4,0.3,-1.8,0.2,1.8,-0.5
5.580943487,431.460000000,TARGET,0.0005985716281491288,-0.0004872912718152222,0.00037499998986240086,-1.57107651251399,0.00024999999402013307,1.571076512486695,-0.7849433749973883,0.06249999998348421,-0.04999999996827185,0.03749999998334074,-0.028651250100045614,0.024999999946338784,0.028651249888470176,0.035662499904444804,0.5,-0.4,0.3,-1.8,0.2,1.8,-0.5
5.591751662,431.470000000,TARGET,0.0017721679586093987,-0.0014295088459684942,0.0010874999817286576,-1.5716208862650436,0.0007249999931803569,1.5716208862356116,-0.784265787498021,0.11901428370306813,-0.09512708721321153,0.07125000008590733,-0.05443737508645565,0.04749999995679581,0.05443737490223052,0.06775874991065958,0.5,-0.4,0.3,-1.8,0.2,1.8,-0.5
5.605084304,431.480000000,TARGET,0.003462703991239365,-0.002780948779384168,0.0021037499753479576,-1.5723973351409577,0.0014024999924717905,1.572397335109662,-0.7832993337486214,0.1697783204000151,-0.1357049114721275,0.1016250001689571,-0.07764488757441398,0.06774999996576167,0.0776448874145236,0.09664537491654207,0.5,-0.4,0.3,-1.8,0.2,1.8,-0.5
5.616188047,431.490000000,TARGET,0.005616433584752672,-0.004500353890622028,0.003393374970460667,-1.5733826516292486,0.002262249991877138,1.573382651596332,-0.7820729003741898,0.21537296007557494,-0.17219051213843065,0.1289625002348335,-0.09853164881375237,0.08597499997340816,0.09853164867548246,0.12264333742210827,0.5,-0.4,0.3,-1.8,0.2,1.8,-0.5
5.629979731,431.500000000,TARGET,0.00817979021967738,-0.0065503185008033,0.004929037466838263,-1.57455594896868,0.003286024991381121,1.574555948934359,-0.7806124853372266,0.2563356641424879,-0.20499646102652452,0.15356625028600784,-0.11732973392930943,0.10237749997990504,0.11732973381023656,0.14604150367736163,0.5,-0.4,0.3,-1.8,0.2,1.8,-0.5
5.639234386,431.510000000,TARGET,0.011111811191794193,-0.008895286649979616,0.006686133714276269,-1.5758984290741385,0.004457422490970132,1.5758984290386058,-0.7789414868039829,0.2932020977953811,-0.23449681492519744,0.17570962532467194,-0.13424801053344979,0.11713974998540311,0.1342480104314077,0.16709985330730673,0.5,-0.4,0.3,-1.8,0.2,1.8,-0.5
5.655637047,431.520000000,TARGET,0.014375630067319829,-0.011505757984250695,0.008642520337604234,-1.5773931736690232,0.005761680240632489,1.5773931736324494,-0.7770809631240851,0.32638188807637725,-0.2610471334339336,0.1956386628528003,-0.14947445947730803,0.13042577499003685,0.14947445939035675,0.18605236797445288,0.5,-0.4,0.3,-1.8,0.2,1.8,-0.5
5.664990031,431.530000000,TARGET,0.017938067055855118,-0.014355182185106452,0.010778268299174243,-1.5790249563043925,0.007185512215358004,1.579024956266929,-0.7750498668121965,0.35624369932325517,-0.2849424200917356,0.21357479662204346,-0.16317826352689285,0.14238319749392217,0.16317826345331485,0.20310963117506478,0.5,-0.4,0.3,-1.8,0.2,1.8,-0.5
5.678466294,431.540000000,TARGET,0.02176926034604599,-0.017419663965887885,0.013075441465108186,-1.5807800731761987,0.008716960992637754,1.5807800731379802,-0.7728652551315146,0.38311932943996635,-0.30644817808370395,0.22971731700884077,-0.17551168717161914,0.1531448777471602,0.17551168710988482,0.21846116805577317,0.5,-0.4,0.3,-1.8,0.2,1.8,-0.5
5.690000957,431.550000000,TARGET,0.025842334307678478,-0.020677697568601956,0.01551789731492039,-1.5826461908607994,0.01034526489221397,1.5826461908219451,-0.7705424796189173,0.4073073965400221,-0.3258033602764284,0.24424558535194396,-0.18661176845196956,0.1628303899748401,0.18661176840070787,0.23227755124855543,0.5,-0.4,0.3,-1.8,0.2,1.8,-0.5
5.703080940,431.560000000,TARGET,0.030133100873564276,-0.024109927811054987,0.018091107580177995,-1.584612209276916,0.012060738401854844,1.5846122092375314,-0.7680953566575951,0.42907665692554087,-0.3432230242498385,0.25732102685618874,-0.19660184160436595,0.17154735097953944,0.19660184156236754,0.24471229612218817,0.5,-0.4,0.3,-1.8,0.2,1.8,-0.5
5.715988973,431.570000000,TARGET,0.034619790783237764,-0.02769893502927271,0.020781996819295337,-1.5866681383513972,0.013854664560551974,1.586668138311576,-0.7655363209924193,0.4486689912683921,-0.35890072182587063,0.26908892420588887,-0.20559290744159436,0.17939261588357652,0.20559290740778563,0.2559035665085752,0.5,-0.4,0.3,-1.8,0.2,1.8,-0.5
5.725492125,431.580000000,TARGET,0.03928281170228338,-0.03142904152567834,0.023578797134848884,-1.5888049870184076,0.01571919810339797,1.5888049869782326,-0.7628765638937737,0.46630209217322305,-0.37301064964426656,0.27968003181689094,-0.21368486669516687,0.18645335429703608,0.2136848666685929,0.2659757098564328,0.5,-0.4,0.3,-1.8,0.2,1.8,-0.5
5.736560568,431.590000000,TARGET,0.044104530529730346,-0.03528613737245278,0.026470917419160772,-1.5910146633186955,0.01764727829197635,1.5910146632782394,-0.7601261575050048,0.482171882984185,-0.38570958468079336,0.28921202866342427,-0.22096763002344,0.19280801886899224,0.22096763000325528,0.2750406388695936,0.5,-0.4,0.3,-1.8,0.2,1.8,-0.5
5.750830535,431.600000000,TARGET,0.04906907747470787,-0.0392575236345589,0.02944882567532392,-1.5932898844889323,0.019632550461712434,1.5932898844482606,-0.7572941667551237,0.4964546947109845,-0.39713862621364093,0.2977908258222639,-0.22752211701892963,0.19852721698361067,0.22752211700439265,0.28319907498152624,0.5,-0.4,0.3,-1.8,0.2,1.8,-0.5
5.766087694,431.610000000,TARGET,0.05416216972543497,-0.04333177127046328,0.03250394310612474,-1.5956240960421244,0.02166929541448915,1.595624096001294,-0.7543887500802412,0.5093092252623316,-0.4074247635931806,0.3055117432624795,-0.23342115531492225,0.2036744952866391,0.23342115530536167,0.2905416674823404,0.5,-0.4,0.3,-1.8,0.2,1.8,-0.5
5.778289721,431.620000000,TARGET,0.05937095275131117,-0.047498594142785906,0.03562854879407356,-1.598011398939977,0.02375236587200125,1.5980113988990379,-0.7514172500728566,0.5208783027560395,-0.4166822872347453,0.3124605689562073,-0.23873028978135405,0.2083070457592491,0.23873028977619093,0.29715000073314246,0.5,-0.4,0.3,-1.8,0.2,1.8,-0.5
5.789914507,431.630000000,TARGET,0.06468385747479831,-0.05174873472788476,0.03881569391343202,-1.6004464840480235,0.025877129283774145,1.600446484007021,-0.7483862750662195,0.5312904724981186,-0.4250140585121344,0.3187145120783451,-0.24350851080117492,0.21247634118449396,0.24350851079989408,0.30309750065892693,0.5,-0.4,0.3,-1.8,0.2,1.8,-0.5
5.800081437,431.640000000,TARGET,0.07009047172611417,-0.05607386125448204,0.04205912452103776,-1.6029245731452453,0.028039416354380807,1.6029245731042194,-0.7453017725602549,0.5406614252639573,-0.4325126526617681,0.32434306088627934,-0.24780890971904806,0.21622870706712094,0.2478089097211912,0.3084502505921872,0.5,-0.4,0.3,-1.8,0.2,1.8,-0.5
5.814751656,431.650000000,TARGET,0.07558142455245671,-0.06046647512842778,0.04535321206804663,-1.6054413658327253,0.030235474717936996,1.6054413657917108,-0.7421690953048945,0.5490952827513851,-0.4392613873964231,0.3294087548116367,-0.2516792687451621,0.21960583636140127,0.25167926875031915,0.31326772553217547,0.5,-0.4,0.3,-1.8,0.2,1.8,-0.5
5.824241348,431.660000000,TARGET,0.08114828209630574,-0.06491982761498698,0.048692890860500763,-1.6079929917514375,0.032461927245146995,1.6079929917104654,-0.7389930607750781,0.5566857544884304,-0.44533524865759877,0.3339678793428618,-0.25516259186868717,0.2226452527261781,0.25516259187650225,0.31760345297820775,0.5,-0.4,0.3,-1.8,0.2,1.8,-0.5
5.833133957,431.670000000,TARGET,0.08678345388589488,-0.06942784485289819,0.05207360177383973,-1.6105759675782594,0.03471573451964477,1.6105759675373568,-0.7357780046982504,0.5635171790503044,-0.45080172379264494,0.3380710914195371,-0.2582975826798851,0.22538072745441026,0.25829758269004355,0.32150560767968134,0.5,-0.4,0.3,-1.8,0.2,1.8,-0.5
5.842687939,431.680000000,TARGET,0.09248010849663583,-0.07398506036702607,0.055491241595960715,-1.61318715832238,0.036994161066700865,1.613187158281571,-0.7325278292291119,0.5696654611546789,-0.4557215514141752,0.341763982287271,-0.2611190744099803,0.22784265470975887,0.26111907442220633,0.3250175469110434,0.5,-0.4,0.3,-1.8,0.2,1.8,-0.5
5.858483057,431.690000000,TARGET,0.09823209764640053,-0.0785865543297489,0.05894211743597257,-1.6158237424920696,0.039294744959058936,1.6158237424513757,-0.7292460463068937,0.575198915047446,-0.46014939627354245,0.34508758406709567,-0.2636584169670801,0.23005838923951946,0.26365841698112785,0.3281782922192986,0.5,-0.4,0.3,-1.8,0.2,1.8,-0.5
5.863492792,431.700000000,TARGET,0.10403388788127504,-0.08322789889620705,0.06242290569207459,-1.6184831807447715,0.04161527046218832,1.6184831807042115,-0.7259358166769037,0.5801790235498947,-0.46413445664696396,0.34807882566792664,-0.2659438252684876,0.23205255031625693,0.2659438252841405,0.3310229629967589,0.5,-0.4,0.3,-1.8,0.2,1.8,-0.5
5.878649164,431.710000000,TARGET,0.109880499092738,-0.08790510900602692,0.06593061512264733,-1.6211631876721846,0.04395374341501144,1.621163187631775,-0.7225999850099183,0.5846611212011729,-0.4677210109830352,0.3507709431077751,-0.26800069273976745,0.23384729528527848,0.2680006927568343,0.33358316669650107,0.5,-0.4,0.3,-1.8,0.2,1.8,-0.5
5.892778624,431.720000000,TARGET,0.11576744918312121,-0.09261459810487228,0.06946255361023435,-1.623861706406838,0.04630836907255854,1.6238617063665932,-0.7192411115096372,0.5886950090865022,-0.4709489098854921,0.3531938488028397,-0.26985187346393075,0.23546256575736108,0.2698518734822433,0.3358873500262912,0.5,-0.4,0.3,-1.8,0.2,1.8,-0.5
5.902881755,431.730000000,TARGET,0.12169070426452427,-0.09735313829384053,0.07301629824912581,-1.6265768857680074,0.0486775321643569,1.6265768857279408,-0.7158615003593897,0.592325508182572,-0.47385401889769674,0.35537446392768884,-0.27151793611568775,0.23691630918220313,0.2715179361351003,0.3379611150231252,0.5,-0.4,0.3,-1.8,0.2,1.8,-0.5
5.911968073,431.740000000,TARGET,0.12764663383783784,-0.10211782446391927,0.07658966842418384,-1.629307059693042,0.0510597789469811,1.6293070596531645,-0.7124632253241724,0.5955929573683935,-0.47646861700867416,0.35733701753942443,-0.27301739250227935,0.23822467826453236,0.2730173925226578,0.33982750352029545,0.5,-0.4,0.3,-1.8,0.2,1.8,-0.5
5.923772938,431.750000000,TARGET,0.1336319704538642,-0.10690604201699747,0.08018070158178509,-1.6320507287255543,0.05345380105134828,1.6320507286858765,-0.7090481527924817,0.5985336616350672,-0.4788217553085491,0.3591033157894294,-0.2743669032502175,0.2394022104386044,0.2743669032714526,0.341507253167769,0.5,-0.4,0.3,-1.8,0.2,1.8,-0.5
5.934566957,431.760000000,TARGET,0.13964377340832623,-0.11171543781477507,0.08378763142366925,-1.6348065433547978,0.05585842094528399,1.634806543315328,-0.7056179625139647,0.601180295474576,-0.4809395797784313,0.3606929842139409,-0.2755814629233731,0.24046198939524818,0.2755814629453604,0.3430190278505091,0.5,-0.4,0.3,-1.8,0.2,1.8,-0.5
5.944709270,431.770000000,TARGET,0.14567939606737518,-0.11654389403278212,0.08740886828140278,-1.6375732890210986,0.05827257884983113,1.6375732889818453,-0.7021741662633043,0.6035622659296977,-0.48284562180132107,0.36212368579556536,-0.27667456662921575,0.2414157904562089,0.27667456665186874,0.34437962506498704,0.5,-0.4,0.3,-1.8,0.2,1.8,-0.5
5.958717386,431.780000000,TARGET,0.15173645646054773,-0.12138950462899563,0.09104298145339601,-1.6403498726207513,0.060695320963928386,1.6403498725817214,-0.6987181246377144,0.6057060393389241,-0.4845610596219176,0.36341131721864195,-0.2776583599644829,0.2422742114110583,0.27765835998771987,0.34560416255803167,0.5,-0.4,0.3,-1.8,0.2,1.8,-0.5
5.968507285,431.790000000,TARGET,0.1578128108144275,-0.12625055416559489,0.09468868330821882,-1.643135310360421,0.06312578886662064,1.6431353103216206,-0.6952510621746884,0.607635435406893,-0.4861049536604508,0.3645701854990702,-0.2785437739662281,0.24304679027040976,0.278543773989981,0.3467062463017819,0.5,-0.4,0.3,-1.8,0.2,1.8,-0.5
5.979043696,431.800000000,TARGET,0.1639065297329402,-0.13112549874854132,0.09834481497758454,-1.6459287168261056,0.06556320997904824,1.6459287167875403,-0.6917740809579692,0.6093718918677727,-0.487494458295127,0.36561316695115464,-0.27934064656780183,0.24374211124381476,0.2793406465920068,0.3476981216711695,0.5,-0.4,0.3,-1.8,0.2,1.8,-0.5
5.997233599,431.810000000,TARGET,0.17001587675961943,-0.13601294887320023,0.10201033348003559,-1.6487292951452042,0.0680068889802376,1.6487292951068784,-0.6882881728629262,0.6109347026823103,-0.48874501246633295,0.3665518502577653,-0.28005783190922334,0.24436790011987095,0.28005783193383044,0.3485908095036293,0.5,-0.4,0.3,-1.8,0.2,1.8,-0.5
6.009809094,431.820000000,TARGET,0.1761392890836458,-0.14091165398540026,0.1056843001322606,-1.6515363281323747,0.07045620008131245,1.651536328094293,-0.6847942305773914,0.6123412324151728,-0.489870511220415,0.3673966652334809,-0.280703298716505,0.24493111010831406,0.2807032987414686,0.3493942285528486,0.5,-0.4,0.3,-1.8,0.2,1.8,-0.5
6.022575931,431.830000000,TARGET,0.1822753601752822,-0.14582048858638727,0.10936587011927958,-1.6543491703208106,0.07291058007228418,1.6543491702829767,-0.6812930575204146,0.6136071091745573,-0.49088346009908645,0.36815699871141744,-0.281284218843065,0.2454379990979071,0.2812842188683396,0.35011730569715277,0.5,-0.4,0.3,-1.8,0.2,1.8,-0.5
6.040174586,431.840000000,TARGET,0.18842282415776554,-0.15073843972728257,0.11305428310761087,-1.6571672407903852,0.07536952206416306,1.6571672407528022,-0.6777853767691393,0.6147463982578371,-0.49179511408988885,0.36884129884137756,-0.28180704695697006,0.2458941991885366,0.2818070469825214,0.3507680751270346,0.5,-0.4,0.3,-1.8,0.2,1.8,-0.5
6.052857912,431.850000000,TARGET,0.19458054174200934,-0.15566459575409533,0.11674885479712123,-1.6599900167129844,0.07783256985685831,1.6599900166756554,-0.6742718390929957,0.6157717584326459,-0.4926156026816088,0.3694571689581805,-0.28227759225948723,0.24630477927009994,0.2822775922852857,0.3513537676139346,0.5,-0.4,0.3,-1.8,0.2,1.8,-0.5
6.080149507,431.860000000,TARGET,0.20074748756783592,-0.16059813617823374,0.12044896931769097,-1.662817027543306,0.0802993128702883,1.6628170275062337,-0.6707530301844702,0.6166945825898497,-0.4933540424141541,0.3700114520631608,-0.2827010830317556,0.24667430134350463,0.28270108305777136,0.3518808908521496,0.5,-0.4,0.3,-1.8,0.2,1.8,-0.5
6.091722993,431.870000000,TARGET,0.20692273881108575,-0.16553832255996523,0.12415407238621264,-1.6656478497905778,0.08276938158237952,1.6656478497537646,-0.6672294771668014,0.6175251243312274,-0.4940186381734439,0.37051030685751746,-0.28308222472680034,0.2470068712095679,0.28308222475300837,0.3523553017665467,0.5,-0.4,0.3,-1.8,0.2,1.8,-0.5
6.107073059,431.880000000,TARGET,0.21310546493001525,-0.1704844903035305,0.1278636651478897,-1.6684821023131047,0.08524244342326585,1.6684821022765528,-0.663701654450903,0.6182726118983766,-0.49461677435680307,0.3709592761723275,-0.2834252522523439,0.24730618408902452,0.283425252278719,0.3527822715895111,0.5,-0.4,0.3,-1.8,0.2,1.8,-0.5
6.118124090,431.890000000,TARGET,0.21929491843705548,-0.17543604127274612,0.1315772986334053,-1.6713194420833615,0.08771819908006774,1.671319442047072,-0.6601699890065982,0.6189453507087326,-0.4951550969218249,0.37136334855555797,-0.28373397702533504,0.24757556568053588,0.2837339770518589,0.35316654443018036,0.5,-0.4,0.3,-1.8,0.2,1.8,-0.5
6.127824513,431.900000000,TARGET,0.22549042659339447,-0.1803924371450471,0.1352945687703746,-1.6741595603765749,0.09019637917119369,1.67415956034055,-0.6566348651067279,0.6195508156379875,-0.4956395872303434,0.3717270137003789,-0.2840118293210266,0.24781800911289747,0.28401182934768987,0.35351238998678514,0.5,-0.4,0.3,-1.8,0.2,1.8,-0.5
6.139192252,431.910000000,TARGET,0.23169138393410163,-0.18535319343012485,0.13901511189365126,-1.6770021793404493,0.09267674125321129,1.6770021793046903,-0.6530966285968486,0.6200957340742606,-0.49607562850800846,0.3720543123306411,-0.28426189638715166,0.24803620820202424,0.28426189641393373,0.3538236509877352,0.5,-0.4,0.3,-1.8,0.2,1.8,-0.5
6.154463066,431.920000000,TARGET,0.23789724554073946,-0.19031787408670173,0.1427386007046037,-1.6798470489079187,0.09515906712703139,1.6798470488724266,-0.6495555907379608,0.6205861606668588,-0.4964680656579055,0.37234888109780906,-0.28448695674666646,0.24823258738223988,0.28448695677355573,0.35410378588859587,0.5,-0.4,0.3,-1.8,0.2,1.8,-0.5
6.166030726,431.930000000,TARGET,0.2441075209867144,-0.19528608667762773,0.14646474063446366,-1.6826939440186235,0.09764316041347376,1.6826939439834,-0.6460120316649652,0.6210275446001584,-0.49682125909281205,0.3726139929882006,-0.28468951107023044,0.24840932864443677,0.28468951109722,0.35435590729937133,0.5,-0.4,0.3,-1.8,0.2,1.8,-0.5
6.177772498,431.940000000,TARGET,0.25032176888809227,-0.200257478009468,0.15019326657133966,-1.6855426621182403,0.10012884437127621,1.6855426620832865,-0.642466203499273,0.6214247901400942,-0.4971391331842273,0.3728525936894995,-0.28487180996144057,0.2485683957804165,0.2848718099885122,0.35458281656906976,0.5,-0.4,0.3,-1.8,0.2,1.8,-0.5
6.193724893,431.950000000,TARGET,0.2565395919993324,-0.20523173020813107,0.1539239399145296,-1.688393020907878,0.10261595993330273,1.6883930208731948,-0.6389183331501538,0.6217823111260096,-0.49742521986650007,0.37306733432062195,-0.28503587896352983,0.24871155620280105,0.2850358789906788,0.35478703491180097,0.5,-0.4,0.3,-1.8,0.2,1.8,-0.5
6.213778681,431.960000000,TARGET,0.2627606327994482,-0.2102085571869347,0.15765654592340153,-1.6912448563185343,0.10510436393913096,1.6912448562841222,-0.6353686248359501,0.6221040800133105,-0.4976826978805452,0.37326060088859025,-0.2851835410654116,0.24884040058295037,0.2851835410926286,0.354970831420263,0.5,-0.4,0.3,-1.8,0.2,1.8,-0.5
6.231479091,431.970000000,TARGET,0.26898456951955196,-0.21518770146786476,0.1613908913313868,-1.6940980206881076,0.10759392754438074,1.6940980206539678,-0.6318172623531702,0.6223936720118629,-0.49791442809318437,0.37343454079972505,-0.2853164369571053,0.24895636052508827,0.2853164369843859,0.3551362482778805,0.5,-0.4,0.3,-1.8,0.2,1.8,-0.5
6.246104112,431.980000000,TARGET,0.2752111125676446,-0.2201689313207086,0.1651268021985737,-1.696952381120706,0.11008453478910998,1.6969523810868388,-0.6282644111186717,0.6226543048105451,-0.49812298528455956,0.3735910867197141,-0.28543604325962957,0.24906072447301597,0.2854360432869668,0.3552851234497347,0.5,-0.4,0.3,-1.8,0.2,1.8,-0.5
6.259714689,431.990000000,TARGET,0.28144000131092695,-0.22515203818827492,0.1688641219790418,-1.699807818010027,0.11257608130937073,1.699807817976433,-0.624710220007627,0.6228888743293468,-0.49831068675679663,0.3737319780476751,-0.2855436889319031,0.24915465202615436,0.2855436889592924,0.3554191111044043,0.5,-0.4,0.3,-1.8,0.2,1.8,-0.5
6.273705787,432.000000000,TARGET,0.28767100117988,-0.2301368343690914,0.17260270978146255,-1.7026642237103982,0.1150684731776099,1.7026642236770784,-0.6211548230076903,0.6230999868962601,-0.49847961808180924,0.3738587802428139,-0.28564057003695,0.24923918682398286,0.28564057006438903,0.35553969999361124,0.5,-0.4,0.3,-1.8,0.2,1.8,-0.5
6.286324724,432.010000000,TARGET,0.2939039010619366,-0.23512315093183306,0.17634243880364045,-1.705521501340715,0.11756162585902973,1.7055215013076697,-0.6175983407077505,0.6232899882064747,-0.4986316562743201,0.37397290221841645,-0.2857277630314939,0.2493152681420322,0.2857277630589783,0.3556482299938985,0.5,-0.4,0.3,-1.8,0.2,1.8,-0.5
6.295973876,432.020000000,TARGET,0.30013851095578614,-0.24011083583830733,0.18008319492359956,-1.7083795637079826,0.12005546327231212,1.7083795636752122,-0.6140408816378083,0.6234609893856621,-0.4987684906475783,0.3740756119964388,-0.2858062367265797,0.24938374132827945,0.28580623675410716,0.3557459069941549,0.5,-0.4,0.3,-1.8,0.2,1.8,-0.5
6.312605021,432.030000000,TARGET,0.30637465986024937,-0.24509975225414096,0.18382487543156156,-1.711238332338506,0.12254991694427081,1.711238332306011,-0.6104825434748643,0.6236148904469284,-0.4988916415835113,0.3741680507966413,-0.28587686305216,0.24944536719590638,0.28587686307972815,0.35583381629438576,0.5,-0.4,0.3,-1.8,0.2,1.8,-0.5
6.326116665,432.040000000,TARGET,0.31261219387426487,-0.250089777028398,0.18756738788872598,-1.7140977366059598,0.1250449252490383,1.7140977365737402,-0.606923414128218,0.6237534014020666,-0.49900247742585085,0.3742512457168076,-0.28594042674518133,0.24950083047677496,0.2859404267727882,0.3559129346646004,0.5,-0.4,0.3,-1.8,0.2,1.8,-0.5
6.337149777,432.050000000,TARGET,0.3188509744868773,-0.2550807993252362,0.19131064910017243,-1.7169577129466504,0.12754043272333368,1.716957712914707,-0.60336357271624,0.6238780612616895,-0.4991022296839562,0.3743261211449435,-0.2859976340689005,0.24955074742956032,0.28599763409654394,0.35598414119779054,0.5,-0.4,0.3,-1.8,0.2,1.8,-0.5
6.352982033,432.060000000,TARGET,0.32509087703822703,-0.26007271939239734,0.19505458419047247,-1.7198182041532546,0.13003638945020424,1.7198182041215877,-0.599803090445463,0.6239902551353512,-0.4991920067162502,0.37439350903025326,-0.28604912066024935,0.24959567268707092,0.28604912068792937,0.3560482270776647,0.5,-0.4,0.3,-1.8,0.2,1.8,-0.5
6.357682079,432.070000000,TARGET,0.3313317893344403,-0.2650654474528491,0.19879912577174072,-1.7226791587391808,0.13253275050439248,1.7226791587077908,-0.5962420314017673,0.6240912296216476,-0.49927280604531454,0.3744541581270219,-0.2860954585924635,0.2496361054188343,0.2860954586201759,0.3561059043695474,0.5,-0.4,0.3,-1.8,0.2,1.8,-0.5
6.366704183,432.080000000,TARGET,0.33757361040103073,-0.2700589027072625,0.20254421319488022,-1.725540530366497,0.13502947545316665,1.725540530335384,-0.5926804532624448,0.6241821066593164,-0.49934552544147287,0.37450874231410386,-0.2861371627314571,0.24967249487742507,0.2861371627592,0.3561578139322457,0.5,-0.4,0.3,-1.8,0.2,1.8,-0.5
6.380005085,432.090000000,TARGET,0.3438162493609606,-0.27505301243624136,0.20628979187570373,-1.728402277331064,0.13752652790706826,1.7284022773002288,-0.589118407937058,0.6242638959932207,-0.4994109728980147,0.3745578680824691,-0.2861746964565497,0.24970524539016062,0.2861746964843277,0.3562045325386724,0.5,-0.4,0.3,-1.8,0.2,1.8,-0.5
6.393241979,432.100000000,TARGET,0.350059624424896,-0.2800477111923291,0.21003581268844276,-1.731264362099157,0.14002387511558456,1.7312643620685995,-0.5855559421442132,0.624337506393737,-0.49946987560890216,0.37460208127399086,-0.2862084768091336,0.24973472085162574,0.28620847683693806,0.3562465792844596,0.5,-0.4,0.3,-1.8,0.2,1.8,-0.5
6.405687768,432.110000000,TARGET,0.35630366198243646,-0.2850429400728148,0.2137822314199057,-1.7341267508904232,0.1425214876032541,1.7341267508601437,-0.5819930979306567,0.6244037557542053,-0.4995228880487011,0.3746418731463541,-0.28623887912645907,0.2497612487669479,0.28623887915429497,0.3562844213556635,0.5,-0.4,0.3,-1.8,0.2,1.8,-0.5
6.424769738,432.120000000,TARGET,0.36254829578422143,-0.29003864606525875,0.2175290082782201,-1.736989413302545,0.1450193388421616,1.7369894132725443,-0.5784299131384594,0.6244633801786292,-0.4995705992445201,0.3746776858314753,-0.28626624121205124,0.2497851238907416,0.28626624123991884,0.35631847921975196,0.5,-0.4,0.3,-1.8,0.2,1.8,-0.5
6.434716940,432.130000000,TARGET,0.3687934662058265,-0.29503478145846507,0.22127610745070078,-1.7398523219734374,0.14751740495718324,1.7398523219437156,-0.5748664218254851,0.6245170421606148,-0.4996135393207565,0.37470991724808034,-0.2862908670890879,0.24980661150215921,0.28629086711697876,0.3563491312974306,0.5,-0.4,0.3,-1.8,0.2,1.8,-0.5
6.446471571,432.140000000,TARGET,0.37503911958526964,-0.3000313033123575,0.225023496705931,-1.742715452277223,0.15001566446070774,1.7427154522477801,-0.5713026546438116,0.6245653379444047,-0.4996521853893684,0.3747389255230202,-0.2863130303784171,0.2498259503524382,0.2863130304063359,0.35637671816734035,0.5,-0.4,0.3,-1.8,0.2,1.8,-0.5
6.457561885,432.150000000,TARGET,0.3812852076267671,-0.3050281729808675,0.22877114703563584,-1.7455787820506126,0.15251409801388477,1.7455787820214492,-0.5677386391803092,0.6246088041498202,-0.49968696685112024,0.374765032970463,-0.28633297733881435,0.24984335531769264,0.28633297736676394,0.3564015463502578,0.5,-0.4,0.3,-1.8,0.2,1.8,-0.5
6.468251525,432.160000000,TARGET,0.3875316868641135,-0.3100253556825332,0.23251903233236776,-1.7484422913466457,0.15501268821174916,1.748442291317762,-0.5641744002631605,0.6246479237346982,-0.4997182701666968,0.3747885296731589,-0.2863509296031719,0.2498590197864251,0.286350929631146,0.35642389171488625,0.5,-0.4,0.3,-1.8,0.2,1.8,-0.5
6.479935219,432.170000000,TARGET,0.393778518177724,-0.31502282011403915,0.23626712909942404,-1.7513059622130582,0.15751141938983218,1.7513059621844542,-0.5606099602377301,0.624683131361093,-0.49974644315071604,0.3748096767055825,-0.28636708664109267,0.2498731178082873,0.2863670866690963,0.35644400254305086,0.5,-0.4,0.3,-1.8,0.2,1.8,-0.5
6.491929957,432.180000000,TARGET,0.4000256663599722,-0.3200205381024013,0.24001541618977218,-1.7541697784928119,0.160010277450112,1.7541697784644878,-0.5570453392148466,0.624714818224851,-0.49977179883633305,0.37482870903476245,-0.2863816279752179,0.24988580602796615,0.2863816280032538,0.35646210228839936,0.5,-0.4,0.3,-1.8,0.2,1.8,-0.5
6.503515615,432.190000000,TARGET,0.4062730997239944,-0.325018484291934,0.2437638745710831,-1.7570337256445725,0.16250924970436897,1.7570337256165294,-0.5534805552942543,0.6247433364022381,-0.4997946189533884,0.374845838131023,-0.28639471517593335,0.24989722542567994,0.2863947152039978,0.3564783920592153,0.5,-0.4,0.3,-1.8,0.2,1.8,-0.5
6.514274293,432.200000000,TARGET,0.4125207897516131,-0.33001663586252017,0.24751248711426038,-1.7598977905811397,0.16500832473320537,1.7598977905533775,-0.5499156247657252,0.62476900276189,-0.4998151570587381,0.3748612543176563,-0.2864064936565784,0.2499075028836253,0.2864064936846674,0.3564930528529443,0.5,-0.4,0.3,-1.8,0.2,1.8,-0.5
6.539722069,432.210000000,TARGET,0.4187687107764688,-0.3350149722760545,0.2512612384031174,-1.7627619615240326,0.16750749225916334,1.7627619614965515,-0.5463505622900523,0.6247921024855816,-0.499833641353553,0.3748751288856253,-0.2864170942891571,0.24991675259577914,0.28641709431727147,0.3565062475673041,0.5,-0.4,0.3,-1.8,0.2,1.8,-0.5
6.550334737,432.220000000,TARGET,0.4250168396988379,-0.34001347504824214,0.2550101145630862,-1.765626227872619,0.17000674303253072,1.7656262278454191,-0.5427853810619501,0.6248128922369078,-0.4998502772188869,0.3748876159967978,-0.2864266348584783,0.2499250773367198,0.2864266348866207,0.356518122810226,0.5,-0.4,0.3,-1.8,0.2,1.8,-0.5
6.564980175,432.230000000,TARGET,0.43126515572896906,-0.34501212754321786,0.2587591031070556,-1.768490580086329,0.17250606872856655,1.7684905800594108,-0.5392200929566617,0.624831603013104,-0.49986524949768735,0.37489885439685294,-0.2864352213708654,0.24993256960356902,0.2864352213990366,0.35652881052885427,0.5,-0.4,0.3,-1.8,0.2,1.8,-0.5
6.577024434,432.240000000,TARGET,0.437513640156086,-0.3500109147887027,0.2625081927966255,-1.7713550095786506,0.1750054618550041,1.771355009552014,-0.5356547086619059,0.6248484427116846,-0.4998787245486075,0.37490896895690334,-0.28644294923201313,0.2499393126437363,0.2864429492602117,0.3565384294756212,0.5,-0.4,0.3,-1.8,0.2,1.8,-0.5
6.592963465,432.250000000,TARGET,0.44376227614049024,-0.35500982330964587,0.2662573735172359,-1.7742195086217225,0.17750491566880314,1.7742195085953683,-0.5320892377966292,0.624863598440412,-0.49989085209443573,0.37491807206094857,-0.2864499043070474,0.24994538137988875,0.2864499043352762,0.35654708652771294,0.5,-0.4,0.3,-1.8,0.2,1.8,-0.5
6.605786059,432.260000000,TARGET,0.4493860485279415,-0.3595100815936012,0.26965274904361836,-1.7767975577603072,0.17975442410154002,1.776797557734397,-0.528880314018134,0.5623772385954234,-0.44990176688540107,0.3374262648536216,-0.25780491387610444,0.2249508432415493,0.2578049139007309,0.3208923778753531,0.5,-0.4,0.3,-1.8,0.2,1.8,-0.5
6.619827797,432.270000000,TARGET,0.4544474436764626,-0.3635590734341936,0.27269967993193306,-1.779117801985049,0.1817789816909665,1.7791178019595113,-0.5259922826174592,0.5061395147201881,-0.40489918404618863,0.303472509588829,-0.23202442249005356,0.20245575891389564,0.2320244225096141,0.28880314009074315,0.5,-0.4,0.3,-1.8,0.2,1.8,-0.5
6.633951877,432.280000000,TARGET,0.45900269930996823,-0.3672031660907168,0.2754334036572909,-1.781206021787331,0.18360108352141724,1.7812060217621046,-0.5233930543568253,0.45552556323442295,-0.36440926564055837,0.27300320070491196,-0.20882198024244938,0.18221018301939865,0.20882198025778767,0.2599228260842842,0.5,-0.4,0.3,-1.8,0.2,1.8,-0.5
6.653814917,432.290000000,TARGET,0.4631024293799824,-0.3704828494815786,0.2778900632924376,-1.7830854196093973,0.18524097516879368,1.7830854195844308,-0.5210537489222301,0.4099730068989408,-0.3279683390755798,0.24566596345071776,-0.18793978221946242,0.16398916471470204,0.1879397822312876,0.2339305434781873,0.5,-0.4,0.3,-1.8,0.2,1.8,-0.5
6.666995200,432.300000000,TARGET,0.46679218644287374,-0.37343456453334595,0.28010105696398796,-1.7847768776492687,0.18671687765140668,1.784776877624518,-0.5189483740310733,0.36897570619847087,-0.29517150516718144,0.22109936709875658,-0.16914580399864487,0.14759024824078304,0.16914580400755502,0.21053748913244077,0.5,-0.4,0.3,-1.8,0.2,1.8,-0.5
6.681400613,432.310000000,TARGET,0.47011296779937034,-0.376091108079929,0.2820909512683133,-1.786299189885163,0.18804518988573565,1.7862991898605913,-0.5170535366290138,0.33207813556930466,-0.2656543546496992,0.19898943038285413,-0.1522312235997901,0.13283122341452652,0.15223122360628932,0.189483740221046,0.5,-0.4,0.3,-1.8,0.2,1.8,-0.5
6.692970662,432.320000000,TARGET,0.47310167102012546,-0.37848199727184695,0.28388185614214534,-1.7876692708974775,0.18924067089661156,1.7876692708730524,-0.5153481829671431,0.29887032200414343,-0.23908891918403516,0.17909048733927768,-0.13700810124072008,0.11954810107113327,0.1370081012452284,0.17053536620059745,0.5,-0.4,0.3,-1.8,0.2,1.8,-0.5
6.715146996,432.330000000,TARGET,0.4757915039187243,-0.3806337975445669,0.2854936705285415,-1.7889023438085685,0.19031660380638193,1.7889023437842637,-0.513813364671445,0.26898328979644154,-0.21518002726500152,0.1611814386006944,-0.12330729111745928,0.10759329096228928,0.12330729112034215,0.1534818295820157,0.5,-0.4,0.3,-1.8,0.2,1.8,-0.5
6.722024604,432.340000000,TARGET,0.4782123535273927,-0.3825704177900091,0.28694430347625205,-1.790012109428557,0.19128494342515928,1.7900121094043497,-0.5124320282053029,0.24208496081033665,-0.1936620245379298,0.1450632947365178,-0.11097656200644448,0.09683396186451593,0.11097656200799697,0.13813364662514044,0.5,-0.4,0.3,-1.8,0.2,1.8,-0.5
6.737631793,432.350000000,TARGET,0.48039111817513175,-0.38431337601090204,0.28824987312915135,-1.7910108984865534,0.19215644908204466,1.791010898462425,-0.5111888253857629,0.2178764647235632,-0.1742958220836197,0.1305569652592364,-0.09987890580646375,0.08715056567668515,0.09987890580694109,0.12432028196380947,0.5,-0.4,0.3,-1.8,0.2,1.8,-0.5
6.746528810,432.360000000,TARGET,0.48235200635804215,-0.385882038409701,0.28942488581672543,-1.7919098086387568,0.19294080417322892,1.79190980861469,-0.5100699428481662,0.19608881824610414,-0.1568662398747891,0.11750126873009842,-0.08989101522641407,0.0784355091077843,0.0898910152260239,0.11188825376848738,0.5,-0.4,0.3,-1.8,0.2,1.8,-0.5
6.764661066,432.370000000,TARGET,0.4841168057226129,-0.3872938345686158,0.290482397235511,-1.7927188277757446,0.1936467237552834,1.792718827751727,-0.50906294856432,0.17647993641694745,-0.14117961588688677,0.10575114185423769,-0.08090191370430133,0.07059195819590272,0.08090191370323144,0.10069942839258625,0.5,-0.4,0.3,-1.8,0.2,1.8,-0.5
6.777024954,432.380000000,TARGET,0.4857051251506835,-0.3885644511116354,0.2914341575123907,-1.7934469449990382,0.19428205137912238,1.793446944975058,-0.5081566537088498,0.1588319427711998,-0.12706165429781519,0.09517602766628251,-0.07281172233435211,0.06353276237532572,0.0728117223327426,0.09062948555418107,0.5,-0.4,0.3,-1.8,0.2,1.8,-0.5
6.786888540,432.390000000,TARGET,0.48713461263590885,-0.3897080060003496,0.2922907417615584,-1.7941022505000075,0.1948538462405684,1.794102250476055,-0.5073409883389186,0.1429487484904635,-0.11435548886768747,0.0856584248974026,-0.06553055010135214,0.057179486136909444,0.06553055009932923,0.08156653699952776,0.5,-0.4,0.3,-1.8,0.2,1.8,-0.5
6.796888238,432.400000000,TARGET,0.4884211513725778,-0.39073720540018925,0.2930616675857881,-1.7946920254508838,0.1953684616158617,1.79469202542695,-0.5066068895059734,0.12865387363818692,-0.10291993998060572,0.07709258240565656,-0.05897749509160149,0.051461537522427235,0.0589774950892712,0.07340988330025842,0.5,-0.4,0.3,-1.8,0.2,1.8,-0.5
6.807190910,432.410000000,TARGET,0.48957903623554955,-0.39166348486004215,0.29375550082757573,-1.7952228229066765,0.19583161545361852,1.7952228228827547,-0.5059462005563169,0.11578848627148033,-0.09262794598226283,0.0693833241633013,-0.053079745582785845,0.04631538376947596,0.05307974558024618,0.06606889497084324,0.5,-0.4,0.3,-1.8,0.2,1.8,-0.5
6.816877372,432.420000000,TARGET,0.4906211326121972,-0.3924971363739072,0.29437995074516804,-1.7957005406168918,0.19624845390759313,1.795700540592978,-0.5053515805016201,0.10420963764175033,-0.08336515138378131,0.06244499174537618,-0.04777177102481188,0.04168384539189242,0.04777177102213474,0.05946200547430959,0.5,-0.4,0.3,-1.8,0.2,1.8,-0.5
6.830847401,432.430000000,TARGET,0.49155901935115626,-0.3932474227363834,0.2949419556709862,-1.796130486556089,0.19662360851616453,1.7961304865321777,-0.5048164224523881,0.0937886738752648,-0.07502863624517309,0.05620049256941181,-0.04299459392261581,0.037515460852133524,0.04299459391984542,0.05351580492736922,0.5,-0.4,0.3,-1.8,0.2,1.8,-0.5
6.843756757,432.440000000,TARGET,0.49240311741619797,-0.39392268046260986,0.295447760104209,-1.7965174379013684,0.19696124766387374,1.7965174378774575,-0.504334780208075,0.08440980648566786,-0.06752577262044872,0.05058044331119529,-0.038695134530605,0.03376391476640884,0.0386951345278001,0.048164224435073365,0.5,-0.4,0.3,-1.8,0.2,1.8,-0.5
6.855004908,432.450000000,TARGET,0.49316280567471643,-0.39453041241621184,0.2959029840940976,-1.7968656941121228,0.1972651228968074,1.7968656940882084,-0.5039013021881891,0.07596882583524645,-0.060773195358217784,0.04552239897893762,-0.0348256210777756,0.030387523289307744,0.03482562107495895,0.04334780199196308,0.5,-0.4,0.3,-1.8,0.2,1.8,-0.5
6.867740121,432.460000000,TARGET,0.4938465251073659,-0.3950773711744521,0.2963126856849871,-1.7971791247018039,0.19753861060644348,1.7971791246778834,-0.5035111719702886,0.06837194325005909,-0.05469587582222802,0.040970159080025985,-0.03134305897020001,0.02734877095996371,0.031343058967413594,0.03901302179312229,0.5,-0.4,0.3,-1.8,0.2,1.8,-0.5
6.889075078,432.470000000,TARGET,0.49446187259673524,-0.3955696340568666,0.2966814171167783,-1.7974612122325186,0.1977847495451122,1.7974612122085916,-0.5031600547741749,0.061534748923563115,-0.04922628823985244,0.03687314317110932,-0.02820875307336125,0.024613893863596466,0.028208753070631067,0.03511171961413374,0.5,-0.4,0.3,-1.8,0.2,1.8,-0.5
6.907530068,432.480000000,TARGET,0.495015685337154,-0.39601267065103835,0.29701327540538197,-1.7977150910101642,0.1980062745899106,1.7977150909862287,-0.5028440492976691,0.05538127402986876,-0.04430365941573084,0.03318582885317839,-0.025387877766187616,0.022152504476904082,0.02538787776352161,0.031600547653011,0.5,-0.4,0.3,-1.8,0.2,1.8,-0.5
6.921260609,432.490000000,TARGET,0.4955141168035188,-0.3964114035857919,0.2973119478651178,-1.7979435819100449,0.19820564713022612,1.7979435818861014,-0.5025596443688117,0.049843146625681053,-0.03987329347403505,0.029867245967125703,-0.022849089989708436,0.019937254028915385,0.022849089987125183,0.02844049288796561,0.5,-0.4,0.3,-1.8,0.2,1.8,-0.5
6.938195217,432.500000000,TARGET,0.495962705123236,-0.3967702632270689,0.297580753078873,-1.7981492237199403,0.19838508241650737,1.798149223695985,-0.5023036799328373,0.0448588319620335,-0.03588596412651856,0.026880521369753704,-0.020564180990881156,0.017943528625756315,0.020564180988377034,0.025596443599402635,0.5,-0.4,0.3,-1.8,0.2,1.8,-0.5
6.952798808,432.510000000,TARGET,0.4963664346109715,-0.39709323690421716,0.2978226777712467,-1.7983343013488466,0.19854657417415827,1.7983343013248816,-0.5020733119404588,0.04037294876486262,-0.03229736771376604,0.024192469232189436,-0.018507762891907704,0.01614917576294049,0.018507762889520926,0.02303679923966811,0.5,-0.4,0.3,-1.8,0.2,1.8,-0.5
6.963712147,432.520000000,TARGET,0.49672979114992466,-0.3973839132136497,0.2980404099943778,-1.7985008712148645,0.19869191675604178,1.798500871190887,-0.5018659807473157,0.036335653887508236,-0.029067630942298545,0.021773222308441788,-0.01665698660282778,0.014534258186428716,0.016656986600538867,0.020733119315891533,0.5,-0.4,0.3,-1.8,0.2,1.8,-0.5
6.974739028,432.530000000,TARGET,0.49705681203497476,-0.39764552189213803,0.29823636899519074,-1.79865078409428,0.19882272507973497,1.7986507840702932,-0.5016793826734856,0.03270208849797798,-0.026160867847987053,0.019595900077121704,-0.014991287942634254,0.013080832367591142,0.014991287940470055,0.01865980738446822,0.5,-0.4,0.3,-1.8,0.2,1.8,-0.5
6.985300165,432.540000000,TARGET,0.4973511308315128,-0.3978809697027767,0.2984127320959183,-1.7987857056857546,0.1989404525710572,1.7987857056617576,-0.5015114444070367,0.02943187964747819,-0.02354478106311593,0.017636310068984445,-0.013492159148464758,0.011772749130657132,0.013492159146394393,0.0167938266461735,0.5,-0.4,0.3,-1.8,0.2,1.8,-0.5
6.994773641,432.550000000,TARGET,0.4976160177483905,-0.3980928727323509,0.2985714588865693,-1.7989071351180843,0.19904640731324563,1.7989071350940762,-0.5013602999672313,0.026488691682099316,-0.02119030295674034,0.015872679061701946,-0.012142943233706904,0.010595474217433195,0.012142943231739443,0.01511444398169053,0.5,-0.4,0.3,-1.8,0.2,1.8,-0.5
7.005929341,432.560000000,TARGET,0.4978544159735746,-0.3982835854589671,0.2987143129981513,-1.7990164216071818,0.19914176658121363,1.7990164215831617,-0.5012242699714056,0.023839822513323523,-0.019071272661008356,0.014285411155185952,-0.010928648910398318,0.009535926795547222,0.010928648908542608,0.013602999583642373,0.5,-0.4,0.3,-1.8,0.2,1.8,-0.5
7.019052584,432.570000000,TARGET,0.49806897437623526,-0.39845522691292146,0.29884288169857237,-1.7991147794473699,0.1992275899223835,1.799114779423339,-0.501101842975161,0.021455840261483533,-0.01716414539485534,0.012856870039360122,-0.009835784019413527,0.008582334115865856,0.009835784017678643,0.012242699625389741,0.5,-0.4,0.3,-1.8,0.2,1.8,-0.5
7.025201959,432.580000000,TARGET,0.4982620769386252,-0.3986097042214798,0.2989585935289482,-1.7992033015035391,0.19930483092943527,1.7992033014794981,-0.5009916586785397,0.019310256234878184,-0.015447730855319591,0.011571183035144842,-0.008852205617523687,0.007724100704165871,0.008852205615896391,0.011018429662948585,0.5,-0.4,0.3,-1.8,0.2,1.8,-0.5
7.035384442,432.590000000,TARGET,0.4984358692447719,-0.39874873379918196,0.29906273417628426,-1.7992829713540925,0.19937434783578084,1.7992829713300418,-0.5008924928115804,0.0173792306109802,-0.013902957769743454,0.010414064731382257,-0.00796698505582278,0.00695169063364735,0.007966985054298395,0.009916586696738871,0.5,-0.4,0.3,-1.8,0.2,1.8,-0.5
7.045202720,432.600000000,TARGET,0.4985922823203003,-0.39887386041911316,0.2991564607588842,-1.7993546742195905,0.19943691305149097,1.7993546741955315,-0.5008032435313157,0.01564130754951404,-0.012512661992728146,0.009372658258018066,-0.007170286550281325,0.006256521570190775,0.007170286548855535,0.008924928027149835,0.5,-0.4,0.3,-1.8,0.2,1.8,-0.5
7.055698153,432.610000000,TARGET,0.4987330540882728,-0.39898647437705126,0.2992408146832221,-1.79941920679854,0.19949322174562917,1.7994192067744723,-0.5007229191790769,0.014077176794231202,-0.01126139579342202,0.008435392432015507,-0.006453257895295085,0.00563086941308866,0.006453257893952305,0.008032435224505126,0.5,-0.4,0.3,-1.8,0.2,1.8,-0.5
7.067143391,432.620000000,TARGET,0.4988597486794447,-0.39908782693919503,0.29931673321512475,-1.7994772861195931,0.19954389957035282,1.7994772860955184,-0.500650627262061,0.01266945911450714,-0.010135256214046196,0.0075918531886333945,-0.005807932105794576,0.005067782471705956,0.0058079321045391985,0.007229191702119746,0.5,-0.4,0.3,-1.8,0.2,1.8,-0.5
7.080149726,432.630000000,TARGET,0.49897377381149705,-0.39917904424512396,0.29938505989383524,-1.7995295575085424,0.19958950961260352,1.7995295574844603,-0.5005855645367465,0.01140251320278877,-0.009121730592613153,0.006832667869604389,-0.005227138895257534,0.004561004224468883,0.005227138894073925,0.006506272531963576,0.5,-0.4,0.3,-1.8,0.2,1.8,-0.5
7.094576819,432.640000000,TARGET,0.4990763964303417,-0.39926113982046,0.29944655390467334,-1.799576601758597,0.19963055865062848,1.7995766017345072,-0.5005270080839633,0.01026226188226629,-0.008209557533328091,0.006149401082497257,-0.0047044250057601475,0.004104903801961312,0.004704425004650625,0.005855645278820966,0.5,-0.4,0.3,-1.8,0.2,1.8,-0.5
7.104259795,432.650000000,TARGET,0.49916875678729944,-0.399335025838262,0.2995018985144262,-1.7996189415836468,0.19966750278485046,1.799618941559549,-0.5004743072764573,0.009236035693820666,-0.007388601779971266,0.005534460974114179,-0.0042339825052093855,0.003694413421711262,0.004233982504178092,0.005270080750990981,0.5,-0.4,0.3,-1.8,0.2,1.8,-0.5
7.113878992,432.660000000,TARGET,0.4992518811085595,-0.3994015232542839,0.29955170866320235,-1.7996570474261921,0.19970075250564984,1.799657047402086,-0.5004268765497015,0.008312432124243778,-0.006649741601954612,0.004981014876583663,-0.0038105842547079063,0.0033249720794910924,0.003810584253757167,0.004743072675931915,0.5,-0.4,0.3,-1.8,0.2,1.8,-0.5
7.125469198,432.670000000,TARGET,0.49932669299769183,-0.39946137092870326,0.29959653779710016,-1.799691342684483,0.19973067725436888,1.7996913426603705,-0.5003841888956211,0.007481188911643805,-0.005984767441738847,0.004482913388820607,-0.003429525829250636,0.0029924748714969824,0.00342952582838265,0.00426876540837622,0.5,-0.4,0.3,-1.8,0.2,1.8,-0.5
7.136458614,432.680000000,TARGET,0.4993940236979092,-0.39951523383568077,0.2996368840176071,-1.7997222084169442,0.19975760952821547,1.799722208392825,-0.5003457700069481,0.006733070020321044,-0.00538629069754803,0.0040346220498411155,-0.003086573246339451,0.0026932273843061783,0.003086573245536378,0.0038418888675731903,0.5,-0.4,0.3,-1.8,0.2,1.8,-0.5
7.144693025,432.690000000,TARGET,0.4994546213281036,-0.3995637104519602,0.29967319561606226,-1.7997499875761596,0.19978184857467698,1.7997499875520357,-0.500311193007142,0.006059763018147988,-0.004847661627775413,0.003631159844770683,-0.0027779159217240917,0.0024239046458399745,0.0027779159209881388,0.003457699980844898,0.5,-0.4,0.3,-1.8,0.2,1.8,-0.5
7.155452430,432.700000000,TARGET,0.499509159195277,-0.39960733940661125,0.2997058760546711,-1.7997749888194534,0.19980366371649202,1.7997749887953247,-0.5002800737073163,0.005453786716204535,-0.00436289546498329,0.003268043860217681,-0.002500124329567803,0.0021815141812245994,0.0025001243288788055,0.003111929982784644,0.5,-0.4,0.3,-1.8,0.2,1.8,-0.5
7.165371493,432.710000000,TARGET,0.499558243275732,-0.3996466054657972,0.29973528844941866,-1.7997974899384177,0.19982329734412527,1.7997974899142841,-0.500252066337473,0.004908408044470907,-0.003926605918474857,0.0029412394741284167,-0.002250111896626966,0.0019633627630739744,0.002250111895987318,0.0028007369845287977,0.5,-0.4,0.3,-1.8,0.2,1.8,-0.5
7.176271939,432.720000000,TARGET,0.4996024189481404,-0.39968194491906434,0.29976175960469087,-1.7998177409454854,0.19984096760899503,1.7998177409213487,-0.500226859704614,0.004417567239921242,-0.003533945326616949,0.0026471155266517216,-0.0020251007069819332,0.0017670264867413032,0.0020251007063914195,0.002520663286096528,0.5,-0.4,0.3,-1.8,0.2,1.8,-0.5
7.188906750,432.730000000,TARGET,0.499642177053307,-0.39971375042700497,0.2997855836444352,-1.7998359668518482,0.1998568708473775,1.7998359668277062,-0.5002041737350407,0.00397581051583771,-0.0031805507939474155,0.002382403973928798,-0.0018225906363029815,0.001590323838043529,0.0018225906357439078,0.0022685969575074495,0.5,-0.4,0.3,-1.8,0.2,1.8,-0.5
7.196759674,432.740000000,TARGET,0.49967795934795634,-0.3997423753841511,0.2998070252802044,-1.7998523701675728,0.19987118376192156,1.7998523701434275,-0.5001837563624242,0.0035782294641720654,-0.0028624957145425827,0.0021441635764848054,-0.0016403315726733134,0.0014312914542187914,0.0016403315721679051,0.002041737261774837,0.5,-0.4,0.3,-1.8,0.2,1.8,-0.5
7.207227417,432.750000000,TARGET,0.49971016341313995,-0.39976813784558274,0.29982632275239646,-1.7998671331517269,0.19988406538501094,1.7998671331275762,-0.50016538072707,0.0032204065176789027,-0.002576246143082715,0.001929747218791891,-0.001476298415425653,0.0012881623087779214,0.001476298414953725,0.0018375635356106135,0.5,-0.4,0.3,-1.8,0.2,1.8,-0.5
7.217506008,432.760000000,TARGET,0.4997391470718047,-0.39979132406087126,0.29984369047736886,-1.7998804198374643,0.19989565884579136,1.7998804198133103,-0.5001488426552504,0.002898365865843022,-0.00231862152876733,0.0017367724968709276,-0.00132866857388389,0.0011593460778840086,0.001328668573465544,0.0016538071820688905,0.5,-0.4,0.3,-1.8,0.2,1.8,-0.5
7.226814989,432.770000000,TARGET,0.4997652323646022,-0.399812191654631,0.29985932142984345,-1.7998923778546287,0.19990609296049358,1.7998923778304712,-0.5001339583906129,0.0026085292791955374,-0.0020867593758832105,0.0015630952471463522,-0.0011958017165085502,0.0010434114700797366,0.001195801716123726,0.0014884264638737998,0.5,-0.4,0.3,-1.8,0.2,1.8,-0.5
7.237226197,432.780000000,TARGET,0.4997887091281193,-0.39983097248901434,0.2998733892870705,-1.7999031400700758,0.1999154836637254,1.7999031400459167,-0.5001205625524386,0.002347676351221172,-0.0018780834382867376,0.0014067857223999732,-0.0010762215448627474,0.0009390703230573606,0.0010762215445136308,0.0013395838174995985,0.5,-0.4,0.3,-1.8,0.2,1.8,-0.5
7.250987985,432.790000000,TARGET,0.49980983821528424,-0.39984787523995935,0.2998860503585744,-1.7999128260639798,0.19992393529663394,1.799912826039817,-0.5001085062980825,0.002112908716050294,-0.0016902750944542428,0.001266107150128819,-0.0009685993903912893,0.0008451632907390087,0.0009685993900579309,0.001205625435757223,0.5,-0.4,0.3,-1.8,0.2,1.8,-0.5
7.266910754,432.800000000,TARGET,0.4998288543937324,-0.39986308771581,0.2998974453229278,-1.7999215434584923,0.1999315417662516,1.7999215434343276,-0.5000976556691613,0.0019016178444010035,-0.0015212475850048864,0.0011394964350895788,-0.0008717394513498913,0.0007606469616536996,0.0008717394510544887,0.0010850628921957603,0.5,-0.4,0.3,-1.8,0.2,1.8,-0.5
7.281758068,432.810000000,TARGET,0.4998459689543353,-0.3998767789440754,0.2999077007908454,-1.799929389113553,0.19993838758890736,1.7999293890893866,-0.5000878901031318,0.0017114560599193083,-0.0013691228264993277,0.001025546791555521,-0.0007845655062243204,0.0006845822654768952,0.0007845655059468479,0.0009765566029846058,0.5,-0.4,0.3,-1.8,0.2,1.8,-0.5
7.296826076,432.820000000,TARGET,0.49986137205887765,-0.3998891010495141,0.29991693071197134,-1.7999364502031079,0.19994454882929744,1.7999364501789397,-0.5000791010937056,0.0015403104538906597,-0.0012322105438455164,0.0009229921123791208,-0.0007061089556162775,0.0006161240389192949,0.0007061089553567768,0.0008789009426900208,0.5,-0.4,0.3,-1.8,0.2,1.8,-0.5
7.307430597,432.830000000,TARGET,0.4998752348529655,-0.3999001909444091,0.2999252376409844,-1.7999428051837092,0.19995009394564842,1.7999428051595372,-0.5000711909852223,0.0013862794084673672,-0.0011089894894594256,0.0008306929011192964,-0.0006354980600672966,0.0005545116350184906,0.0006354980598256149,0.0007910108484278176,0.5,-0.4,0.3,-1.8,0.2,1.8,-0.5
7.318676229,432.840000000,TARGET,0.499887711367644,-0.39991017184981437,0.29993271387709564,-1.7999485246662497,0.19995508455036412,1.7999485246420759,-0.5000640718875871,0.0012476514675892028,-0.0009980905405098158,0.0007476236109885822,-0.0005719482540535933,0.0004990604715086741,0.000571948253849798,0.0007119097635958291,0.5,-0.4,0.3,-1.8,0.2,1.8,-0.5
7.329514363,432.850000000,TARGET,0.4998989402308545,-0.39991915466467937,0.29993944248959586,-1.799953672200535,0.19995957609460818,1.7999536721763614,-0.5000576646997151,0.0011228863208042534,-0.0008982814864575417,0.0006728612498758935,-0.0005147534286483735,0.0004491544243515784,0.0005147534284624319,0.0006407187872431814,0.5,-0.4,0.3,-1.8,0.2,1.8,-0.5
7.338505495,432.860000000,TARGET,0.4999090462077437,-0.3999272391980579,0.29994549824084593,-1.7999583049813934,0.19996361848442773,1.799958304957218,-0.50005189823063,0.0010105976886990013,-0.000808453337807968,0.0006055751248734208,-0.0004632780857952365,0.00040423898191086806,0.00046327808560711614,0.0005766469085241406,0.5,-0.4,0.3,-1.8,0.2,1.8,-0.5
7.348998555,432.870000000,TARGET,0.49991814158694375,-0.39993451527809826,0.29995094841697084,-1.7999624744841651,0.19996725663526546,1.7999624744599878,-0.5000467084084539,0.0009095379198074893,-0.0007276080040230573,0.000545017612372557,-0.0004169502772098932,0.00036381508371539743,0.000416950277039696,0.0005189822176731133,0.5,-0.4,0.3,-1.8,0.2,1.8,-0.5
7.365069509,432.880000000,TARGET,0.4999263274282236,-0.3999410637501348,0.29995585357548293,-1.7999662270366603,0.19997053097101927,1.799966227012481,-0.500042037568495,0.0008185841278068292,-0.0006548472036197722,0.0004905158511232758,-0.00037525524949240385,0.00032743357533803526,0.0003752552493423225,0.000467083995912017,0.5,-0.4,0.3,-1.8,0.2,1.8,-0.5
7.379184538,432.890000000,TARGET,0.49993369468537513,-0.39994695737496755,0.29996026821814364,-1.7999696043339064,0.19997347787319777,1.799969604309725,-0.500037833812532,0.0007367257150081394,-0.0005893624832548714,0.000441464266002236,-0.0003377297245401173,0.0002946902177998001,0.0003377297244098812,0.0004203755963229656,0.5,-0.4,0.3,-1.8,0.2,1.8,-0.5
7.387398842,432.900000000,TARGET,0.49994032521681153,-0.39995226163731706,0.29996424139653854,-1.799972643901426,0.1999761300851582,1.799972643877245,-0.5000340504321655,0.0006630531434932022,-0.000530426234927394,0.00039731783939497183,-0.00030395675207896267,0.00026522119601480633,0.00030395675196882854,0.00037833803669317604,0.5,-0.4,0.3,-1.8,0.2,1.8,-0.5
7.401610400,432.910000000,TARGET,0.49994629269510427,-0.3999570354734314,0.29996781725709365,-1.7999753795121949,0.1999785170759227,1.7999753794880118,-0.5000306453898354,0.0005967478291292207,-0.0004773836114324928,0.0003575860554458569,-0.00027356107688189524,0.00023869907641066793,0.0002735610767696378,0.00034050423302888367,0.5,-0.4,0.3,-1.8,0.2,1.8,-0.5
7.410930657,432.920000000,TARGET,0.49995166342556746,-0.39996133192593425,0.29997103553159343,-1.7999778415618877,0.19998066536761058,1.7999778415377026,-0.500027580851738,0.0005370730462019577,-0.00042964525028912383,0.00032182744989468423,-0.00024620496919360024,0.00021482916876542843,0.00024620496910138234,0.0003064538097280389,0.5,-0.4,0.3,-1.8,0.2,1.8,-0.5
7.427563385,432.930000000,TARGET,0.49995649708298395,-0.3999651987331871,0.2999739319786429,-1.7999800574066107,0.1999825988301298,1.7999800573824236,-0.5000248227674506,0.00048336574157002986,-0.0003866807252610443,0.0002896447048967791,-0.00022158447226553607,0.00019334625188663444,0.00022158447219332994,0.0002758084287541908,0.5,-0.4,0.3,-1.8,0.2,1.8,-0.5
7.438886204,432.940000000,TARGET,0.499960847374659,-0.3999686788597147,0.29997653878098746,-1.7999820516668608,0.19998433894639694,1.7999820516426739,-0.5000223404915916,0.0004350291674051566,-0.0003480126527328261,0.00026068023440186197,-0.0001994260250349003,0.00017401162669431793,0.00019942602498262962,0.00024822758588024553,0.5,-0.4,0.3,-1.8,0.2,1.8,-0.5
7.454070327,432.950000000,TARGET,0.49996476263716627,-0.3999718109735892,0.2999788849030973,-1.7999838465010862,0.1999859050510373,1.7999838464768996,-0.5000201064433187,0.0003915262506546243,-0.00031321138745677053,0.00023461221095637252,-0.00017948342253420319,0.00015661046402299338,0.00017948342247983,0.00022340482728948428,0.5,-0.4,0.3,-1.8,0.2,1.8,-0.5
7.465873143,432.960000000,TARGET,0.4999682863734226,-0.3999746298760763,0.29998099641299636,-1.7999854618518882,0.1999873145452136,1.7999854618277016,-0.5000180957998738,0.00035237362558203817,-0.0002818902487120977,0.00021115098985766416,-0.0001615350802794402,0.00014094941761944035,0.00016153508022294372,0.00020106434456132385,0.5,-0.4,0.3,-1.8,0.2,1.8,-0.5
7.479792037,432.970000000,TARGET,0.49997145773605356,-0.39997716688831497,0.2999828967719053,-1.7999869156676114,0.19998858308997244,1.7999869156434227,-0.5000162862207729,0.00031713626301871036,-0.0002537012238412184,0.00019003589086719953,-0.00014538157225916365,0.00012685447585650093,0.00014538157220263248,0.00018095791011180692,0.5,-0.4,0.3,-1.8,0.2,1.8,-0.5
7.489901309,432.980000000,TARGET,0.4999743119624211,-0.39997945019932973,0.29998460709492336,-1.7999882241017613,0.1999897247802552,1.7999882240775726,-0.5000146575995817,0.00028542263670923077,-0.0002283311014545375,0.00017103230177758946,-0.00013084341502764274,0.0001141690282679686,0.00013084341499114416,0.00016286211910287573,0.5,-0.4,0.3,-1.8,0.2,1.8,-0.5
7.501552939,432.990000000,TARGET,0.49997688076615193,-0.39998150517924275,0.2999861463856397,-1.799989401692497,0.1999907523015098,1.7999894016683067,-0.50001319184051,0.00025688037303393655,-0.00020549799130702325,0.000153929071597078,-0.00011775907352832432,0.00010275212544041176,0.00011775907349179798,0.00014657590719166676,0.5,-0.4,0.3,-1.8,0.2,1.8,-0.5
7.512863722,433.000000000,TARGET,0.49997919268950963,-0.39998335466116436,0.29998753174728426,-1.7999904615241593,0.19999167707063897,1.799990461499969,-0.5000118726573451,0.0002311923357255484,-0.00018494819217700423,0.00013853616443368897,-0.00010598316617012327,9.247691289432369e-05,0.00010598316615146458,0.0001319183164738471,0.5,-0.4,0.3,-1.8,0.2,1.8,-0.5
7.524937701,433.010000000,TARGET,0.49998127342053145,-0.39998501919489415,0.29998877857276457,-1.799991415372655,0.19999250936285506,1.7999914153484649,-0.5000106853924966,0.00020807310214857137,-0.00016645337296094902,0.00012468254798796846,-9.538484954792897e-05,8.3229221602657e-05,9.538484952695964e-05,0.00011872648482572946,0.5,-0.4,0.3,-1.8,0.2,1.8,-0.5
7.541600465,433.020000000,TARGET,0.4999831460784511,-0.39998651727525064,0.2999899007156967,-1.7999922738363017,0.19999325842584958,1.7999922738121097,-0.5000096168541334,0.00018726579193044715,-0.0001498080356630762,0.00011221429318487982,-8.584636459037925e-05,7.490629944170366e-05,8.584636456950012e-05,0.00010685383634031088,0.5,-0.4,0.3,-1.8,0.2,1.8,-0.5
7.552004038,433.030000000,TARGET,0.499984831470579,-0.3999878655475717,0.2999909106443354,-1.799993046453583,0.19999393258254458,1.799993046429391,-0.5000086551696059,0.00016853921273368673,-0.00013482723209827692,0.0001009928638635374,-7.72617281242019e-05,6.741566949652888e-05,7.72617281210794e-05,9.616845270793168e-05,0.5,-0.4,0.3,-1.8,0.2,1.8,-0.5
7.562412491,433.040000000,TARGET,0.4999863483234937,-0.3999890789926606,0.29999181958011056,-1.799993741809136,0.19999453932357014,1.799993741784944,-0.5000077896535317,0.0001516852914551102,-0.00012134450888766878,9.089357747633182e-05,-6.953555531148681e-05,6.067410254658248e-05,6.9535555308399e-05,8.6551607433402e-05,0.5,-0.4,0.3,-1.8,0.2,1.8,-0.5
7.572717712,433.050000000,TARGET,0.49998771349111687,-0.39999017109324064,0.29999263762230804,-1.7999943676291341,0.19999508539049302,1.7999943676049421,-0.5000070106890644,0.0001365167623079657,-0.00010921005799863562,8.180421972483641e-05,-6.25819997800911e-05,5.4606692291010554e-05,6.258199977708656e-05,7.789644669089178e-05,0.5,-0.4,0.3,-1.8,0.2,1.8,-0.5
7.587935051,433.060000000,TARGET,0.49998894214197764,-0.39999115398376245,0.29999337386028546,-1.7999949308671326,0.19999557685072367,1.7999949308429406,-0.5000063096210442,0.00012286508607628997,-9.828905219842927e-05,7.362379775000612e-05,-5.632379979952917e-05,4.91460230621979e-05,5.6323799796441365e-05,7.010680201831234e-05,0.5,-0.4,0.3,-1.8,0.2,1.8,-0.5
7.597860517,433.070000000,TARGET,0.4999900479277525,-0.3999920385852323,0.29999403647446526,-1.7999954377813299,0.1999960191649312,1.7999954377571379,-0.5000056786598265,0.00011057857746854874,-8.846014698042116e-05,6.626141797580584e-05,-5.0691419814841154e-05,4.4231420755677306e-05,5.06914198117811e-05,6.309612181640972e-05,0.5,-0.4,0.3,-1.8,0.2,1.8,-0.5
7.607947363,433.080000000,TARGET,0.4999910431349499,-0.39999283472655517,0.29999463282722705,-1.7999958940041072,0.199996417247718,1.7999958939799152,-0.5000051107947304,9.952071972020511e-05,-7.961413228191154e-05,5.963527617776701e-05,-4.5622277841918246e-05,3.9808278680220945e-05,4.562227783876799e-05,5.678650963923844e-05,0.5,-0.4,0.3,-1.8,0.2,1.8,-0.5
7.621417379,433.090000000,TARGET,0.49999193882142734,-0.3999935512537456,0.2999951695447126,-1.7999963046046075,0.19999677552222617,1.7999963045804155,-0.5000045997161433,8.956864774592498e-05,-7.165271905329451e-05,5.367174855991472e-05,-4.106005006859065e-05,3.582745081243729e-05,4.1060050065599984e-05,5.11078586786784e-05,0.5,-0.4,0.3,-1.8,0.2,1.8,-0.5
7.631789885,433.100000000,TARGET,0.4999927449392572,-0.3999941961282172,0.29999565259044997,-1.7999966741450588,0.19999709796928358,1.799996674120867,-0.5000041397454151,8.06117829715967e-05,-6.448744714917728e-05,4.8304573704254774e-05,-3.6954045065824837e-05,3.224470573065692e-05,3.695404506267458e-05,4.599707280753332e-05,0.5,-0.4,0.3,-1.8,0.2,1.8,-0.5
7.643741312,433.110000000,TARGET,0.49999347044530423,-0.39999477651524173,0.29999608733161315,-1.799997006731464,0.1999973881716352,1.7999970067072721,-0.5000037257717598,7.25506046728721e-05,-5.803870243319999e-05,4.347411633068114e-05,-3.325864055229305e-05,2.902023515651605e-05,3.3258640547075e-05,4.139736552585555e-05,0.5,-0.4,0.3,-1.8,0.2,1.8,-0.5
7.655707146,433.120000000,TARGET,0.49999412340074634,-0.39999529886356355,0.2999964785986603,-1.7999973060592287,0.19999764935375172,1.799997306035037,-0.50000335319547,6.529554420267944e-05,-5.2234832187711064e-05,3.912670469888042e-05,-2.9932776501422065e-05,2.611821164027507e-05,2.99327764960583e-05,3.7257628972272444e-05,0.5,-0.4,0.3,-1.8,0.2,1.8,-0.5
7.667875681,433.130000000,TARGET,0.4999947110606444,-0.39999576897705336,0.2999968307390028,-1.7999975754542172,0.19999788441765648,1.7999975754300255,-0.5000030178768093,5.876598978166083e-05,-4.701134896955249e-05,3.521403422734946e-05,-2.6939498853427446e-05,2.350639047507628e-05,2.693949884813307e-05,3.353186607409162e-05,0.5,-0.4,0.3,-1.8,0.2,1.8,-0.5
7.677627399,433.140000000,TARGET,0.49999523995455264,-0.39999619207919396,0.2999971476653108,-1.7999978179097063,0.1999980959751708,1.7999978178855145,-0.5000027160900149,5.2889390800893736e-05,-4.231021407154374e-05,3.1692630802385635e-05,-2.4245548968016006e-05,2.1155751427516696e-05,2.4245548962756325e-05,3.017867946791819e-05,0.5,-0.4,0.3,-1.8,0.2,1.8,-0.5
7.687658346,433.150000000,TARGET,0.49999571595906966,-0.39999657287112084,0.2999974328989881,-1.7999980361196475,0.19999828637693376,1.7999980360954557,-0.5000024444819,4.7600451718642165e-05,-3.807919266554487e-05,2.852336772206452e-05,-2.182099407783966e-05,1.9040176284448526e-05,2.1820994072600797e-05,2.7160811523512483e-05,0.5,-0.4,0.3,-1.8,0.2,1.8,-0.5
7.697835539,433.160000000,TARGET,0.49999614436313533,-0.39999691558385464,0.29999768960929785,-1.7999982325085948,0.19999845773852037,1.799998232484403,-0.5000022000345965,4.284040654842344e-05,-3.4271273396769414e-05,2.5671030949161316e-05,-1.963889466551766e-05,1.7136158654717897e-05,1.963889466029961e-05,2.444473037463337e-05,0.5,-0.4,0.3,-1.8,0.2,1.8,-0.5
7.707231892,433.170000000,TARGET,0.4999965299267942,-0.39999722402531535,0.29999792064857617,-1.7999984092586472,0.19999861196394836,1.7999984092344554,-0.5000019800320227,3.855636589172737e-05,-3.0844146058766134e-05,2.3103927851851353e-05,-1.7675005192265003e-05,1.5422542788597234e-05,1.767500518706777e-05,2.2000257339559702e-05,0.5,-0.4,0.3,-1.8,0.2,1.8,-0.5
7.721872536,433.180000000,TARGET,0.49999687693408723,-0.3999975016226299,0.2999981285839268,-1.7999985683336936,0.1999987507668334,1.799998568309502,-0.500001782029707,3.470072930285945e-05,-2.775973145172951e-05,2.0793535068637037e-05,-1.590750466854557e-05,1.3880288508778468e-05,1.5907504663410788e-05,1.980023160131142e-05,0.5,-0.4,0.3,-1.8,0.2,1.8,-0.5
7.732601244,433.190000000,TARGET,0.49999718924065123,-0.3999977514602128,0.29999831572574226,-1.799998711501236,0.19999887568943012,1.7999987114770442,-0.5000016038276228,3.123065637276038e-05,-2.4983758305927722e-05,1.8714181562028186e-05,-1.4316754203824722e-05,1.2492259658266475e-05,1.4316754198592796e-05,1.7820208444779655e-05,0.5,-0.4,0.3,-1.8,0.2,1.8,-0.5
7.741953020,433.200000000,TARGET,0.49999747031655883,-0.39999797631403783,0.2999984841533764,-1.7999988403520237,0.1999989881197671,1.799998840327832,-0.5000014434457473,2.810759073275875e-05,-2.2485382476958998e-05,1.684276340768883e-05,-1.2885078781145476e-05,1.1243033691183714e-05,1.2885078775948244e-05,1.603818760277046e-05,0.5,-0.4,0.3,-1.8,0.2,1.8,-0.5
7.753728089,433.210000000,TARGET,0.4999977232848752,-0.3999981786824799,0.29999863573824714,-1.7999989563177319,0.19999908930707036,1.7999989562935401,-0.5000012991020591,2.5296831656730146e-05,-2.023684422691914e-05,1.5158487066512915e-05,-1.1596570902952519e-05,1.0118730321287753e-05,1.1596570897713654e-05,1.4434368847218194e-05,0.5,-0.4,0.3,-1.8,0.2,1.8,-0.5
7.766564344,433.220000000,TARGET,0.49999795095636024,-0.399998360814078,0.2999987721646307,-1.7999990606868697,0.19999918037564332,1.799999060662678,-0.5000011691927392,2.276714849321022e-05,-1.8213159806330925e-05,1.3642638358860905e-05,-1.043691382145856e-05,9.106857288772134e-06,1.043691381637235e-05,1.2990931966052992e-05,0.5,-0.4,0.3,-1.8,0.2,1.8,-0.5
7.785222682,433.230000000,TARGET,0.49999815586069657,-0.3999985247325163,0.2999988949483761,-1.7999991546190939,0.19999926233735882,1.7999991545949021,-0.500001052274352,2.0490433642696528e-05,-1.6391843824976188e-05,1.227837452304789e-05,-9.393222443705718e-06,8.196171559129994e-06,9.393222438494608e-06,1.1691838766383043e-05,0.5,-0.4,0.3,-1.8,0.2,1.8,-0.5
7.801906815,433.240000000,TARGET,0.4999983402745996,-0.39999867225911057,0.2999990054537471,-1.7999992391580963,0.1999993361029028,1.7999992391339046,-0.5000009470478034,1.844139027937122e-05,-1.4752659442313076e-05,1.1050537069115605e-05,-8.453900201446651e-06,7.376554404052958e-06,8.453900196131459e-06,1.0522654894489988e-05,0.5,-0.4,0.3,-1.8,0.2,1.8,-0.5
7.812207998,433.250000000,TARGET,0.49999850624711206,-0.39999880503304575,0.2999991049085809,-1.799999315243199,0.1999994024918924,1.7999993152190072,-0.5000008523439098,1.6597251249022052e-05,-1.3277393499579182e-05,9.945483359456546e-06,-7.608510176830563e-06,6.638898964388823e-06,7.608510171619454e-06,9.47038940861053e-06,0.5,-0.4,0.3,-1.8,0.2,1.8,-0.5
7.825054367,433.260000000,TARGET,0.49999865562237317,-0.3999989245295873,0.2999991944179314,-1.79999938371979,0.19999946224198312,1.7999993836955983,-0.5000007671104051,1.4937526124456958e-05,-1.1949654147785232e-05,8.95093502131317e-06,-6.84765915018315e-06,5.975009068200261e-06,6.847659144992857e-06,8.523350472460813e-06,0.5,-0.4,0.3,-1.8,0.2,1.8,-0.5
7.837901531,433.270000000,TARGET,0.49999879006010856,-0.3999990320764748,0.2999992749763464,-1.7999994453487231,0.19999951601706473,1.7999994453245314,-0.5000006904002513,1.3443773513395019e-05,-1.0754688732277778e-05,8.055841516458597e-06,-6.162893239500256e-06,5.377508161133818e-06,6.162893234296085e-06,7.6710154254837e-06,0.5,-0.4,0.3,-1.8,0.2,1.8,-0.5
7.856032826,433.280000000,TARGET,0.4999989110540701,-0.3999991288686735,0.2999993474789198,-1.7999995008147616,0.19999956441463818,1.7999995007905698,-0.5000006213611125,1.2099396159497304e-05,-9.679219857242072e-06,7.250257366525105e-06,-5.546603908848646e-06,4.839757345061202e-06,5.546603903637537e-06,6.903913887646926e-06,0.5,-0.4,0.3,-1.8,0.2,1.8,-0.5
7.868864006,433.290000000,TARGET,0.4999990199486357,-0.399999215981652,0.29999941273123615,-1.7999995507341968,0.19999960797245442,1.799999550710005,-0.5000005592258877,1.088945654379223e-05,-8.711297870233475e-06,6.525231632059083e-06,-4.991943524566833e-06,4.355781610561153e-06,4.99194351925164e-06,6.2135224990784305e-06,0.5,-0.4,0.3,-1.8,0.2,1.8,-0.5
7.881494734,433.300000000,TARGET,0.49999911795374474,-0.3999992943833327,0.299999471458321,-1.7999995956616874,0.19999964717448881,1.7999995956374957,-0.5000005033041849,9.800510887905678e-06,-7.840168085264734e-06,5.872708468784588e-06,-4.49274917203174e-06,3.920203448174245e-06,4.49274916689002e-06,5.5921702516422214e-06,0.5,-0.4,0.3,-1.8,0.2,1.8,-0.5
7.898043034,433.310000000,TARGET,0.4999992061583428,-0.39999936494484545,0.29999952431269744,-1.7999996360964297,0.19999968245631988,1.799999636072238,-0.5000004529746522,8.82045979765919e-06,-7.056151278215725e-06,5.285437620146556e-06,-4.043474265823244e-06,3.5281831041664158e-06,4.043474260626012e-06,5.032953223473545e-06,0.5,-0.4,0.3,-1.8,0.2,1.8,-0.5
7.915261249,433.320000000,TARGET,0.49999928554248096,-0.399999428450207,0.29999957188163623,-1.7999996724876974,0.19999971420996793,1.7999996724635057,-0.5000004076780735,7.938413816923468e-06,-6.350536150792618e-06,4.7568938558529075e-06,-3.639126843639484e-06,3.1753647935185356e-06,3.639126838428375e-06,4.529657896924083e-06,0.5,-0.4,0.3,-1.8,0.2,1.8,-0.5
7.924958962,433.330000000,TARGET,0.4999993569882053,-0.3999994856050323,0.29999961469368075,-1.7999997052398384,0.199999742788251,1.7999997052156467,-0.5000003669111526,7.144572435427996e-06,-5.715482535551333e-06,4.281204467957616e-06,-3.2752141658765055e-06,2.8578283130303514e-06,3.275214160602946e-06,4.076692109822137e-06,0.5,-0.4,0.3,-1.8,0.2,1.8,-0.5
7.941979269,433.340000000,TARGET,0.4999994212893575,-0.3999995370443751,0.29999965322452093,-1.799999734716766,0.19999976850870593,1.7999997346925742,-0.5000003302209239,6.430115192063331e-06,-5.143934282371074e-06,3.853084022761031e-06,-2.947692755869702e-06,2.5720454823229336e-06,2.947692750630837e-06,3.669022900314005e-06,0.5,-0.4,0.3,-1.8,0.2,1.8,-0.5
7.962931475,433.350000000,TARGET,0.49999947916039433,-0.3999995833397837,0.29999968790227716,-1.7999997612460004,0.19999979165711523,1.7999997612218086,-0.5000002971997182,5.787103670235256e-06,-4.629540854539024e-06,3.4677756209264797e-06,-2.652923480242486e-06,2.314840933030464e-06,2.6529234750383157e-06,3.3021206139833767e-06,0.5,-0.4,0.3,-1.8,0.2,1.8,-0.5
7.978682631,433.360000000,TARGET,0.4999995312443276,-0.3999996250056511,0.29999971911225787,-1.7999997851223124,0.19999981249068371,1.7999997850981206,-0.5000002674806321,5.2083933017581675e-06,-4.1665867683508134e-06,3.120998058666214e-06,-2.387631136586965e-06,2.0833568399845903e-06,2.3876311313966725e-06,2.9719085562953523e-06,0.5,-0.4,0.3,-1.8,0.2,1.8,-0.5
7.996182989,433.370000000,TARGET,0.49999957811986717,-0.399999662504932,0.2999997472012402,-1.7999998066109921,0.19999983124089538,1.7999998065868004,-0.5000002407334554,4.6875539689814364e-06,-3.749928094128399e-06,2.8088982515579643e-06,-2.148868016194072e-06,1.875021155178444e-06,2.1488680109899017e-06,2.6747176955031066e-06,0.5,-0.4,0.3,-1.8,0.2,1.8,-0.5
8.019761286,433.380000000,TARGET,0.49999962030785305,-0.3999996962542848,0.2999997724813243,-1.799999825950804,0.1999998481160858,1.7999998259266123,-0.5000002166609958,4.2187985733426045e-06,-3.374935285115413e-06,2.5280084285060622e-06,-1.9339812189489436e-06,1.6875190386005101e-06,1.933981213814162e-06,2.4072459285234826e-06,0.5,-0.4,0.3,-1.8,0.2,1.8,-0.5
8.035324081,433.390000000,TARGET,0.4999996582770403,-0.3999997266287022,0.2999997952334001,-1.7999998433566342,0.19999986330375719,1.7999998433324425,-0.5000001949957829,3.796918714543977e-06,-3.037441757527265e-06,2.2752075871153993e-06,-1.7405830991870652e-06,1.5187671343940348e-06,1.7405830939135059e-06,2.1665213327092675e-06,0.5,-0.4,0.3,-1.8,0.2,1.8,-0.5
8.048893717,433.400000000,TARGET,0.49999969244930864,-0.3999997539656782,0.2999998157102686,-1.799999859021881,0.19999987697266153,1.7999998589976893,-0.5000001754970913,3.417226842141667e-06,-2.7336975832736865e-06,2.0476868293510184e-06,-1.566524798074509e-06,1.3668904204804447e-06,1.5665247928842163e-06,1.9498692031402406e-06,0.5,-0.4,0.3,-1.8,0.2,1.8,-0.5
8.060711706,433.410000000,TARGET,0.4999997232043505,-0.3999997785689565,0.29999983413945014,-1.7999998731206033,0.19999988927467538,1.7999998730964115,-0.5000001579482689,3.075504158686756e-06,-2.4603278231307563e-06,1.842918143981796e-06,-1.409872329327655e-06,1.2302013771550366e-06,1.4098723241928734e-06,1.7548822876098033e-06,0.5,-0.4,0.3,-1.8,0.2,1.8,-0.5
8.080531950,433.420000000,TARGET,0.49999975088388804,-0.39999980071190677,0.2999998507257136,-1.7999998858094532,0.19999990034648774,1.7999998857852615,-0.5000001421543283,2.76795374019352e-06,-2.214295040077821e-06,1.658626328852799e-06,-1.2688851074305063e-06,1.107181238518308e-06,1.2688851021916414e-06,1.5793940636816758e-06,0.5,-0.4,0.3,-1.8,0.2,1.8,-0.5
8.091202660,433.430000000,TARGET,0.49999977579547195,-0.39999982064056216,0.2999998656533505,-1.7999998972294182,0.1999999103111188,1.7999998972052265,-0.5000001279397821,2.4911583646841868e-06,-1.9928655375749116e-06,1.4927636941175666e-06,-1.1419966077161336e-06,9.964631149600792e-07,1.141996602456452e-06,1.4214546577000914e-06,0.5,-0.4,0.3,-1.8,0.2,1.8,-0.5
8.103536877,433.440000000,TARGET,0.49999979821589746,-0.39999983857635224,0.29999987908822373,-1.7999999075073878,0.19999991927928695,1.799999907483196,-0.50000011514669,2.2420425256230612e-06,-1.7935789836352745e-06,1.343487325065288e-06,-1.0277969579586266e-06,8.968168042329874e-07,1.0277969527197617e-06,1.279309195614288e-06,0.5,-0.4,0.3,-1.8,0.2,1.8,-0.5
8.116009572,433.450000000,TARGET,0.4999998183942803,-0.39999985471856314,0.29999989117960946,-1.7999999167575595,0.19999992735063832,1.7999999167333678,-0.5000001036329067,2.0178382704682217e-06,-1.6142210828972575e-06,1.209138592930814e-06,-9.250172621003139e-07,8.071351227587065e-07,9.250172568753268e-07,1.1513782742405068e-06,0.5,-0.4,0.3,-1.8,0.2,1.8,-0.5
8.126854865,433.460000000,TARGET,0.49999983655482455,-0.39999986924655306,0.2999999020618568,-1.7999999250827157,0.1999999346148545,1.799999925058524,-0.5000000932705024,1.816054441962085e-06,-1.4527989738791214e-06,1.0882247356493614e-06,-8.325155447172494e-07,7.264216091542111e-07,8.325155396102235e-07,1.0362404416252094e-06,0.5,-0.4,0.3,-1.8,0.2,1.8,-0.5
8.137819350,433.470000000,TARGET,0.49999985289931476,-0.399999882321744,0.2999999118558796,-1.7999999325753555,0.19999994115264896,1.7999999325511638,-0.5000000839443381,1.6344489995847233e-06,-1.3075190746589943e-06,9.794022624120928e-07,-7.492639834960624e-07,6.537794473692599e-07,7.492639783265864e-07,9.326163989374636e-07,0.5,-0.4,0.3,-1.8,0.2,1.8,-0.5
8.148331885,433.480000000,TARGET,0.4999998676093557,-0.39999989408941583,0.29999992067049974,-1.7999999393187303,0.1999999470366639,1.7999999392945385,-0.5000000755507901,1.4710040975183993e-06,-1.1767671653541145e-06,8.814620342675016e-07,-6.743375850701283e-07,5.884015026715386e-07,6.743375798867746e-07,8.393547561037079e-07,0.5,-0.4,0.3,-1.8,0.2,1.8,-0.5
8.159851485,433.490000000,TARGET,0.4999998808483928,-0.3999999046803201,0.2999999286036583,-1.7999999453877689,0.19999995233227758,1.799999945363577,-0.5000000679965972,1.3239036879157456e-06,-1.05909044699308e-06,7.933158328022032e-07,-6.069038376022018e-07,5.295613532624657e-07,6.069038324743592e-07,7.55419275315708e-07,0.5,-0.4,0.3,-1.8,0.2,1.8,-0.5
8.170202095,433.500000000,TARGET,0.49999989276352613,-0.3999999142121343,0.2999999357435009,-1.799999950849904,0.19999995709832985,1.7999999508257123,-0.5000000611978235,1.1915133170296117e-06,-9.531814043339804e-07,7.139842470686719e-07,-5.462134515452077e-07,4.766052165480067e-07,5.46213446424304e-07,6.798773470274508e-07,0.5,-0.4,0.3,-1.8,0.2,1.8,-0.5
8.182150556,433.510000000,TARGET,0.4999999034871459,-0.3999999227907671,0.2999999421693591,-1.799999955765825,0.1999999613877767,1.7999999557416333,-0.500000055078927,1.0723619837799928e-06,-8.578632620763471e-07,6.425858210044703e-07,-4.91592099659266e-07,4.289446937661562e-07,4.915920944689733e-07,6.118896093551193e-07,0.5,-0.4,0.3,-1.8,0.2,1.8,-0.5
8.195776892,433.520000000,TARGET,0.49999991313840403,-0.3999999305115367,0.2999999479526313,-1.7999999601901548,0.1999999652482789,1.799999960165963,-0.500000049571921,9.651257860656608e-07,-7.720769340316402e-07,5.78327239213151e-07,-4.4243288960937877e-07,3.860502252569023e-07,4.4243288437051387e-07,5.507006443630433e-07,0.5,-0.4,0.3,-1.8,0.2,1.8,-0.5
8.206254533,433.530000000,TARGET,0.49999992182453584,-0.3999999374602289,0.29999995315757666,-1.7999999641720497,0.19999996872273101,1.799999964147858,-0.5000000446156156,8.686132047971669e-07,-6.948692382480887e-07,5.204945172784196e-07,-3.9818959172294166e-07,3.474452033485134e-07,3.981895865604046e-07,4.956305847542142e-07,0.5,-0.4,0.3,-1.8,0.2,1.8,-0.5
8.217680049,433.540000000,TARGET,0.4999999296420547,-0.3999999437140519,0.29999995784202727,-1.7999999677557563,0.19999997184973772,1.7999999677315646,-0.5000000401549405,7.817518866841985e-07,-6.253823164673045e-07,4.6844506364608976e-07,-3.583706435703049e-07,3.1270068218298974e-07,3.5837063838695116e-07,4.460675310799869e-07,0.5,-0.4,0.3,-1.8,0.2,1.8,-0.5
8.235018996,433.550000000,TARGET,0.49999993667782167,-0.39999994934249294,0.2999999620580326,-1.7999999709810919,0.199999974664044,1.7999999709569001,-0.500000036140333,7.035766981113131e-07,-5.628440863294365e-07,4.216005575960729e-07,-3.2253357692968443e-07,2.8143061507959755e-07,3.225335718226585e-07,4.0146077946636577e-07,0.5,-0.4,0.3,-1.8,0.2,1.8,-0.5
8.240585054,433.560000000,TARGET,0.499999943010012,-0.3999999544080898,0.2999999658524374,-1.7999999738838943,0.1999999771969196,1.7999999738597026,-0.5000000325271854,6.33219028442402e-07,-5.065596758533492e-07,3.7944050435413483e-07,-2.902802213808342e-07,2.532875521569708e-07,2.902802161211526e-07,3.6131470411687044e-07,0.5,-0.4,0.3,-1.8,0.2,1.8,-0.5
8.257107698,433.570000000,TARGET,0.4999999487089833,-0.3999999589671268,0.2999999692674018,-1.7999999764964156,0.1999999794765075,1.7999999764722239,-0.5000000292753533,5.698971251470795e-07,-4.5590370755139997e-07,3.414964564669217e-07,-2.612521969730386e-07,2.2795879643655592e-07,2.612521918521349e-07,3.251832285198347e-07,0.5,-0.4,0.3,-1.8,0.2,1.8,-0.5
8.266811291,433.580000000,TARGET,0.4999999538380577,-0.3999999630702602,0.29999997234086995,-1.799999978847686,0.19999998152813664,1.7999999788234942,-0.5000000263487043,5.129074122189165e-07,-4.1031333716974594e-07,3.073468122316656e-07,-2.3512698384131614e-07,2.0516291732771558e-07,2.3512697863020682e-07,2.926649071977039e-07,0.5,-0.4,0.3,-1.8,0.2,1.8,-0.5
8.276782422,433.590000000,TARGET,0.49999995845422457,-0.39999996676308014,0.29999997510699117,-1.7999999809638287,0.19999998337460295,1.799999980939637,-0.5000000237147202,4.616166683554259e-07,-3.6928200328884e-07,2.766121307649222e-07,-2.1161428098021018e-07,1.846466259241078e-07,2.1161427576216196e-07,2.633984179326726e-07,0.5,-0.4,0.3,-1.8,0.2,1.8,-0.5
8.287725567,433.600000000,TARGET,0.4999999626087746,-0.39999997008661825,0.2999999775965003,-1.7999999828683564,0.19999998503642252,1.7999999828441646,-0.5000000213441342,4.154549994073208e-07,-3.323538039102375e-07,2.4895091854811556e-07,-1.9045285278018742e-07,1.6618196277146807e-07,1.9045284754826142e-07,2.3705857650751366e-07,0.5,-0.4,0.3,-1.8,0.2,1.8,-0.5
8.298701553,433.610000000,TARGET,0.49999996634786975,-0.3999999730778022,0.2999999798370586,-1.799999984582432,0.1999999865320603,1.7999999845582402,-0.5000000192106075,3.7390949903664834e-07,-2.991184227755378e-07,2.2405582701277502e-07,-1.7140757628542058e-07,1.4956376702488644e-07,1.714075711506391e-07,2.133527170246341e-07,0.5,-0.4,0.3,-1.8,0.2,1.8,-0.5
8.310629080,433.620000000,TARGET,0.4999999697130551,-0.39999997576986823,0.29999998185356114,-1.7999999861251001,0.1999999878781341,1.7999999861009084,-0.5000000172904335,3.3651854756976997e-07,-2.6920658312452883e-07,2.016502440563197e-07,-1.5426682084540566e-07,1.3460738928355864e-07,1.5426681566205191e-07,1.9201745011642596e-07,0.5,-0.4,0.3,-1.8,0.2,1.8,-0.5
8.321837077,433.630000000,TARGET,0.49999997274172187,-0.39999997819272737,0.2999999836684133,-1.7999999875135007,0.1999999890896006,1.799999987489309,-0.5000000155622759,3.028666940612843e-07,-2.422859229755242e-07,1.8148521885460143e-07,-1.3884013869147616e-07,1.2114665120469686e-07,1.3884013343179458e-07,1.7281570990554385e-07,0.5,-0.4,0.3,-1.8,0.2,1.8,-0.5
8.340323445,433.640000000,TARGET,0.499999975467522,-0.39999998037330087,0.29999998530178007,-1.799999988763061,0.19999999017992037,1.7999999887388693,-0.5000000140069345,2.7258002642055685e-07,-2.1805733162183483e-07,1.6333669730379113e-07,-1.249561336416627e-07,1.0903198638390066e-07,1.2495612848606452e-07,1.5553413375019726e-07,0.5,-0.4,0.3,-1.8,0.2,1.8,-0.5
8.351204610,433.650000000,TARGET,0.4999999779207424,-0.3999999823358166,0.2999999867718103,-1.799999989887666,0.1999999911612082,1.7999999898634742,-0.5000000126071276,2.4532202501511505e-07,-1.962515966142525e-07,1.470030295250193e-07,-1.1246052906283e-07,9.812878856707563e-08,1.1246052387253735e-07,1.3998071963627207e-07,0.5,-0.4,0.3,-1.8,0.2,1.8,-0.5
8.361082217,433.660000000,TARGET,0.4999999801286407,-0.39999998410208093,0.2999999880948375,-1.7999999908998097,0.1999999920443673,1.799999990875618,-0.5000000113473009,2.2078982096611095e-07,-1.7662643956618818e-07,1.3230272746323282e-07,-1.0121448053290738e-07,8.831591025160179e-08,1.0121447536343142e-07,1.259826502755107e-07,0.5,-0.4,0.3,-1.8,0.2,1.8,-0.5
8.371727469,433.670000000,TARGET,0.499999982115749,-0.3999999856917188,0.29999998928556226,-1.799999991810741,0.19999999283921038,1.7999999917865492,-0.5000000102134567,1.9871083787253259e-07,-1.5896379599797394e-07,1.1907245502703473e-07,-9.109304351107017e-08,7.948431928177929e-08,9.109303831383864e-08,1.1338438338139717e-07,0.5,-0.4,0.3,-1.8,0.2,1.8,-0.5
8.393876472,433.680000000,TARGET,0.49999998390414674,-0.3999999871223927,0.2999999903572145,-1.7999999926305785,0.19999999355456927,1.7999999926063868,-0.5000000091929975,1.7883975533269187e-07,-1.4306741733839667e-07,1.0716520760850265e-07,-8.198373020046335e-08,7.153588846113557e-08,8.198372506568186e-08,1.0204594212172291e-07,0.5,-0.4,0.3,-1.8,0.2,1.8,-0.5
8.406837487,433.690000000,TARGET,0.4999999855137048,-0.3999999884099994,0.2999999913217013,-1.7999999933684327,0.19999999419839232,1.799999993344241,-0.5000000082745844,1.6095577766997915e-07,-1.2876067822208126e-07,9.644868550584378e-08,-7.378535492319482e-08,6.438229967556386e-08,7.378534975371887e-08,9.184134937799404e-08,0.5,-0.4,0.3,-1.8,0.2,1.8,-0.5
8.418962471,433.700000000,TARGET,0.4999999869623066,-0.39999998956884575,0.2999999921897397,-1.7999999940325015,0.19999999477783298,1.7999999940083098,-0.5000000074480122,1.4486019728513714e-07,-1.15884611332287e-07,8.680381724458959e-08,-6.640681268071935e-08,5.7944069144395816e-08,6.640680754593786e-08,8.265721812734939e-08,0.5,-0.4,0.3,-1.8,0.2,1.8,-0.5
8.438595203,433.710000000,TARGET,0.49999998826604813,-0.399999990611807,0.29999999297097424,-1.7999999946301635,0.1999999952993297,1.7999999946059717,-0.5000000067040973,1.3037417933322963e-07,-1.0429614780670116e-07,7.812343306881457e-08,-5.976612466734865e-08,5.214966249025149e-08,5.976611942848375e-08,7.439149669018208e-08,0.5,-0.4,0.3,-1.8,0.2,1.8,-0.5
8.449125161,433.720000000,TARGET,0.49999998943941565,-0.3999999915504723,0.29999999367408514,-1.7999999951680576,0.19999999576867677,1.7999999951438659,-0.500000006034574,1.1733676371901511e-07,-9.386653508636211e-08,7.03110878586162e-08,-5.378950549556061e-08,4.6934695185907316e-08,5.378950039547359e-08,6.695234738927219e-08,0.5,-0.4,0.3,-1.8,0.2,1.8,-0.5
8.462094437,433.730000000,TARGET,0.49999999049544647,-0.39999999239527095,0.29999999430688506,-1.7999999956521637,0.19999999619108916,1.799999995627972,-0.5000000054320026,1.0560308859287274e-07,-8.447988252696659e-08,6.32799788291994e-08,-4.841056377297148e-08,4.224122461104346e-08,4.841055868676225e-08,6.025711411349749e-08,0.5,-0.4,0.3,-1.8,0.2,1.8,-0.5
8.473769120,433.740000000,TARGET,0.49999999144587454,-0.39999999315559,0.29999999487640505,-1.7999999960878597,0.19999999657126005,1.799999996063668,-0.5000000048896887,9.50427804147138e-08,-7.603189575849933e-08,5.695197959195916e-08,-4.356950286665828e-08,3.801710074177733e-08,4.356949764167117e-08,5.4231400861345924e-08,0.5,-0.4,0.3,-1.8,0.2,1.8,-0.5
8.483425336,433.750000000,TARGET,0.49999999230125974,-0.39999999383987705,0.2999999953889728,-1.799999996479986,0.19999999691341386,1.7999999964557942,-0.5000000044016057,8.553849971192724e-08,-6.842870545718804e-08,5.125677971580707e-08,-3.9212543621880425e-08,3.4215391769842896e-08,3.921253838301553e-08,4.880826115407494e-08,0.5,-0.4,0.3,-1.8,0.2,1.8,-0.5
8.494497781,433.760000000,TARGET,0.49999999307110615,-0.39999999445573553,0.2999999958502838,-1.7999999968328992,0.19999999722135253,1.7999999968087075,-0.5000000039623316,7.698464765925608e-08,-6.15858347617626e-08,4.6131102045092465e-08,-3.5291280321703145e-08,3.0793853705683716e-08,3.529127512447161e-08,4.392743207029537e-08,0.5,-0.4,0.3,-1.8,0.2,1.8,-0.5
8.504961761,433.770000000,TARGET,0.49999999376396803,-0.39999999501000827,0.2999999962654639,-1.7999999971505207,0.19999999749849723,1.799999997126329,-0.5000000035669845,6.928618357954913e-08,-5.54272499998093e-08,4.151799215318039e-08,-3.176214779382347e-08,2.7714467002587506e-08,3.176214265210309e-08,3.953469036085261e-08,0.5,-0.4,0.3,-1.8,0.2,1.8,-0.5
8.514380972,433.780000000,TARGET,0.49999999438754367,-0.3999999955088537,0.2999999966391256,-1.799999997436381,0.19999999774792743,1.7999999974121892,-0.5000000032111724,6.23575647617624e-08,-4.988452260469567e-08,3.7366191047360706e-08,-2.8585932933256064e-08,2.494302005218163e-08,2.8585927742963424e-08,3.5581219471648995e-08,0.5,-0.4,0.3,-1.8,0.2,1.8,-0.5
8.524800230,433.790000000,TARGET,0.49999999494876196,-0.39999999595781455,0.29999999697542157,-1.7999999976936552,0.19999999797241452,1.7999999976694634,-0.5000000028909419,5.6121808435422894e-08,-4.489606852779715e-08,3.362957444984216e-08,-2.5727330696390105e-08,2.2448718020769143e-08,2.5727325485280783e-08,3.202309900671857e-08,0.5,-0.4,0.3,-1.8,0.2,1.8,-0.5
8.534966934,433.800000000,TARGET,0.4999999954538585,-0.3999999963618791,0.2999999972780878,-1.799999997925201,0.1999999981744529,1.7999999979010093,-0.5000000026027336,5.0509625464415734e-08,-4.040645982042457e-08,3.026661455252273e-08,-2.3154588670026843e-08,2.0203847048497203e-08,2.3154583375650795e-08,2.8820793912011367e-08,0.5,-0.4,0.3,-1.8,0.2,1.8,-0.5
8.546694399,433.810000000,TARGET,0.49999999590844485,-0.3999999967255371,0.2999999975504871,-1.7999999981335921,0.19999999835628746,1.7999999981094004,-0.5000000023433466,4.54586602619011e-08,-3.636581423147045e-08,2.7239952310941992e-08,-2.0839129713512428e-08,1.8183463229917707e-08,2.0839124537097575e-08,2.5938710497205864e-08,0.5,-0.4,0.3,-1.8,0.2,1.8,-0.5
8.561922659,433.820000000,TARGET,0.4999999963175726,-0.3999999970528292,0.29999999779564657,-1.7999999983211443,0.19999999851993877,1.7999999982969526,-0.5000000021098978,4.0912796596317275e-08,-3.272923429845087e-08,2.4515959055589412e-08,-1.8755218891830516e-08,1.6365117742715707e-08,1.8755213680721194e-08,2.3344840946633305e-08,0.5,-0.4,0.3,-1.8,0.2,1.8,-0.5
8.581079437,433.830000000,TARGET,0.49999999668578804,-0.39999999734739244,0.29999999801629007,-1.7999999984899404,0.19999999866722484,1.7999999984657487,-0.5000000018997948,3.682151929678768e-08,-2.9456313494283237e-08,2.2064364555048066e-08,-1.687969695268743e-08,1.4728604636263243e-08,1.6879691859539303e-08,2.1010352737119153e-08,0.5,-0.4,0.3,-1.8,0.2,1.8,-0.5
8.599887182,433.840000000,TARGET,0.49999999701718184,-0.39999999761249927,0.29999999821486956,-1.7999999986418567,0.19999999879978242,1.799999998617665,-0.5000000017107016,3.313936470193939e-08,-2.651068085370023e-08,1.985792952904214e-08,-1.5191736077446727e-08,1.3255743866284753e-08,1.5191730921848556e-08,1.8909322307622545e-08,0.5,-0.4,0.3,-1.8,0.2,1.8,-0.5
8.612263753,433.850000000,TARGET,0.49999999731543604,-0.39999999785109563,0.29999999839359104,-1.7999999987785829,0.1999999989190842,1.799999998754391,-0.5000000015405177,2.982542669300236e-08,-2.38596126102969e-08,1.7872134661089945e-08,-1.3672573496992246e-08,1.1930168158924559e-08,1.36725683136385e-08,1.7018390404376083e-08,0.5,-0.4,0.3,-1.8,0.2,1.8,-0.5
8.623109522,433.860000000,TARGET,0.49999999758386465,-0.3999999980658322,0.29999999855444015,-1.7999999989016355,0.19999999902645582,1.7999999988774438,-0.5000000013873525,2.684288467766577e-08,-2.1473648957950897e-08,1.6084919853085605e-08,-1.2305311644644767e-08,1.0737150219278235e-08,1.2305306516802172e-08,1.531655174306229e-08,0.5,-0.4,0.3,-1.8,0.2,1.8,-0.5
8.634968362,433.870000000,TARGET,0.49999999782545085,-0.3999999982590948,0.29999999869920435,-1.7999999990123825,0.1999999991230902,1.7999999989881907,-0.5000000012495038,2.41585985685756e-08,-1.9326283347970152e-08,1.447642872611822e-08,-1.1074784846132335e-08,9.663434087647804e-09,1.1074779690534164e-08,1.378489918046899e-08,0.5,-0.4,0.3,-1.8,0.2,1.8,-0.5
8.644907038,433.880000000,TARGET,0.49999999804287804,-0.39999999843303125,0.29999999882949235,-1.799999999112056,0.19999999921006117,1.7999999990878643,-0.5000000011254397,2.174273661912111e-08,-1.7393657066738788e-08,1.3028786718114263e-08,-9.967315174608249e-09,8.697090419368392e-09,9.967309963498927e-09,1.2406412945586975e-08,0.5,-0.4,0.3,-1.8,0.2,1.8,-0.5
8.656109008,433.890000000,TARGET,0.4999999982385626,-0.39999999858957436,0.29999999894675133,-1.7999999992017621,0.19999999928833495,1.7999999991775704,-0.5000000010137824,1.9568464728226143e-08,-1.5654292846375983e-08,1.1725906707855255e-08,-8.970579133682488e-09,7.827380532794692e-09,8.97057389481759e-09,1.1165772048279954e-08,0.5,-0.4,0.3,-1.8,0.2,1.8,-0.5
8.671024889,433.900000000,TARGET,0.49999999841467896,-0.39999999873046277,0.2999999990522847,-1.7999999992824975,0.19999999935878138,1.7999999992583058,-0.5000000009132906,1.761161894656615e-08,-1.408886172657442e-08,1.055331689463028e-08,-8.073518929785362e-09,7.04464275455563e-09,8.073513697859358e-09,1.0049198555760197e-08,0.5,-0.4,0.3,-1.8,0.2,1.8,-0.5
8.680220620,433.910000000,TARGET,0.4999999985731833,-0.39999999885726245,0.2999999991472643,-1.7999999993551594,0.19999999942218316,1.7999999993309677,-0.5000000008228473,1.585045550600529e-08,-1.2679977614768467e-08,9.497983289403697e-09,-7.2661647601557355e-09,6.340178614755443e-09,7.266159694763186e-09,9.044280155530438e-09,0.5,-0.4,0.3,-1.8,0.2,1.8,-0.5
8.690223764,433.920000000,TARGET,0.4999999987158375,-0.3999999989713823,0.2999999992327459,-1.7999999994205538,0.19999999947924474,1.799999999396362,-0.5000000007414491,1.426541228574012e-08,-1.1411980803052724e-08,8.54818749920945e-09,-6.539546008876851e-09,5.706160663768167e-09,6.539540776950847e-09,8.139848098505376e-09,0.5,-0.4,0.3,-1.8,0.2,1.8,-0.5
8.703693695,433.930000000,TARGET,0.49999999884422647,-0.3999999990740901,0.29999999930967935,-1.799999999479409,0.19999999953060033,1.7999999994552172,-0.50000000066819,1.2838870081118524e-08,-1.0270782547366908e-08,7.693371281399311e-09,-5.8856024220954595e-09,5.135544925947977e-09,5.885597266497289e-09,7.325865872265247e-09,0.5,-0.4,0.3,-1.8,0.2,1.8,-0.5
8.719909558,433.940000000,TARGET,0.49999999895977626,-0.3999999991665273,0.2999999993789195,-1.7999999995323799,0.1999999995768203,1.7999999995081881,-0.5000000006022571,1.1554980420245848e-08,-9.243704118117035e-09,6.924036672142919e-09,-5.297051006158959e-09,4.621989098743673e-09,5.297045899133046e-09,6.5932741115729e-09,0.5,-0.4,0.3,-1.8,0.2,1.8,-0.5
8.737598897,433.950000000,TARGET,0.49999999906377085,-0.39999999924972074,0.2999999994412358,-1.7999999995800529,0.19999999961841813,1.799999999555861,-0.5000000005429179,1.0399482494875996e-08,-8.31933242781413e-09,6.2316349842914814e-09,-4.767341375833123e-09,4.159789357589816e-09,4.767336220234952e-09,5.9339459526630556e-09,0.5,-0.4,0.3,-1.8,0.2,1.8,-0.5
8.751187158,433.960000000,TARGET,0.499999999157366,-0.39999999932459473,0.29999999949732037,-1.7999999996229585,0.19999999965585624,1.7999999995987668,-0.5000000004895129,9.359536570687638e-09,-7.487397925623474e-09,5.608472352118185e-09,-4.29061164375355e-09,3.743810981712836e-09,4.2906064950942735e-09,5.340553970410722e-09,0.5,-0.4,0.3,-1.8,0.2,1.8,-0.5
8.762759706,433.970000000,TARGET,0.49999999924160193,-0.3999999993919814,0.29999999954779666,-1.7999999996615743,0.19999999968955068,1.7999999996373826,-0.500000000441448,8.42358527294038e-09,-6.738657961496974e-09,5.04762653875078e-09,-3.861554846718018e-09,3.3694298965519787e-09,3.86154964254759e-09,4.806503369793325e-09,0.5,-0.4,0.3,-1.8,0.2,1.8,-0.5
8.772132220,433.980000000,TARGET,0.49999999931741407,-0.39999999945262954,0.2999999995932253,-1.7999999996963287,0.1999999997198756,1.799999999672137,-0.5000000003981893,7.581225739522988e-09,-6.0647914225386845e-09,4.5428636692278895e-09,-3.475397039598427e-09,3.0324854823418623e-09,3.475391821550211e-09,4.325854528752782e-09,0.5,-0.4,0.3,-1.8,0.2,1.8,-0.5
8.781947191,433.990000000,TARGET,0.49999999938564504,-0.39999999950721254,0.29999999963411095,-1.7999999997276082,0.19999999974716792,1.7999999997034164,-0.5000000003592571,6.823104402059899e-09,-5.458309899550318e-09,4.088577061547166e-09,-3.127852817030874e-09,2.729236357745801e-09,3.127847536532613e-09,3.893267208621154e-09,0.5,-0.4,0.3,-1.8,0.2,1.8,-0.5
8.792031592,434.000000000,TARGET,0.49999999944705315,-0.39999999955633714,0.2999999996709082,-1.799999999755759,0.19999999977173105,1.7999999997315672,-0.5000000003242173,6.140794660584262e-09,-4.912479853458329e-09,3.67972075292905e-09,-2.815058609828558e-09,2.4563130791507848e-09,2.815053391780342e-09,3.5039453066473825e-09,0.5,-0.4,0.3,-1.8,0.2,1.8,-0.5
8.802512359,434.010000000,TARGET,0.49999999950232005,-0.39999999960054955,0.2999999997040256,-1.7999999997810943,0.1999999997938378,1.7999999997569025,-0.5000000002926814,5.526713611390087e-09,-4.4212339258414834e-09,3.3117484522955654e-09,-2.533550480521285e-09,2.2106818597933398e-09,2.5335453665564778e-09,3.1535478195801603e-09,0.5,-0.4,0.3,-1.8,0.2,1.8,-0.5
8.812088366,434.020000000,TARGET,0.49999999955206026,-0.3999999996403405,0.2999999997338312,-1.799999999803896,0.19999999981373384,1.7999999997797043,-0.5000000002642997,4.974044603230001e-09,-3.979109812479731e-09,2.980574470611355e-09,-2.280197537729567e-09,1.989614180006316e-09,2.280192416825866e-09,2.8381889624964907e-09,0.5,-0.4,0.3,-1.8,0.2,1.8,-0.5
8.825119812,434.030000000,TARGET,0.49999999959682667,-0.3999999996761524,0.2999999997606564,-1.7999999998244174,0.19999999983164035,1.7999999998002256,-0.5000000002387557,4.476642511330384e-09,-3.5812003189306107e-09,2.682518431126532e-09,-2.052179953748734e-09,1.790653842217993e-09,2.0521747773338817e-09,2.554371573634806e-09,0.5,-0.4,0.3,-1.8,0.2,1.8,-0.5
8.835337896,434.040000000,TARGET,0.49999999963711667,-0.3999999997083833,0.2999999997847993,-1.799999999842887,0.19999999984775635,1.7999999998186953,-0.5000000002157663,4.028978355205982e-09,-3.2230812307271206e-09,2.4142663573607087e-09,-1.8469663021214444e-09,1.611588759144189e-09,1.846961132645486e-09,2.298931447118624e-09,0.5,-0.4,0.3,-1.8,0.2,1.8,-0.5
8.844849193,434.050000000,TARGET,0.49999999967337766,-0.3999999997373912,0.2999999998065275,-1.7999999998595093,0.19999999986226058,1.7999999998353176,-0.5000000001950762,3.626078435886755e-09,-2.9007723809787445e-09,2.172837253438392e-09,-1.6622696413781668e-09,1.4504288438701995e-09,1.66226449271889e-09,2.0690375732157484e-09,0.5,-0.4,0.3,-1.8,0.2,1.8,-0.5
8.855551236,434.060000000,TARGET,0.4999999997060121,-0.3999999997634981,0.29999999982608294,-1.7999999998744707,0.19999999987531458,1.799999999850279,-0.5000000001764544,3.2634685096432844e-09,-2.610693317778301e-09,1.9555554927122576e-09,-1.4960470362535006e-09,1.3053864820686267e-09,1.4960418390219665e-09,1.8621364164181364e-09,0.5,-0.4,0.3,-1.8,0.2,1.8,-0.5
8.874354647,434.070000000,TARGET,0.4999999997353836,-0.3999999997869943,0.29999999984368275,-1.7999999998879355,0.19999999988706296,1.7999999998637437,-0.5000000001596956,2.9371239774621423e-09,-2.3496243770071423e-09,1.7600008284535812e-09,-1.3464334022716962e-09,1.1748465100075434e-09,1.3464282050401621e-09,1.6759186599255016e-09,0.5,-0.4,0.3,-1.8,0.2,1.8,-0.5
8.886979379,434.080000000,TARGET,0.49999999976181747,-0.3999999998081407,0.29999999985952286,-1.7999999999000524,0.19999999989763673,1.7999999998758607,-0.5000000001446121,2.6434089430175597e-09,-2.11466231851698e-09,1.5840027017908348e-09,-1.2117855399673694e-09,1.0573626488263876e-09,1.2117804121247744e-09,1.5083305524715707e-09,0.5,-0.4,0.3,-1.8,0.2,1.8,-0.5
8.900092282,434.090000000,TARGET,0.49999999978560844,-0.3999999998271727,0.2999999998737787,-1.7999999999109593,0.199999999907153,1.7999999998867675,-0.5000000001310374,2.379070383024765e-09,-1.9031981390166264e-09,1.4256016495333562e-09,-1.090615778243098e-09,9.516250313798547e-10,1.0906106434616092e-09,1.3574956410702943e-09,0.5,-0.4,0.3,-1.8,0.2,1.8,-0.5
8.907337963,434.100000000,TARGET,0.4999999998070202,-0.39999999984430124,0.29999999988660897,-1.7999999999207736,0.19999999991571754,1.7999999998965819,-0.5000000001188194,2.1411607034919553e-09,-1.7128781604897059e-09,1.283043452081703e-09,-9.815474821817105e-10,8.564622301296398e-10,9.815422780112826e-10,1.221748643226439e-09,0.5,-0.4,0.3,-1.8,0.2,1.8,-0.5
8.917108516,434.110000000,TARGET,0.4999999998262909,-0.39999999985971724,0.2999999998981564,-1.7999999999296066,0.19999999992342582,1.7999999999054148,-0.5000000001078237,1.927043090258016e-09,-1.5415929505158132e-09,1.1547405202178007e-09,-8.834037598659528e-10,7.708169137699006e-10,8.833985765122065e-10,1.099568617581037e-09,0.5,-0.4,0.3,-1.8,0.2,1.8,-0.5
8.927167961,434.120000000,TARGET,0.49999999984363425,-0.3999999998735917,0.2999999999085492,-1.799999999937558,0.19999999993036305,1.7999999999133662,-0.5000000000979272,1.7343361098393767e-09,-1.3874329324314871e-09,1.0392662390390495e-09,-7.950744021489875e-10,6.937341560583898e-10,7.950692465508169e-10,9.896121075381181e-10,0.5,-0.4,0.3,-1.8,0.2,1.8,-0.5
8.937531083,434.130000000,TARGET,0.4999999998592434,-0.3999999998860784,0.2999999999179028,-1.7999999999447145,0.19999999993660666,1.7999999999205227,-0.500000000089021,1.5609026247638373e-09,-1.2486883506357405e-09,9.353382556323564e-10,-7.155602430031216e-10,6.243618374049409e-10,7.155550596493754e-10,8.906468418681812e-10,0.5,-0.4,0.3,-1.8,0.2,1.8,-0.5
8.947474773,434.140000000,TARGET,0.49999999987329163,-0.3999999998973166,0.2999999999263211,-1.7999999999511538,0.19999999994222606,1.799999999926962,-0.5000000000810052,1.404810816448259e-09,-1.1238215653214256e-09,8.418019764328682e-10,-6.43995266835784e-10,5.61925642302008e-10,6.439901042987195e-10,8.01584777720965e-10,0.5,-0.4,0.3,-1.8,0.2,1.8,-0.5
8.956882403,434.150000000,TARGET,0.49999999988593485,-0.39999999990743074,0.29999999993389725,-1.7999999999569491,0.1999999999472834,1.7999999999327574,-0.500000000073791,1.2643287481415091e-09,-1.0114392379190207e-09,7.576193073507292e-10,-5.796023175297371e-10,5.057316414605606e-10,5.79597057848158e-10,7.2142667100622e-10,0.5,-0.4,0.3,-1.8,0.2,1.8,-0.5
8.970019691,434.160000000,TARGET,0.4999999998973141,-0.39999999991653346,0.2999999999407157,-1.799999999962165,0.19999999995183504,1.7999999999379732,-0.5000000000672984,1.1378965400683262e-09,-9.102979394576272e-10,6.818576879334681e-10,-5.216487033998796e-10,4.551582921327735e-10,5.216435200461333e-10,6.4928437019246e-10,0.5,-0.4,0.3,-1.8,0.2,1.8,-0.5
8.980071942,434.170000000,TARGET,0.49999999990755534,-0.39999999992472635,0.29999999994685245,-1.799999999966859,0.19999999995593148,1.7999999999426672,-0.5000000000614553,1.0241042624928136e-09,-8.192707449949932e-10,6.136733471644867e-10,-4.694904187640958e-10,4.0964184908759416e-10,4.694852007158801e-10,5.843585641415738e-10,0.5,-0.4,0.3,-1.8,0.2,1.8,-0.5
8.991437376,434.180000000,TARGET,0.4999999999167724,-0.3999999999320999,0.29999999995237525,-1.7999999999710845,0.19999999995961826,1.7999999999468927,-0.5000000000561962,9.216917303705476e-10,-7.373418420969502e-10,5.523057740319803e-10,-4.225501962218381e-10,3.686774574865326e-10,4.2254511001260653e-10,5.259275029367849e-10,0.5,-0.4,0.3,-1.8,0.2,1.8,-0.5
9.001331433,434.190000000,TARGET,0.49999999992506744,-0.3999999999387357,0.2999999999573463,-1.7999999999748881,0.19999999996293644,1.7999999999506964,-0.5000000000514633,8.29521012860393e-10,-6.636063729775765e-10,4.970777231667889e-10,-3.80295080149029e-10,3.318096882323762e-10,3.802898759786011e-10,4.733362530054408e-10,0.5,-0.4,0.3,-1.8,0.2,1.8,-0.5
9.011911038,434.200000000,TARGET,0.49999999993253313,-0.39999999994470814,0.2999999999618199,-1.7999999999783098,0.19999999996592266,1.799999999954118,-0.5000000000472034,7.465706719283691e-10,-5.972483497346248e-10,4.4736749070864446e-10,-3.4225886014205287e-10,2.986279374825318e-10,3.4225369760498836e-10,4.2600739515868957e-10,0.5,-0.4,0.3,-1.8,0.2,1.8,-0.5
9.020743404,434.210000000,TARGET,0.4999999999392522,-0.3999999999500833,0.29999999996584614,-1.7999999999813896,0.19999999996861023,1.7999999999571978,-0.5000000000433698,6.719137495198903e-10,-5.37523900390191e-10,4.0263104113778814e-10,-3.0804178652310554e-10,2.6876573883116706e-10,3.080365823526776e-10,3.83408089131565e-10,0.5,-0.4,0.3,-1.8,0.2,1.8,-0.5
9.031995538,434.220000000,TARGET,0.4999999999452996,-0.3999999999549211,0.2999999999694699,-1.799999999984163,0.19999999997102913,1.7999999999599712,-0.5000000000399192,6.047230393844104e-10,-4.837724439793467e-10,3.6236881659386377e-10,-2.772441720644281e-10,2.418900088910214e-10,2.772390372829392e-10,3.450721514086652e-10,0.5,-0.4,0.3,-1.8,0.2,1.8,-0.5
9.041565954,434.230000000,TARGET,0.4999999999507419,-0.3999999999592748,0.2999999999727312,-1.7999999999866587,0.19999999997320628,1.799999999962467,-0.5000000000368139,5.442492027798312e-10,-4.353944826201994e-10,3.2613111928918304e-10,-2.495108078481856e-10,2.177009926496165e-10,2.4950561755554546e-10,3.1056643368110315e-10,0.5,-0.4,0.3,-1.8,0.2,1.8,-0.5
9.051593359,434.240000000,TARGET,0.4999999999556402,-0.39999999996319335,0.2999999999756666,-1.7999999999889036,0.19999999997516554,1.7999999999647118,-0.5000000000340183,4.898260612222483e-10,-3.918570884442474e-10,2.9351832791547905e-10,-2.2455300813239987e-10,1.9592954342284585e-10,2.2454781090086584e-10,2.795134722635706e-10,0.5,-0.4,0.3,-1.8,0.2,1.8,-0.5
9.063089981,434.250000000,TARGET,0.4999999999600489,-0.39999999996672,0.2999999999783084,-1.7999999999909242,0.19999999997692886,1.7999999999667324,-0.5000000000315026,4.408430123769083e-10,-3.5267175464703815e-10,2.641640417695712e-10,-2.021042916355853e-10,1.7633690167773164e-10,2.0209908746515737e-10,2.5155806517712653e-10,0.5,-0.4,0.3,-1.8,0.2,1.8,-0.5
9.073295927,434.260000000,TARGET,0.4999999999640163,-0.3999999999698941,0.29999999998068594,-1.7999999999927427,0.19999999997851592,1.799999999968551,-0.5000000000292388,3.9675605802060726e-10,-3.1740552894343743e-10,2.377462762249982e-10,-1.8189824646519526e-10,1.5870378969329302e-10,1.8189309780591856e-10,2.2640040103077963e-10,0.5,-0.4,0.3,-1.8,0.2,1.8,-0.5
9.083775306,434.270000000,TARGET,0.4999999999675873,-0.3999999999727507,0.2999999999828259,-1.7999999999943792,0.19999999997994422,1.7999999999701874,-0.5000000000272016,3.5708225303498695e-10,-2.8566425613885116e-10,2.1397084299691616e-10,-1.637128280163047e-10,1.4283313160695643e-10,1.6370761690698288e-10,2.0376293707879967e-10,0.5,-0.4,0.3,-1.8,0.2,1.8,-0.5
9.092896554,434.280000000,TARGET,0.49999999997080086,-0.39999999997532143,0.2999999999847516,-1.7999999999958536,0.19999999998122986,1.7999999999716618,-0.5000000000253675,3.213719459820019e-10,-2.570982177152459e-10,1.9257130048563886e-10,-1.473481128777543e-10,1.285501037215364e-10,1.4734290870732636e-10,1.833903593220776e-10,0.5,-0.4,0.3,-1.8,0.2,1.8,-0.5
9.104925930,434.290000000,TARGET,0.499999999973693,-0.39999999997763513,0.29999999998648463,-1.7999999999971792,0.1999999999823867,1.7999999999729874,-0.5000000000237166,2.892365148928454e-10,-2.3139099837587995e-10,1.7331448103931335e-10,-1.326043302940505e-10,1.1569371762693015e-10,1.3259912612362257e-10,1.6504949143514303e-10,0.5,-0.4,0.3,-1.8,0.2,1.8,-0.5
9.115216418,434.300000000,TARGET,0.4999999999762959,-0.3999999999797179,0.2999999999880445,-1.7999999999983716,0.1999999999834281,1.7999999999741798,-0.5000000000222311,2.60315197078264e-10,-2.0825394707324474e-10,1.5598389832387205e-10,-1.1934826738002613e-10,1.04125177230463e-10,1.1934300075955306e-10,1.485404741916052e-10,0.5,-0.4,0.3,-1.8,0.2,1.8,-0.5
9.125324193,434.310000000,TARGET,0.49999999997863903,-0.39999999998159197,0.2999999999894484,-1.7999999999994463,0.19999999998436513,1.7999999999752545,-0.5000000000208944,2.342860423894255e-10,-1.8742618047851156e-10,1.4038526070792035e-10,-1.0742449291223366e-10,9.371137893454673e-11,1.0741946221415333e-10,1.336857057346319e-10,0.5,-0.4,0.3,-1.8,0.2,1.8,-0.5
9.135005370,434.320000000,TARGET,0.49999999998074734,-0.39999999998327895,0.2999999999907118,-1.8000000000004122,0.19999999998520862,1.7999999999762204,-0.5000000000196909,2.1085478187684442e-10,-1.686856036797746e-10,1.2634649489834393e-10,-9.667752015607434e-11,8.434102027887747e-11,9.667225353560127e-11,1.2031856413963204e-10,0.5,-0.4,0.3,-1.8,0.2,1.8,-0.5
9.145002959,434.330000000,TARGET,0.49999999998264527,-0.3999999999847972,0.2999999999918487,-1.8000000000012826,0.19999999998596774,1.7999999999770908,-0.5000000000186084,1.8977163682718304e-10,-1.5181577349421271e-10,1.137121596970353e-10,-8.701860759741109e-11,7.590611732916086e-11,8.701341036587706e-11,1.0828377604299444e-10,0.5,-0.4,0.3,-1.8,0.2,1.8,-0.5
9.160140331,434.340000000,TARGET,0.49999999998435335,-0.3999999999861633,0.2999999999928723,-1.8000000000020664,0.1999999999866508,1.7999999999778746,-0.5000000000176337,1.7079237644383044e-10,-1.366334666935698e-10,1.0234347288910761e-10,-7.831444520656206e-11,6.831494051007247e-11,7.830927573060364e-11,9.745909634872874e-11,0.5,-0.4,0.3,-1.8,0.2,1.8,-0.5
9.173534100,434.350000000,TARGET,0.49999999998589045,-0.3999999999873929,0.29999999999379323,-1.8000000000027703,0.1999999999872656,1.7999999999785785,-0.5000000000167211,1.53711582524807e-10,-1.2297217757972767e-10,9.210722701040452e-11,-7.047628453049626e-11,6.148434886221743e-11,7.047116362679517e-11,9.131388006844432e-11,0.5,-0.4,0.3,-1.8,0.2,1.8,-0.5
9.184030305,434.360000000,TARGET,0.4999999999872738,-0.3999999999884998,0.299999999994622,-1.8000000000034053,0.19999999998781903,1.7999999999792136,-0.500000000015854,1.3834053965312149e-10,-1.1067647145979187e-10,8.289791357703191e-11,-6.343746361547886e-11,5.5336458505694797e-11,6.343230801730826e-11,8.675083828374452e-11,0.5,-0.4,0.3,-1.8,0.2,1.8,-0.5
9.194944215,434.370000000,TARGET,0.4999999999885189,-0.39999999998949565,0.2999999999953681,-1.800000000003976,0.19999999998831697,1.7999999999797842,-0.5000000000150302,1.2450718142034342e-10,-9.960754096538516e-11,7.461010823918424e-11,-5.7086987914622966e-11,4.980200713627925e-11,5.708170741636209e-11,8.2415438189265e-11,0.5,-0.4,0.3,-1.8,0.2,1.8,-0.5
9.207150761,434.380000000,TARGET,0.4999999999896397,-0.39999999999039215,0.29999999999603977,-1.800000000004489,0.19999999998876522,1.7999999999802971,-0.5000000000142475,1.1205600710566602e-10,-8.964883869977402e-11,6.714941623575665e-11,-5.138043462915576e-11,4.482262998262154e-11,5.1375188825364404e-11,7.82964977574796e-11,0.5,-0.4,0.3,-1.8,0.2,1.8,-0.5
9.220409554,434.390000000,TARGET,0.4999999999906483,-0.39999999999119873,0.2999999999966443,-1.8000000000049508,0.1999999999891685,1.799999999980759,-0.5000000000135036,1.008483335360709e-10,-8.06837721634146e-11,6.04325558779123e-11,-4.625119731649363e-11,4.034010625542095e-11,4.6245986207171796e-11,7.438299368806023e-11,0.5,-0.4,0.3,-1.8,0.2,1.8,-0.5
9.230762028,434.400000000,TARGET,0.4999999999915559,-0.3999999999919248,0.2999999999971883,-1.800000000005366,0.19999999998953155,1.7999999999811742,-0.5000000000127975,9.07619520447607e-11,-7.261800362423632e-11,5.438739779720092e-11,-4.163265565626517e-11,3.630724106779004e-11,4.162748618030676e-11,7.066369364649994e-11,0.5,-0.4,0.3,-1.8,0.2,1.8,-0.5
9.241916139,434.410000000,TARGET,0.49999999999237305,-0.3999999999925782,0.2999999999976779,-1.8000000000057412,0.19999999998985823,1.7999999999815495,-0.5000000000121259,8.168586353119942e-11,-6.53571519820817e-11,4.894730237445244e-11,-3.7480421544167086e-11,3.267678141960495e-11,3.747523819042087e-11,6.713319223444758e-11,0.5,-0.4,0.3,-1.8,0.2,1.8,-0.5
9.257553573,434.420000000,TARGET,0.499999999993108,-0.3999999999931666,0.29999999999811866,-1.8000000000060787,0.19999999999015244,1.799999999981887,-0.5000000000114886,7.351461968471348e-11,-5.882348427799222e-11,4.405120864435508e-11,-3.372790935429748e-11,2.9409985731476684e-11,3.3722663550506127e-11,6.377476238078605e-11,0.5,-0.4,0.3,-1.8,0.2,1.8,-0.5
9.268702565,434.430000000,TARGET,0.4999999999937697,-0.3999999999936962,0.299999999998515,-1.800000000006383,0.19999999999041723,1.7999999999821912,-0.5000000000108824,6.616495334477515e-11,-5.293929530858499e-11,3.9643636247019276e-11,-3.035278278717968e-11,2.6467905124560875e-11,3.034763412790298e-11,6.058843531053792e-11,0.5,-0.4,0.3,-1.8,0.2,1.8,-0.5
9.278951481,434.440000000,TARGET,0.49999999999436534,-0.39999999999417246,0.29999999999887195,-1.800000000006656,0.19999999999065537,1.7999999999824643,-0.5000000000103073,5.954804780782669e-11,-4.7643547093634275e-11,3.568012291871314e-11,-2.7310806394176268e-11,2.3820041425426375e-11,2.7305595284854434e-11,5.7557553341525125e-11,0.5,-0.4,0.3,-1.8,0.2,1.8,-0.5
9.289138042,434.450000000,TARGET,0.499999999994901,-0.399999999994601,0.2999999999991928,-1.8000000000069025,0.19999999999086965,1.7999999999827108,-0.50000000000976,5.3591702744385655e-11,-4.288068337909845e-11,3.211075654506457e-11,-2.4579657753598383e-11,2.1438552322283755e-11,2.4574488277639972e-11,5.468206356468164e-11,0.5,-0.4,0.3,-1.8,0.2,1.8,-0.5
9.299693907,434.460000000,TARGET,0.4999999999953834,-0.3999999999949868,0.299999999999482,-1.8000000000071246,0.19999999999106255,1.7999999999829328,-0.5000000000092404,4.8234864073824074e-11,-3.859522423876882e-11,2.890222631536654e-11,-2.2114976516718343e-11,1.9295839231991962e-11,2.2109723774033085e-11,5.1945329981872845e-11,0.5,-0.4,0.3,-1.8,0.2,1.8,-0.5
9.315901926,434.470000000,TARGET,0.4999999999958175,-0.3999999999953343,0.29999999999974236,-1.8000000000073244,0.1999999999912363,1.7999999999831326,-0.5000000000087474,4.3410934189806044e-11,-3.4737206167090307e-11,2.6010099456186264e-11,-1.9894523528574126e-11,1.7366864890622224e-11,1.988938180819133e-11,4.934741937995257e-11,0.5,-0.4,0.3,-1.8,0.2,1.8,-0.5
9.326459946,434.480000000,TARGET,0.4999999999962083,-0.39999999999564684,0.2999999999999766,-1.8000000000075043,0.19999999999139256,1.7999999999833125,-0.5000000000082789,3.906994010000747e-11,-3.1262195956949235e-11,2.34066253792381e-11,-1.7896101267567133e-11,1.5629338968869977e-11,1.7890897097139202e-11,4.688271038749692e-11,0.5,-0.4,0.3,-1.8,0.2,1.8,-0.5
9.338024054,434.490000000,TARGET,0.4999999999965597,-0.3999999999959283,0.300000000000187,-1.8000000000076641,0.19999999999153328,1.7999999999834724,-0.5000000000078337,3.5161969798476467e-11,-2.8136914673182467e-11,2.1064048942587288e-11,-1.609752608988657e-11,1.4066698326986593e-11,1.6092308041670833e-11,4.454016495902824e-11,0.5,-0.4,0.3,-1.8,0.2,1.8,-0.5
9.347466277,434.500000000,TARGET,0.4999999999968761,-0.3999999999961814,0.30000000000037685,-1.8000000000078085,0.19999999999166568,1.7999999999836167,-0.5000000000074107,3.1648136476943034e-11,-2.5322507979375075e-11,1.896015766264525e-11,-1.4498825751108058e-11,1.323012272652635e-11,1.4493649336255743e-11,4.231418514188956e-11,0.5,-0.4,0.3,-1.8,0.2,1.8,-0.5
9.372216995,434.510000000,TARGET,0.4999999999971609,-0.39999999999640956,0.3000000000005473,-1.8000000000079395,0.1999999999917914,1.7999999999837477,-0.5000000000070088,2.8483975378010284e-11,-2.2791192544335814e-11,1.7061702961909675e-11,-1.3055501124625835e-11,1.2568088063324989e-11,1.3050290015304e-11,4.0199206810531685e-11,0.5,-0.4,0.3,-1.8,0.2,1.8,-0.5
9.385925733,434.520000000,TARGET,0.49999999999741734,-0.3999999999966144,0.30000000000070104,-1.8000000000080572,0.19999999999191076,1.7999999999838698,-0.5000000000066269,2.5636260150320445e-11,-2.0509668616219834e-11,1.535751408855701e-11,-1.1745396322204726e-11,1.1939437286057064e-11,1.2238370039607815e-11,3.818970747276884e-11,0.5,-0.4,0.3,-1.8,0.2,1.8,-0.5
9.406058342,434.530000000,TARGET,0.49999999999764827,-0.39999999999679925,0.30000000000083926,-1.8000000000081637,0.19999999999202428,1.7999999999839853,-0.5000000000062639,2.3071643608183617e-11,-1.8461340095532464e-11,1.3819851730004218e-11,-1.0568636243935003e-11,1.1342768738153985e-11,1.1627782070533499e-11,3.6280087441220576e-11,0.5,-0.4,0.3,-1.8,0.2,1.8,-0.5
9.418785514,434.540000000,TARGET,0.4999999999978559,-0.3999999999969652,0.3000000000009636,-1.8000000000082592,0.19999999999213197,1.7999999999840963,-0.5000000000059197,2.076234941351257e-11,-1.6612810085914198e-11,1.2437627750633284e-11,-9.502808262507045e-12,1.0775096960513597e-11,1.105045221994061e-11,3.446487106123497e-11,0.5,-0.4,0.3,-1.8,0.2,1.8,-0.5
9.431565894,434.550000000,TARGET,0.49999999999804295,-0.39999999999711455,0.30000000000107574,-1.8000000000083436,0.1999999999922344,1.7999999999842007,-0.5000000000055922,1.868626385353664e-11,-1.4953023194652637e-11,1.1194169939957033e-11,-8.548030339117219e-12,1.0236689967912938e-11,1.049531989094632e-11,3.274402450570424e-11,0.5,-0.4,0.3,-1.8,0.2,1.8,-0.5
9.445412148,434.560000000,TARGET,0.49999999999821115,-0.3999999999972489,0.3000000000011762,-1.8000000000084213,0.19999999999233153,1.7999999999843006,-0.5000000000052813,1.6815536213899557e-11,-1.3459776695978753e-11,1.0072852925022135e-11,-7.704246962614292e-12,9.724602199889798e-12,9.973515069372496e-12,3.110648544302208e-11,0.5,-0.4,0.3,-1.8,0.2,1.8,-0.5
9.456588887,434.570000000,TARGET,0.4999999999983627,-0.3999999999973699,0.3000000000012667,-1.8000000000084901,0.19999999999242396,1.799999999984396,-0.500000000004986,1.5133548223172227e-11,-1.2116396427841458e-11,9.068081572097264e-12,-6.92710472316449e-12,9.23890651483017e-12,9.473997975018023e-12,2.9552168004376433e-11,0.5,-0.4,0.3,-1.8,0.2,1.8,-0.5
9.467341328,434.580000000,TARGET,0.4999999999984987,-0.3999999999974787,0.3000000000013483,-1.8000000000085523,0.19999999999251167,1.7999999999844871,-0.5000000000047051,1.3618092872987042e-11,-1.0906258535170466e-11,8.163262166932528e-12,-6.238752570109085e-12,8.776715465508289e-12,8.996622891110917e-12,2.8075576585795403e-11,0.5,-0.4,0.3,-1.8,0.2,1.8,-0.5
9.477754569,434.590000000,TARGET,0.4999999999986214,-0.39999999999757696,0.3000000000014216,-1.8000000000086078,0.19999999999259493,1.7999999999845715,-0.5000000000044387,1.2258077907757736e-11,-9.818241705761288e-12,7.34724499122652e-12,-5.6170207374250936e-12,8.338201656910016e-12,8.541299612030429e-12,2.6671120173515916e-11,0.5,-0.4,0.3,-1.8,0.2,1.8,-0.5
9.492913580,434.600000000,TARGET,0.49999999999873185,-0.3999999999976652,0.30000000000148763,-1.800000000008659,0.19999999999267404,1.7999999999846537,-0.5000000000041855,1.1031272629299232e-11,-8.835701267861928e-12,6.6144993128569585e-12,-5.061902286218611e-12,7.921904451868578e-12,8.119525884975332e-12,2.5338868156477012e-11,0.5,-0.4,0.3,-1.8,0.2,1.8,-0.5
9.505753752,434.610000000,TARGET,0.4999999999988312,-0.3999999999977446,0.30000000000154703,-1.8000000000087033,0.19999999999274926,1.7999999999847314,-0.5000000000039446,9.926600665587093e-12,-7.953063554944073e-12,5.953913360598473e-12,-4.551199694891039e-12,7.526308569427709e-12,7.708687854712792e-12,2.4073232123000832e-11,0.5,-0.4,0.3,-1.8,0.2,1.8,-0.5
9.517249848,434.620000000,TARGET,0.4999999999989206,-0.3999999999978162,0.3000000000016009,-1.8000000000087433,0.19999999999282086,1.7999999999848046,-0.5000000000037159,8.93295138380823e-12,-7.159267970124894e-12,5.359944259264449e-12,-4.107159057298304e-12,7.150340215755779e-12,7.320290207335489e-12,2.286863406975037e-11,0.5,-0.4,0.3,-1.8,0.2,1.8,-0.5
9.527617855,434.630000000,TARGET,0.4999999999990011,-0.3999999999978806,0.30000000000164917,-1.800000000008781,0.19999999999288887,1.7999999999848735,-0.5000000000034983,8.039220493732263e-12,-6.44316891507124e-12,4.821481972352992e-12,-3.707457951751536e-12,6.7922152277577474e-12,6.953777831331109e-12,2.172506532310825e-11,0.5,-0.4,0.3,-1.8,0.2,1.8,-0.5
9.541204948,434.640000000,TARGET,0.49999999999907324,-0.39999999999793834,0.30000000000169247,-1.8000000000088143,0.19999999999295326,1.79999999998494,-0.5000000000032918,7.234323762869005e-12,-5.799244764959077e-12,4.3385434134179945e-12,-3.3300098789545984e-12,6.452219834807149e-12,6.609573999227791e-12,2.0637077116636426e-11,0.5,-0.4,0.3,-1.8,0.2,1.8,-0.5
9.554070286,434.650000000,TARGET,0.4999999999991382,-0.3999999999979905,0.3000000000017313,-1.8000000000088432,0.1999999999930146,1.7999999999850023,-0.5000000000030953,6.512663997502999e-12,-5.221921853260092e-12,3.905558385378094e-12,-2.996901338203628e-12,6.13026122919802e-12,6.276562602991476e-12,1.9604594857225432e-11,0.5,-0.4,0.3,-1.8,0.2,1.8,-0.5
9.566131462,434.660000000,TARGET,0.49999999999919703,-0.3999999999980377,0.3000000000017663,-1.8000000000088698,0.19999999999307289,1.7999999999850622,-0.5000000000029088,5.8631889491081446e-12,-4.700123970580172e-12,3.5169740383866888e-12,-2.7082364129071834e-12,5.8235352304314425e-12,5.965526683748834e-12,1.8622019724856553e-11,0.5,-0.4,0.3,-1.8,0.2,1.8,-0.5
9.578070360,434.670000000,TARGET,0.49999999999924977,-0.3999999999980799,0.30000000000179794,-1.8000000000088943,0.19999999999312812,1.79999999998512,-0.5000000000027323,5.2747466767685824e-12,-4.228268776773625e-12,3.1672720002262622e-12,-2.4417481925276263e-12,5.532093012849959e-12,5.665808100463465e-12,1.7689421975830566e-11,0.5,-0.4,0.3,-1.8,0.2,1.8,-0.5
9.589024154,434.680000000,TARGET,0.4999999999992975,-0.3999999999981182,0.30000000000182625,-1.8000000000089165,0.19999999999318058,1.7999999999851732,-0.5000000000025646,4.7474118820139966e-12,-3.8063805579691135e-12,2.850840657292464e-12,-2.1975060660039958e-12,5.255931107006617e-12,5.3772333807877715e-12,1.6806835437255252e-11,0.5,-0.4,0.3,-1.8,0.2,1.8,-0.5
9.599098331,434.690000000,TARGET,0.49999999999934025,-0.3999999999981526,0.3000000000018518,-1.8000000000089365,0.19999999999323054,1.7999999999852243,-0.5000000000024047,4.270035984955262e-12,-3.4233605533673384e-12,2.567721642948717e-12,-1.9755169722301957e-12,4.993731123059675e-12,5.1108908771801964e-12,1.596859536961981e-11,0.5,-0.4,0.3,-1.8,0.2,1.8,-0.5
9.609659271,434.700000000,TARGET,0.49999999999937855,-0.39999999999818314,0.3000000000018751,-1.8000000000089542,0.199999999993278,1.7999999999852732,-0.5000000000022526,3.842569817023855e-12,-3.079187946286588e-12,2.3123911639666428e-12,-1.7756560111159558e-12,4.743852879962596e-12,4.855497948152987e-12,1.5169230455081006e-11,0.5,-0.4,0.3,-1.8,0.2,1.8,-0.5
9.618715117,434.710000000,TARGET,0.49999999999941297,-0.3999999999982109,0.30000000000189564,-1.8000000000089698,0.19999999999332296,1.7999999999853198,-0.5000000000021083,3.459555938164355e-12,-2.7738800839616218e-12,2.0792441119549254e-12,-1.5980550216454503e-12,4.506571331386322e-12,4.611221127159837e-12,1.440869038665804e-11,0.5,-0.4,0.3,-1.8,0.2,1.8,-0.5
9.628875479,434.720000000,TARGET,0.49999999999944406,-0.3999999999982359,0.3000000000019145,-1.800000000008983,0.1999999999933657,1.7999999999853642,-0.5000000000019718,3.1154085387841146e-12,-2.4963173889114287e-12,1.873836155685815e-12,-1.4426099204101206e-12,4.281684382045903e-12,4.378046536412938e-12,1.368709225818554e-11,0.5,-0.4,0.3,-1.8,0.2,1.8,-0.5
9.639441554,434.730000000,TARGET,0.49999999999947237,-0.3999999999982581,0.30000000000193117,-1.8000000000089964,0.1999999999934065,1.7999999999854064,-0.5000000000018419,2.8045154089675894e-12,-2.2465224125411964e-12,1.6851149382129949e-12,-1.3093484629855823e-12,4.0680089505307215e-12,4.15595335923058e-12,1.3004294689700213e-11,0.5,-0.4,0.3,-1.8,0.2,1.8,-0.5
9.648834306,434.740000000,TARGET,0.499999999999499,-0.39999999999827807,0.30000000000194615,-1.8000000000090075,0.1999999999934451,1.7999999999854464,-0.5000000000017186,2.6381870863248502e-12,-2.024479542339641e-12,1.5185663056888066e-12,-1.1761355778183713e-12,3.864007204479325e-12,3.94513588464207e-12,1.235480814876233e-11,0.5,-0.4,0.3,-1.8,0.2,1.8,-0.5
9.663744095,434.750000000,TARGET,0.499999999999524,-0.3999999999982964,0.30000000000196003,-1.8000000000090186,0.19999999999348173,1.799999999985484,-0.5000000000016009,2.5049449819090908e-12,-1.824628989566257e-12,1.3686896668113624e-12,-1.06508551978024e-12,3.671111158121132e-12,3.74515002343756e-12,1.1738633502733631e-11,0.5,-0.4,0.3,-1.8,0.2,1.8,-0.5
9.673010957,434.760000000,TARGET,0.49999999999954786,-0.39999999999831304,0.3000000000019728,-1.8000000000090275,0.1999999999935167,1.7999999999855196,-0.5000000000014899,2.3800724303739418e-12,-1.64145780301439e-12,1.2727739868989563e-12,-9.89312798349573e-13,3.487928695866671e-12,3.5565439482354577e-12,1.1150217034405774e-11,0.5,-0.4,0.3,-1.8,0.2,1.8,-0.5
9.685804843,434.770000000,TARGET,0.4999999999995706,-0.399999999998328,0.300000000001985,-1.8000000000090364,0.19999999999354973,1.799999999985553,-0.5000000000013844,2.2606944528186235e-12,-1.4749122062562847e-12,1.2089665206438394e-12,-9.448622440011434e-13,3.3130382118273793e-12,3.3789013254015288e-12,1.0595101185284506e-11,0.5,-0.4,0.3,-1.8,0.2,1.8,-0.5
9.695783578,434.780000000,TARGET,0.49999999999959227,-0.39999999999834135,0.30000000000199667,-1.8000000000090453,0.1999999999935811,1.799999999985584,-0.5000000000012834,2.1469029895873626e-12,-1.3250320979318886e-12,1.1478884249377375e-12,-9.004463841222332e-13,3.1478829959352694e-12,3.2122776660870045e-12,1.0067722697182369e-11,0.5,-0.4,0.3,-1.8,0.2,1.8,-0.5
9.712897223,434.790000000,TARGET,0.4999999999996128,-0.399999999998353,0.30000000000200777,-1.8000000000090541,0.19999999999361107,1.799999999985615,-0.5000000000011879,2.0386518536676113e-12,-1.1918036002533938e-12,1.0895999814214408e-12,-8.56030524243323e-13,2.991069197877394e-12,3.056804809276059e-12,9.562578159871826e-12,0.5,-0.4,0.3,-1.8,0.2,1.8,-0.5
9.729561939,434.800000000,TARGET,0.49999999999963224,-0.39999999999836355,0.3000000000020183,-1.800000000009063,0.19999999999363938,1.799999999985644,-0.5000000000010969,1.9359550312673945e-12,-1.0752405910086082e-12,1.0341044427014667e-12,-8.116354810461246e-13,2.841174344403452e-12,2.9014152191919607e-12,9.085193534985603e-12,0.5,-0.4,0.3,-1.8,0.2,1.8,-0.5
9.738652335,434.810000000,TARGET,0.49999999999965056,-0.399999999998373,0.3000000000020283,-1.8000000000090697,0.1999999999936663,1.7999999999856706,-0.5000000000010103,1.838819678121051e-12,-9.697815467335502e-13,9.813530196800535e-13,-7.672404378489261e-13,2.6997137164697094e-12,2.7572041871870567e-12,8.63000990114493e-12,0.5,-0.4,0.3,-1.8,0.2,1.8,-0.5
9.753630639,434.820000000,TARGET,0.49999999999966777,-0.39999999999838187,0.30000000000203775,-1.8000000000090763,0.19999999999369183,1.7999999999856973,-0.5000000000009281,1.7472141897352522e-12,-8.753935076821762e-13,9.314092466045087e-13,-7.339059915345558e-13,2.5650592760939617e-12,2.6239219130808067e-12,8.197024656264595e-12,0.5,-0.4,0.3,-1.8,0.2,1.8,-0.5
9.760870770,434.830000000,TARGET,0.4999999999996844,-0.39999999999838964,0.30000000000204663,-1.800000000009083,0.19999999999371626,1.7999999999857217,-0.5000000000008504,1.6611948362027507e-12,-7.865930129469234e-13,8.84196578801455e-13,-7.006270563714168e-13,2.4373801588151167e-12,2.4906465778684606e-12,7.786216983662886e-12,0.5,-0.4,0.3,-1.8,0.2,1.8,-0.5
9.771491427,434.840000000,TARGET,0.49999999999969996,-0.39999999999839686,0.30000000000205496,-1.8000000000090897,0.1999999999937393,1.7999999999857461,-0.500000000000776,1.5779265914728224e-12,-7.088600539884027e-13,8.398041376894705e-13,-6.672856711631425e-13,2.31521659482814e-12,2.3685706174170207e-12,7.397683160492718e-12,0.5,-0.4,0.3,-1.8,0.2,1.8,-0.5
9.780773007,434.850000000,TARGET,0.49999999999971495,-0.39999999999840297,0.30000000000206273,-1.8000000000090963,0.19999999999376122,1.7999999999857683,-0.5000000000007061,1.5001974272219054e-12,-6.366868837703876e-13,7.981705574255926e-13,-6.339997971060995e-13,2.2000769261953934e-12,2.2464391458143496e-12,7.025703803453798e-12,0.5,-0.4,0.3,-1.8,0.2,1.8,-0.5
9.791158396,434.860000000,TARGET,0.4999999999997294,-0.3999999999984085,0.3000000000020705,-1.800000000009103,0.19999999999378204,1.7999999999857905,-0.5000000000006395,1.4252643119536113e-12,-5.756350257568599e-13,7.593112336806707e-13,-6.006722896856331e-13,2.090384289277214e-12,2.1352919432615636e-12,6.676034725039415e-12,0.5,-0.4,0.3,-1.8,0.2,1.8,-0.5
9.800875014,434.870000000,TARGET,0.4999999999997427,-0.3999999999984135,0.3000000000020777,-1.8000000000091096,0.19999999999380202,1.7999999999858105,-0.5000000000005762,1.353088702280708e-12,-5.201204050786501e-13,7.204627519574736e-13,-5.67400293416398e-13,1.9863720043811206e-12,2.02441535757103e-12,6.342940062076252e-12,0.5,-0.4,0.3,-1.8,0.2,1.8,-0.5
9.811485146,434.880000000,TARGET,0.4999999999997555,-0.39999999999841795,0.3000000000020844,-1.800000000009114,0.1999999999938209,1.7999999999858305,-0.5000000000005163,1.2865016127058815e-12,-4.701551648000901e-13,6.843655416671757e-13,-5.340450304203159e-13,1.8863608591823677e-12,1.92434262968888e-12,6.0265325715902485e-12,0.5,-0.4,0.3,-1.8,0.2,1.8,-0.5
9.826977081,434.890000000,TARGET,0.4999999999997677,-0.3999999999984224,0.30000000000209104,-1.8000000000091185,0.19999999999383894,1.7999999999858483,-0.5000000000004585,1.2226264380250929e-12,-4.257427743681319e-13,6.510861728231676e-13,-5.118613866095245e-13,1.7920135861326791e-12,1.8245266408811744e-12,5.726794038984906e-12,0.5,-0.4,0.3,-1.8,0.2,1.8,-0.5
9.835932986,434.900000000,TARGET,0.49999999999977934,-0.3999999999984263,0.30000000000209714,-1.800000000009123,0.19999999999385587,1.799999999985866,-0.5000000000004041,1.1615829825784019e-12,-3.813512006178854e-13,6.177541117535768e-13,-4.896708039048292e-13,1.7018305167870729e-12,1.7356949211233541e-12,5.438125644241509e-12,0.5,-0.4,0.3,-1.8,0.2,1.8,-0.5
9.846144853,434.910000000,TARGET,0.49999999999979045,-0.3999999999984296,0.30000000000210325,-1.8000000000091274,0.19999999999387197,1.7999999999858816,-0.5000000000003519,1.1032829380988596e-12,-3.424968642029569e-13,5.872318690341993e-13,-4.674802212001339e-13,1.6172046340967583e-12,1.646925651410669e-12,5.166109727505752e-12,0.5,-0.4,0.3,-1.8,0.2,1.8,-0.5
9.862360155,434.920000000,TARGET,0.499999999999801,-0.39999999999843294,0.3000000000021088,-1.8000000000091319,0.19999999999388723,1.799999999985897,-0.5000000000003031,1.0477915735572496e-12,-3.0917109150596644e-13,5.566933632822346e-13,-4.452410662381112e-13,1.5366909134062468e-12,1.5691614674295806e-12,4.905210786165792e-12,0.5,-0.4,0.3,-1.8,0.2,1.8,-0.5
9.871886671,434.930000000,TARGET,0.499999999999811,-0.3999999999984357,0.30000000000211435,-1.8000000000091363,0.19999999999390194,1.7999999999859126,-0.5000000000002565,9.950426984109417e-13,-2.7587133966111566e-13,5.2895101493311e-13,-4.2307823910903153e-13,1.4603891013154069e-12,1.4914874890692431e-12,4.660946108236974e-12,0.5,-0.4,0.3,-1.8,0.2,1.8,-0.5
9.888846095,434.940000000,TARGET,0.4999999999998204,-0.3999999999984385,0.30000000000211935,-1.8000000000091407,0.19999999999391582,1.799999999985926,-0.500000000000212,9.450702481879347e-13,-2.5947820281313483e-13,5.011976077218261e-13,-4.008668397226245e-13,1.3868671835948199e-12,1.4137718773454822e-12,4.427793201533525e-12,0.5,-0.4,0.3,-1.8,0.2,1.8,-0.5
9.910383942,434.950000000,TARGET,0.4999999999998293,-0.3999999999984407,0.30000000000212435,-1.8000000000091452,0.19999999999392887,1.7999999999859393,-0.5000000000001699,8.979014905728666e-13,-2.4560214972879635e-13,4.762126023377666e-13,-3.7864156254840964e-13,1.3174010493610666e-12,1.3470891069289337e-12,4.205774617460634e-12,0.5,-0.4,0.3,-1.8,0.2,1.8,-0.5
9.926705597,434.960000000,TARGET,0.49999999999983763,-0.39999999999844293,0.3000000000021288,-1.8000000000091496,0.19999999999394136,1.7999999999859526,-0.5000000000001299,8.534888833004739e-13,-2.34484306971261e-13,4.5123562004978357e-13,-3.564093464802909e-13,1.2522058043251683e-12,1.2804063365123852e-12,3.9948036198445e-12,0.5,-0.4,0.3,-1.8,0.2,1.8,-0.5
9.937784945,434.970000000,TARGET,0.49999999999984596,-0.39999999999844515,0.3000000000021332,-1.800000000009154,0.1999999999939533,1.7999999999859637,-0.5000000000000921,8.118808359977581e-13,-2.2339421978934126e-13,4.2901533020556215e-13,-3.3421876377559556e-13,1.18970111540051e-12,1.2138692828678188e-12,3.7950033740519196e-12,0.5,-0.4,0.3,-1.8,0.2,1.8,-0.5
9.950987543,434.980000000,TARGET,0.49999999999985373,-0.3999999999984474,0.3000000000021371,-1.8000000000091563,0.19999999999396467,1.7999999999859748,-0.5000000000000566,7.702281195655358e-13,-2.122989284369936e-13,4.068191096495699e-13,-3.1205593664651587e-13,1.1300743327224971e-12,1.1583997649999844e-12,3.6062333674813374e-12,0.5,-0.4,0.3,-1.8,0.2,1.8,-0.5
9.965979785,434.990000000,TARGET,0.49999999999986094,-0.3999999999984496,0.300000000002141,-1.8000000000091585,0.1999999999939755,1.799999999985986,-0.5000000000000222,7.313901546034118e-13,-2.0117414678555434e-13,3.8738521938863624e-13,-3.0091207303684087e-13,1.0731320346235584e-12,1.1028400415113992e-12,3.4286601335864475e-12,0.5,-0.4,0.3,-1.8,0.2,1.8,-0.5
9.998352151,435.000000000,TARGET,0.49999999999986816,-0.39999999999845126,0.3000000000021449,-1.8000000000091607,0.19999999999398577,1.799999999985997,-0.4999999999999898,6.953089905052667e-13,-1.9008926377406254e-13,3.679476428403161e-13,-2.8983759836620493e-13,1.0190025906409161e-12,1.0473427680679492e-12,3.2565478091939326e-12,0.5,-0.4,0.3,-1.8,0.2,1.8,-0.5
10.009072913,435.010000000,TARGET,0.4999999999998748,-0.3999999999984529,0.3000000000021482,-1.800000000009163,0.19999999999399548,1.799999999986006,-0.4999999999999587,6.592104249622532e-13,-1.817608563658979e-13,3.4852177567545883e-13,-2.7872149033214555e-13,9.677224299675657e-13,9.918108001549797e-13,3.094430094108258e-12,0.5,-0.4,0.3,-1.8,0.2,1.8,-0.5
10.019002967,435.020000000,TARGET,0.49999999999988093,-0.3999999999984546,0.30000000000215155,-1.8000000000091652,0.19999999999400464,1.7999999999860148,-0.4999999999999293,6.258866580392819e-13,-1.734289795107813e-13,3.318957522008281e-13,-2.676261989797979e-13,9.191839997479967e-13,9.475337181541477e-13,2.939020554704186e-12,0.5,-0.4,0.3,-1.8,0.2,1.8,-0.5
10.028856339,435.030000000,TARGET,0.49999999999988703,-0.39999999999845626,0.3000000000021549,-1.8000000000091674,0.19999999999401324,1.7999999999860237,-0.4999999999999015,5.95361596394256e-13,-1.651040415495686e-13,3.1523828686319533e-13,-2.565100909457385e-13,8.732814818501744e-13,9.029443859276398e-13,2.791891717812689e-12,0.5,-0.4,0.3,-1.8,0.2,1.8,-0.5
10.039077338,435.040000000,TARGET,0.4999999999998926,-0.3999999999984579,0.30000000000215765,-1.8000000000091696,0.19999999999402157,1.7999999999860326,-0.4999999999998749,5.648339868741248e-13,-1.567929813761637e-13,2.985758341955691e-13,-2.454425551690065e-13,8.303462084580104e-13,8.586673039268078e-13,2.6531103702875924e-12,0.5,-0.4,0.3,-1.8,0.2,1.8,-0.5
10.050343086,435.050000000,TARGET,0.49999999999989814,-0.3999999999984596,0.3000000000021604,-1.8000000000091718,0.19999999999402934,1.7999999999860414,-0.4999999999998499,5.370874643466361e-13,-1.4845590035061917e-13,2.846937095790647e-13,-2.343264471349471e-13,7.886885589059034e-13,8.141959328966664e-13,2.519861923289124e-12,0.5,-0.4,0.3,-1.8,0.2,1.8,-0.5
10.060466599,435.060000000,TARGET,0.49999999999990313,-0.39999999999846125,0.3000000000021632,-1.800000000009174,0.19999999999403684,1.799999999986048,-0.49999999999982603,5.093465796704444e-13,-1.4011881932507464e-13,2.7081418704777427e-13,-2.2321727799479163e-13,7.498498350022587e-13,7.698841564263148e-13,2.395033824043047e-12,0.5,-0.4,0.3,-1.8,0.2,1.8,-0.5
10.071580962,435.070000000,TARGET,0.49999999999990813,-0.39999999999846236,0.300000000002166,-1.8000000000091763,0.19999999999404405,1.7999999999860548,-0.49999999999980327,4.843505154242256e-13,-1.3180255498124183e-13,2.5693509819735283e-13,-2.1211504774854006e-13,7.12350317622068e-13,7.365288934302328e-13,2.275661430128917e-12,0.5,-0.4,0.3,-1.8,0.2,1.8,-0.5
10.083871358,435.080000000,TARGET,0.49999999999991257,-0.3999999999984635,0.3000000000021682,-1.8000000000091785,0.19999999999405071,1.7999999999860614,-0.4999999999997816,4.593729910351563e-13,-1.2626705236939983e-13,2.4305947879388334e-13,-2.0104751197180804e-13,6.7629842698258e-13,7.032915916305171e-13,2.1618644374665763e-12,0.5,-0.4,0.3,-1.8,0.2,1.8,-0.5
10.092884089,435.090000000,TARGET,0.499999999999917,-0.3999999999984646,0.3000000000021704,-1.8000000000091807,0.1999999999940571,1.799999999986068,-0.4999999999997611,4.3715600800756094e-13,-1.2070032473499026e-13,2.3196570532457716e-13,-1.8989670946822912e-13,6.429258167517382e-13,6.698391841197804e-13,2.053596008522174e-12,0.5,-0.4,0.3,-1.8,0.2,1.8,-0.5
10.105732746,435.100000000,TARGET,0.4999999999999209,-0.3999999999984657,0.30000000000217264,-1.800000000009183,0.1999999999940632,1.7999999999860747,-0.49999999999974165,4.1493354975899455e-13,-1.1515094433534045e-13,2.2086586032310507e-13,-1.7882223479759318e-13,6.110520076041404e-13,6.365741267444491e-13,1.950882164147849e-12,0.5,-0.4,0.3,-1.8,0.2,1.8,-0.5
10.117467490,435.110000000,TARGET,0.4999999999999248,-0.3999999999984668,0.30000000000217486,-1.8000000000091851,0.19999999999406903,1.7999999999860814,-0.49999999999972333,3.9552779454443687e-13,-1.0958421670093088e-13,2.09764714279026e-13,-1.67692248975726e-13,5.804627611905033e-13,6.031841692788475e-13,1.8537706092391915e-12,0.5,-0.4,0.3,-1.8,0.2,1.8,-0.5
10.126963428,435.120000000,TARGET,0.49999999999992867,-0.3999999999984679,0.3000000000021771,-1.8000000000091874,0.19999999999407458,1.799999999986088,-0.49999999999970557,3.7610387894349007e-13,-1.0405218353604084e-13,1.9864361891497317e-13,-1.5662471319899396e-13,5.513818568392281e-13,5.699954397364593e-13,1.7621589951111183e-12,0.5,-0.4,0.3,-1.8,0.2,1.8,-0.5
10.137057932,435.130000000,TARGET,0.499999999999932,-0.399999999998469,0.30000000000217875,-1.8000000000091896,0.19999999999407986,1.7999999999860925,-0.4999999999996889,3.5666006823267815e-13,-9.849586424248713e-14,1.875578685417434e-13,-1.4548778848322286e-13,5.235881173071277e-13,5.365916044830499e-13,1.67333074480025e-12,0.5,-0.4,0.3,-1.8,0.2,1.8,-0.5
10.146940959,435.140000000,TARGET,0.49999999999993533,-0.39999999999847013,0.3000000000021804,-1.8000000000091918,0.19999999999408485,1.799999999986097,-0.4999999999996728,3.4000612655210594e-13,-9.29482185663133e-14,1.7922230539924033e-13,-1.343994360247791e-13,4.972723621765596e-13,5.144773496112975e-13,1.590070956847267e-12,0.5,-0.4,0.3,-1.8,0.2,1.8,-0.5
10.156988521,435.150000000,TARGET,0.49999999999993866,-0.39999999999847125,0.3000000000021821,-1.800000000009194,0.19999999999408957,1.7999999999861014,-0.49999999999965783,3.233687189546641e-13,-8.739710344318752e-14,1.7088934434195124e-13,-1.2331108356633536e-13,4.723183649746332e-13,4.923422780578335e-13,1.509601471605393e-12,0.5,-0.4,0.3,-1.8,0.2,1.8,-0.5
10.167856316,435.160000000,TARGET,0.499999999999942,-0.3999999999984718,0.30000000000218374,-1.8000000000091962,0.199999999994094,1.7999999999861058,-0.4999999999996434,3.0670409788269293e-13,-8.18338452557299e-14,1.6257633260463589e-13,-1.1218109774446816e-13,4.486602062092615e-13,4.700337341567717e-13,1.4346622848049329e-12,0.5,-0.4,0.3,-1.8,0.2,1.8,-0.5
10.179828085,435.170000000,TARGET,0.49999999999994477,-0.39999999999847236,0.3000000000021854,-1.8000000000091962,0.19999999999409818,1.7999999999861103,-0.4999999999996295,2.9004619886419114e-13,-7.906175714111896e-14,1.5424879255820922e-13,-1.010788674982166e-13,4.2646441933413826e-13,4.4784315145207643e-13,1.3624891145869178e-12,0.5,-0.4,0.3,-1.8,0.2,1.8,-0.5
10.189787258,435.180000000,TARGET,0.49999999999994754,-0.3999999999984729,0.3000000000021871,-1.8000000000091962,0.19999999999410234,1.7999999999861147,-0.49999999999961675,2.761815841127724e-13,-7.630354681431584e-14,1.4591344625614067e-13,-1.0112050086164004e-13,4.0572233073188357e-13,4.257150187925163e-13,1.2931062470800114e-12,0.5,-0.4,0.3,-1.8,0.2,1.8,-0.5
10.202726724,435.190000000,TARGET,0.4999999999999503,-0.39999999999847347,0.3000000000021882,-1.8000000000091962,0.19999999999410623,1.7999999999861191,-0.49999999999960454,2.622918700810606e-13,-7.351411146494513e-14,1.375928451036179e-13,-1.010858063921205e-13,3.848536073158826e-13,4.0341341378535844e-13,1.2292727599727549e-12,0.5,-0.4,0.3,-1.8,0.2,1.8,-0.5
10.212743629,435.200000000,TARGET,0.49999999999995254,-0.399999999998474,0.3000000000021893,-1.8000000000091962,0.19999999999410983,1.7999999999861236,-0.4999999999995929,2.484282853217057e-13,-7.072988028600236e-14,1.3203761001223668e-13,-1.0106498971040878e-13,3.6537353004240103e-13,3.8114650324772015e-13,1.1681922790218735e-12,0.5,-0.4,0.3,-1.8,0.2,1.8,-0.5
10.233390773,435.210000000,TARGET,0.49999999999995476,-0.3999999999984746,0.3000000000021904,-1.8000000000091962,0.19999999999411344,1.799999999986128,-0.4999999999995818,2.373273561180611e-13,-6.79664657887713e-14,1.2648172439955196e-13,-1.010858063921205e-13,3.473792434260936e-13,3.5907388173939125e-13,1.1099081723142667e-12,0.5,-0.4,0.3,-1.8,0.2,1.8,-0.5
10.248642095,435.220000000,TARGET,0.499999999999957,-0.39999999999847513,0.3000000000021915,-1.8000000000091962,0.19999999999411677,1.7999999999861325,-0.49999999999957123,2.2621948802051262e-13,-6.518917350373243e-14,1.2093928289380607e-13,-1.010858063921205e-13,3.292886796568695e-13,3.367514600505217e-13,1.0544178377647206e-12,0.5,-0.4,0.3,-1.8,0.2,1.8,-0.5
10.262027824,435.230000000,TARGET,0.4999999999999592,-0.3999999999984757,0.3000000000021926,-1.8000000000091962,0.19999999999411983,1.7999999999861347,-0.49999999999956124,2.1510403050775673e-13,-6.240667704826564e-14,1.153940224624117e-13,-1.0109968417992832e-13,3.1267002875701166e-13,3.145678162397303e-13,1.0016770399245978e-12,0.5,-0.4,0.3,-1.8,0.2,1.8,-0.5
10.275903077,435.240000000,TARGET,0.4999999999999614,-0.39999999999847624,0.30000000000219373,-1.8000000000091962,0.19999999999412288,1.799999999986137,-0.4999999999995518,2.0402082800963228e-13,-5.963632365713067e-14,1.0983163163669207e-13,-1.010788674982166e-13,2.9736629825194427e-13,3.0338231926663184e-13,9.517083301990859e-13,0.5,-0.4,0.3,-1.8,0.2,1.8,-0.5
10.286015520,435.250000000,TARGET,0.4999999999999631,-0.3999999999984768,0.30000000000219484,-1.8000000000091962,0.19999999999412565,1.7999999999861391,-0.4999999999995429,1.9291794724207723e-13,-5.686250081904376e-14,1.0428463648182174e-13,-1.0109274528602441e-13,2.820755781729467e-13,2.9234947795941935e-13,9.045368620785865e-13,0.5,-0.4,0.3,-1.8,0.2,1.8,-0.5
10.295660169,435.260000000,TARGET,0.49999999999996475,-0.39999999999847735,0.30000000000219595,-1.8000000000091962,0.19999999999412843,1.7999999999861414,-0.4999999999995346,1.8458948562380395e-13,-5.409561687486075e-14,9.872181197523311e-14,-1.0111356196773613e-13,2.68290598071097e-13,2.812888810765912e-13,8.601079917736065e-13,0.5,-0.4,0.3,-1.8,0.2,1.8,-0.5
10.305768684,435.270000000,TARGET,0.4999999999999664,-0.3999999999984779,0.30000000000219706,-1.8000000000091962,0.19999999999413093,1.7999999999861436,-0.49999999999952627,1.7626937236225881e-13,-5.1295773184634186e-14,9.317828626731472e-14,-1.0106498971040878e-13,2.543494928564094e-13,2.701519563608201e-13,8.184676894562593e-13,0.5,-0.4,0.3,-1.8,0.2,1.8,-0.5
10.314097987,435.280000000,TARGET,0.4999999999999681,-0.39999999999847846,0.3000000000021982,-1.8000000000091962,0.19999999999413343,1.7999999999861458,-0.4999999999995185,1.679468738559342e-13,-4.8535828134355086e-14,8.761199231377415e-14,-1.0109968417992832e-13,2.4191412761886966e-13,2.5914687062922326e-13,7.768525406293136e-13,0.5,-0.4,0.3,-1.8,0.2,1.8,-0.5
10.324808775,435.290000000,TARGET,0.49999999999996975,-0.399999999998479,0.30000000000219873,-1.8000000000091962,0.19999999999413565,1.799999999986148,-0.4999999999995113,1.5960545602169973e-13,-4.575680112584024e-14,8.208668120235352e-14,-1.0107192860431269e-13,2.2940069982491096e-13,2.479752514439326e-13,7.38007745193503e-13,0.5,-0.4,0.3,-1.8,0.2,1.8,-0.5
10.339656213,435.300000000,TARGET,0.4999999999999714,-0.39999999999847957,0.3000000000021993,-1.8000000000091962,0.19999999999413787,1.7999999999861502,-0.49999999999950406,1.5128084332113878e-13,-4.2982978287753326e-14,7.930938891731465e-14,-1.010858063921205e-13,2.1829933694039738e-13,2.3694934903062403e-13,7.019072822966876e-13,0.5,-0.4,0.3,-1.8,0.2,1.8,-0.5
10.349844074,435.310000000,TARGET,0.4999999999999731,-0.3999999999984801,0.30000000000219984,-1.8000000000091962,0.1999999999941398,1.7999999999861525,-0.4999999999994974,1.42944087556246e-13,-4.0207420726190435e-14,7.653881868574519e-14,-1.0104417302869706e-13,2.0717195320374415e-13,2.2565976864896697e-13,6.658484527632957e-13,0.5,-0.4,0.3,-1.8,0.2,1.8,-0.5
10.361149633,435.320000000,TARGET,0.4999999999999742,-0.3999999999984807,0.3000000000022004,-1.8000000000091962,0.19999999999414175,1.7999999999861547,-0.4999999999994913,1.346345452658826e-13,-3.7442271505483404e-14,7.373875815508413e-14,-1.0112050086164004e-13,1.9747831841998575e-13,2.1467549959908183e-13,6.324801793411439e-13,0.5,-0.4,0.3,-1.8,0.2,1.8,-0.5
10.372062176,435.330000000,TARGET,0.4999999999999753,-0.39999999999848124,0.30000000000220095,-1.8000000000091962,0.1999999999941437,1.799999999986157,-0.4999999999994852,1.2907193759972846e-13,-3.466150977349258e-14,7.097751206219804e-14,-1.0109968417992832e-13,1.877508565284458e-13,2.036010249284459e-13,6.019689954839258e-13,0.5,-0.4,0.3,-1.8,0.2,1.8,-0.5
10.383951342,435.340000000,TARGET,0.4999999999999764,-0.3999999999984818,0.3000000000022015,-1.8000000000091962,0.19999999999414536,1.7999999999861591,-0.49999999999947964,1.2352179825855791e-13,-3.1879013318025784e-14,6.820932707540805e-14,-1.0110662307383222e-13,1.7810492664027677e-13,1.925543058334256e-13,5.71438729668472e-13,0.5,-0.4,0.3,-1.8,0.2,1.8,-0.5
10.402617473,435.350000000,TARGET,0.4999999999999775,-0.39999999999848235,0.30000000000220206,-1.8000000000091962,0.19999999999414703,1.7999999999861613,-0.4999999999994741,1.1797968201346376e-13,-2.910519047993887e-14,6.542531273689978e-14,-1.010788674982166e-13,1.6976003935909034e-13,1.8144513669327011e-13,5.437161137988866e-13,0.5,-0.4,0.3,-1.8,0.2,1.8,-0.5
10.417170759,435.360000000,TARGET,0.49999999999997863,-0.39999999999848235,0.3000000000022026,-1.8000000000091962,0.1999999999941487,1.7999999999861636,-0.4999999999994691,1.1242352535023592e-13,-2.6341775982707816e-14,6.26488878135989e-14,-1.0114131754335176e-13,1.614463771004715e-13,1.7036372312873027e-13,5.159128332876683e-13,0.5,-0.4,0.3,-1.8,0.2,1.8,-0.5
10.427212466,435.370000000,TARGET,0.49999999999997974,-0.39999999999848235,0.30000000000220317,-1.8000000000091962,0.19999999999415036,1.7999999999861658,-0.4999999999994641,1.0689436532110297e-13,-2.633483708880391e-14,5.986834292204257e-14,-1.010858063921205e-13,1.53031233518508e-13,1.5920598173124745e-13,4.909701117883358e-13,0.5,-0.4,0.3,-1.8,0.2,1.8,-0.5
10.439982532,435.380000000,TARGET,0.49999999999998085,-0.39999999999848235,0.3000000000022037,-1.8000000000091962,0.19999999999415174,1.799999999986168,-0.49999999999945965,1.0132671611484678e-13,-2.6329632918375978e-14,5.70992905735146e-14,-1.0109274528602441e-13,1.447965011780461e-13,1.481315070606115e-13,4.659909610960078e-13,0.5,-0.4,0.3,-1.8,0.2,1.8,-0.5
10.451144292,435.390000000,TARGET,0.49999999999998196,-0.39999999999848235,0.3000000000022043,-1.8000000000091962,0.19999999999415313,1.7999999999861702,-0.4999999999994552,9.575272432588156e-14,-2.6341775982707816e-14,5.433197294846259e-14,-1.0109968417992832e-13,1.3779775931421767e-13,1.369737656631287e-13,4.437682860070069e-13,0.5,-0.4,0.3,-1.8,0.2,1.8,-0.5
10.463572062,435.400000000,TARGET,0.49999999999998307,-0.39999999999848235,0.30000000000220484,-1.8000000000091962,0.19999999999415452,1.7999999999861724,-0.4999999999994508,9.021814328588618e-14,-2.6336571812279885e-14,5.154839229082331e-14,-1.0111356196773613e-13,1.3089616196504394e-13,1.259409243559162e-13,4.215837748344775e-13,0.5,-0.4,0.3,-1.8,0.2,1.8,-0.5
10.474074875,435.410000000,TARGET,0.4999999999999842,-0.39999999999848235,0.3000000000022054,-1.8000000000091962,0.19999999999415563,1.7999999999861747,-0.4999999999994469,8.467234075340557e-14,-2.634524542965977e-14,4.8766329516225504e-14,-1.0110662307383222e-13,1.2392430831509316e-13,1.1476236627672165e-13,3.993706407245945e-13,0.5,-0.4,0.3,-1.8,0.2,1.8,-0.5
10.483917467,435.420000000,TARGET,0.49999999999998473,-0.39999999999848235,0.30000000000220595,-1.8000000000091962,0.19999999999415674,1.7999999999861747,-0.499999999999443,7.910924519627383e-14,-2.633483708880391e-14,4.600378238073244e-14,-1.0109968417992832e-13,1.1840615293801093e-13,1.0364625824266227e-13,3.79959085028414e-13,0.5,-0.4,0.3,-1.8,0.2,1.8,-0.5
10.495945976,435.430000000,TARGET,0.4999999999999853,-0.39999999999848235,0.3000000000022065,-1.8000000000091962,0.19999999999415785,1.7999999999861747,-0.49999999999943967,7.633390447514543e-14,-2.6315755130568164e-14,4.3227574297866056e-14,-1.0107192860431269e-13,1.1282381279231757e-13,1.0366707492437399e-13,3.6051023277750005e-13,0.5,-0.4,0.3,-1.8,0.2,1.8,-0.5
10.505118593,435.440000000,TARGET,0.49999999999998584,-0.39999999999848235,0.30000000000220706,-1.8000000000091962,0.19999999999415896,1.7999999999861747,-0.49999999999943634,7.356436423563983e-14,-2.6331367641851955e-14,4.044421048066127e-14,-1.0109274528602441e-13,1.0728744281873759e-13,1.0368789160608571e-13,3.438568874081227e-13,0.5,-0.4,0.3,-1.8,0.2,1.8,-0.5
10.514028359,435.450000000,TARGET,0.4999999999999864,-0.39999999999848235,0.3000000000022076,-1.8000000000091962,0.19999999999416007,1.7999999999861747,-0.499999999999433,7.078739721125271e-14,-2.633483708880391e-14,3.767017080213986e-14,-1.010788674982166e-13,1.0172071518432801e-13,1.0366707492437399e-13,3.271861948039856e-13,0.5,-0.4,0.3,-1.8,0.2,1.8,-0.5
10.524363470,435.460000000,TARGET,0.49999999999998695,-0.39999999999848235,0.30000000000220817,-1.8000000000091962,0.1999999999941609,1.7999999999861747,-0.4999999999994297,6.799243243080233e-14,-2.6338306535755862e-14,3.4907406826212295e-14,-1.0110662307383222e-13,9.621903968026757e-14,1.0372258607560525e-13,3.1056233973369984e-13,0.5,-0.4,0.3,-1.8,0.2,1.8,-0.5
10.535688223,435.470000000,HOME,0.4999999999999875,-0.39999999999848235,0.3000000000022087,-1.8000000000091962,0.19999999999416174,1.7999999999861747,-0.4999999999994269,6.523709523975629e-14,-2.6326163471424024e-14,3.212230828553153e-14,-1.010788674982166e-13,9.197677341976629e-14,1.035838081975271e-13,2.939220047903923e-13,0.0,0.0,0.0,-1.57079,0.0,1.57079,-0.7853
10.547878372,435.480000000,HOME,0.4999999999999875,-0.3999999999983336,0.3000000000024169,-1.8000000000101066,0.19999999999371765,1.7999999999849223,-0.49999999999939526,1.5178830414797062e-18,1.4853240165590975e-11,2.083035848844672e-11,-9.113973464813796e-11,-4.4406233898341974e-11,-1.2530988052761316e-10,3.145510761581871e-12,0.0,0.0,0.0,-1.57079,0.0,1.57079,-0.7853
10.563550906,435.490000000,HOME,0.4993750000012095,-0.3995033528936725,0.29964462803456016,-1.7997134875107608,0.19974999999362172,1.7997134874838214,-0.5003566249986376,-0.062499999997203064,0.05000000001320608,-0.037499999978835005,0.028651249917041446,-0.025000000039215105,-0.028651250110996923,-0.035662499899153835,0.0,0.0,0.0,-1.57079,0.0,1.57079,-0.7853
10.573795134,435.500000000,HOME,0.49818750000219564,-0.39855301760414197,0.29894168316035097,-1.7991691137613555,0.1992749999935143,1.7991691137328487,-0.5010342124979322,-0.11875000000932144,0.09503352896647212,-0.07144628030039717,0.05443737492468431,-0.04750000003748113,-0.05443737509811584,-0.06775874990681213,0.0,0.0,0.0,-1.57079,0.0,1.57079,-0.7853
10.586822457,435.510000000,HOME,0.4964937500029798,-0.3971977158435519,0.2979257953183059,-1.7983926648868955,0.1985974999933989,1.7983926648569912,-0.5020006662472751,-0.16937500001903785,0.13553017607107343,-0.10191683155836939,0.07764488743171367,-0.06775000003561563,-0.0776448875864585,-0.09664537491397844,0.0,0.0,0.0,-1.57079,0.0,1.57079,-0.7853
10.598902722,435.520000000,HOME,0.49434437500359474,-0.3954779442590095,0.29663321578745144,-1.7974073483998856,0.19773774999327937,1.7974073483687387,-0.5032270996216646,-0.21493750002670026,0.1719771584651047,-0.12925795313793337,0.09853164868817457,-0.08597500003365913,-0.0985316488259069,-0.12264333742068192,0.0,0.0,0.0,-1.57079,0.0,1.57079,-0.7853
10.607842609,435.530000000,HOME,0.4917849375040682,-0.393430149832911,0.295094894209635,-1.7962340510615786,0.1967139749931588,1.7962340510293315,-0.5046875146585986,-0.25594375003264547,0.2047794426196328,-0.15383215782936566,0.11732973381911896,-0.10237750003165491,-0.11732973394137436,-0.14604150367693677,0.0,0.0,0.0,-1.57079,0.0,1.57079,-0.7853
10.618335707,435.540000000,HOME,0.48885644375442383,-0.39108713484941293,0.29333540478955855,-1.7948915709571034,0.19554257749303935,1.794891570923885,-0.5063585131918248,-0.2928493750371556,0.2343014983586172,-0.17594894205114822,0.13424801043707593,-0.11713975002963695,-0.13424801054527125,-0.1670998533077564,0.0,0.0,0.0,-1.57079,0.0,1.57079,-0.7853
10.628276868,435.550000000,HOME,0.485595799379681,-0.38847842136425603,0.29137686431145277,-1.793396826363076,0.19423831974292308,1.7933968263290034,-0.5082190368717151,-0.32606443754047226,0.26087134852362004,-0.19585404785030872,0.14947445939333176,-0.13042577502762912,-0.1494744594887566,-0.1860523679756613,0.0,0.0,0.0,-1.57079,0.0,1.57079,-0.7853
10.637569333,435.560000000,HOME,0.48203621944235636,-0.385630579227607,0.28923917788112463,-1.7917650437284505,0.19281448776781113,1.7917650436936299,-0.5102501331836047,-0.35595799379279225,0.2847842136720468,-0.2137686430691577,0.16317826345405323,-0.14238319752565376,-0.163178263537881,-0.20310963117693048,0.0,0.0,0.0,-1.57079,0.0,1.57079,-0.7853
10.647407536,435.570000000,HOME,0.47820759749871405,-0.38256752130461574,0.2869402600938,-1.790009926857286,0.19128303899020477,1.7900099268218137,-0.5124347448642956,-0.3828621944192835,0.30630579230556315,-0.2298917787657703,0.17551168710877824,-0.1531448777737235,-0.17551168718207683,-0.21846116805820845,0.0,0.0,0.0,-1.57079,0.0,1.57079,-0.7853
10.658241768,435.580000000,HOME,0.4741368377493912,-0.37931076917391704,0.2844962340851816,-1.7881438091732358,0.18965473509035471,1.7881438091371995,-0.5147575203769081,-0.4070759749825904,0.32567521307566505,-0.24440260089240776,0.18661176839810328,-0.16283038999685207,-0.18661176846184463,-0.2322775512514748,0.0,0.0,0.0,-1.57079,0.0,1.57079,-0.7853
10.667485349,435.590000000,HOME,0.46984815397496044,-0.3758796922562822,0.2819216106774015,-1.7861777907575878,0.18793926158048632,1.786177790721067,-0.5172046433382518,-0.42886837748908413,0.34310769176869976,-0.25746234080609887,0.19660184155855964,-0.1715473509975468,-0.19660184161363004,-0.24471229612552434,0.0,0.0,0.0,-1.57079,0.0,1.57079,-0.7853
10.681212251,435.600000000,HOME,0.46536333857793666,-0.37229172303040536,0.2792294496103782,-1.784121861683501,0.1861453354216028,1.7841218616465686,-0.5197636790034542,-0.44848153974449295,0.3587969225923794,-0.269216106728167,0.20559290740302533,-0.17939261589806152,-0.20559290745022982,-0.2559035665122626,0.0,0.0,0.0,-1.57079,0.0,1.57079,-0.7853
10.692270614,435.610000000,HOME,0.46070200472058287,-0.3685625507271112,0.2764315046500382,-1.7819850130168193,0.1842808018786065,1.7819850129795403,-0.5224234361021304,-0.4661333857739659,0.3729172303336441,-0.27979449605779716,0.21368486666309722,-0.18645335430842863,-0.21368486670317433,-0.2659757098604113,0.0,0.0,0.0,-1.57079,0.0,1.57079,-0.7853
10.702235733,435.620000000,HOME,0.4558818042489354,-0.364706295654142,0.273538354185715,-1.7797753367168012,0.18235272168990943,1.7797753366792355,-0.5251738424909334,-0.48202004720013264,0.3856255073007399,-0.2893150464542564,0.2209676299972081,-0.19280801887767104,-0.2209676300308184,-0.2750406388738196,0.0,0.0,0.0,-1.57079,0.0,1.57079,-0.7853
10.712534707,435.630000000,HOME,0.45091862382442655,-0.36073566608846547,0.2705595187678086,-1.77750011554678,0.18036744952008255,1.7775001155089811,-0.5280058332408515,-0.4963180424833575,0.39706295657108903,-0.2978835418108802,0.22752211699794977,-0.1985272169899095,-0.22752211702570274,-0.2831990749859587,0.0,0.0,0.0,-1.57079,0.0,1.57079,-0.7853
10.722275300,435.640000000,HOME,0.44582676144234507,-0.35666209947935285,0.2675035668916788,-1.7751659039937557,0.1783307045672394,1.7751659039557728,-0.5309112499157734,-0.509186238237963,0.40735666091436884,-0.30559518763166915,0.23342115529865354,-0.2036744952908527,-0.2334211553210935,-0.29054166748694277,0.0,0.0,0.0,-1.57079,0.0,1.57079,-0.7853
10.733635529,435.650000000,HOME,0.44061908529845073,-0.3524958895311479,0.2643782102031493,-1.7727786010960287,0.17624763410968228,1.7727786010579056,-0.5338827499231996,-0.520767614416837,0.41662099482328974,-0.3125356688702211,0.23873028976931845,-0.20830704576163578,-0.23873028978694488,-0.2971500007378874,0.0,0.0,0.0,-1.57079,0.0,1.57079,-0.7853
10.742831841,435.660000000,HOME,0.4353071767689269,-0.3482463005777603,0.2611903891834612,-1.7703435159880685,0.17412287069788304,1.7703435159498455,-0.5369137249298803,-0.5311908529775763,0.42495889534128983,-0.31878210198477247,0.24350851079295233,-0.21247634118528183,-0.2435085108062131,-0.30309750066378605,0.0,0.0,0.0,-1.57079,0.0,1.57079,-0.7853
10.751856929,435.670000000,HOME,0.42990145909233846,-0.34392167051970846,0.2579463502657317,-1.7678654268908982,0.17196058362726663,1.7678654268526122,-0.5399982274358902,-0.540571767682015,0.43246300580746505,-0.32440389178773643,0.2478089097142474,-0.2162287070665087,-0.2478089097235516,-0.30845025059713843,0.0,0.0,0.0,-1.57079,0.0,1.57079,-0.7853
10.762578988,435.680000000,HOME,0.42441131318339376,-0.3395295034674591,0.25465171523976576,-1.7653486342034386,0.16976452526371497,1.7653486341651223,-0.5431309046912971,-0.5490145909158015,0.4392167052270002,-0.32946350261028345,0.2516792687434393,-0.21960583635956532,-0.2516792687491624,-0.31326772553719673,0.0,0.0,0.0,-1.57079,0.0,1.57079,-0.7853
10.772267008,435.690000000,HOME,0.4188451818653299,-0.3350765531204321,0.2513115437163879,-1.7627970082847184,0.16753807273652213,1.762797008246402,-0.5463069392211612,-0.556613131826018,0.445295034704561,-0.33401715235046336,0.255162591869734,-0.22264525272327093,-0.25516259187221063,-0.3176034529832817,0.0,0.0,0.0,-1.57079,0.0,1.57079,-0.7853
10.782071033,435.700000000,HOME,0.41321066367906045,-0.3305688978081055,0.24793038934534023,-1.7602140324578635,0.16528426546205266,1.7602140324195739,-0.5495219952980372,-0.563451818645036,0.45076553123434693,-0.3381154371165215,0.25829758268341757,-0.22538072745056603,-0.25829758268295294,-0.32150560768479336,0.0,0.0,0.0,-1.57079,0.0,1.57079,-0.7853
10.793727226,435.710000000,HOME,0.40751459731140727,-0.32601200802700936,0.2445123504113904,-1.757602841713687,0.16300583891503448,1.757602841675449,-0.5527721707672245,-0.5696066367819912,0.4556889781111375,-0.3418038934058786,0.2611190744157522,-0.22784265470509552,-0.2611190744126221,-0.3250175469161846,0.0,0.0,0.0,-1.57079,0.0,1.57079,-0.7853
10.803716300,435.720000000,HOME,0.40176313758050997,-0.3214108072240209,0.24106111537082936,-1.7549662575439213,0.16070525502272273,1.754966257505757,-0.556053953689492,-0.5751459731051001,0.4601200803002337,-0.3451235040662112,0.26365841697486775,-0.230058389234138,-0.26365841696932274,-0.3281782922244604,0.0,0.0,0.0,-1.57079,0.0,1.57079,-0.7853
10.812836897,435.730000000,HOME,0.3959618238226941,-0.31676972650132934,0.23758000383431885,-1.7523068192911249,0.1583847295196472,1.7523068192530542,-0.559364183319532,-0.580131375795759,0.4641080722704073,-0.3481111536604288,0.26594382527808913,-0.2320525503102452,-0.2659438252703549,-0.33102296300193407,0.0,0.0,0.0,-1.57079,0.0,1.57079,-0.7853
10.823004487,435.740000000,HOME,0.3901156414406526,-0.31209275385090524,0.2340720034514544,-1.7496268123636007,0.15604625656688437,1.7496268123256422,-0.5627000149865672,-0.5846182382172241,0.46769726504355097,-0.3508000382951485,0.26800069275100125,-0.23384729527871417,-0.2680006927412806,-0.3335831667016794,0.0,0.0,0.0,-1.57079,0.0,1.57079,-0.7853
10.834886068,435.750000000,HOME,0.384229077296809,-0.3073834784655219,0.230539803106872,-1.7469282936288215,0.1536916309094033,1.7469282935909918,-0.5660588884868986,-0.5886564143964227,0.47092753853936953,-0.35322003446632566,0.2698518734766325,-0.2354625657503096,-0.2698518734651126,-0.33588735003147263,0.0,0.0,0.0,-1.57079,0.0,1.57079,-0.7853
10.842777663,435.760000000,HOME,0.3783061695673444,-0.3026451306186754,0.22698582279674387,-1.7442131142675128,0.15132246781767605,1.7442131142298267,-0.5694384996371965,-0.5922907729575904,0.47383478468559675,-0.3553980310203196,0.2715179361297133,-0.23691630917472198,-0.2715179361165625,-0.337961115028302,0.0,0.0,0.0,-1.57079,0.0,1.57079,-0.7853
10.854233635,435.770000000,HOME,0.3723505526108218,-0.297880617556512,0.2234122405176251,-1.7414829403423273,0.14894022103512738,1.7414829403047984,-0.572836774672465,-0.5955616956625363,0.4764513062171921,-0.35735822791885263,0.27301739251749535,-0.23822467825667126,-0.2730173925028643,-0.3398275035254657,0.0,0.0,0.0,-1.57079,0.0,1.57079,-0.7853
10.865016653,435.780000000,HOME,0.3663654973499477,-0.29309255580056365,0.21982101646641514,-1.7387392713096526,0.1465461989308397,1.7387392712722933,-0.5762518472042065,-0.5985055260968913,0.4788061755956195,-0.35912240512747573,0.2743669032665106,-0.23940221043040522,-0.27436690325053603,-0.3415072531729234,0.0,0.0,0.0,-1.57079,0.0,1.57079,-0.7853
10.874085097,435.790000000,HOME,0.360353947615158,-0.28828330022020876,0.2162139148203235,-1.7359834566802372,0.14414157903698702,1.7359834566430592,-0.5796820374827739,-0.60115497348772,0.4809255580361974,-0.3607101646151833,0.2755814629406319,-0.24046198938674743,-0.27558146292343916,-0.3430190278556481,0.0,0.0,0.0,-1.57079,0.0,1.57079,-0.7853
10.883763193,435.800000000,HOME,0.35431855285384506,-0.2834549701978882,0.21259252333883877,-1.7332167110137555,0.14172742113252598,1.7332167109767687,-0.5831258337334848,-0.6035394761393794,0.4828330022327101,-0.3621391481540703,0.27667456664734424,-0.24141579044743794,-0.2766745666290495,-0.34437962507011494,0.0,0.0,0.0,-1.57079,0.0,1.57079,-0.7853
10.895946731,435.810000000,HOME,0.3482616975686617,-0.2786094731777985,0.20895827100550057,-1.7304401274139138,0.13930467901851762,1.7304401273771275,-0.5865818753591252,-0.6056855285257935,0.484549702009566,-0.3634252333390218,0.2776583599833938,-0.24227421140204278,-0.27765835996409716,-0.34560416256314497,0.0,0.0,0.0,-1.57079,0.0,1.57079,-0.7853
10.904934160,435.820000000,HOME,0.3421855278119957,-0.27374852585971665,0.20531244390549455,-1.7276546896740486,0.1368742111159168,1.727654689637471,-0.5900489378222019,-0.6076169756734888,0.48609473180873153,-0.364582710005435,0.27854377398584074,-0.2430467902611721,-0.2785437739656357,-0.3467062463068805,0.0,0.0,0.0,-1.57079,0.0,1.57079,-0.7853
10.914125903,435.830000000,HOME,0.3360919750309959,-0.2688736732734419,0.2016561995154878,-1.7248612832081618,0.1344367900035829,1.7248612831718004,-0.5935259190389717,-0.6093552781063429,0.48748525862797537,-0.36562443900516545,0.2793406465880531,-0.24374211123437453,-0.27934064656702173,-0.34769812167625136,0.0,0.0,0.0,-1.57079,0.0,1.57079,-0.7853
10.924302610,435.840000000,HOME,0.3299827775280962,-0.26398630594579364,0.1979905795644807,-1.7220607048888557,0.13199311100248937,1.7220607048527174,-0.5970118271340651,-0.6109197502958449,0.48873673276529045,-0.36656199510488446,0.2800578319300498,-0.24436790011024365,-0.28005783190826694,-0.3485908095086924,0.0,0.0,0.0,-1.57079,0.0,1.57079,-0.7853
10.934775150,435.850000000,HOME,0.32385949977548706,-0.2590876753509092,0.19431652160857354,-1.719253671901472,0.12954379990151224,1.7192536718655633,-0.6005057694196496,-0.6123277752663311,0.48986305948887066,-0.36740579559459613,0.28070329873785016,-0.24493111009851343,-0.2807032987153843,-0.34939422855789654,0.0,0.0,0.0,-1.57079,0.0,1.57079,-0.7853
10.944992133,435.860000000,HOME,0.31772354979814,-0.2541789078155123,0.19063486944825656,-1.7164408297128182,0.12708941991064002,1.716440829677145,-0.6040069424766767,-0.6135949977397062,0.4908767535400892,-0.3681652160353027,0.2812842188648763,-0.24543799908794453,-0.28128421884179117,-0.3501173057021882,0.0,0.0,0.0,-1.57079,0.0,1.57079,-0.7853
10.953921745,435.870000000,HOME,0.3115761948185293,-0.24926101703365414,0.186946382503971,-1.7136227592430215,0.12463047791886227,1.7136227592075888,-0.6075146232280018,-0.6147354979656852,0.4917890781861829,-0.3688486944319069,0.28180704697919934,-0.24589419917842137,-0.2818070469555515,-0.35076807513205455,0.0,0.0,0.0,-1.57079,0.0,1.57079,-0.7853
10.964223058,435.880000000,HOME,0.3054185753368819,-0.24433491532998092,0.18325174425411392,-1.7107999833201963,0.12216743012626971,1.7107999832850087,-0.6110281609041954,-0.6157619481690093,0.49261017036766497,-0.36946382498882074,0.28227759228209526,-0.2463047792598397,-0.2822775922579349,-0.35135376761894194,0.0,0.0,0.0,-1.57079,0.0,1.57079,-0.7853
10.974099653,435.890000000,HOME,0.29925171780340165,-0.23940142379667415,0.17955156982924267,-1.7079729724896453,0.11970068711294386,1.7079729724547073,-0.6145469698127708,-0.6166857533519479,0.49334915333099605,-0.3700174424900154,0.28270108305470515,-0.24667430133310653,-0.28270108303007774,-0.3518808908571416,0.0,0.0,0.0,-1.57079,0.0,1.57079,-0.7853
10.987369361,435.900000000,HOME,0.29307654602327227,-0.23446128141669723,0.17584641284685884,-1.7051421502421409,0.11723061840095818,1.7051421502074564,-0.6180705228304892,-0.6175171780165384,0.4940142379979918,-0.3705156982410644,0.2830822247500541,-0.24700687119903675,-0.28308222472500244,-0.352355301771524,0.0,0.0,0.0,-1.57079,0.0,1.57079,-0.7853
10.997369295,435.910000000,HOME,0.2868938914211593,-0.22951515327471714,0.17213677156271392,-1.7023078977193786,0.11475755656017872,1.7023078976849513,-0.6215983455464369,-0.6182654602146179,0.4946128141982866,-0.3709641284169837,0.28342525227587123,-0.247306184078365,-0.28342525225043413,-0.3527822715944768,0.0,0.0,0.0,-1.57079,0.0,1.57079,-0.7853
11.007137648,435.920000000,HOME,0.2807045022792614,-0.22456363794693426,0.16842309440698416,-1.6994705579488842,0.11228180090348494,1.6994705579147171,-0.6251300109907909,-0.6189389141928404,0.4951515327785496,-0.37136771557528797,0.28373397704910736,-0.24757556566975164,-0.28373397702331843,-0.35316654443513734,0.0,0.0,0.0,-1.57079,0.0,1.57079,-0.7853
11.019310110,435.930000000,HOME,0.2745090520515575,-0.2196072741519289,0.1647057849668282,-1.696630439655431,0.10980362081246836,1.6966304396215268,-0.6286651348907106,-0.6195450227731922,0.49563637950078493,-0.3717309440177403,0.2840118293450242,-0.24781800910199103,-0.2840118293189132,-0.35351238999173323,0.0,0.0,0.0,-1.57079,0.0,1.57079,-0.7853
11.027809493,435.940000000,HOME,0.2683081468466286,-0.21464654673642328,0.16098520647068884,-1.6937878206913146,0.10732325873056132,1.6937878206576764,-0.6322033714006396,-0.620090520495462,0.49607274155079584,-0.37205784961592714,0.2842618964113526,-0.24803620819099817,-0.28426189638494426,-0.35382365099267316,0.0,0.0,0.0,-1.57079,0.0,1.57079,-0.7853
11.037149777,435.950000000,HOME,0.2621023321621976,-0.20968189206246746,0.1572616858241645,-1.6909429511236012,0.10484093285685296,1.6909429510902316,-0.6357444092595769,-0.6205814684454586,0.4964654673958039,-0.3723520646542764,0.2844869567710464,-0.24823258737109638,-0.2844869567443702,-0.35410378589352004,0.0,0.0,0.0,-1.57079,0.0,1.57079,-0.7853
11.049061029,435.960000000,HOME,0.25589209894621506,-0.20471370285590645,0.15353551724229383,-1.6880960560126508,0.1023568395705235,1.688096055979552,-0.6392879683326214,-0.621023321600411,0.49681892065631034,-0.3726168581887732,0.284689511094772,-0.24840932863317708,-0.28468951106785245,-0.3543559073042839,0.0,0.0,0.0,-1.57079,0.0,1.57079,-0.7853
11.058817966,435.970000000,HOME,0.24967788905183655,-0.1997423325700008,0.1498069655186116,-1.685247337912787,0.09987115561283509,1.6852473378799608,-0.6428337964983627,-0.621420989439824,0.4971370285907653,-0.37285517236980364,0.28487180998612593,-0.24856839576904227,-0.2848718099589811,-0.3545828165739763,0.0,0.0,0.0,-1.57079,0.0,1.57079,-0.7853
11.069657718,435.980000000,HOME,0.243460100146902,-0.19476809931268496,0.14607626896729906,-1.6823969791229012,0.0973840400509237,1.6823969790903497,-0.6463816668475307,-0.6217788904952534,0.4974233257317738,-0.37306965513271645,0.28503587898834826,-0.2487115561913134,-0.285035878960996,-0.35478703491669905,0.0,0.0,0.0,-1.57079,0.0,1.57079,-0.7853
11.080086403,435.990000000,HOME,0.23723909013246736,-0.18979128938109996,0.1423436420711193,-1.6795451437119955,0.0948956360452117,1.6795451436797202,-0.6499313751617832,-0.6221010014450976,0.4976809931586809,-0.37326268961932396,0.2851835410903498,-0.24884040057135007,-0.2851835410628079,-0.3549708314251561,0.0,0.0,0.0,-1.57079,0.0,1.57079,-0.7853
11.090221347,436.000000000,HOME,0.231015181119483,-0.18481216044267276,0.13860927786455918,-1.6766919793421717,0.09240607244007924,1.6766919793101744,-0.6534827376446121,-0.6223909012999148,0.4979128938428963,-0.37343642065725763,0.28531643698215015,-0.2489563605133755,-0.28531643695443176,-0.3551362482827675,0.0,0.0,0.0,-1.57079,0.0,1.57079,-0.7853
11.102799687,436.010000000,HOME,0.22478866300780428,-0.1798309443980876,0.13487335007865678,-1.673837618909322,0.0899154651954684,1.6738376188776043,-0.6570355888791594,-0.6226518111692101,0.49812160445868997,-0.37359277859138695,0.28543604328477246,-0.24906072446119182,-0.2854360432568931,-0.3552851234546167,0.0,0.0,0.0,-1.57079,0.0,1.57079,-0.7853
11.120034923,436.020000000,HOME,0.218559796707301,-0.17484784995796024,0.13113601507134645,-1.6709821820197488,0.08742391867532709,1.6709821819883122,-0.6605897799902529,-0.6228866300515362,0.49830944401290433,-0.3737335007320929,0.2855436889571354,-0.24915465201421938,-0.28554368892910803,-0.3554191111092815,0.0,0.0,0.0,-1.57079,0.0,1.57079,-0.7853
11.130470384,436.030000000,HOME,0.2123288170368559,-0.16986306496184483,0.127397413564769,-1.6681257763191244,0.08493152680720845,1.6681257762879698,-0.6641451769902385,-0.6230979670455901,0.4984784996116973,-0.37386015065871975,0.2856405700622608,-0.2492391868119368,-0.2856405700340985,-0.35553969999848256,0.0,0.0,0.0,-1.57079,0.0,1.57079,-0.7853
11.141023620,436.040000000,HOME,0.20609593533346354,-0.1648767584653403,0.12365767220885118,-1.665268498688554,0.08243837412591026,1.6652684986576827,-0.6677016592902267,-0.6232881703402008,0.4986306496506097,-0.3739741355926758,0.285727763056877,-0.24931526812987606,-0.28572776302858577,-0.35564822999876516,0.0,0.0,0.0,-1.57079,0.0,1.57079,-0.7853
11.150931617,436.050000000,HOME,0.19986134180041898,-0.15988908261848547,0.11991690498852714,-1.6624104363210317,0.07994453671275056,1.662410436290445,-0.6712591183602173,-0.6234593533053129,0.4987675846856306,-0.37407672203322956,0.28580623675203115,-0.24938374131601468,-0.28580623672362165,-0.35574590699901926,0.0,0.0,0.0,-1.57079,0.0,1.57079,-0.7853
11.159893244,436.060000000,HOME,0.19362520762068777,-0.15490017435631548,0.11617521449023747,-1.6595516676902533,0.07745008304091555,1.6595516676599522,-0.6748174565232102,-0.6236134179738775,0.49889082621714975,-0.37416904982972343,0.28587686307766924,-0.249445367183533,-0.2858768630491516,-0.3558338162992512,0.0,0.0,0.0,-1.57079,0.0,1.57079,-0.7853
11.170399628,436.070000000,HOME,0.18738768685893883,-0.14991015692036178,0.11243269304177876,-1.656692263422544,0.07495507473627282,1.6566922633925296,-0.678376585869905,-0.6237520761755517,0.499001743595517,-0.37425214484656455,0.28594042677074455,-0.2495008304642932,-0.2859404267421246,-0.35591293466945934,0.0,0.0,0.0,-1.57079,0.0,1.57079,-0.7853
11.180420555,436.080000000,HOME,0.18114891817337425,-0.14491914122800276,0.10868942373816791,-1.6538322870815971,0.07245956726210318,1.65383228705187,-0.6819364272819319,-0.6238768685570248,0.4991015692360476,-0.3743269303617192,0.28599763409451395,-0.2495507474169712,-0.28599763406579953,-0.35598414120264976,0.0,0.0,0.0,-1.57079,0.0,1.57079,-0.7853
11.197309863,436.090000000,HOME,0.1749090263563759,-0.13992722710487893,0.10494548136492013,-1.6509717958747365,0.0699636105353594,1.6509717958452976,-0.6854969095527572,-0.623989181700318,0.49919141231252523,-0.3743942373253572,0.28604912068590743,-0.24959567267437463,-0.28604912065710175,-0.3560482270825189,0.0,0.0,0.0,-1.57079,0.0,1.57079,-0.7853
11.209286717,436.100000000,HOME,0.16866812372108744,-0.13493450439406673,0.10120093322899909,-1.6481108412885532,0.06746724948129897,1.6481108412594034,-0.6890579685965017,-0.6240902635292523,0.4992722710813557,-0.3744548135926322,0.28609545861816266,-0.24963610540603207,-0.28609545858927066,-0.3561059043744032,0.0,0.0,0.0,-1.57079,0.0,1.57079,-0.7853
11.222029402,436.110000000,HOME,0.1624263113493382,-0.12994105395433508,0.0974558399066721,-1.6452494696609796,0.06497052453265359,1.6452494696321194,-0.6926195467358727,-0.6241812371752656,0.4993450439733023,-0.37450933223318206,0.28613716275719425,-0.24967249486451787,-0.2861371627282211,-0.35615781393709667,0.0,0.0,0.0,-1.57079,0.0,1.57079,-0.7853
11.229913318,436.120000000,HOME,0.15618368021477438,-0.12494694855857594,0.09371025591657968,-1.6423877226961547,0.062473472078881806,1.6423877226675851,-0.6961815920613078,-0.6242631134566521,0.49941053957605464,-0.3745583990096805,0.2861746964823217,-0.2497052453771494,-0.28617469645326765,-0.3562045325435253,0.0,0.0,0.0,-1.57079,0.0,1.57079,-0.7853
11.247890499,436.130000000,HOME,0.14994031219367768,-0.11995225370239193,0.08996423032549833,-1.639525637927804,0.05997612487049633,1.6395256378995255,-0.6997440578542009,-0.6243368021098775,0.49946948561853244,-0.3746025591085341,0.28620847683493983,-0.24973472083851178,-0.2862084768058115,-0.3562465792893111,0.0,0.0,0.0,-1.57079,0.0,1.57079,-0.7853
11.264653157,436.140000000,HOME,0.14369628097470152,-0.11495702833182561,0.08621780729352686,-1.6366632491362796,0.05747851238295856,1.6366632491082929,-0.703306902067806,-0.6244031218977603,0.49952253705676203,-0.37464230319750946,0.2862388791523014,-0.2497612487537331,-0.28623887912309876,-0.35628442136051836,0.0,0.0,0.0,-1.57079,0.0,1.57079,-0.7853
11.280043597,436.150000000,HOME,0.13745165287763406,-0.10996132549831522,0.08247102656475419,-1.6338005867238987,0.054980661144183804,1.6338005866962049,-0.7068700868600519,-0.6244628097068372,0.4995702833511694,-0.37467807287759586,0.2862662412379248,-0.24978512387742702,-0.28626624120864935,-0.35631847922460436,0.0,0.0,0.0,-1.57079,0.0,1.57079,-0.7853
11.297407682,436.160000000,HOME,0.13120648759028458,-0.10496519294815516,0.07872392390886032,-1.6309376780527471,0.05248259502929578,1.6309376780253466,-0.7104335781730745,-0.624516528734994,0.4996132550161359,-0.37471026558968384,0.2862908671149884,-0.2498066114887466,-0.286290867085646,-0.356349131302283,0.0,0.0,0.0,-1.57079,0.0,1.57079,-0.7853
11.308203483,436.170000000,HOME,0.12496083883168133,-0.09996867365301038,0.0749765315185573,-1.6280745477487024,0.04998433552590589,1.6280745477215957,-0.7139973453547963,-0.6245648758603255,0.4996519295146057,-0.37473923903057416,0.2863130304043449,-0.24982595033892976,-0.28631303037493455,-0.35637671817219374,0.0,0.0,0.0,-1.57079,0.0,1.57079,-0.7853
11.318140810,436.180000000,HOME,0.11871475494894976,-0.09497180628737935,0.07122887836728582,-1.6252112179750533,0.04748590197286434,1.6252112179482412,-0.7175613608183473,-0.6246083882731206,0.49968673656322954,-0.3747653151273896,0.2863329773647744,-0.24984335530409071,-0.28633297733529434,-0.35640154635511323,0.0,0.0,0.0,-1.57079,0.0,1.57079,-0.7853
11.328670852,436.190000000,HOME,0.11246827945450266,-0.08997462565831069,0.06748099053114266,-1.6223477086787603,0.04498731177513633,1.6223477086522435,-0.7211255997355448,-0.624647549444637,0.49971806290699106,-0.37478878361453827,0.28635092962916064,-0.24985901977273156,-0.2863509295996137,-0.35642389171974026,0.0,0.0,0.0,-1.57079,0.0,1.57079,-0.7853
11.339604344,436.200000000,HOME,0.10622145150951158,-0.08497716309214817,0.06373289147861481,-1.6194840378120878,0.042488580597190545,1.6194840377858668,-0.7246900397610235,-0.6246827944990067,0.4997462566163765,-0.3748099052529884,0.28636708666711336,-0.2498731177945052,-0.28636708663749944,-0.3564440025479011,0.0,0.0,0.0,-1.57079,0.0,1.57079,-0.7853
11.354580956,436.210000000,HOME,0.0999743063590308,-0.07997944678260117,0.05998460233134055,-1.6166202215320737,0.039989722537048786,1.616620221506149,-0.728254660783956,-0.6247145150479515,0.4997716309548241,-0.3748289147276124,0.28638162800127415,-0.24988580601409832,-0.28638162797159067,-0.35646210229324904,0.0,0.0,0.0,-1.57079,0.0,1.57079,-0.7853
11.367665551,436.220000000,HOME,0.09372687572360916,-0.07498150210400814,0.05623614209879432,-1.6137562743800522,0.037490750282930696,1.6137562743544245,-0.7318194447045964,-0.6247430635420189,0.4997944678594277,-0.37484602325479366,0.28639471520202037,-0.24989722541172948,-0.28639471517226456,-0.3564783920640618,0.0,0.0,0.0,-1.57079,0.0,1.57079,-0.7853
11.377145410,436.230000000,HOME,0.08747918815174051,-0.06998335189327368,0.052487527889503116,-1.610892209443224,0.034991675254233905,1.6108922094178937,-0.7353843752331743,-0.6247687571867028,0.4998150210735712,-0.37486142092927766,0.2864064936826981,-0.24990750286959573,-0.2864064936528709,-0.35649305285779187,0.0,0.0,0.0,-1.57079,0.0,1.57079,-0.7853
11.386725809,436.240000000,HOME,0.08123126933706927,-0.06498501670361191,0.04873877510114122,-1.6080280385000698,0.03249250772841632,1.6080280384750376,-0.7389494377088955,-0.6247918814669486,0.4998335189663006,-0.3748752788363353,0.2864170943153141,-0.24991675258167376,-0.2864170942854097,-0.35650624757214566,0.0,0.0,0.0,-1.57079,0.0,1.57079,-0.7853
11.402197290,436.250000000,HOME,0.0749831424038754,-0.059986515032915556,0.04498989759161549,-1.605163772151222,0.029993256955190017,1.6051637721264886,-0.7425146189370458,-0.6248126933192064,0.4998501670697577,-0.3748877509527101,0.28642663488467063,-0.24992507732254285,-0.2864266348546895,-0.3565181228150678,0.0,0.0,0.0,-1.57079,0.0,1.57079,-0.7853
11.414199561,436.260000000,HOME,0.06873482816401075,-0.0549878635292881,0.04124090783304204,-1.6022994199372498,0.02749393125929589,1.6022994199128162,-0.7460799070423827,-0.6248314239862819,0.49986515036286955,-0.37489897585747145,0.2864352213970982,-0.24993256958932458,-0.2864352213670382,-0.356528810533698,0.0,0.0,0.0,-1.57079,0.0,1.57079,-0.7853
11.423872628,436.270000000,HOME,0.06248634534814196,-0.04998907717602261,0.03749181705032543,-1.5994349904446656,0.024994538133000715,1.599434990420533,-0.7496452913371873,-0.6248482815866991,0.49987863532667137,-0.3749090782717804,0.2864429492582873,-0.24993931262942826,-0.2864429492281481,-0.3565384294804609,0.0,0.0,0.0,-1.57079,0.0,1.57079,-0.7853
11.436851827,436.280000000,HOME,0.0562377108138689,-0.044990169458082915,0.03374263534587973,-1.596570491401331,0.022495084319344594,1.5965704913774994,-0.7532107622025127,-0.6248634534271322,0.49989077179409297,-0.3749181704446834,0.2864499043333596,-0.24994538136552183,-0.2864499043031432,-0.35654708653254685,0.0,0.0,0.0,-1.57079,0.0,1.57079,-0.7853
11.455013788,436.290000000,HOME,0.05061393972392038,-0.04047788346008428,0.0303443202258665,-1.5939924422625364,0.020245575886614114,1.5939924422386602,-0.7564196859810175,-0.5623771080910352,0.4499016946147166,-0.3374263534073835,0.257804913899796,-0.2249508432290458,-0.25780491387343085,-0.3208923778792685,0.0,0.0,0.0,-1.57079,0.0,1.57079,-0.7853
11.467972173,436.300000000,HOME,0.045552545743672165,-0.03642062896634794,0.027295353632716107,-1.591672198037604,0.018221018297198088,1.5916721980137087,-0.7593077173816993,-0.5061393971970767,0.40477883463476766,-0.30344320221324256,0.23202442251165936,-0.20245575890179235,-0.23202442248551192,-0.2888031400942145,0.0,0.0,0.0,-1.57079,0.0,1.57079,-0.7853
11.480135077,436.310000000,HOME,0.04099729116214709,-0.032772682896257156,0.02456023228014484,-1.5895839782351482,0.01639891646676281,1.589583978211258,-0.7619069456423394,-0.45552545739916867,0.364206289697454,-0.2729535362867211,0.2088219802621674,-0.18221018300765754,-0.2088219802363482,-0.2599228260874028,0.0,0.0,0.0,-1.57079,0.0,1.57079,-0.7853
11.490813585,436.320000000,HOME,0.03689756203942782,-0.02949280275253272,0.022104209045878377,-1.587704580412923,0.01475902481940657,1.5877045803890577,-0.7642462510769391,-0.40997291158768895,0.32772682899660405,-0.24560232276513688,0.1879397822374604,-0.16398916470331115,-0.1879397822120955,-0.23393054348101744,0.0,0.0,0.0,-1.57079,0.0,1.57079,-0.7853
11.502765116,436.330000000,HOME,0.03320780582958489,-0.02654352247685491,0.019893788135597057,-1.5860131223729066,0.013283122336818037,1.586013122349083,-0.7663516259681002,-0.3689756203635954,0.29492802755942227,-0.22104209042588324,0.1691458040150783,-0.1475902482297413,-0.16914580399027287,-0.2105374891350415,0.0,0.0,0.0,-1.57079,0.0,1.57079,-0.7853
11.513757547,436.340000000,HOME,0.02988702524128064,-0.023889170228752754,0.017904409316860586,-1.5844908101368798,0.011954810102517215,1.5844908101131112,-0.7682464633701643,-0.33207805826770687,0.2654352248027092,-0.1989378813258812,0.1522312236147979,-0.13283122340383868,-0.15223122359064756,-0.1894837402234548,0.0,0.0,0.0,-1.57079,0.0,1.57079,-0.7853
11.530540192,436.350000000,HOME,0.02689832271231748,-0.021500253205467734,0.016113968380477503,-1.5831207291244453,0.01075932909167258,1.583120729100742,-0.7699518170320393,-0.298870252386744,0.23889170232175314,-0.17904409314083047,0.1370081012544271,-0.1195481010608066,-0.13700810123100704,-0.17053536620284052,0.0,0.0,0.0,-1.57079,0.0,1.57079,-0.7853
11.543342548,436.360000000,HOME,0.024208490436719382,-0.019350227884517374,0.014502571538176155,-1.5818876562132445,0.009683396181936029,1.5818876561896147,-0.7714866353277422,-0.2689832270988119,0.2150025320889676,-0.16113968377890145,0.12330729112999206,-0.10759329095233204,-0.1233072911073585,-0.15348182958411824,0.0,0.0,0.0,-1.57079,0.0,1.57079,-0.7853
11.557068248,436.370000000,HOME,0.021787641389110025,-0.017415205095667526,0.013052314380513175,-1.580777890593154,0.008715056563194504,1.5807778905696046,-0.7728679717938888,-0.24208490434421773,0.19350227887952692,-0.14502571535744935,0.11097656201790247,-0.09683396185493583,-0.11097656199610177,-0.13813364662711664,0.0,0.0,0.0,-1.57079,0.0,1.57079,-0.7853
11.575173222,436.380000000,HOME,0.019608877246653108,-0.015673684585707552,0.011747082938991104,-1.579779101535065,0.007843550906346447,1.5797791015116007,-0.7741111746134334,-0.21787641386925471,0.17415205099108888,-0.13052314378210036,0.099878905816926,-0.0871505656674885,-0.09987890579599859,-0.12432028196567765,0.0,0.0,0.0,-1.57079,0.0,1.57079,-0.7853
11.594696741,436.390000000,HOME,0.017647989518798462,-0.014106316126747943,0.010572374641964042,-1.578880191382777,0.007059195815200657,1.5788801913594013,-0.7752300571510355,-0.19608877244560627,0.15673684589154652,-0.11747082936792999,0.08989101523597279,-0.07843550909897556,-0.08989101521594337,-0.1118882537702574,0.0,0.0,0.0,-1.57079,0.0,1.57079,-0.7853
11.606475306,436.400000000,HOME,0.015883190564053472,-0.01269568451368819,0.009515137174952662,-1.578071172245711,0.006353276233185222,1.5780711722224257,-0.7762370514348879,-0.1764798951678093,0.1410631613020046,-0.10572374639852015,0.08090191371303541,-0.07059195818748581,-0.08090191369392272,-0.10069942839426017,0.0,0.0,0.0,-1.57079,0.0,1.57079,-0.7853
11.620149220,436.410000000,HOME,0.014294871505077293,-0.011426116061937896,0.008563623454927602,-1.5773430550223466,0.005717948609385581,1.577343054999152,-0.7771433462903635,-0.15883190562096894,0.1269568451714579,-0.09515137172911206,0.07281172234232464,-0.0635327623673004,-0.07281172232413338,-0.09062948555576014,0.0,0.0,0.0,-1.57079,0.0,1.57079,-0.7853
11.634057148,436.420000000,HOME,0.012865384352265577,-0.010283504455365744,0.007707261107164482,-1.5766877495213123,0.005146153747978765,1.5766877494982092,-0.7779590116602999,-0.14294871503170278,0.1142611606540023,-0.0856362345294399,0.06553055010863516,-0.05717948612927426,-0.06553055009135997,-0.08156653700102515,0.0,0.0,0.0,-1.57079,0.0,1.57079,-0.7853
11.644012179,436.430000000,HOME,0.011578845914976729,-0.00925515400945359,0.006936534994413352,-1.576097974570377,0.004631538372724235,1.5760979745473642,-0.7786931104932504,-0.12865384350398845,0.10283504458832474,-0.07707261105228304,0.05897749509825145,-0.051461537515177846,-0.05897749508189176,-0.07340988330168147,0.0,0.0,0.0,-1.57079,0.0,1.57079,-0.7853
11.653722985,436.440000000,HOME,0.010420961321635492,-0.008329638608135148,0.006242881493151171,-1.575567177114531,0.004168384535005636,1.5755671770916064,-0.7793537994429128,-0.11578845913142738,0.09255154012924388,-0.06936534992516083,0.0530797455888615,-0.046315383762605966,-0.05307974557340095,-0.06606889497219508,0.0,0.0,0.0,-1.57079,0.0,1.57079,-0.7853
11.664678412,436.450000000,HOME,0.009378865187826164,-0.0074966747469507825,0.005618593342209032,-1.5750894594042664,0.0037515460810683453,1.5750894593814264,-0.7799484194976151,-0.10420961319828086,0.08329638611609692,-0.062428814912858496,0.047771771030369656,-0.041683845385395046,-0.0477717710157821,-0.059462005475588026,0.0,0.0,0.0,-1.57079,0.0,1.57079,-0.7853
11.674077540,436.460000000,HOME,0.008440978667576513,-0.006747007271886855,0.0050567340065366334,-1.5746595134650236,0.0033763914725333053,1.5746595134422674,-0.7804835775468532,-0.09378865186040374,0.07496674750428765,-0.056185933403699456,0.042994593927694474,-0.03751546084599887,-0.04299459391394181,-0.05351580492858152,0.0,0.0,0.0,-1.57079,0.0,1.57079,-0.7853
11.684256887,436.470000000,HOME,0.007596880799513264,-0.006072306544331115,0.004551060604590308,-1.5742725621197025,0.0030387523248594536,1.5742725620970264,-0.780965219791172,-0.0844097866580827,0.06747007275368,-0.050567340047191274,0.038695134535241295,-0.03376391476062702,-0.03869513452231296,-0.04816422443621509,0.0,0.0,0.0,-1.57079,0.0,1.57079,-0.7853
11.695621123,436.480000000,HOME,0.006837192718402089,-0.0054650758895325585,0.004095954542982259,-1.5739243059089103,0.0027348770919599173,1.5739243058863124,-0.781398697811063,-0.0759688079775929,0.06072306547815148,-0.04551060602790551,0.03482562108200614,-0.030387523283868588,-0.03482562106986557,-0.04334780199304042,0.0,0.0,0.0,-1.57079,0.0,1.57079,-0.7853
11.705211016,436.490000000,HOME,0.006153473445533562,-0.004918568300215301,0.0036863590876648335,-1.5736108753191955,0.002461389382356577,1.5736108752966715,-0.7817888280289689,-0.06837192716659699,0.05465075893019226,-0.040959545411971374,0.031343058974063684,-0.027348770954854884,-0.03134305896269027,-0.039013021794142316,0.0,0.0,0.0,-1.57079,0.0,1.57079,-0.7853
11.715789302,436.500000000,HOME,0.005538126100070545,-0.004426711469831064,0.003317723177996427,-1.5733287877884488,0.0022152504437191987,1.5733287877659958,-0.7821399452250885,-0.06153473443800576,0.049185683037043765,-0.0368635908589179,0.028208753076897217,-0.02461389385880474,-0.02820875306624906,-0.03511171961509435,0.0,0.0,0.0,-1.57079,0.0,1.57079,-0.7853
11.725498015,436.510000000,HOME,0.0049843134892608425,-0.0039840403224864155,0.0029859508594007574,-1.5730749090107754,0.0019937253989506286,1.5730749089883902,-0.7824559507015993,-0.05538126098345212,0.04426711473322328,-0.033177231762333566,0.025387877769412714,-0.0221525044724155,-0.025387877759460914,-0.0316005476539086,0.0,0.0,0.0,-1.57079,0.0,1.57079,-0.7853
11.737116854,436.520000000,HOME,0.004485882139628599,-0.003585636289877275,0.0026873557727602393,-1.5728464181108668,0.0017943528586634855,1.572846418088546,-0.7827403556304623,-0.049843134875417215,0.0398404032597967,-0.02985950857645948,0.022849089992664155,-0.01993725402471574,-0.022849089983375995,-0.028440492888808778,0.0,0.0,0.0,-1.57079,0.0,1.57079,-0.7853
11.747870186,436.530000000,HOME,0.004037293925046558,-0.003227072660529987,0.0024186201948700214,-1.5726407763009473,0.0016149175724091737,1.5726407762786871,-0.7829963200664415,-0.04485882137914536,0.03585636293372337,-0.026873557710122734,0.020564180993564458,-0.017943528621831482,-0.020564180984907015,-0.025596443600187563,0.0,0.0,0.0,-1.57079,0.0,1.57079,-0.7853
11.761785899,436.540000000,HOME,0.003633564532001114,-0.0029043653941182696,0.0021767581748466276,-1.5724556986720182,0.001453425814784001,1.5724556986498162,-0.783226688058825,-0.04037293923336608,0.0322707266402669,-0.024186201931277372,0.01850776289435785,-0.016149175759276598,-0.018507762886294042,-0.023036799240403156,0.0,0.0,0.0,-1.57079,0.0,1.57079,-0.7853
11.771245419,436.550000000,HOME,0.0032702080783308545,-0.002613928854348482,0.0019590823568957395,-1.5722891288059804,0.0013080832329246856,1.5722891287838328,-0.7834340192519724,-0.03633564530294501,0.029043653976164607,-0.021767581731090765,0.016656986605055324,-0.014534258183014223,-0.016656986597561544,-0.020733119316574785,0.0,0.0,0.0,-1.57079,0.0,1.57079,-0.7853
11.781043398,436.560000000,HOME,0.0029431872700912682,-0.0023525359685563534,0.0017631741208032033,-1.5721392159265466,0.0011772749092543108,1.572139215904449,-0.7836206173258069,-0.032702080766269695,0.02613928857848019,-0.01959082355162125,0.01499128794466752,-0.013080832364411425,-0.014991287937706908,-0.018659807385106746,0.0,0.0,0.0,-1.57079,0.0,1.57079,-0.7853
11.791599990,436.570000000,HOME,0.0026488685427329814,-0.0021172823713440487,0.0015868567083769493,-1.5720042943350538,0.0010595474179536828,1.5720042943130037,-0.7837885555922595,-0.029431872683895972,0.023525359720571116,-0.017631741190728866,0.013492159150320954,-0.011772749127698906,-0.013492159143849776,-0.016793826646767547,0.0,0.0,0.0,-1.57079,0.0,1.57079,-0.7853
11.802236441,436.580000000,HOME,0.002383981688162173,-0.0019055541338535238,0.0014281710372447218,-1.57188286490271,0.0009535926757855576,1.5718828648807044,-0.7839397000320686,-0.026488685410331208,0.021172823748459055,-0.015868567066493908,0.012142943235385388,-0.01059547421468458,-0.012142943229379768,-0.015114443982246997,0.0,0.0,0.0,-1.57079,0.0,1.57079,-0.7853
11.812480928,436.590000000,HOME,0.0021455835190949657,-0.0017149987201125457,0.0012853539332720373,-1.5717735784136002,0.0008582334078364413,1.5717735783916365,-0.7840757300278982,-0.023839816864637774,0.01905554137356382,-0.014281710355194842,0.010928648911938899,-0.009535926792996158,-0.010928648906370825,-0.013602999584160315,0.0,0.0,0.0,-1.57079,0.0,1.57079,-0.7853
11.822968983,436.600000000,HOME,0.0019310251669763766,-0.0015434988477461098,0.0011568185397383573,-1.5716752205734001,0.0007724100666842159,1.571675220551475,-0.7841981570241457,-0.02145583517397773,0.017149987236163067,-0.012853539315487456,0.009835784020835691,-0.008582334113498447,-0.009835784015677057,-0.0122426996258682,0.0,0.0,0.0,-1.57079,0.0,1.57079,-0.7853
11.832844220,436.610000000,HOME,0.0017379226501073773,-0.0013891489626167166,0.0010411366855956467,-1.5715866985172198,0.0006951690596489941,1.5715866984953302,-0.7843083413207702,-0.019310251652801584,0.015434988512506844,-0.011568185380167146,0.008852205618829243,-0.007724100701970205,-0.008852205614049417,-0.011018429663396518,0.0,0.0,0.0,-1.57079,0.0,1.57079,-0.7853
11.843347272,436.620000000,HOME,0.0015641303849592556,-0.0012502340660006219,0.0009370230169010793,-1.5715070286666561,0.000625652153318898,1.571507028644801,-0.7844075071877327,-0.01737922648411961,0.013891489661220278,-0.010411366838753957,0.007966985057020395,-0.006951690631612703,-0.00796698505258919,-0.009916586697155292,0.0,0.0,0.0,-1.57079,0.0,1.57079,-0.7853
11.853052725,436.630000000,HOME,0.001407717346356539,-0.0011252106590464597,0.000843320715106479,-1.571435325801148,0.0005630869376232559,1.571435325779324,-0.7844967564679998,-0.01564130383264497,0.012502340695065967,-0.00937023015182005,0.007170286551379454,-0.006256521568306871,-0.007170286547286107,-0.008924928027533727,0.0,0.0,0.0,-1.57079,0.0,1.57079,-0.7853
11.869200340,436.640000000,HOME,0.001266945611641641,-0.0010126895927880042,0.0007589886435188175,-1.5713707932221905,0.0005067782434984782,1.5713707932003962,-0.784577080820241,-0.014077173446623055,0.011252106625530348,-0.008433207133884183,0.00645325789629363,-0.005630869411346086,-0.006453257892507756,-0.008032435224865485,0.0,0.0,0.0,-1.57079,0.0,1.57079,-0.7853
11.877759640,436.650000000,HOME,0.001140251050423034,-0.0009114206331556555,0.0006830897791146699,-1.5713127139011274,0.0004561004187873484,1.571312713879361,-0.7846493727372593,-0.01266945609947851,0.0101268959629512,-0.007589886418016033,0.005807932106715423,-0.005067782470094352,-0.005807932103219719,-0.007229191702455358,0.0,0.0,0.0,-1.57079,0.0,1.57079,-0.7853
11.887912226,436.660000000,HOME,0.0010262259453486164,-0.0008202785694867767,0.0006147808011732234,-1.5712604425121701,0.0004104903765483852,1.5712604424904302,-0.7847144354625764,-0.011402510487296005,0.009114206366632585,-0.006830897773981934,0.005227138896080386,-0.004561004222979524,-0.0052271388928596604,-0.0065062725322746,0.0,0.0,0.0,-1.57079,0.0,1.57079,-0.7853
11.897322406,436.670000000,HOME,0.0009236033508017433,-0.0007382507121849973,0.0005533027210459897,-1.5712133982621095,0.0003694413385342668,1.5712133982403924,-0.7847729919153621,-0.010262259436554792,0.008202785729948182,-0.006147807994573729,0.004704425006504854,-0.004104903800586621,-0.004704425003544163,-0.005855645279106288,0.0,0.0,0.0,-1.57079,0.0,1.57079,-0.7853
11.908670442,436.680000000,HOME,0.0008312430157276548,-0.0006644256406135857,0.0004979724489495494,-1.5711710584370537,0.0003324972043224139,1.571171058415358,-0.7848256927228697,-0.009236033491088447,0.007382507156934372,-0.005533027193306821,0.004233982505895774,-0.003694413420442518,-0.004233982503159827,-0.005270080751250689,0.0,0.0,0.0,-1.57079,0.0,1.57079,-0.7853
11.919174301,436.690000000,HOME,0.0007481187141772665,-0.0005979830761994865,0.0004481752040790232,-1.5711329525945044,0.000299247483532515,1.5711329525728281,-0.7848731234496272,-0.008312430140349594,0.006644256441223822,-0.004979724472347025,0.003810584255335807,-0.00332497207832139,-0.0038105842528096054,-0.0047430726761760085,0.0,0.0,0.0,-1.57079,0.0,1.57079,-0.7853
11.931425469,436.700000000,HOME,0.0006733068427965822,-0.0005381847682269508,0.0004033576837101981,-1.5710986573362093,0.0002693227348222978,1.5710986573145511,-0.7849158111037093,-0.007481187124847272,0.005979830797086061,-0.004481752023645866,0.003429525829839887,-0.002992474870420047,-0.0034295258275058825,-0.004268765408602432,0.0,0.0,0.0,-1.57079,0.0,1.57079,-0.7853
11.938590659,436.710000000,HOME,0.0006059761585671682,-0.0004843662910518075,0.0003630219153914439,-1.571067791603742,0.00024239046098372514,1.571067791582102,-0.7849542299923841,-0.006733068411041854,0.005381847717363597,-0.004033576819960996,0.003086573246887752,-0.0026932273833157536,-0.0030865732447307205,-0.0038418888677826763,0.0,0.0,0.0,-1.57079,0.0,1.57079,-0.7853
11.949005419,436.720000000,HOME,0.0005453785427725795,-0.0004359296615943031,0.00032671972391643813,-1.5710400124445225,0.00021815141452957026,1.571040012422899,-0.784988806992191,-0.006059761568748838,0.004843662945614795,-0.0036302191367765316,0.0027779159222135266,-0.0024239046449281085,-0.0027779159202359835,-0.0034576999810365843,0.0,0.0,0.0,-1.57079,0.0,1.57079,-0.7853
11.959858862,436.730000000,HOME,0.0004908406885681465,-0.00039233669508266126,0.00029404775159962187,-1.5710150112012244,0.00019633627272133534,1.5710150111796155,-0.7850199262920174,-0.005453785410803835,0.004359296651042114,-0.003267197222029143,0.0025001243300160243,-0.0021815141803848068,-0.00250012432820031,-0.003111929982968527,0.0,0.0,0.0,-1.57079,0.0,1.57079,-0.7853
11.972277740,436.740000000,HOME,0.00044175661979378543,-0.00035310302522228445,0.00026464297652410967,-1.570992510082256,0.00017670264509437805,1.5709925100606605,-0.7850479336618617,-0.004908406868760315,0.003923366985927777,-0.0029404774988632722,0.002250111897033811,-0.001963362762300837,-0.002250111895362561,-0.002800736984704859,0.0,0.0,0.0,-1.57079,0.0,1.57079,-0.7853
11.982658877,436.750000000,HOME,0.0003975809579055274,-0.00031779272234803616,0.00023817867896481048,-1.570972259075184,0.0001590323802305253,1.5709722590536017,-0.7850731402947215,-0.004417566181017247,0.0035310302873259444,-0.0026464297481102236,0.0020251007073474638,-0.0017670264860298913,-0.002025100705809739,-0.0025206632862636224,0.0,0.0,0.0,-1.57079,0.0,1.57079,-0.7853
11.995533521,436.760000000,HOME,0.0003578228622138966,-0.00028601344976129434,0.00021436081116923828,-1.5709540331688192,0.0001431291418534258,1.570954033147248,-0.7850958262642957,-0.003975809562135189,0.0031779272585851673,-0.0023817867725190447,0.0018225906366269654,-0.0015903238373901167,-0.0018225906352184636,-0.0022685969576656355,0.0,0.0,0.0,-1.57079,0.0,1.57079,-0.7853
12.005214884,436.770000000,HOME,0.0003220405760984506,-0.0002574121044333003,0.0001929247301602424,-1.5709376298530904,0.00012881622731436757,1.5709376298315305,-0.7851162436369131,-0.0035782286052193635,0.0028601345327193255,-0.002143608094564827,0.0016403315729779794,-0.0014312914536179812,-0.0016403315716789178,-0.0020417372619241448,0.0,0.0,0.0,-1.57079,0.0,1.57079,-0.7853
12.015760150,436.780000000,HOME,0.0002898365186008693,-0.00023167089363817177,0.0001736322572584641,-1.5709228668689343,0.00011593460422951303,1.5709228668473858,-0.7851346192722692,-0.003220405744065366,0.002574121079440761,-0.001929247284476145,0.0014762984156887274,-0.0012881623082263323,-0.0014762984145014549,-0.0018375635357510264,0.0,0.0,0.0,-1.57079,0.0,1.57079,-0.7853
12.025024838,436.790000000,HOME,0.000260852866858735,-0.00020850380392261548,0.00015626903165255062,-1.570909580183195,0.00010434114345341215,1.5709095801616544,-0.7851511573440897,-0.002898365169089813,0.002316708971490735,-0.00173632255545963,0.0013286685741275006,-0.0011593460773768952,-0.0013286685730522357,-0.0016538071821904695,0.0,0.0,0.0,-1.57079,0.0,1.57079,-0.7853
12.036589631,436.800000000,HOME,0.00023476758029593425,-0.00018765342317866843,0.0001406421286123475,-1.5708976221660282,9.390702875516307e-05,1.5708976221444972,-0.785166041608728,-0.002608528651668682,0.002085038074336301,-0.0015626902994016088,0.0011958017167325967,-0.001043411469615018,-0.0011958017157360154,-0.0014884264639864553,0.0,0.0,0.0,-1.57079,0.0,1.57079,-0.7853
12.051660383,436.810000000,HOME,0.00021129082239402196,-0.0001688880805091643,0.0001265779158807725,-1.5708868599505792,8.451632552695618e-05,1.5708868599290557,-0.7851794374469033,-0.002347675786040918,0.0018765342668978589,-0.001406421269000488,0.001076221545064971,-0.000939070322631786,-0.0010762215441628697,-0.0013395838176033384,0.0,0.0,0.0,-1.57079,0.0,1.57079,-0.7853
12.061250345,436.820000000,HOME,0.0001901617402864488,-0.00015199927210665383,0.00011392012442650237,-1.5708771739566751,7.606469262176549e-05,1.5708771739351572,-0.7851914937012605,-0.0021129082070219856,0.0016888808402037458,-0.0012657791416855455,0.0009685993905739765,-0.0008451632903491192,-0.0009685993897464301,-0.0012056254358509527,0.0,0.0,0.0,-1.57079,0.0,1.57079,-0.7853
12.071621122,436.830000000,HOME,0.00017114556639336628,-0.00013679934454443357,0.00010252811212139219,-1.5708684565621607,6.845822300727011e-05,1.5708684565406486,-0.7852023443301827,-0.001901617385946446,0.0015199927561794506,-0.001139201227143542,0.0008717394515328526,-0.0007606469612965357,-0.0008717394507599292,-0.0010850628922794668,0.0,0.0,0.0,-1.57079,0.0,1.57079,-0.7853
12.082457468,436.840000000,HOME,0.00015403100989295216,-0.00012311940973847035,9.227530105015291e-05,-1.570860610907098,6.161240035438268e-05,1.5708606108855914,-0.785212109896212,-0.001711455647015633,0.0013679934805580216,-0.0010252811040932434,0.000784565506387707,-0.0006845822651510673,-0.000784565505671856,-0.0009765566030584026,0.0,0.0,0.0,-1.57079,0.0,1.57079,-0.7853
12.091492300,436.850000000,HOME,0.00013862790904560358,-0.0001108074684131352,8.30477710890618e-05,-1.570853549817541,5.54511599669265e-05,1.57085354979604,-0.7852208989056393,-0.0015403100820117043,0.0012311941324990353,-0.000922752993381375,0.0007061089557599265,-0.0006161240386217161,-0.0007061089550988373,-0.0008789009427648559,0.0,0.0,0.0,-1.57079,0.0,1.57079,-0.7853
12.101902255,436.860000000,HOME,0.00012476511828571175,-9.972672122036198e-05,7.474299412680193e-05,-1.5708471948369398,4.9906043618344335e-05,1.5708471948154445,-0.7852288090141235,-0.0013862790735383376,0.0011080747192463072,-0.000830477693770935,0.0006354980601911628,-0.0005545116347466551,-0.0006354980595850608,-0.0007910108484926641,0.0,0.0,0.0,-1.57079,0.0,1.57079,-0.7853
12.112896769,436.870000000,HOME,0.00011228860660425885,-8.975404874689166e-05,6.726869486321801e-05,-1.5708414753543993,4.491543890473601e-05,1.5708414753329079,-0.7852359281117598,-0.0012476511659394941,0.0009972672473191023,-0.0007474299241488238,0.0005719482541777128,-0.0004990604712604325,-0.0005719482536286555,-0.0007119097636507244,0.0,0.0,0.0,-1.57079,0.0,1.57079,-0.7853
12.123902930,436.880000000,HOME,0.00010105974609315629,-8.077864352079143e-05,6.054182552819745e-05,-1.570836327820112,4.042389466259238e-05,1.5708363277986244,-0.7852423352996317,-0.0011228860491250645,0.0008975405225848739,-0.000672686931513347,0.0005147534287726595,-0.00044915442412402085,-0.0005147534282609403,-0.0006407187872880223,0.0,0.0,0.0,-1.57079,0.0,1.57079,-0.7853
12.138129741,436.890000000,HOME,9.095377163514853e-05,-7.27007788173219e-05,5.4487643128663486e-05,-1.5708316950392536,3.638150484475673e-05,1.5708316950177696,-0.7852481017687167,-0.0010105974440140666,0.0008077864703243084,-0.0006054182381636129,0.0004632780858996946,-0.00040423898170219644,-0.0004632780854252373,-0.0005766469085689988,0.0,0.0,0.0,-1.57079,0.0,1.57079,-0.7853
12.150462735,436.900000000,HOME,8.185839462472755e-05,-6.543070058421795e-05,4.903887897086934e-05,-1.5708275255364799,3.2743354008788634e-05,1.570827525515,-0.7852532915908937,-0.0009095376994340951,0.0007270078232900069,-0.0005448764141684841,0.0004169502773145421,-0.0003638150835236324,-0.00041695027687746813,-0.0005189822177190367,0.0,0.0,0.0,-1.57079,0.0,1.57079,-0.7853
12.161255570,436.910000000,HOME,7.367255531695625e-05,-5.8887630174441256e-05,4.413499123046224e-05,-1.5708237729839847,2.9469018256493602e-05,1.5708237729625087,-0.7852579624308526,-0.0008185839293298555,0.0006543070409593453,-0.0004903887725909431,0.0003752552495771798,-0.0003274335751636305,-0.00037525524917968525,-0.0004670839959491505,0.0,0.0,0.0,-1.57079,0.0,1.57079,-0.7853
12.169696550,436.920000000,HOME,6.630529994140895e-05,-5.299886680565734e-05,3.972149226554281e-05,-1.5708203956867386,2.652211607949608e-05,1.5708203956652667,-0.7852621661868155,-0.0007367255362521814,0.0005888763368618909,-0.00044134989518707915,0.00033772972462508405,-0.00029469021764045103,-0.0003377297242672071,-0.0004203755963611555,0.0,0.0,0.0,-1.57079,0.0,1.57079,-0.7853
12.180221978,436.930000000,HOME,5.967477010471841e-05,-4.7698979773765384e-05,3.5749343198417716e-05,-1.5708173561192167,2.3869904120259726e-05,1.5708173560977488,-0.785265949567182,-0.0006630529824967548,0.0005299887031743524,-0.00039721490553814545,0.0003039567521640578,-0.00026522119587026743,-0.00030395675184585746,-0.0003783380367313599,0.0,0.0,0.0,-1.57079,0.0,1.57079,-0.7853
12.189762229,436.940000000,HOME,5.370729325286892e-05,-4.292908144507491e-05,3.217440903917721e-05,-1.570814620508448,2.148291335700219e-05,1.5708146204869817,-0.7852693546095121,-0.0005967476841298735,0.0004769898328556754,-0.0003574934148670777,0.00027356107694486917,-0.00023869907627773607,-0.00027356107666637666,-0.00034050423306706927,0.0,0.0,0.0,-1.57079,0.0,1.57079,-0.7853
12.200155222,436.950000000,HOME,4.833656408725907e-05,-3.863617294926459e-05,2.8956968296915755e-05,-1.570812158458755,1.933462167012032e-05,1.570812158437291,-0.7852724191476095,-0.0005370729156114314,0.0004292908495690277,-0.0003217440732748941,0.0002462049692567199,-0.00021482916864495535,-0.0002462049689957342,-0.0003064538097662184,0.0,0.0,0.0,-1.57079,0.0,1.57079,-0.7853
12.212842203,436.960000000,HOME,4.350290783915953e-05,-3.4772555303045095e-05,2.6061271629830004e-05,-1.570809942614032,1.7401159151971287e-05,1.57080994259257,-0.7852751772318969,-0.00048336562395535725,0.0003863617646111296,-0.00028956966585243866,0.00022158447232873205,-0.00019334625177598944,-0.00022158447208745977,-0.00027580842879235904,0.0,0.0,0.0,-1.57079,0.0,1.57079,-0.7853
12.225074110,436.970000000,HOME,3.915261721672435e-05,-3.129529942145657e-05,2.345514463030732e-05,-1.5708079483537818,1.566104288567746e-05,1.5708079483323216,-0.785277659507756,-0.0004350290614743642,0.0003477255881491224,-0.0002606126991817092,0.0001994260250981865,-0.00017401162659438918,-0.00019942602487678374,-0.0002482275859184103,0.0,0.0,0.0,-1.57079,0.0,1.57079,-0.7853
12.234886956,436.980000000,HOME,3.523735565730175e-05,-2.8165769128034823e-05,2.1109630331505904e-05,-1.5708061535195563,1.4094938246049168e-05,1.570806153498098,-0.7852798935560288,-0.00039152615525004535,0.00031295302933340456,-0.00023455142918665057,0.00017948342259534178,-0.0001566104639313115,-0.00017948342239372528,-0.000223404827327656,0.0,0.0,0.0,-1.57079,0.0,1.57079,-0.7853
12.244831502,436.990000000,HOME,3.171362025451342e-05,-2.5349191863962483e-05,1.899866746327688e-05,-1.5708045381687523,1.2685444070416394e-05,1.570804538147296,-0.7852819041994747,-0.00035237353965585235,0.00028165772639934935,-0.00021109628619873358,0.00016153508034057532,-0.00014094941753493503,-0.00016153508015665646,-0.00020106434459950598,0.0,0.0,0.0,-1.57079,0.0,1.57079,-0.7853
12.269641924,437.000000000,HOME,2.854225839262667e-05,-2.281427232630397e-05,1.7098800882493873e-05,-1.5708030843530292,1.1416899312376333e-05,1.5708030843315748,-0.7852837137785756,-0.00031713618562800514,0.00025349195375872695,-0.00018998665751651222,0.00014538157230038762,-0.00012685447577846787,-0.00014538157213624114,-0.00018095791014002046,0.0,0.0,0.0,-1.57079,0.0,1.57079,-0.7853
12.285819169,437.010000000,HOME,2.5688032717489158e-05,-2.0532844742417217e-05,1.5388920960349868e-05,-1.5708017759188793,1.0275209030166854e-05,1.5708017758974249,-0.7852853423997668,-0.0002854225670091148,0.000228142758382294,-0.00017098799170883403,0.00013084341506890487,-0.00011416902819795863,-0.00013084341492457588,-0.00016286211913109448,0.0,0.0,0.0,-1.57079,0.0,1.57079,-0.7853
12.297918490,437.020000000,HOME,2.3119229610370176e-05,-1.847955991692428e-05,1.3850029030924689e-05,-1.5708005983281434,9.24768777620183e-06,1.570800598306691,-0.7852868081588386,-0.00025688031025768914,0.00020532848254353796,-0.00015388919248754754,0.00011775907356970441,-0.00010275212537579764,-0.00011775907342523664,-0.0001465759072198482,0.0,0.0,0.0,-1.57079,0.0,1.57079,-0.7853
12.312108988,437.030000000,HOME,2.0807306814416873e-05,-1.663160357398551e-05,1.2465026294896389e-05,-1.5707995384964812,8.32291864765523e-06,1.5707995384750306,-0.7852881273420034,-0.00023119227918656522,0.00018479563428870703,-0.00013850027319336523,0.00010598316621147214,-9.247691283603005e-05,-0.00010598316608676633,-0.00013191831650204242,0.0,0.0,0.0,-1.57079,0.0,1.57079,-0.7853
12.322729142,437.040000000,HOME,1.8726576298467918e-05,-1.4968442865344812e-05,1.121852383287955e-05,-1.5707985846479855,7.49062643198229e-06,1.5707985846265349,-0.7852893146068519,-0.00020807305122698383,0.00016631607085943237,-0.00012465024583313252,9.538484958936458e-05,-8.322922155053897e-05,-9.538484948244316e-05,-0.00011872648485390311,0.0,0.0,0.0,-1.57079,0.0,1.57079,-0.7853
12.332677490,437.050000000,HOME,1.6853918834481437e-05,-1.347159822757194e-05,1.0096671617432507e-05,-1.5707977261843389,6.741563437893756e-06,1.5707977261628903,-0.7852903831452152,-0.00018726574606758395,0.00014968446377308848,-0.0001121852212129812,8.584636463187037e-05,-7.4906299393801e-05,-8.584636452495242e-05,-0.00010685383636849146,0.0,0.0,0.0,-1.57079,0.0,1.57079,-0.7853
12.343726351,437.060000000,HOME,1.5168527117224618e-05,-1.2124438053579968e-05,9.08700462386121e-06,-1.5707969535670576,6.0674067432297155e-06,1.570796953545609,-0.7852913448297426,-0.00016853917142769007,0.00013471601739542365,-0.0001009666990586214,7.726172816568955e-05,-6.741566945285549e-05,-7.726172807864112e-05,-9.616845273616951e-05,0.0,0.0,0.0,-1.57079,0.0,1.57079,-0.7853
12.361165664,437.070000000,HOME,1.3651674571991382e-05,-1.0911993896990187e-05,8.178304329945071e-06,-1.5707962582115045,5.4606657180461925e-06,1.5707962581900559,-0.785292210345817,-0.0001516852542550538,0.00012124441565559171,-9.087002912301547e-05,6.953555535303343e-05,-6.067410250618077e-05,-6.95355552659746e-05,-8.655160746168233e-05,0.0,0.0,0.0,-1.57079,0.0,1.57079,-0.7853
12.371623127,437.080000000,HOME,1.2286507281549517e-05,-9.820794156062256e-06,7.360474065688782e-06,-1.5707956323915064,4.914598795393782e-06,1.5707956323700578,-0.7852929893102842,-0.00013651672880276937,0.00010911997408975457,-8.178302618385542e-05,6.258199982157875e-05,-5.46066922542561e-05,-6.258199973439849e-05,-7.789644671800117e-05,0.0,0.0,0.0,-1.57079,0.0,1.57079,-0.7853
12.385026392,437.090000000,HOME,1.1057856720393335e-05,-8.838714389229536e-06,6.624426828099515e-06,-1.570795069153508,4.423138565017789e-06,1.5707950691320594,-0.7852936903783045,-0.0001228650558983749,9.820797668052151e-05,-7.360472354130576e-05,5.632379984109315e-05,-4.914602302771853e-05,-5.632379975391982e-05,-7.010680204540178e-05,0.0,0.0,0.0,-1.57079,0.0,1.57079,-0.7853
12.398069556,437.100000000,HOME,9.952071215569944e-06,-7.95484259908235e-06,5.961984314486304e-06,-1.5707945622393087,3.980824357689724e-06,1.570794562217862,-0.7852943213395233,-0.00011057855028685152,8.838717901224827e-05,-6.62442511654062e-05,5.069141985644329e-05,-4.4231420723971765e-05,-5.0691419769294255e-05,-6.30961218423768e-05,0.0,0.0,0.0,-1.57079,0.0,1.57079,-0.7853
12.421304693,437.110000000,HOME,8.956864261424372e-06,-7.159357987951911e-06,5.3657860524299685e-06,-1.5707941060165294,3.5827415711036067e-06,1.5707941059950847,-0.7852948892046193,-9.952069523859431e-05,7.954846111082642e-05,-5.961982602937176e-05,4.5622277863578004e-05,-3.980827865058059e-05,-4.562227779621175e-05,-5.6786509655250804e-05,0.0,0.0,0.0,-1.57079,0.0,1.57079,-0.7853
12.439993416,437.120000000,HOME,8.061178002869358e-06,-6.443421837936395e-06,4.8292076167551705e-06,-1.570793695416029,3.224467063184356e-06,1.5707936953945845,-0.7852954002832064,-8.956862569709683e-05,7.159361499956582e-05,-5.3657843408866325e-05,4.1060050070235166e-05,-3.582745078469646e-05,-4.1060050022866806e-05,-5.110785869467775e-05,0.0,0.0,0.0,-1.57079,0.0,1.57079,-0.7853
12.455716964,437.130000000,HOME,7.255060370328224e-06,-5.799079302924056e-06,4.346287024806269e-06,-1.5707933258755777,2.9020200060645056e-06,1.5707933258541351,-0.7852958602539346,-8.061176311158029e-05,6.443425349942798e-05,-4.82920590521125e-05,3.695404506751099e-05,-3.224470570548088e-05,-3.695404502001079e-05,-4.599707282350752e-05,0.0,0.0,0.0,-1.57079,0.0,1.57079,-0.7853
12.470724854,437.140000000,HOME,6.529554501183814e-06,-5.219171021414324e-06,3.911658492194581e-06,-1.5707929932891727,2.6118176546632615e-06,1.57079299326773,-0.78529627422759,-7.255058678617987e-05,5.7990828149350696e-05,-4.3462853132652385e-05,3.3258640554024305e-05,-2.902023513427429e-05,-3.3258640526553224e-05,-4.139736554181761e-05,0.0,0.0,0.0,-1.57079,0.0,1.57079,-0.7853
12.481707892,437.150000000,HOME,5.876599219081926e-06,-4.6972535680570045e-06,3.5204928129724796e-06,-1.5707926939614079,2.3506355384083647e-06,1.5707926939399652,-0.7852966468038798,-6.529552809472652e-05,5.219174533427134e-05,-3.9116567806574826e-05,2.993277650314291e-05,-2.6118211620212994e-05,-2.9932776475633666e-05,-3.7257628988276136e-05,0.0,0.0,0.0,-1.57079,0.0,1.57079,-0.7853
12.491431217,437.160000000,HOME,5.2889394653056686e-06,-4.22752786003662e-06,3.168443701787986e-06,-1.5707924245664193,2.115571633784672e-06,1.5707924245449767,-0.7852969821225404,-5.876597527375185e-05,4.69725708007187e-05,-3.5204911014347995e-05,2.693949885514829e-05,-2.3506390457620624e-05,-2.6939498827649455e-05,-3.353186609007103e-05,0.0,0.0,0.0,-1.57079,0.0,1.57079,-0.7853
12.501753244,437.170000000,HOME,4.7600456870108255e-06,-3.8047747228193887e-06,2.85159950182599e-06,-1.5707921821109303,1.9040141196282134e-06,1.5707921820894877,-0.7852972839093348,-5.288937773594872e-05,4.227531372055283e-05,-3.1684419902546467e-05,2.4245548969788894e-05,-2.1155751411410656e-05,-2.4245548942283118e-05,-3.017867948392535e-05,0.0,0.0,0.0,-1.57079,0.0,1.57079,-0.7853
12.511027615,437.180000000,HOME,4.2840412866390855e-06,-3.4242968993248145e-06,2.5664397219536266e-06,-1.570791963900989,1.7136123568917319e-06,1.5707919638795464,-0.7852975555174497,-4.760043995296519e-05,3.804778234839596e-05,-2.8515977902987544e-05,2.1820994079577855e-05,-1.90401762697745e-05,-2.182099405194371e-05,-2.716081153947541e-05,0.0,0.0,0.0,-1.57079,0.0,1.57079,-0.7853
12.529499716,437.190000000,HOME,3.8556373263886366e-06,-3.0818668581805725e-06,2.309795920152779e-06,-1.5707917675120417,1.542250770432779e-06,1.5707917674905991,-0.7852977999647532,-4.2840395949267016e-05,3.42430041134678e-05,-2.5664380104234658e-05,1.96388946672732e-05,-1.71361586424508e-05,-1.9638894639677218e-05,-2.444473039062839e-05,0.0,0.0,0.0,-1.57079,0.0,1.57079,-0.7853
12.540679775,437.200000000,HOME,3.470073762239057e-06,-2.7736798211515352e-06,2.0788164986076198e-06,-1.5707915907619894,1.3880253426231851e-06,1.5707915907405468,-0.7852980199673271,-3.855635634686741e-05,3.08187037020445e-05,-2.3097942086186974e-05,1.7675005194020543e-05,-1.5422542777868836e-05,-1.7675005166545993e-05,-2.2000257355598955e-05,0.0,0.0,0.0,-1.57079,0.0,1.57079,-0.7853
12.550278193,437.210000000,HOME,3.123066554572366e-06,-2.4963114878262844e-06,1.8709350192853036e-06,-1.570791431686943,1.2492224575981144e-06,1.5707914316655003,-0.7852982179696427,-3.470072070534168e-05,2.7736833331749953e-05,-2.0788147870755454e-05,1.590750467023172e-05,-1.3880288499721477e-05,-1.590750464256982e-05,-1.9800231617316845e-05,0.0,0.0,0.0,-1.57079,0.0,1.57079,-0.7853
12.565200854,437.220000000,HOME,2.810760067733667e-06,-2.2466799878341538e-06,1.683841687956534e-06,-1.5707912885194006,1.1242998610781356e-06,1.570791288497958,-0.7852983961717269,-3.1230648628660586e-05,2.496314999852361e-05,-1.8709333077530834e-05,1.4316754205552507e-05,-1.2492259649506121e-05,-1.4316754177939178e-05,-1.7820208460738243e-05,0.0,0.0,0.0,-1.57079,0.0,1.57079,-0.7853
12.579633066,437.230000000,HOME,2.52968422963408e-06,-2.022011637841879e-06,1.5154576898159615e-06,-1.5707911596686128,1.011869524212784e-06,1.5707911596471702,-0.7852985565536035,-2.810758376021365e-05,2.2466834998600494e-05,-1.683839976427716e-05,1.2885078782855913e-05,-1.1243033684292525e-05,-1.2885078755204421e-05,-1.6038187618744662e-05,0.0,0.0,0.0,-1.57079,0.0,1.57079,-0.7853
12.600332311,437.240000000,HOME,2.2767159753943855e-06,-1.8198101228493022e-06,1.3639120915388393e-06,-1.5707910437029047,9.106822210365439e-07,1.570791043681462,-0.7852987008972916,-2.5296825379226185e-05,2.0220151498684738e-05,-1.5154559782919966e-05,1.1596570904683773e-05,-1.011873031556143e-05,-1.1596570876931667e-05,-1.4434368853196052e-05,0.0,0.0,0.0,-1.57079,0.0,1.57079,-0.7853
12.613737567,437.250000000,HOME,2.0490445466231e-06,-1.6378287593564868e-06,1.2275210531343514e-06,-1.570790939333767,8.19613648180129e-07,1.5707909393123243,-0.7852988308066116,-2.2767142836898485e-05,1.819813634876266e-05,-1.3639103800114957e-05,1.0436913823182875e-05,-9.106857283801284e-06,-1.0436913795430769e-05,-1.2990931972070748e-05,0.0,0.0,0.0,-1.57079,0.0,1.57079,-0.7853
12.629888588,437.260000000,HOME,1.844140260769139e-06,-1.4740455322133602e-06,1.1047691186106642e-06,-1.5707908454015427,7.376519326110302e-07,1.5707908453801,-0.7852989477249988,-2.0490428549160096e-05,1.6378322713850486e-05,-1.2275193416075867e-05,9.393222445461258e-06,-8.196171555320542e-06,-9.39322241784099e-06,-1.169183877239039e-05,0.0,0.0,0.0,-1.57079,0.0,1.57079,-0.7853
12.641616850,437.270000000,HOME,1.6597264035368837e-06,-1.326640627784988e-06,9.942923775755345e-07,-1.5707907608625402,6.638863886006207e-07,1.5707907608410976,-0.7852990529515473,-1.8441385690600776e-05,1.4740490442408322e-05,-1.1047674070858516e-05,8.453900203181375e-06,-7.376554399550483e-06,-8.453900175401513e-06,-1.0522654900458304e-05,0.0,0.0,0.0,-1.57079,0.0,1.57079,-0.7853
12.652090007,437.280000000,HOME,1.4937539320604093e-06,-1.1939762137996892e-06,8.948633106765526e-07,-1.5707906847774376,5.97497398992714e-07,1.5707906847559971,-0.785299147655441,-1.6597247118271298e-05,1.3266441398171978e-05,-9.942906660508804e-06,7.608510178610389e-06,-6.638898959455269e-06,-7.60851015093808e-06,-9.470389414608336e-06,0.0,0.0,0.0,-1.57079,0.0,1.57079,-0.7853
12.662394050,437.290000000,HOME,1.3443787077608742e-06,-1.0745782412132706e-06,8.053771504968504e-07,-1.5707906163008465,5.377473083470869e-07,1.570790616279406,-0.7852992328889457,-1.4937522403507411e-05,1.1939797258293545e-05,-8.948615991560653e-06,6.8476591518901175e-06,-5.975009063342168e-06,-6.847659146321655e-06,-8.523350478442139e-06,0.0,0.0,0.0,-1.57079,0.0,1.57079,-0.7853
12.672695503,437.300000000,HOME,1.2099410059177158e-06,-9.671200658857107e-07,7.248396063615191e-07,-1.5707905546719134,4.839722267671644e-07,1.570790554650473,-0.7852993095990994,-1.3443770160525767e-05,1.074581753245877e-05,-8.05375438974452e-06,6.162893241252326e-06,-5.377508156909766e-06,-6.162893235756722e-06,-7.671015431466761e-06,0.0,0.0,0.0,-1.57079,0.0,1.57079,-0.7853
12.687672496,437.310000000,HOME,1.0889470742827937e-06,-8.704077080912313e-07,6.523558166632997e-07,-1.570790499205875,4.3557465334644174e-07,1.5707904991844346,-0.7852993786382383,-1.2099393142102973e-05,9.671235779175422e-06,-7.248378948412643e-06,5.546603910607656e-06,-4.839757341071338e-06,-5.546603905091235e-06,-6.903913893663814e-06,0.0,0.0,0.0,-1.57079,0.0,1.57079,-0.7853
12.697465600,437.320000000,HOME,9.800525358327088e-07,-7.83366586076411e-07,5.871204059564524e-07,-1.5707904492864397,3.9201683726866376e-07,1.5707904492649993,-0.785299440773463,-1.0889453825720856e-05,8.704112201240273e-06,-6.523541051395559e-06,4.991943526287679e-06,-4.355781606887876e-06,-4.99194352063248e-06,-6.213522505114401e-06,0.0,0.0,0.0,-1.57079,0.0,1.57079,-0.7853
12.708881496,437.330000000,HOME,8.820474512467553e-07,-7.050295762632457e-07,5.284085363396974e-07,-1.5707904043589471,3.52814802799571e-07,1.5707904043375087,-0.7852994966951659,-9.80050844126936e-06,7.833700981085519e-06,-5.871186944313503e-06,4.492749173752586e-06,-3.920203446090842e-06,-4.492749168118204e-06,-5.59217025765564e-06,0.0,0.0,0.0,-1.57079,0.0,1.57079,-0.7853
12.717362014,437.340000000,HOME,7.938428751368083e-07,-6.345262674316219e-07,4.755678537017915e-07,-1.570790363924205,3.175329717782517e-07,1.5707903639027665,-0.7852995470246986,-8.820457595383338e-06,7.050330882958384e-06,-5.284068248191318e-06,4.043474247594769e-06,-3.5281831013908582e-06,-4.043474261999913e-06,-5.032953229443596e-06,0.0,0.0,0.0,-1.57079,0.0,1.57079,-0.7853
12.728906280,437.350000000,HOME,7.144587566536188e-07,-5.710732894833291e-07,4.2801123934314234e-07,-1.5707903275329371,2.8577932385978735e-07,1.5707903275114987,-0.7852995923212773,-7.938411834300906e-06,6.345297794662025e-06,-4.755661421797274e-06,3.6391268254179487e-06,-3.1753647912018124e-06,-3.63912683996534e-06,-4.529657901821207e-06,0.0,0.0,0.0,-1.57079,0.0,1.57079,-0.7853
12.737956370,437.360000000,HOME,6.430130500326419e-07,-5.139656093299786e-07,3.8521028643455747e-07,-1.5707902947807961,2.572010407339195e-07,1.5707902947593577,-0.7852996330881983,-7.144570649506325e-06,5.710768015164619e-06,-4.2800952781564105e-06,3.275214147630684e-06,-2.857828312000793e-06,-3.2752141620427666e-06,-4.0766921147045165e-06,0.0,0.0,0.0,-1.57079,0.0,1.57079,-0.7853
12.755214286,437.370000000,HOME,5.787119140864411e-07,-4.625686971920233e-07,3.466894288292515e-07,-1.5707902653038686,2.3148058592124596e-07,1.5707902652824302,-0.7852996697784269,-6.430113583277201e-06,5.139691213628577e-06,-3.852085749107836e-06,2.9476927376308193e-06,-2.5720454807469373e-06,-2.9476927520255547e-06,-3.669022905198986e-06,0.0,0.0,0.0,-1.57079,0.0,1.57079,-0.7853
12.767862702,437.380000000,HOME,5.208408917461554e-07,-4.163114762680646e-07,3.1202065699601086e-07,-1.5707902387746342,2.0833217659029426e-07,1.5707902387531958,-0.7852997027996327,-5.787102223827321e-06,4.6257220922807894e-06,-3.466877173059161e-06,2.6529234620521758e-06,-2.3148409326045893e-06,-2.652923476460789e-06,-3.302120618883103e-06,0.0,0.0,0.0,-1.57079,0.0,1.57079,-0.7853
12.784324190,437.390000000,HOME,4.6875697165003923e-07,-3.7467997743658316e-07,2.8081876235638234e-07,-1.5707902148983222,1.8749860819306082e-07,1.5707902148768838,-0.7852997325187188,-5.208392000420007e-06,4.163149883031287e-06,-3.1201894547265487e-06,2.387631118351552e-06,-2.0833568392629453e-06,-2.3876311326768984e-06,-2.97190856118814e-06,0.0,0.0,0.0,-1.57079,0.0,1.57079,-0.7853
12.797467759,437.400000000,HOME,4.2188144357280096e-07,-3.372116284882798e-07,2.5273705718991425e-07,-1.5707901934096424,1.687483966359022e-07,1.570790193388204,-0.7852997592658955,-4.687552799409185e-06,3.746834894729524e-06,-2.8081705083409306e-06,2.1488679979794756e-06,-1.875021155329365e-06,-2.1488680123846193e-06,-2.6747177003447198e-06,0.0,0.0,0.0,-1.57079,0.0,1.57079,-0.7853
12.807950704,437.410000000,HOME,3.7969346831165324e-07,-3.034901144349168e-07,2.2746352254823577e-07,-1.5707901740698305,1.5187320623481196e-07,1.570790174048392,-0.785299783338355,-4.218797518619455e-06,3.3721514052407423e-06,-2.527353456713982e-06,1.9339812007586332e-06,-1.687519039755836e-06,-1.9339812152088798e-06,-2.407245933425811e-06,0.0,0.0,0.0,-1.57079,0.0,1.57079,-0.7853
12.818628491,437.420000000,HOME,3.4172429058393347e-07,-2.731407517869608e-07,2.0471734137837114e-07,-1.5707901566640003,1.3668553487422e-07,1.570790156642562,-0.785299805003568,-3.7969177660496017e-06,3.034936264722718e-06,-2.2746181102702417e-06,1.7405830809759382e-06,-1.518767135763599e-06,-1.740583095412307e-06,-2.166521337580371e-06,0.0,0.0,0.0,-1.57079,0.0,1.57079,-0.7853
12.828427922,437.430000000,HOME,3.0755203063587926e-07,-2.4582632540389774e-07,1.842457783321502e-07,-1.5707901409987535,1.230166306497629e-07,1.570790140977315,-0.7852998245022595,-3.4172259887366467e-06,2.731442638226377e-06,-2.047156298597575e-06,1.5665247799119542e-06,-1.366890422162259e-06,-1.566524794341384e-06,-1.9498692080460386e-06,0.0,0.0,0.0,-1.57079,0.0,1.57079,-0.7853
12.839300556,437.440000000,HOME,2.7679699668854117e-07,-2.2124334165928202e-07,1.6582137159662196e-07,-1.5707901269000313,1.107146168482313e-07,1.5707901268785929,-0.7852998420510819,-3.0755033893232336e-06,2.458298374392138e-06,-1.8424406680861687e-06,1.4098723110957112e-06,-1.2302013798551337e-06,-1.4098723254730994e-06,-1.7548822925407548e-06,0.0,0.0,0.0,-1.57079,0.0,1.57079,-0.7853
12.848875846,437.450000000,HOME,2.491174661414264e-07,-1.9911865628911113e-07,1.4923940554004205e-07,-1.5707901142111813,9.964280442708568e-08,1.570790114189743,-0.7852998578450225,-2.767953049818625e-06,2.2124685369665203e-06,-1.65819660077806e-06,1.2688850892193793e-06,-1.1071812418723959e-06,-1.268885103686973e-06,-1.5793940685970148e-06,0.0,0.0,0.0,-1.57079,0.0,1.57079,-0.7853
12.858549383,437.460000000,HOME,2.2420588865405622e-07,-1.7920643945599654e-07,1.3431563609398177e-07,-1.5707901027912163,8.967817324841959e-08,1.570790102769778,-0.7852998720595687,-2.491157744340458e-06,1.9912216832620403e-06,-1.4923769401755434e-06,1.1419965895050066e-06,-9.964631176515026e-07,-1.1419966038893337e-06,-1.4214546626006852e-06,0.0,0.0,0.0,-1.57079,0.0,1.57079,-0.7853
12.871317045,437.470000000,HOME,2.017854689196255e-07,-1.612854443061776e-07,1.2088424359705692e-07,-1.5707900925132467,8.071000518763053e-08,1.5707900924918083,-0.7852998848526609,-2.242041969498362e-06,1.7920995149141306e-06,-1.3431392457184752e-06,1.0277969397787245e-06,-8.968168059217407e-07,-1.02779695423591e-06,-1.2793092005148818e-06,0.0,0.0,0.0,-1.57079,0.0,1.57079,-0.7853
12.883121508,437.480000000,HOME,1.816070911626959e-07,-1.4515654867145933e-07,1.0879599035367803e-07,-1.570790083263075,7.263865393329058e-08,1.5707900832416366,-0.7852998963664442,-2.0178377721039595e-06,1.612889563424669e-06,-1.2088253207632755e-06,9.250172439030646e-07,-8.071351252844639e-07,-9.250172582492278e-07,-1.1513782790769159e-06,0.0,0.0,0.0,-1.57079,0.0,1.57079,-0.7853
12.891790040,437.490000000,HOME,1.6344655118499727e-07,-1.3064054260022554e-07,9.791656243838165e-08,-1.570790074937919,6.537443780442589e-08,1.5707900749164805,-0.7852999067288484,-1.8160539946095351e-06,1.4516006070898566e-06,-1.0879427882685543e-06,8.325155265304085e-07,-7.264216127303436e-07,-8.32515540918205e-07,-1.0362404465258032e-06,0.0,0.0,0.0,-1.57079,0.0,1.57079,-0.7853
12.902223298,437.500000000,HOME,1.471020652082659e-07,-1.1757613713614403e-07,8.812507731766366e-08,-1.570790067445279,5.8836643288579514e-08,1.5707900674238406,-0.7852999160550127,-1.634448594806841e-06,1.306440546377987e-06,-9.791485091577897e-07,7.492639653126909e-07,-6.537794514580031e-07,-7.492639797664069e-07,-9.326164038493331e-07,0.0,0.0,0.0,-1.57079,0.0,1.57079,-0.7853
12.913600117,437.510000000,HOME,1.323920278322633e-07,-1.0581817221847435e-07,7.931274071187553e-08,-1.5707900607019043,5.295262822447562e-08,1.570790060680466,-0.7852999244485608,-1.4710037350210408e-06,1.1757964917384102e-06,-8.812336579613542e-07,6.743375668520624e-07,-5.884015062650183e-07,-6.743375812467978e-07,-8.393547609670052e-07,0.0,0.0,0.0,-1.57079,0.0,1.57079,-0.7853
12.922450677,437.520000000,HOME,1.1915299419636396e-07,-9.5236003792645e-08,7.13816377693544e-08,-1.5707900546328657,4.765701466671655e-08,1.5707900546114273,-0.7852999320027536,-1.3239033612530036e-06,1.0582168425436658e-06,-7.931102918969438e-07,6.069038193737275e-07,-5.295613556624557e-07,-6.069038338725463e-07,-7.554192802145671e-07,0.0,0.0,0.0,-1.57079,0.0,1.57079,-0.7853
12.932456041,437.530000000,HOME,1.0723786392643385e-07,-8.571205220946665e-08,6.424364512326349e-08,-1.5707900491707305,4.289096246506403e-08,1.570790049149292,-0.7852999388015274,-1.1915130249321023e-06,9.523951582780885e-07,-7.137992624665999e-07,5.462134333063251e-07,-4.766052200365356e-07,-5.462134476004465e-07,-6.798773519349835e-07,0.0,0.0,0.0,-1.57079,0.0,1.57079,-0.7853
12.941733588,437.540000000,HOME,9.651424668540708e-08,-7.714049578460022e-08,5.7819451744133616e-08,-1.5707900442548095,3.860151548373254e-08,1.570790044233371,-0.7852999449204239,-1.0723617221617375e-06,8.571556424702073e-07,-6.424193360696911e-07,4.915920814724251e-07,-4.289446980838829e-07,-4.915920959781828e-07,-6.118896142574479e-07,0.0,0.0,0.0,-1.57079,0.0,1.57079,-0.7853
12.951780539,437.550000000,HOME,8.686299117055672e-08,-6.942609500221851e-08,5.203767770452533e-08,-1.5707900398304797,3.474101320062718e-08,1.5707900398090413,-0.7852999504274298,-9.651255497240612e-07,7.714400782217988e-07,-5.781774023124516e-07,4.424328714260073e-07,-3.860502282015954e-07,-4.4243288575135375e-07,-5.507006492445551e-07,0.0,0.0,0.0,-1.57079,0.0,1.57079,-0.7853
12.961766196,437.560000000,HOME,7.817686120872526e-08,-6.248313429809137e-08,4.683408107083685e-08,-1.570790035848585,3.126656114584137e-08,1.5707900358271465,-0.7852999553837352,-8.686129946468019e-07,6.942960703827054e-07,-5.203596618490788e-07,3.981895734944674e-07,-3.474452054189059e-07,-3.981895878996111e-07,-4.956305896261851e-07,0.0,0.0,0.0,-1.57079,0.0,1.57079,-0.7853
12.971740948,437.570000000,HOME,7.035934424462186e-08,-5.6234469664452745e-08,4.215084410203344e-08,-1.5707900322648782,2.8139554296752027e-08,1.5707900322434398,-0.7852999598444104,-7.817516949899361e-07,6.248664633557756e-07,-4.6832369552372334e-07,3.583706253695862e-07,-3.1270068485272917e-07,-3.583706398441189e-07,-4.460675359719071e-07,0.0,0.0,0.0,-1.57079,0.0,1.57079,-0.7853
12.984019661,437.580000000,HOME,6.332357897841116e-08,-5.061067149412889e-08,3.793593083134889e-08,-1.5707900290395427,2.5325248132557046e-08,1.5707900290181043,-0.7852999638590179,-7.03576525348088e-07,5.623798170117846e-07,-4.214913258179364e-07,3.2253355871508793e-07,-2.814306164153346e-07,-3.225335731445178e-07,-4.01460784339204e-07,0.0,0.0,0.0,-1.57079,0.0,1.57079,-0.7853
12.997303065,437.590000000,HOME,5.6991390239965985e-08,-4.554925314088817e-08,3.4142508889149846e-08,-1.5707900261367402,2.2792372584673316e-08,1.5707900261153018,-0.7852999674721655,-6.332188727126977e-07,5.061418353014772e-07,-3.7934219309049104e-07,2.9028020318358494e-07,-2.532875547460456e-07,-2.9028021763730094e-07,-3.613147090053212e-07,0.0,0.0,0.0,-1.57079,0.0,1.57079,-0.7853
13.006079331,437.600000000,HOME,5.129242037656216e-08,-4.099397662302394e-08,3.072842914216806e-08,-1.570790023524219,2.0512784591851355e-08,1.5707900235027805,-0.7852999707239976,-5.698969852731273e-07,4.555276517899994e-07,-3.4140797374663905e-07,2.612521787445643e-07,-2.279587992572163e-07,-2.6125219318787196e-07,-3.2518323340394867e-07,0.0,0.0,0.0,-1.57079,0.0,1.57079,-0.7853
13.017689669,437.610000000,HOME,4.616334750061081e-08,-3.689422775694517e-08,2.7655757370836555e-08,-1.5707900211729486,1.8461155398359465e-08,1.5707900211515102,-0.7852999736506465,-5.129072866496024e-07,4.099748866063808e-07,-3.072671762691277e-07,2.3512696564753632e-07,-2.0516291932351494e-07,-2.3512698004574117e-07,-2.9266491204278655e-07,0.0,0.0,0.0,-1.57079,0.0,1.57079,-0.7853
13.030551340,437.620000000,HOME,4.1547181913075864e-08,-3.3204453777512896e-08,2.4890352777563983e-08,-1.5707900190568058,1.6614689124121704e-08,1.5707900190353674,-0.7852999762846307,-4.6161655796971273e-07,3.689773979327106e-07,-2.7654045851584035e-07,2.1161426272398032e-07,-1.846466273387748e-07,-2.1161427712912406e-07,-2.633984228037761e-07,0.0,0.0,0.0,-1.57079,0.0,1.57079,-0.7853
13.046658561,437.630000000,HOME,3.739263288501953e-08,-2.988365719592528e-08,2.2401488644497308e-08,-1.5707900171522782,1.495286947739272e-08,1.5707900171308398,-0.7852999786552166,-4.1545490207523916e-07,3.32079658147506e-07,-2.488864125581563e-07,1.9045283459681595e-07,-1.661819646475715e-07,-1.9045284893950964e-07,-2.370585813916276e-07,0.0,0.0,0.0,-1.57079,0.0,1.57079,-0.7853
13.059602529,437.640000000,HOME,3.36535387606217e-08,-2.6894940272582552e-08,2.016151092544357e-08,-1.5707900154382026,1.345723179534253e-08,1.5707900154167642,-0.7852999807887433,-3.7390941174709775e-07,2.9887169232631523e-07,-2.239977712694026e-07,1.7140755813327413e-07,-1.4956376821056994e-07,-1.7140757254882621e-07,-2.1335272188446192e-07,0.0,0.0,0.0,-1.57079,0.0,1.57079,-0.7853
13.070197552,437.650000000,HOME,3.028835404922875e-08,-2.420509504155789e-08,1.8145530979098187e-08,-1.5707900138955344,1.211115788150985e-08,1.570790013874096,-0.7852999827089173,-3.3651847048700705e-07,2.6898452309596053e-07,-2.0159799409718605e-07,1.5426680267591197e-07,-1.3460739136175737e-07,-1.5426681699431954e-07,-1.920174549554371e-07,0.0,0.0,0.0,-1.57079,0.0,1.57079,-0.7853
13.083819634,437.660000000,HOME,2.7259687809585356e-08,-2.1784234333671917e-08,1.633114902790947e-08,-1.570790012507134,1.0899691359118725e-08,1.5707900124856955,-0.7852999844370749,-3.028666234312048e-07,2.420860707827866e-07,-1.8143819459424775e-07,1.3884012049075745e-07,-1.21146652216908e-07,-1.388401348889623e-07,-1.7281571480873975e-07,0.0,0.0,0.0,-1.57079,0.0,1.57079,-0.7853
13.094210484,437.670000000,HOME,2.4533888194415943e-08,-1.9605459696485675e-08,1.4698205272491359e-08,-1.5707900112575734,9.809371488927161e-09,1.570790011236135,-0.7852999859924163,-2.7257996102717386e-07,2.178774637074353e-07,-1.6329437509381844e-07,1.249561154201273e-07,-1.0903198696676775e-07,-1.2495612978710713e-07,-1.5553413861522924e-07,0.0,0.0,0.0,-1.57079,0.0,1.57079,-0.7853
13.103995182,437.680000000,HOME,2.208066854141624e-08,-1.7644562523061942e-08,1.3228555892775307e-08,-1.5707900101329686,8.828083605837672e-09,1.5707900101115302,-0.7852999873922233,-2.453219649347022e-07,1.9608971732107926e-07,-1.4696493747814142e-07,1.1246051086905018e-07,-9.812878829298932e-08,-1.1246052531929673e-07,-1.399807245455395e-07,0.0,0.0,0.0,-1.57079,0.0,1.57079,-0.7853
13.113211611,437.690000000,HOME,1.987277085398886e-08,-1.5879755067031933e-08,1.1905871451759078e-08,-1.570790009120825,7.944924510964843e-09,1.5707900090993865,-0.78529998865205,-2.2078976836344046e-07,1.764807456040851e-07,-1.322684436695469e-07,1.0121446232178033e-07,-8.831590945709844e-08,-1.012144766991685e-07,-1.259826551405427e-07,0.0,0.0,0.0,-1.57079,0.0,1.57079,-0.7853
13.124186969,437.700000000,HOME,1.7885662935764635e-08,-1.429142835657695e-08,1.071545545517632e-08,-1.5707900082098936,7.1500813256531974e-09,1.5707900081884552,-0.7852999897858941,-1.9871079147372114e-07,1.5883267104658226e-07,-1.1904159929435228e-07,9.10930253276987e-08,-7.948431849855164e-08,-9.109303971202576e-08,-1.1338438824122499e-07,0.0,0.0,0.0,-1.57079,0.0,1.57079,-0.7853
13.134862923,437.710000000,HOME,1.6097265809718536e-08,-1.2861934317163131e-08,9.644081058503313e-09,-1.570790007390056,6.434722459058679e-09,1.5707900073686176,-0.7852999908063534,-1.7883971231290492e-07,1.4294940393617776e-07,-1.0713743932039971e-07,8.198371203790855e-08,-7.153588666569677e-08,-8.198372651244124e-08,-1.0204594697374447e-07,0.0,0.0,0.0,-1.57079,0.0,1.57079,-0.7853
13.144887031,437.720000000,HOME,1.4487708396513897e-08,-1.157538968169026e-08,8.679844101950843e-09,-1.5707900066522018,5.7908994790465925e-09,1.5707900066307634,-0.7852999917247665,-1.6095574103039672e-07,1.2865446353421163e-07,-9.64236953435605e-08,7.378533666349552e-08,-6.438229799288209e-08,-7.378535104088368e-08,-9.184135423435241e-08,0.0,0.0,0.0,-1.57079,0.0,1.57079,-0.7853
13.154856548,437.730000000,HOME,1.3039106724896392e-08,-1.0417499509800823e-08,7.81203084129596e-09,-1.570790005988133,5.211458797124532e-09,1.5707900059666946,-0.7852999925513386,-1.448601668738083e-07,1.1578901717664881e-07,-8.678132581594819e-08,6.64067944695923e-08,-5.794406819983888e-08,-6.640680890249162e-08,-8.265722301753486e-08,0.0,0.0,0.0,-1.57079,0.0,1.57079,-0.7853
13.170670529,437.740000000,HOME,1.173536522105605e-08,-9.375398355058979e-09,7.03099890658388e-09,-1.570790005390471,4.689962183319042e-09,1.5707900053690327,-0.7852999932952536,-1.3037415017285326e-07,1.0421011546486031e-07,-7.810319321453416e-08,5.976610648397718e-08,-5.214966136701804e-08,-5.976612091340705e-08,-7.439150158557173e-08,0.0,0.0,0.0,-1.57079,0.0,1.57079,-0.7853
13.185154957,437.750000000,HOME,1.0561997867608979e-08,-8.437507315852901e-09,6.328070165947406e-09,-1.570790004852577,4.22061523083894e-09,1.5707900048311385,-0.7852999939647769,-1.1733673511483446e-07,9.3789103920933e-08,-7.029287386905482e-08,5.3789487274025216e-08,-4.693469523794902e-08,-5.378950171039398e-08,-6.695235229593755e-08,0.0,0.0,0.0,-1.57079,0.0,1.57079,-0.7853
13.199582134,437.760000000,HOME,9.505967249699799e-09,-7.593405380583153e-09,5.695434299428051e-09,-1.5707900043684708,3.798202973666172e-09,1.5707900043470324,-0.7852999945673482,-1.0560306159341972e-07,8.441019353172367e-08,-6.326358648078324e-08,4.8410545558374984e-08,-4.224122567356159e-08,-4.841055988372145e-08,-6.025711899674407e-08,0.0,0.0,0.0,-1.57079,0.0,1.57079,-0.7853
13.212422144,437.770000000,HOME,8.555539693687616e-09,-6.83371363875926e-09,5.126062019844845e-09,-1.570790003932775,3.418031942156559e-09,1.5707900039113365,-0.7852999951096622,-9.504275543805677e-08,7.596917417644795e-08,-5.693722776979951e-08,4.3569484652061785e-08,-3.801710314610407e-08,-4.3569499050266636e-08,-5.423140576020502e-08,0.0,0.0,0.0,-1.57079,0.0,1.57079,-0.7853
13.222389768,437.780000000,HOME,7.700154893364047e-09,-6.149991071188576e-09,4.6136269685260525e-09,-1.5707900035406486,3.075878013775703e-09,1.5707900035192102,-0.7852999955977451,-8.55384798759606e-08,6.837225675904168e-08,-5.124350497729378e-08,3.92125254350395e-08,-3.4215392796799193e-08,-3.9212539843652694e-08,-4.8808266068546546e-08,0.0,0.0,0.0,-1.57079,0.0,1.57079,-0.7853
13.231962433,437.790000000,HOME,6.930308573211452e-09,-5.534640760385172e-09,4.1524354225132825e-09,-1.5707900031877353,2.7679394782957296e-09,1.570790003166297,-0.7852999960370193,-7.698463182681439e-08,6.153503107693588e-08,-4.611915452572973e-08,3.5291262110576094e-08,-3.079385353307873e-08,-3.529127652612818e-08,-4.392743697262391e-08,0.0,0.0,0.0,-1.57079,0.0,1.57079,-0.7853
13.242826730,437.800000000,HOME,6.237446885320652e-09,-4.980825480583678e-09,3.737363031178032e-09,-1.5707900028701138,2.49079479631414e-09,1.5707900028486754,-0.7852999964323664,-6.928616869421225e-08,5.538152797360078e-08,-4.1507239009362304e-08,3.176212956187974e-08,-2.771446817179113e-08,-3.1762143987840163e-08,-3.9534695219813065e-08,0.0,0.0,0.0,-1.57079,0.0,1.57079,-0.7853
13.252707072,437.810000000,HOME,5.613871366458867e-09,-4.4823917287939495e-09,3.363797878903533e-09,-1.5707900025842536,2.2413645824939333e-09,1.5707900025628152,-0.7852999967881784,-6.235755172661651e-08,4.984337517851753e-08,-3.735651519609466e-08,2.8585914708251225e-08,-2.494302134975479e-08,-2.8585929109925523e-08,-3.55812243748449e-08,0.0,0.0,0.0,-1.57079,0.0,1.57079,-0.7853
13.263097850,437.820000000,HOME,5.052653399400244e-09,-4.033801352279233e-09,3.027589242249486e-09,-1.5707900023269794,2.0168773903357323e-09,1.570790002305541,-0.7852999971084089,-5.6121796578587936e-08,4.485903765290289e-08,-3.362086357125253e-08,2.5727312450568585e-08,-2.2448719168288722e-08,-2.5727326779384496e-08,-3.202310390297558e-08,0.0,0.0,0.0,-1.57079,0.0,1.57079,-0.7853
13.273824858,437.830000000,HOME,4.547557229113303e-09,-3.6300700133616913e-09,2.7250014692820516e-09,-1.5707900020954335,1.814838917352758e-09,1.570790002073995,-0.7852999973966173,-5.050961698882788e-08,4.0373133892036145e-08,-3.025877716249757e-08,2.315457041726643e-08,-2.020384724105151e-08,-2.3154584766899022e-08,-2.882079882474825e-08,0.0,0.0,0.0,-1.57079,0.0,1.57079,-0.7853
13.283762817,437.840000000,HOME,4.092970676068137e-09,-3.2667118083485444e-09,2.4526724735809807e-09,-1.5707900018870424,1.6330042915934887e-09,1.570790001865604,-0.7852999976560042,-4.545865525033919e-08,3.6335820500013605e-08,-2.723289946847396e-08,2.0839111502385377e-08,-1.8183462516946358e-08,-2.0839125824262394e-08,-2.5938715322339212e-08,0.0,0.0,0.0,-1.57079,0.0,1.57079,-0.7853
13.296797168,437.850000000,HOME,3.6838427785009903e-09,-2.93968942385341e-09,2.2075763774581054e-09,-1.5707900016994902,1.4693531284830043e-09,1.5707900016780518,-0.785299997889453,-4.09127896935273e-08,3.2702238444331025e-08,-2.450960951533819e-08,1.8755200691111806e-08,-1.6365116310701477e-08,-1.8755215082377763e-08,-2.334484577003193e-08,0.0,0.0,0.0,-1.57079,0.0,1.57079,-0.7853
13.308426331,437.860000000,HOME,3.315627670619348e-09,-2.6453692777828735e-09,1.986989891178864e-09,-1.5707900015306941,1.322067081641588e-09,1.5707900015092557,-0.7852999980995561,-3.682151075289509e-08,2.9432014591983247e-08,-2.2058648541014442e-08,1.6879678699927014e-08,-1.4728604658814648e-08,-1.6879693077315183e-08,-2.101035762643727e-08,0.0,0.0,0.0,-1.57079,0.0,1.57079,-0.7853
13.327563541,437.870000000,HOME,2.9842340737634946e-09,-2.3804811462798172e-09,1.7884620533955353e-09,-1.570790001378778,1.1895096393167397e-09,1.5707900013573395,-0.7852999982886493,-3.3139359632752136e-08,2.648881315073931e-08,-1.985278371926559e-08,1.5191717866319676e-08,-1.3255744252260726e-08,-1.5191732254116186e-08,-1.8909327147501043e-08,0.0,0.0,0.0,-1.57079,0.0,1.57079,-0.7853
13.333890556,437.880000000,HOME,2.6859798365770393e-09,-2.14208182793921e-09,1.6097869995329165e-09,-1.5707900012420517,1.0702079413898685e-09,1.5707900012206133,-0.7852999984588331,-2.982542366759041e-08,2.383993183288982e-08,-1.786750533226862e-08,1.367255529280409e-08,-1.1930169793034073e-08,-1.3672569743050644e-08,-1.701839530323518e-08,0.0,0.0,0.0,-1.57079,0.0,1.57079,-0.7853
13.353049371,437.890000000,HOME,2.4175510230998083e-09,-1.9275224414388646e-09,1.4489794511448133e-09,-1.570790001118999,9.628364131484782e-10,1.5707900010975606,-0.7852999986119984,-2.6842881334582583e-08,2.145593865207282e-08,-1.608075475534841e-08,1.230529343004827e-08,-1.0737152805750938e-08,-1.2305307797028098e-08,-1.5316556631513045e-08,0.0,0.0,0.0,-1.57079,0.0,1.57079,-0.7853
13.371651834,437.900000000,HOME,2.1759650911489552e-09,-1.7344189935767146e-09,1.304252657590555e-09,-1.570790001008252,8.662020378030449e-10,1.5707900009868137,-0.785299998749847,-2.4158593150925764e-08,1.9310344773725008e-08,-1.447267933773165e-08,1.1074766603780262e-08,-9.663437546686415e-09,-1.1074781092190733e-08,-1.3784904092338512e-08,0.0,0.0,0.0,-1.57079,0.0,1.57079,-0.7853
13.381011388,437.910000000,HOME,1.958537752286904e-09,-1.5606258905075885e-09,1.1739985436012772e-09,-1.5707900009085785,7.792310998689892e-10,1.57079000088714,-0.7852999988739111,-2.174273386410918e-08,1.737931031530436e-08,-1.3025411307703016e-08,9.967296963481198e-09,-8.697093798609723e-09,-9.967311389441624e-09,-1.2406417840109263e-08,0.0,0.0,0.0,-1.57079,0.0,1.57079,-0.7853
13.391635751,437.920000000,HOME,1.762853147330269e-09,-1.4042120978194695e-09,1.0567698408438082e-09,-1.5707900008188724,7.009572560631408e-10,1.570790000797434,-0.7852999989855685,-1.9568460487315135e-08,1.564137926970098e-08,-1.1722870228367266e-08,8.970560905208202e-09,-7.827384337910637e-09,-8.970575220146326e-09,-1.1165776919383474e-08,0.0,0.0,0.0,-1.57079,0.0,1.57079,-0.7853
13.402056185,437.930000000,HOME,1.5867370030248805e-09,-1.2634396843641881e-09,9.512640084103331e-10,-1.570790000738137,6.305107964425473e-10,1.5707900007166986,-0.7852999990860603,-1.7611614412378455e-08,1.4077241348737363e-08,-1.0550583202451405e-08,8.073500690902735e-09,-7.044645949916273e-09,-8.07351506135201e-09,-1.004920342773108e-08,0.0,0.0,0.0,-1.57079,0.0,1.57079,-0.7853
13.411841059,437.940000000,HOME,1.4282324730707217e-09,-1.1367445122632815e-09,8.563087593248093e-10,-1.5707900006654751,5.671089827684008e-10,1.5707900006440367,-0.7852999991765035,-1.5850452988108374e-08,1.266951720401907e-08,-9.495524835390415e-09,7.266146538620344e-09,-6.3401813799046636e-09,-7.266160850089021e-09,-9.044285073471492e-09,0.0,0.0,0.0,-1.57079,0.0,1.57079,-0.7853
13.423342339,437.950000000,HOME,1.2855783962145007e-09,-1.0227188573132686e-09,7.708490351503532e-10,-1.5707900006000808,5.100473504117088e-10,1.5707900005786424,-0.7852999992579017,-1.4265407637277516e-08,1.1402565499229675e-08,-8.54597237290658e-09,6.539527790810906e-09,-5.706163222485294e-09,-6.539542168199075e-09,-8.139852965272087e-09,0.0,0.0,0.0,-1.57079,0.0,1.57079,-0.7853
13.432145019,437.960000000,HOME,1.1571897269919795e-09,-9.200957679234178e-10,6.939352835311666e-10,-1.5707900005412256,4.5869188154118027e-10,1.5707900005197872,-0.7852999993311609,-1.2838866899201988e-08,1.0262308937315431e-08,-7.691375131409217e-09,5.885584200560068e-09,-5.135546873175079e-09,-5.8855985189676385e-09,-7.325870765052811e-09,0.0,0.0,0.0,-1.57079,0.0,1.57079,-0.7853
13.443406174,437.970000000,HOME,1.041639924713221e-09,-8.277349873908679e-10,6.247129070852393e-10,-1.5707900004882547,4.1247195931137376e-10,1.5707900004668163,-0.7852999993970937,-1.1554980171258819e-08,9.236078066850867e-09,-6.922237632709868e-09,5.297032774215227e-09,-4.621992247266782e-09,-5.297047134256161e-09,-6.593278974002803e-09,0.0,0.0,0.0,-1.57079,0.0,1.57079,-0.7853
13.455581906,437.980000000,HOME,9.376451026294652e-10,-7.446102849720067e-10,5.624127683171248e-10,-1.5707900004405817,3.7087402941903967e-10,1.5707900004191433,-0.7852999994564329,-1.0399482182951031e-08,8.31247023817816e-09,-6.230013866554904e-09,4.767323175114413e-09,-4.159792978825072e-09,-4.76733765658599e-09,-5.933950811623512e-09,0.0,0.0,0.0,-1.57079,0.0,1.57079,-0.7853
13.467072782,437.990000000,HOME,8.440497627952305e-10,-6.697980528019487e-10,5.063426434394175e-10,-1.570790000397676,3.3343589250206117e-10,1.5707900003762376,-0.785299999509838,-9.359534009476846e-09,7.48122322034514e-09,-5.60701242748908e-09,4.29059339793203e-09,-3.7438136722689475e-09,-4.2906077891979866e-09,-5.340558831973263e-09,0.0,0.0,0.0,-1.57079,0.0,1.57079,-0.7853
13.476881476,438.000000000,HOME,7.598139570951559e-10,-6.024670438364064e-10,4.5587953089205484e-10,-1.5707900003590602,2.997415693475572e-10,1.5707900003376218,-0.7852999995579029,-8.423580526140638e-09,6.733100890851315e-09,-5.046311278350188e-09,3.8615366390604144e-09,-3.369432281796758e-09,-3.861551089306969e-09,-4.806508227886419e-09,0.0,0.0,0.0,-1.57079,0.0,1.57079,-0.7853
13.486980182,438.010000000,HOME,6.840017320125116e-10,-5.418691357385136e-10,4.1046272964494323e-10,-1.5707900003243058,2.69416678381175e-10,1.5707900003028674,-0.7852999996011616,-7.581222469243976e-09,6.059790811068638e-09,-4.5416801357049674e-09,3.47537883541027e-09,-3.0324891105160123e-09,-3.47539326830959e-09,-4.325859403325749e-09,0.0,0.0,0.0,-1.57079,0.0,1.57079,-0.7853
13.502254857,438.020000000,HOME,6.157707293795958e-10,-4.873310184662176e-10,3.695876087022385e-10,-1.5707900002930264,2.4212427648367535e-10,1.570790000271588,-0.7852999996400938,-6.823100260895491e-09,5.453811721244789e-09,-4.087512084230763e-09,3.1278346301899518e-09,-2.72924019495413e-09,-3.127849056150378e-09,-3.893272108347612e-09,0.0,0.0,0.0,-1.57079,0.0,1.57079,-0.7853
13.514745940,438.030000000,HOME,5.54362826913033e-10,-4.3824671296265457e-10,3.327999999235618e-10,-1.5707900002648756,2.1756111490256048e-10,1.5707900002434372,-0.7852999996751335,-6.14079027254702e-09,4.908430541140582e-09,-3.678760851716714e-09,2.8150403535986968e-09,-2.4563161192536764e-09,-2.815054696292396e-09,-3.5039501760161795e-09,0.0,0.0,0.0,-1.57079,0.0,1.57079,-0.7853
13.533260815,438.040000000,HOME,4.99095714771059e-10,-3.9407083799632897e-10,2.9969115175612577e-10,-1.5707900002395403,1.9545426930192142e-10,1.570790000218102,-0.7852999997066694,-5.526711216929589e-09,4.417587497413181e-09,-3.3108847859522617e-09,2.5335322451081055e-09,-2.2106845590230684e-09,-2.533546660660191e-09,-3.1535527349191295e-09,0.0,0.0,0.0,-1.57079,0.0,1.57079,-0.7853
13.542767518,438.050000000,HOME,4.493553140302205e-10,-3.5431255049640843e-10,2.6989318848241167e-10,-1.5707900002167385,1.7555810824295823e-10,1.5707900001953001,-0.7852999997350512,-4.974040078258024e-09,3.975828748907853e-09,-2.9797962923083093e-09,2.280179343949751e-09,-1.989616103814651e-09,-2.2801938184824344e-09,-2.8381938526819694e-09,0.0,0.0,0.0,-1.57079,0.0,1.57079,-0.7853
13.553569480,438.060000000,HOME,4.045889530634129e-10,-3.1853009173195167e-10,2.4307502170201706e-10,-1.5707900001962172,1.5765156340924032e-10,1.5707900001747788,-0.7852999997605952,-4.476636094371406e-09,3.5782458812378543e-09,-2.6818166530811344e-09,2.052161742621683e-09,-1.790654527433766e-09,-2.052176262257177e-09,-2.5543764456056883e-09,0.0,0.0,0.0,-1.57079,0.0,1.57079,-0.7853
13.563384951,438.070000000,HOME,3.642992282282734e-10,-2.8632587891335116e-10,2.1893867161872211e-10,-1.5707900001777475,1.4153567314458958e-10,1.570790000156309,-0.7852999997835846,-4.028972533745047e-09,3.2204212809926885e-09,-2.4136349715750405e-09,1.8469480840554997e-09,-1.611589001138114e-09,-1.8469625343020546e-09,-2.298936323426315e-09,0.0,0.0,0.0,-1.57079,0.0,1.57079,-0.7853
13.574457455,438.080000000,HOME,3.2803847617136645e-10,-2.5734208733692895e-10,1.9721595611820732e-10,-1.5707900001611252,1.2703137196087422e-10,1.5707900001396868,-0.7852999998042747,-3.626075108145027e-09,2.8983791523513186e-09,-2.1722716242976448e-09,1.6622514059649873e-09,-1.4504301128204222e-09,-1.6622658076392849e-09,-2.0690424425845455e-09,0.0,0.0,0.0,-1.57079,0.0,1.57079,-0.7853
13.583921599,438.090000000,HOME,2.9540379918162163e-10,-2.3125667490396757e-10,1.7766551258351384e-10,-1.5707900001461639,1.139775007477319e-10,1.5707900001247255,-0.7852999998228964,-3.263467671446585e-09,2.608541248240101e-09,-1.955044381376711e-09,1.4960288528820254e-09,-1.3053871421309093e-09,-1.4960432788424516e-09,-1.8621413031341683e-09,0.0,0.0,0.0,-1.57079,0.0,1.57079,-0.7853
13.594124699,438.100000000,HOME,2.6603258989292216e-10,-2.0777980372531782e-10,1.6007011336167552e-10,-1.570790000132699,1.0222901675998725e-10,1.5707900001112607,-0.7852999998396553,-2.9371209092242043e-09,2.347687120879058e-09,-1.759539922834355e-09,1.3464151529807289e-09,-1.1748484129991965e-09,-1.3464295442466856e-09,-1.6759235787339177e-09,0.0,0.0,0.0,-1.57079,0.0,1.57079,-0.7853
13.603870501,438.110000000,HOME,2.395985016562363e-10,-1.8665061968966486e-10,1.4423425389288545e-10,-1.5707900001205821,9.165538113666953e-11,1.5707900000991437,-0.7852999998547388,-2.643408856389806e-09,2.112918404259187e-09,-1.583585909322241e-09,1.2117673461875533e-09,-1.0573635821076177e-09,-1.21178181725079e-09,-1.5083354088299417e-09,0.0,0.0,0.0,-1.57079,0.0,1.57079,-0.7853
13.613907673,438.120000000,HOME,2.1580782210051638e-10,-1.676343540734499e-10,1.29981980512311e-10,-1.5707900001096753,8.213910908158167e-11,1.5707900000882369,-0.7852999998683134,-2.3790679913289828e-09,1.901626560645714e-09,-1.42522727604108e-09,1.0905975636466003e-09,-9.516272006515614e-10,-1.09061195144311e-09,-1.3575004956939418e-09,0.0,0.0,0.0,-1.57079,0.0,1.57079,-0.7853
13.626967191,438.130000000,HOME,1.9439621059857544e-10,-1.5051971495499691e-10,1.1715493443618376e-10,-1.570790000099861,7.357446408489805e-11,1.5707900000784225,-0.7852999998805315,-2.1411610832879763e-09,1.7114639150328514e-09,-1.2827046601531639e-09,9.815292884018945e-10,-8.564644791986264e-10,-9.815437039539798e-10,-1.22175351953413e-09,0.0,0.0,0.0,-1.57079,0.0,1.57079,-0.7853
13.637084798,438.140000000,HOME,1.7512576011075039e-10,-1.35116539767623e-10,1.0561059304666419e-10,-1.570790000091028,6.586628367843532e-11,1.5707900000695896,-0.7852999998915271,-1.927044989617592e-09,1.5403175161136234e-09,-1.1544342166242005e-09,8.833855660861367e-10,-7.708179858290087e-10,-8.83399919188177e-10,-1.0995734964908133e-09,0.0,0.0,0.0,-1.57079,0.0,1.57079,-0.7853
13.647090356,438.150000000,HOME,1.5778235478428054e-10,-1.2125368212780454e-10,9.522068568143136e-11,-1.5707900000830766,5.892892133065998e-11,1.5707900000616382,-0.7852999999014236,-1.7343404931603398e-09,1.3862857522074085e-09,-1.0389907825151395e-09,7.950561944913836e-10,-6.937362108383471e-10,-7.950705337156361e-10,-9.896169968562352e-10,0.0,0.0,0.0,-1.57079,0.0,1.57079,-0.7853
13.657090595,438.160000000,HOME,1.421732898528507e-10,-1.0877711028486263e-10,8.586976924182834e-11,-1.57079000007592,5.268529512433408e-11,1.5707900000544817,-0.7852999999103298,-1.5609064982387288e-09,1.2476571748399473e-09,-9.35091634549426e-10,7.15542017998283e-10,-6.243625963464616e-10,-7.155564127336866e-10,-8.906517060328079e-10,0.0,0.0,0.0,-1.57079,0.0,1.57079,-0.7853
13.669173465,438.170000000,HOME,1.28125131405565e-10,-9.754819557360942e-11,7.745394447211977e-11,-1.5707900000694808,4.706603159068247e-11,1.5707900000480424,-0.7852999999183456,-1.4048158067598085e-09,1.1228914827045994e-09,-8.415824805704103e-10,6.439770869337558e-10,-5.619263596101653e-10,-6.439914955469472e-10,-8.015896462224004e-10,0.0,0.0,0.0,-1.57079,0.0,1.57079,-0.7853
13.687383615,438.180000000,HOME,1.1548178881870715e-10,-8.744217232793041e-11,6.98797020645867e-11,-1.5707900000636854,4.2008694510316104e-11,1.570790000042247,-0.7852999999255599,-1.2643342523106782e-09,1.0106023075676096e-09,-7.574242207823018e-10,5.795841098721333e-10,-5.057337326697109e-10,-5.795985497103473e-10,-7.21431527364591e-10,0.0,0.0,0.0,-1.57079,0.0,1.57079,-0.7853
13.708365980,438.190000000,HOME,1.0410278049305041e-10,-7.834675145617219e-11,6.306288388499169e-11,-1.5707900000584696,3.7457091273641745e-11,1.5707900000370312,-0.7852999999320525,-1.1379007946402814e-09,9.095420915993663e-10,-6.816818659029222e-10,5.21630474925594e-10,-4.5516031221826125e-10,-5.216448592526568e-10,-6.492892438980657e-10,0.0,0.0,0.0,-1.57079,0.0,1.57079,-0.7853
13.719581830,438.200000000,HOME,9.386167323449394e-11,-7.016087253788596e-11,5.692774735315811e-11,-1.5707900000537756,3.33606480508132e-11,1.5707900000323372,-0.7852999999378956,-1.0241107630979893e-09,8.185878947342823e-10,-6.135136062374036e-10,4.694722631481962e-10,-4.096443184664622e-10,-4.694867342114328e-10,-5.843633814686666e-10,0.0,0.0,0.0,-1.57079,0.0,1.57079,-0.7853
13.733550421,438.210000000,HOME,8.464467646007029e-11,-6.279358160085338e-11,5.1406124673025306e-11,-1.57079000004955,2.9673849330331816e-11,1.5707900000281116,-0.7852999999431547,-9.216997343304556e-10,7.367290993844783e-10,-5.521622208938537e-10,4.225319712169995e-10,-3.6867986788480245e-10,-4.225464110552135e-10,-5.25932352356262e-10,0.0,0.0,0.0,-1.57079,0.0,1.57079,-0.7853
13.742221713,438.220000000,HOME,7.634937953555304e-11,-5.616301983649734e-11,4.643666422961572e-11,-1.5707900000457464,2.6355730529776936e-11,1.570790000024308,-0.7852999999478876,-8.295297247501096e-10,6.630561629264453e-10,-4.969460073479814e-10,3.8027683779695565e-10,-3.3181185576935945e-10,-3.802911457961855e-10,-4.73341092016577e-10,0.0,0.0,0.0,-1.57079,0.0,1.57079,-0.7853
13.752748659,438.230000000,HOME,6.888361223278668e-11,-5.0195514111468695e-11,4.1964149857738875e-11,-1.5707900000423247,2.336942343927464e-11,1.5707900000208863,-0.7852999999521475,-7.465767177649435e-10,5.967505886141089e-10,-4.472514823772311e-10,3.422406767705777e-10,-2.9863071043800815e-10,-3.4225509232266305e-10,-4.260122818747214e-10,0.0,0.0,0.0,-1.57079,0.0,1.57079,-0.7853
13.762285964,438.240000000,HOME,6.216442161883704e-11,-4.482475903143267e-11,3.7938886960432996e-11,-1.570790000039245,2.0681747121660397e-11,1.5707900000178066,-0.7852999999559811,-6.719190900287414e-10,5.370755064640353e-10,-4.0252625256413654e-10,3.0802357539605474e-10,-2.687676331492028e-10,-3.0803795972311754e-10,-3.834130487059828e-10,0.0,0.0,0.0,-1.57079,0.0,1.57079,-0.7853
13.772567364,438.250000000,HOME,5.611715004862072e-11,-3.999107943834505e-11,3.431615036166144e-11,-1.5707900000364716,1.8262838416378677e-11,1.5707900000150332,-0.7852999999594317,-6.047271544195459e-10,4.83367950917038e-10,-3.6227367156485557e-10,2.772259505290364e-10,-2.4189086150760986e-10,-2.772403071005236e-10,-3.4507703638997356e-10,0.0,0.0,0.0,-1.57079,0.0,1.57079,-0.7853
13.782623206,438.260000000,HOME,5.0674605727583214e-11,-3.5640767817858496e-11,3.105568728071486e-11,-1.5707900000339758,1.60858206489324e-11,1.5707900000125374,-0.785299999962537,-5.442544143228339e-10,4.350311636532739e-10,-3.2604632578883685e-10,2.4949261406836953e-10,-2.1770173164181728e-10,-2.495069567620689e-10,-3.1057130131517674e-10,0.0,0.0,0.0,-1.57079,0.0,1.57079,-0.7853
13.798848612,438.270000000,HOME,4.577631587453655e-11,-3.172548733175176e-11,2.8121270566539965e-11,-1.570790000031731,1.412650458537236e-11,1.5707900000102926,-0.7852999999653325,-4.898289822797414e-10,3.9152805650366496e-10,-2.934416685335117e-10,2.2453483516926553e-10,-1.9593162856046398e-10,-2.2454932704918384e-10,-2.7951838933726325e-10,0.0,0.0,0.0,-1.57079,0.0,1.57079,-0.7853
13.809014928,438.280000000,HOME,4.136785490022833e-11,-2.8201735008617354e-11,2.548029557749394e-11,-1.5707900000297104,1.2363120303028457e-11,1.570790000008272,-0.7852999999678483,-4.408460803437958e-10,3.523752361948851e-10,-2.6409752553260835e-10,2.0208606316129973e-10,-1.7633847507192435e-10,-2.0210043014112777e-10,-2.5156294061745577e-10,0.0,0.0,0.0,-1.57079,0.0,1.57079,-0.7853
13.819457524,438.290000000,HOME,3.740024017745942e-11,-2.5030357776394737e-11,2.310341801618548e-11,-1.5707900000278918,1.0776074336161917e-11,1.5707900000064534,-0.785299999970112,-3.9676148141671447e-10,3.171377188637692e-10,-2.376877444865144e-10,1.8188002146035664e-10,-1.5870460848277368e-10,-1.818944300735481e-10,-2.264053094308549e-10,0.0,0.0,0.0,-1.57079,0.0,1.57079,-0.7853
13.830734062,438.300000000,HOME,3.382938693719143e-11,-2.217611832591961e-11,2.0964228116964175e-11,-1.5707900000262554,9.34773285287806e-12,1.570790000004817,-0.7852999999721493,-3.570853605210436e-10,2.854239494493732e-10,-2.139189517798984e-10,1.6369460648091305e-10,-1.4283415769589247e-10,-1.6370903244133928e-10,-2.0376785328513058e-10,0.0,0.0,0.0,-1.57079,0.0,1.57079,-0.7853
13.845072679,438.310000000,HOME,3.061561885339763e-11,-1.960730278065841e-11,1.9038957409998806e-11,-1.570790000024781,8.0622257493347e-12,1.5707900000033426,-0.7852999999739834,-3.2137683703484243e-10,2.5688155942671376e-10,-1.9252707891478926e-10,1.4732989828125653e-10,-1.2855070480322084e-10,-1.4734428954721324e-10,-1.833952364971303e-10,0.0,0.0,0.0,-1.57079,0.0,1.57079,-0.7853
13.856979697,438.320000000,HOME,2.7723227605771318e-11,-1.7295368803931218e-11,1.7306213776744058e-11,-1.5707900000234554,6.905269107733274e-12,1.570790000002017,-0.7852999999756343,-2.892391764465485e-10,2.3119339689209317e-10,-1.7327429985627973e-10,1.325861191669997e-10,-1.1569566138458498e-10,-1.3260046186069907e-10,-1.6505437728381311e-10,0.0,0.0,0.0,-1.57079,0.0,1.57079,-0.7853
13.870936656,438.330000000,HOME,2.512007552125587e-11,-1.5214628213470938e-11,1.5746744521624985e-11,-1.570790000022263,5.864008165680349e-12,1.5707900000008246,-0.7852999999771197,-2.603151901935802e-10,2.080740603687542e-10,-1.559469239940242e-10,1.1933006319186923e-10,-1.0412609663390526e-10,-1.1934450996897716e-10,-1.485453669791692e-10,0.0,0.0,0.0,-1.57079,0.0,1.57079,-0.7853
13.885200269,438.340000000,HOME,2.2777238622922458e-11,-1.3341961693137232e-11,1.4343222155154944e-11,-1.5707900000211883,4.926873240464049e-12,1.5707899999997499,-0.7852999999784565,-2.342836649509017e-10,1.872666488024477e-10,-1.4035225130541729e-10,1.0740625749905419e-10,-9.371347794995266e-11,-1.0742067652058651e-10,-1.3369056729717332e-10,0.0,0.0,0.0,-1.57079,0.0,1.57079,-0.7853
13.893987777,438.350000000,HOME,2.066868531993417e-11,-1.165656177260004e-11,1.3080052137134838e-11,-1.5707900000202224,4.083451845239407e-12,1.570789999998784,-0.7852999999796599,-2.1085531248538764e-10,1.6853999836377587e-10,-1.2631703820951967e-10,9.665933678459915e-11,-8.434213397134904e-11,-9.667379050060099e-11,-1.2032350463209163e-10,0.0,0.0,0.0,-1.57079,0.0,1.57079,-0.7853
13.903619396,438.360000000,HOME,1.8770987400663345e-11,-1.0139701921983965e-11,1.194319900748751e-11,-1.570790000019352,3.324372587455562e-12,1.5707899999979136,-0.7852999999807424,-1.8976978408830059e-10,1.5168598928999577e-10,-1.1368530422606327e-10,8.700037218423162e-11,-7.590796047285409e-11,-8.701479814465785e-11,-1.0828866015694105e-10,0.0,0.0,0.0,-1.57079,0.0,1.57079,-0.7853
13.916178295,438.370000000,HOME,1.7063059470937138e-11,-8.774528077137761e-12,1.0920031066273455e-11,-1.5707900000185682,2.6412013421862747e-12,1.5707899999971298,-0.7852999999817172,-1.707928067636727e-10,1.365173757459509e-10,-1.0231677831373798e-10,7.829620979338259e-11,-6.831708462828878e-11,-7.831055595652892e-11,-9.746397786059013e-11,0.0,0.0,0.0,-1.57079,0.0,1.57079,-0.7853
13.928598291,438.380000000,HOME,1.552592423955438e-11,-7.545871480752173e-12,9.999179873232317e-12,-1.5707900000178643,2.0263471884841694e-12,1.5707899999964259,-0.7852999999826309,-1.5371353983498898e-10,1.2286566143833444e-10,-9.208510256403235e-11,7.045808728123326e-11,-6.148543826856034e-11,-7.047249936387168e-11,-9.141076177249241e-11,0.0,0.0,0.0,-1.57079,0.0,1.57079,-0.7853
13.939279253,438.390000000,HOME,1.4142502437851674e-11,-6.4400806542251365e-12,9.170413975309514e-12,-1.5707900000172292,1.472978348150535e-12,1.5707899999957908,-0.7852999999834991,-1.3834215283753393e-10,1.1057909947952138e-10,-8.287663654307775e-11,6.341925595787501e-11,-5.533688438030815e-11,-6.343369926553599e-11,-8.684220616922422e-11,0.0,0.0,0.0,-1.57079,0.0,1.57079,-0.7853
13.949181986,438.400000000,HOME,1.2897422915729737e-11,-5.4448687747387964e-12,8.424524639987203e-12,-1.5707900000166586,9.7494633321661e-13,1.5707899999952202,-0.785299999984324,-1.24507941283436e-10,9.952118534654886e-11,-7.458891013514823e-11,5.706876984867826e-11,-4.980318241143422e-11,-5.708319233965753e-11,-8.250121766306684e-11,0.0,0.0,0.0,-1.57079,0.0,1.57079,-0.7853
13.959857072,438.410000000,HOME,1.1776851397232858e-11,-4.549178196391797e-12,7.753224092935718e-12,-1.5707900000161457,5.267176672275732e-13,1.5707899999947073,-0.7852999999851078,-1.1205715814890244e-10,8.956906050183733e-11,-6.713006344381822e-11,5.1362188807635434e-11,-4.4822891925866415e-11,-5.137649333741834e-11,-7.837670009530617e-11,0.0,0.0,0.0,-1.57079,0.0,1.57079,-0.7853
13.976232245,438.420000000,HOME,1.0768336947871884e-11,-3.743056543671885e-12,7.149053780631993e-12,-1.5707900000156838,1.233117786726536e-13,1.5707899999942454,-0.7852999999858528,-1.008514576104208e-10,8.061216884985845e-11,-6.041701405661015e-11,4.6232965372761115e-11,-4.0340526058502135e-11,-4.6247332352589154e-11,-7.445767179897755e-11,0.0,0.0,0.0,-1.57079,0.0,1.57079,-0.7853
13.992402202,438.430000000,HOME,9.860673761940722e-12,-3.017547213108018e-12,6.60530052943925e-12,-1.5707900000152686,-2.397532750429852e-13,1.5707899999938302,-0.78529999998656,-9.076630029178356e-11,7.255092923999507e-11,-5.4375347974255916e-11,4.161444799866132e-11,-3.630649600405711e-11,-4.162887395908754e-11,-7.073284666314628e-11,0.0,0.0,0.0,-1.57079,0.0,1.57079,-0.7853
14.006358148,438.440000000,HOME,9.043777169035933e-12,-2.3645887469488565e-12,6.1159223731679765e-12,-1.5707900000148933,-5.665120166352552e-13,1.570789999993455,-0.7852999999872317,-8.168967336342342e-11,6.529584403551503e-11,-4.893778416358019e-11,3.746222776435104e-11,-3.267591405786696e-11,-3.747661209141384e-11,-6.71968080137586e-11,0.0,0.0,0.0,-1.57079,0.0,1.57079,-0.7853
14.017621658,438.450000000,HOME,8.30857010323569e-12,-1.776926146942933e-12,5.6754822285259e-12,-1.5707900000145558,-8.605949100891507e-13,1.5707899999931174,-0.78529999998787,-7.352070926884557e-11,5.876624447481715e-11,-4.4043994146258925e-11,3.370964965498935e-11,-2.94082987128963e-11,-3.3724099901544236e-11,-6.383838856843793e-11,0.0,0.0,0.0,-1.57079,0.0,1.57079,-0.7853
14.043076200,438.460000000,HOME,7.646883740958021e-12,-1.2480298000854447e-12,5.279086018615803e-12,-1.5707900000142516,-1.1252693729911654e-12,1.5707899999928132,-0.7852999999884762,-6.616865790096821e-11,5.288965164267079e-11,-3.9639601280214154e-11,3.0334609824045344e-11,-2.646746710688319e-11,-3.034900802889595e-11,-6.064649997472582e-11,0.0,0.0,0.0,-1.57079,0.0,1.57079,-0.7853
14.064844153,438.470000000,HOME,7.05136617199817e-12,-7.720231020517015e-13,4.922329264052308e-12,-1.5707900000139785,-1.3634764208280012e-12,1.57078999999254,-0.7852999999890524,-5.955174873194247e-11,4.760067253556377e-11,-3.567567465403987e-11,2.7292598736572415e-11,-2.3820726641199386e-11,-2.730711837206634e-11,-5.761558678069045e-11,0.0,0.0,0.0,-1.57079,0.0,1.57079,-0.7853
14.083956301,438.480000000,HOME,6.515400257227834e-12,-3.436170726503944e-13,4.601248314030275e-12,-1.570790000013732,-1.5778627454930847e-12,1.5707899999922936,-0.7852999999895998,-5.3596605127138874e-11,4.2840602593186006e-11,-3.2108095262411984e-11,2.456141540152501e-11,-2.1438625180669746e-11,-2.4575803198034762e-11,-5.473454155191515e-11,0.0,0.0,0.0,-1.57079,0.0,1.57079,-0.7853
14.096591636,438.490000000,HOME,6.033030825937154e-12,4.194837540808914e-14,4.312275668087989e-12,-1.57079000001351,-1.7708104970192027e-12,1.5707899999920716,-0.7852999999901193,-4.8236948615131003e-11,3.8556537736850194e-11,-2.8897244189543536e-11,2.209673069519802e-11,-1.929476717288381e-11,-2.2111108083366915e-11,-5.199783832676719e-11,0.0,0.0,0.0,-1.57079,0.0,1.57079,-0.7853
14.107901551,438.500000000,HOME,5.598898424576767e-12,3.8895729288545686e-13,4.0522001813338e-12,-1.5707900000133102,-1.944463512597459e-12,1.5707899999918717,-0.7852999999906134,-4.341325421982484e-11,3.47008832259077e-11,-2.6007566109390035e-11,1.987632627931113e-11,-1.7365268945024326e-11,-1.989080081199468e-11,-4.939992165331475e-11,0.0,0.0,0.0,-1.57079,0.0,1.57079,-0.7853
14.118208755,438.510000000,HOME,5.2081795165027846e-12,7.012651974663371e-13,3.818132028886575e-12,-1.5707900000131303,-2.10075099902217e-12,1.5707899999916919,-0.785299999991083,-3.9071846777948005e-11,3.123079095682102e-11,-2.3406885154078627e-11,1.7877886671069376e-11,-1.5628744826079455e-11,-1.7892305692601695e-11,-4.692968756658811e-11,0.0,0.0,0.0,-1.57079,0.0,1.57079,-0.7853
14.129676462,438.520000000,HOME,4.856532297889014e-12,9.823424344726032e-13,3.607470711286447e-12,-1.5707900000129704,-2.2414099557265126e-12,1.570789999991532,-0.7852999999915293,-3.5164706975281124e-11,2.810772036128395e-11,-2.1066116732970652e-11,1.607933577951748e-11,-1.4065922038231093e-11,-1.6093782556625413e-11,-4.4581525970865954e-11,0.0,0.0,0.0,-1.57079,0.0,1.57079,-0.7853
14.146853669,438.530000000,HOME,4.54004963890745e-12,1.2353119806078847e-12,3.4178758812164328e-12,-1.570790000012826,-2.368003077128798e-12,1.5707899999913877,-0.7852999999919523,-3.164831081665237e-11,2.5296963091989144e-11,-1.8959453581754437e-11,1.4480618093504205e-11,-1.2659311099394444e-11,-1.4494974664991389e-11,-4.235001498792412e-11,0.0,0.0,0.0,-1.57079,0.0,1.57079,-0.7853
14.157960086,438.540000000,HOME,4.255215304511905e-12,1.4629844842875781e-12,3.246979699678741e-12,-1.570790000012695,-2.4819367139593412e-12,1.5707899999912567,-0.7852999999923542,-2.8483501690081126e-11,2.276724880671821e-11,-1.708959341227556e-11,1.3037321222597598e-11,-1.1393403581694272e-11,-1.3051757591364677e-11,-4.0235024513501916e-11,0.0,0.0,0.0,-1.57079,0.0,1.57079,-0.7853
14.169873672,438.550000000,HOME,3.998864378565056e-12,1.6678897339563828e-12,3.0846283867297917e-12,-1.5707900000125774,-2.589867579593106e-12,1.570789999991139,-0.7852999999927361,-2.563510298134175e-11,2.0490519003768526e-11,-1.6235125873884093e-11,1.1727247645199057e-11,-1.0793074767256883e-11,-1.1789184212185333e-11,-3.8225527777824286e-11,0.0,0.0,0.0,-1.57079,0.0,1.57079,-0.7853
14.185983537,438.560000000,HOME,3.768148786643031e-12,1.8523044800170898e-12,2.930394503686178e-12,-1.5707900000124708,-2.6924018280459637e-12,1.570789999991028,-0.7852999999930992,-2.3071540771607557e-11,1.844146688655124e-11,-1.542339888617461e-11,1.0550414708543343e-11,-1.0253409232774402e-11,-1.1200870092542559e-11,-3.631596325742725e-11,0.0,0.0,0.0,-1.57079,0.0,1.57079,-0.7853
14.204896100,438.570000000,HOME,3.5605044588042202e-12,2.0182776609625285e-12,2.7838725585017092e-12,-1.5707900000123753,-2.789809312901835e-12,1.5707899999909214,-0.7852999999934445,-2.076440592819334e-11,1.6597296887549406e-11,-1.4652208049290016e-11,9.484569379880625e-12,-9.740732526131168e-12,-1.0645605924564094e-11,-3.450072345867472e-11,0.0,0.0,0.0,-1.57079,0.0,1.57079,-0.7853
14.217981050,438.580000000,HOME,3.3736247152448597e-12,2.1676535361299603e-12,2.644676542026394e-12,-1.570790000012291,-2.8823463048598267e-12,1.5707899999908193,-0.785299999993772,-1.8687967189359722e-11,1.4937610610249452e-11,-1.3919592692021587e-11,8.529805334278606e-12,-9.253712379697632e-12,-1.0112757853342202e-11,-3.277431537968001e-11,0.0,0.0,0.0,-1.57079,0.0,1.57079,-0.7853
14.229149462,438.590000000,HOME,3.2049445319254264e-12,2.302091837333176e-12,2.5124404605665473e-12,-1.5707900000122133,-2.9702566505295107e-12,1.5707899999907238,-0.7852999999940828,-1.6867987909230386e-11,1.3443836105117568e-11,-1.3223627704991858e-11,7.686025427222631e-12,-8.791026934185098e-12,-9.602079548143294e-12,-3.113673728571964e-11,0.0,0.0,0.0,-1.57079,0.0,1.57079,-0.7853
14.241000927,438.600000000,HOME,3.0446984284294198e-12,2.4230863436309563e-12,2.386816046049803e-12,-1.5707900000121444,-3.0537713560972882e-12,1.5707899999906327,-0.7852999999943782,-1.6024595279190423e-11,1.2099458370981586e-11,-1.2562460837209355e-11,6.908879718325878e-12,-8.35147576094819e-12,-9.124732219811804e-12,-2.9582440663755705e-11,0.0,0.0,0.0,-1.57079,0.0,1.57079,-0.7853
14.251998728,438.610000000,HOME,2.8924645656523948e-12,2.531981387004106e-12,2.2674729678782148e-12,-1.5707900000120822,-3.133110276947058e-12,1.5707899999905461,-0.785299999994659,-1.5223411940767928e-11,1.088949676958384e-11,-1.1934281904726896e-11,6.220524095823521e-12,-7.933900064704957e-12,-8.66954077971549e-12,-2.8105852714621626e-11,0.0,0.0,0.0,-1.57079,0.0,1.57079,-0.7853
14.263751525,438.620000000,HOME,2.7478425005692577e-12,2.6299868546777536e-12,2.1540969357913e-12,-1.5707900000120267,-3.208482252968646e-12,1.570789999990464,-0.7852999999949266,-1.4462208449035618e-11,9.800554248359794e-12,-1.133757779499256e-11,5.598806140927337e-12,-7.537213908559437e-12,-8.23651910564216e-12,-2.670139196553345e-11,0.0,0.0,0.0,-1.57079,0.0,1.57079,-0.7853
14.273671063,438.630000000,HOME,2.610451485554739e-12,2.71819181732582e-12,2.0463897189479944e-12,-1.5707900000119757,-3.2800856879554465e-12,1.5707899999903863,-0.7852999999951797,-1.373907975235622e-11,8.82050162076542e-12,-1.0770729794162825e-11,5.043708506402567e-12,-7.160376458426043e-12,-7.825830261598554e-12,-2.5363603578520966e-11,0.0,0.0,0.0,-1.57079,0.0,1.57079,-0.7853
14.283934120,438.640000000,HOME,2.479929877493213e-12,2.7975761729686703e-12,1.944067950702178e-12,-1.5707900000119313,-3.3481086987906406e-12,1.570789999990313,-0.7852999999954207,-1.3052174141839346e-11,7.938440269722458e-12,-1.0232167110130197e-11,4.532974690052427e-12,-6.8023121857496704e-12,-7.437141180677287e-12,-2.409794325891612e-11,0.0,0.0,0.0,-1.57079,0.0,1.57079,-0.7853
14.293681575,438.650000000,HOME,2.355934508182491e-12,2.869022267235157e-12,1.8468622265464676e-12,-1.5707900000118913,-3.4127307981289706e-12,1.570789999990242,-0.7852999999956494,-1.239953062101562e-11,7.144608689391152e-12,-9.720584146638567e-12,4.0888854802023644e-12,-6.462178014920994e-12,-7.070760643657081e-12,-2.2893338266771757e-11,0.0,0.0,0.0,-1.57079,0.0,1.57079,-0.7853
14.307466754,438.660000000,HOME,2.2381389440809163e-12,2.9333237881572423e-12,1.7545167137994347e-12,-1.5707900000118535,-3.4741218605015438e-12,1.5707899999901753,-0.785299999995867,-1.1779571458883642e-11,6.430172800470091e-12,-9.234530024340715e-12,3.6892502941476835e-12,-6.1390927064142176e-12,-6.715489275777031e-12,-2.1749822429195653e-11,0.0,0.0,0.0,-1.57079,0.0,1.57079,-0.7853
14.320842409,438.670000000,HOME,2.126233146952086e-12,2.9911951267378794e-12,1.6667884776655355e-12,-1.5707900000118202,-3.5324433123361412e-12,1.570789999990111,-0.7852999999960735,-1.1190578086579805e-11,5.787135094054152e-12,-8.772816023974728e-12,3.3117640574342744e-12,-5.832150734574881e-12,-6.382519512904139e-12,-2.0661787385189978e-11,0.0,0.0,0.0,-1.57079,0.0,1.57079,-0.7853
14.332955475,438.680000000,HOME,2.0199225668213115e-12,3.0432791450427307e-12,1.583446739640824e-12,-1.5707900000117914,-3.587848513596381e-12,1.570789999990051,-0.78529999999627,-1.063105864191477e-11,5.208408140541798e-12,-8.334163003817507e-12,2.9786381694485442e-12,-5.540540248816228e-12,-6.060461160695141e-12,-1.9629252216712967e-11,0.0,0.0,0.0,-1.57079,0.0,1.57079,-0.7853
14.342613132,438.690000000,HOME,1.918927453398818e-12,3.0901548356548412e-12,1.504272074986505e-12,-1.5707900000117647,-3.640483645960135e-12,1.5707899999899932,-0.7852999999964565,-1.0099500446017484e-11,4.6875838714127704e-12,-7.917485460653961e-12,2.690014877515523e-12,-5.26351878749054e-12,-5.760759924644532e-12,-1.8646742136474437e-11,0.0,0.0,0.0,-1.57079,0.0,1.57079,-0.7853
14.358684161,438.700000000,HOME,1.822982211304716e-12,3.1323430484305125e-12,1.429056068820004e-12,-1.5707900000117403,-3.69048693219397e-12,1.5707899999899377,-0.7852999999966341,-9.594508347532393e-12,4.218827761096056e-12,-7.521628502329958e-12,2.423599515521957e-12,-5.000312663927531e-12,-5.472049896537712e-12,-1.771416954093885e-11,0.0,0.0,0.0,-1.57079,0.0,1.57079,-0.7853
14.378304628,438.710000000,HOME,1.731834247453669e-12,3.170312386824393e-12,1.3576008132620008e-12,-1.570790000011718,-3.737990239037635e-12,1.5707899999898867,-0.7852999999968029,-9.114807649965306e-12,3.7969488664302276e-12,-7.145529610716461e-12,2.1793331028696628e-12,-4.750283499888042e-12,-5.194553120979606e-12,-1.682598504970656e-11,0.0,0.0,0.0,-1.57079,0.0,1.57079,-0.7853
14.406426155,438.720000000,HOME,1.645243624977559e-12,3.204484838368208e-12,1.289718340615532e-12,-1.570790000011698,-3.783118254945137e-12,1.5707899999898378,-0.7852999999969628,-8.659062399399287e-12,3.417228522720195e-12,-6.788228399529084e-12,1.957239925687304e-12,-4.512789447685961e-12,-4.939205294762772e-12,-1.598219386694799e-11,0.0,0.0,0.0,-1.57079,0.0,1.57079,-0.7853
14.422955158,438.730000000,HOME,1.5629825295811804e-12,3.2352399375734153e-12,1.2252300812649063e-12,-1.5707900000116803,-3.825989870924626e-12,1.5707899999897912,-0.7852999999971149,-8.22611347529173e-12,3.075487130591026e-12,-6.448817825230324e-12,1.7574067201486798e-12,-4.287136617930898e-12,-4.6948764320653424e-12,-1.5182839360750044e-11,0.0,0.0,0.0,-1.57079,0.0,1.57079,-0.7853
14.434602114,438.740000000,HOME,1.4848345136364834e-12,3.262919605159182e-12,1.1639662586908914e-12,-1.5707900000116648,-3.866717920329873e-12,1.5707899999897468,-0.7852999999972592,-7.814814767526101e-12,2.7679761694515692e-12,-6.1263758822927006e-12,1.579826547359886e-12,-4.072818471367867e-12,-4.461753883022723e-12,-1.442234179305224e-11,0.0,0.0,0.0,-1.57079,0.0,1.57079,-0.7853
14.444226355,438.750000000,HOME,1.4105939059429112e-12,3.287831371602288e-12,1.1057656156012459e-12,-1.5707900000116515,-3.905409685399528e-12,1.5707899999897046,-0.7852999999973957,-7.424051933109521e-12,2.4911988704551247e-12,-5.820070120288179e-12,1.424402262806268e-12,-3.869193160310758e-12,-4.2397439725672115e-12,-1.3700702898578054e-11,0.0,0.0,0.0,-1.57079,0.0,1.57079,-0.7853
14.455023938,438.760000000,HOME,1.3400652997671348e-12,3.3102518986257774e-12,1.0504749518437528e-12,-1.5707900000116382,-3.9421665988846746e-12,1.5707899999896646,-0.7852999999975256,-7.052844636437627e-12,2.2420507291009972e-12,-5.529074810842194e-12,1.2911303970408738e-12,-3.675684756565545e-12,-4.0287426172902485e-12,-1.3017898391198823e-11,0.0,0.0,0.0,-1.57079,0.0,1.57079,-0.7853
14.466349673,438.770000000,HOME,1.2730630927076506e-12,3.330430370583357e-12,9.979488141075578e-13,-1.570790000011627,-3.977085711624903e-12,1.5707899999896269,-0.7852999999976489,-6.700208313517586e-12,2.0178388040331674e-12,-5.2526273261466194e-12,1.1853885928392316e-12,-3.491894273732754e-12,-3.82890247285772e-12,-1.23684291974957e-11,0.0,0.0,0.0,-1.57079,0.0,1.57079,-0.7853
14.482913160,438.780000000,HOME,1.209411031221448e-12,3.3485910030863823e-12,9.480490353540871e-13,-1.570790000011616,-4.010258894575501e-12,1.5707899999895913,-0.7852999999977666,-6.365235487131027e-12,1.8160549019458072e-12,-4.98994964272248e-12,1.1298843805018777e-12,-3.3173498670269197e-12,-3.640230478163531e-12,-1.1752241541040931e-11,0.0,0.0,0.0,-1.57079,0.0,1.57079,-0.7853
14.494274230,438.790000000,HOME,1.1489415865572393e-12,3.3649355358014915e-12,9.006442313135576e-13,-1.5707900000116048,-4.04177348065514e-12,1.5707899999895558,-0.7852999999978787,-6.046967939397907e-12,1.6344434486392778e-12,-4.740474072312262e-12,1.0743420042480523e-12,-3.151430505443642e-12,-3.462421321875908e-12,-1.1163825940074812e-11,0.0,0.0,0.0,-1.57079,0.0,1.57079,-0.7853
14.504936984,438.800000000,HOME,1.0914955196651267e-12,3.379645633524739e-12,8.556097091951543e-13,-1.5707900000115937,-4.071712424340444e-12,1.5707899999895225,-0.7852999999979853,-5.744614094312095e-12,1.4709863101897147e-12,-4.503442323916529e-12,1.0188794252741218e-12,-2.9939210832719e-12,-3.2849833964121444e-12,-1.0603169384171274e-11,0.0,0.0,0.0,-1.57079,0.0,1.57079,-0.7853
14.519871507,438.810000000,HOME,1.0369217870878546e-12,3.3928847317105305e-12,8.128268724600373e-13,-1.5707900000115849,-4.100154433504964e-12,1.5707899999894914,-0.7852999999980863,-5.457407204097209e-12,1.3238739531712396e-12,-4.278250280084772e-12,9.633335795733444e-13,-2.8442040389542456e-12,-3.118370145438476e-12,-1.0070269271245103e-11,0.0,0.0,0.0,-1.57079,0.0,1.57079,-0.7853
14.557731738,438.820000000,HOME,9.850767233639515e-13,3.404799931657022e-12,7.721832091119594e-13,-1.570790000011576,-4.127174288608301e-12,1.5707899999894626,-0.7852999999981818,-5.184520781437163e-12,1.1915277792207135e-12,-4.064367765954646e-12,9.189836391865214e-13,-2.701984469499763e-12,-2.963018719270849e-12,-9.565130805466726e-12,0.0,0.0,0.0,-1.57079,0.0,1.57079,-0.7853
14.578150752,438.830000000,HOME,9.358239988522651e-13,3.41552360252325e-12,7.335717385373169e-13,-1.570790000011567,-4.152843085557397e-12,1.5707899999894337,-0.7852999999982728,-4.925288584096965e-12,1.0723700573367356e-12,-3.861118022530086e-12,8.745365542850436e-13,-2.5668772662967854e-12,-2.8186238065774916e-12,-9.087722761813577e-12,0.0,0.0,0.0,-1.57079,0.0,1.57079,-0.7853
14.590236913,438.840000000,HOME,8.890339551160303e-13,3.4251749718537176e-12,6.968907228905308e-13,-1.5707900000115582,-4.177228492445603e-12,1.570789999989407,-0.7852999999983594,-4.678981594535836e-12,9.651435466800917e-13,-3.668120494848548e-12,8.301311027469893e-13,-2.438552831884877e-12,-2.6743433856335486e-12,-8.632546934228547e-12,0.0,0.0,0.0,-1.57079,0.0,1.57079,-0.7853
14.603094336,438.850000000,HOME,8.445833607605404e-13,3.4338611015771934e-12,6.620438047877238e-13,-1.5707900000115493,-4.200394503221947e-12,1.5707899999893826,-0.7852999999984416,-4.445077877827941e-12,8.686120399337138e-13,-3.4846747883066076e-12,7.857187123150311e-13,-2.3166156493115153e-12,-2.5410507031864427e-12,-8.199533066410858e-12,0.0,0.0,0.0,-1.57079,0.0,1.57079,-0.7853
14.616631700,438.860000000,HOME,8.023551561035354e-13,3.4416787018769407e-12,6.289393940819705e-13,-1.5707900000115427,-4.222402381380705e-12,1.5707899999893582,-0.7852999999985193,-4.222816215627978e-12,7.817540018106861e-13,-3.310437427656021e-12,7.412924440952651e-13,-2.2008055100553037e-12,-2.4189435177124352e-12,-7.788764425087358e-12,0.0,0.0,0.0,-1.57079,0.0,1.57079,-0.7853
14.626070321,438.870000000,HOME,7.622384321416797e-13,3.4487145965302948e-12,5.974900815267638e-13,-1.570790000011536,-4.243309844641371e-12,1.570789999989336,-0.7852999999985937,-4.011645941652542e-12,7.036090460266209e-13,-3.144953264824779e-12,7.080343256138377e-13,-2.090744244398479e-12,-2.2968571489201395e-12,-7.400185499106815e-12,0.0,0.0,0.0,-1.57079,0.0,1.57079,-0.7853
14.635990712,438.880000000,HOME,7.241276744279675e-13,3.4550468804028983e-12,5.676130889367556e-13,-1.5707900000115294,-4.263171932310392e-12,1.5707899999893138,-0.7852999999986636,-3.811093042711822e-12,6.332104979245301e-13,-2.9876743440349074e-12,6.747172265342272e-13,-1.9862098077361168e-12,-2.185897296502759e-12,-7.0282651226660775e-12,0.0,0.0,0.0,-1.57079,0.0,1.57079,-0.7853
14.649231851,438.890000000,HOME,6.879223105257353e-13,3.4607459130115763e-12,5.392302123755636e-13,-1.5707900000115227,-4.282040894258862e-12,1.5707899999892938,-0.7852999999987302,-3.620555244499002e-12,5.699126066904814e-13,-2.8382715015068394e-12,6.414417608180401e-13,-1.8869177054181563e-12,-2.074892341275003e-12,-6.6785205837804895e-12,0.0,0.0,0.0,-1.57079,0.0,1.57079,-0.7853
14.672816682,438.900000000,HOME,6.535273210650065e-13,3.4658749788034553e-12,5.122663285588585e-13,-1.570790000011516,-4.299966395619901e-12,1.5707899999892738,-0.7852999999987935,-3.439505841598689e-12,5.129050396207591e-13,-2.696387384204524e-12,6.081073145036697e-13,-1.79255221777197e-12,-1.9748543078623726e-12,-6.3454580132016325e-12,0.0,0.0,0.0,-1.57079,0.0,1.57079,-0.7853
14.684178519,438.910000000,HOME,6.208520098235474e-13,3.4704910842614024e-12,4.866507334103658e-13,-1.5707900000115094,-4.316995582708136e-12,1.570789999989256,-0.7852999999988535,-3.267556255952264e-12,4.616051464678694e-13,-2.5615371369164253e-12,5.747589904014916e-13,-1.7029121168743444e-12,-1.8749515828808683e-12,-6.029058328971271e-12,0.0,0.0,0.0,-1.57079,0.0,1.57079,-0.7853
14.694560566,438.920000000,HOME,5.898105796550607e-13,3.474645782981879e-12,4.623157347674465e-13,-1.570790000011505,-4.333173475067218e-12,1.5707899999892383,-0.7852999999989112,-3.104159724404143e-12,4.1547754819903915e-13,-2.433484403568942e-12,5.415008719200642e-13,-1.6177961748020664e-12,-1.7862204770846546e-12,-5.7292903060668365e-12,0.0,0.0,0.0,-1.57079,0.0,1.57079,-0.7853
14.711715992,438.930000000,HOME,5.603210593458755e-13,3.47838482591132e-12,4.391975730855816e-13,-1.5707900000115005,-4.348542143210886e-12,1.5707899999892205,-0.7852999999989656,-2.9489647486100057e-12,3.739094537463794e-13,-2.311805477953066e-12,5.192721252988974e-13,-1.5368782635416522e-12,-1.6972673266835159e-12,-5.440638391196462e-12,0.0,0.0,0.0,-1.57079,0.0,1.57079,-0.7853
14.721494554,438.940000000,HOME,5.323060203810032e-13,3.481750090358636e-12,4.1723538992842513e-13,-1.570790000011496,-4.3631426792688375e-12,1.570789999989205,-0.7852999999990178,-2.8014912438478756e-12,3.3654567847818395e-13,-2.196221069589166e-12,4.970815425942021e-13,-1.4600473607906395e-12,-1.6084356069256955e-12,-5.168645025865892e-12,0.0,0.0,0.0,-1.57079,0.0,1.57079,-0.7853
14.731356582,438.950000000,HOME,5.056918081363772e-13,3.484778760338376e-12,3.9637127155273155e-13,-1.5707900000114916,-4.377013059807409e-12,1.5707899999891894,-0.7852999999990666,-2.6614393197968433e-12,3.0287231056469466e-13,-2.086392473718557e-12,4.748632043138912e-13,-1.3870467274745835e-12,-1.5307546896714541e-12,-4.907701849077295e-12,0.0,0.0,0.0,-1.57079,0.0,1.57079,-0.7853
14.742382084,438.960000000,HOME,4.804083217858122e-13,3.4875273923895065e-12,3.765503679537544e-13,-1.5707900000114872,-4.3901899291253075e-12,1.570789999989174,-0.7852999999991133,-2.5283512262996855e-12,2.748656337259181e-13,-1.982083334267637e-12,4.5265180492748414e-13,-1.317678605117223e-12,-1.4530425473946451e-12,-4.663480539235376e-12,0.0,0.0,0.0,-1.57079,0.0,1.57079,-0.7853
14.756001150,438.970000000,HOME,4.563891215285984e-13,3.4901387282332483e-12,3.5772040909423696e-13,-1.5707900000114827,-4.402708016386523e-12,1.5707899999891606,-0.7852999999991577,-2.4019266393546235e-12,2.6115221096745245e-13,-1.8829972303624487e-12,4.304855083514525e-13,-1.2518215630752394e-12,-1.3753963246099232e-12,-4.430339775596259e-12,0.0,0.0,0.0,-1.57079,0.0,1.57079,-0.7853
14.762110065,438.980000000,HOME,4.3357073274854775e-13,3.492619307993945e-12,3.3983204686177707e-13,-1.5707900000114783,-4.414600170314796e-12,1.5707899999891473,-0.7852999999991999,-2.2818336846766596e-12,2.4806328866033844e-13,-1.7888364400864276e-12,4.08232475601622e-13,-1.1892084539333325e-12,-1.3086649819360474e-12,-4.208277823436468e-12,0.0,0.0,0.0,-1.57079,0.0,1.57079,-0.7853
14.773433054,438.990000000,HOME,4.118933739473321e-13,3.4949760326184266e-12,3.228379803345149e-13,-1.5707900000114738,-4.425897820630065e-12,1.570789999989134,-0.7852999999992398,-2.16773875325732e-12,2.356710746692636e-13,-1.6994042891654848e-12,3.8605924013168647e-13,-1.1297456026237995e-12,-1.2421869088896642e-12,-3.997350193907234e-12,0.0,0.0,0.0,-1.57079,0.0,1.57079,-0.7853
14.786149440,439.000000000,HOME,3.9129981334487256e-13,3.497214817080063e-12,3.0669369911014207e-13,-1.5707900000114694,-4.436630388242481e-12,1.5707899999891228,-0.7852999999992776,-2.0593371842861363e-12,2.238933864695536e-13,-1.6144427374825687e-12,3.638651879800392e-13,-1.0732734145868505e-12,-1.1755804663060587e-12,-3.797498773772112e-12,0.0,0.0,0.0,-1.57079,0.0,1.57079,-0.7853
14.799148721,439.010000000,HOME,3.7173591813615964e-13,3.499341664823124e-12,2.913566467355055e-13,-1.570790000011465,-4.446826433639352e-12,1.5707899999891117,-0.7852999999993142,-1.9563938143118964e-12,2.1269878219820626e-13,-1.5336915765162829e-12,3.416572580405841e-13,-1.0195767841114645e-12,-1.1200346206052814e-12,-3.6087756047353814e-12,0.0,0.0,0.0,-1.57079,0.0,1.57079,-0.7853
14.812704240,439.020000000,HOME,3.531502820678073e-13,3.501362242105004e-12,2.76786400684168e-13,-1.5707900000114627,-4.456512727073359e-12,1.5707899999891006,-0.7852999999993486,-1.858559638655277e-12,2.0204931477918464e-13,-1.457017232558977e-12,3.1943891976027317e-13,-9.686418334098335e-13,-1.0645061221392638e-12,-3.4256113570774183e-12,0.0,0.0,0.0,-1.57079,0.0,1.57079,-0.7853
14.823020881,439.030000000,HOME,3.3549400881445893e-13,3.5032818177145815e-12,2.6294461337581e-13,-1.5707900000114605,-4.465714612854489e-12,1.5707899999890895,-0.7852999999993808,-1.7656153232167848e-12,1.9196840297941442e-13,-1.384196793643988e-12,3.0837138398354114e-13,-9.201840678318973e-13,-1.0090886459757087e-12,-3.2535085736640212e-12,0.0,0.0,0.0,-1.57079,0.0,1.57079,-0.7853
14.832732223,439.040000000,HOME,3.187203940907101e-13,3.505105296799324e-12,2.4979492565689647e-13,-1.5707900000114583,-4.474456443030896e-12,1.5707899999890806,-0.7852999999994119,-1.6773457622853982e-12,1.823435066133916e-13,-1.3149956384211903e-12,2.9721711203301027e-13,-8.741236900977611e-13,-9.534491252072286e-13,-3.0925218982846836e-12,0.0,0.0,0.0,-1.57079,0.0,1.57079,-0.7853
14.844583102,439.050000000,HOME,3.027853825339044e-13,3.5068375849403807e-12,2.373028484057992e-13,-1.570790000011456,-4.482761140238592e-12,1.5707899999890718,-0.7852999999994408,-1.5935088535160014e-12,1.732403283327688e-13,-1.2491990948604315e-12,2.8613222902151847e-13,-8.304745779952327e-13,-9.091234709490692e-13,-2.9371045526249695e-12,0.0,0.0,0.0,-1.57079,0.0,1.57079,-0.7853
14.854643497,439.060000000,HOME,2.8764731671132993e-13,3.5084833771668395e-12,2.2543519679610366e-13,-1.5707900000114539,-4.4906506452601e-12,1.5707899999890629,-0.7852999999994685,-1.5138058992100745e-12,1.6458210662373407e-13,-1.1867592412256878e-12,2.750369376691708e-13,-7.889487674272999e-13,-8.646451610250239e-13,-2.7927347934220137e-12,0.0,0.0,0.0,-1.57079,0.0,1.57079,-0.7853
14.864207652,439.070000000,HOME,2.732659641571904e-13,3.510046798000606e-12,2.1416112982965182e-13,-1.5707900000114516,-4.498145726204874e-12,1.570789999989054,-0.7852999999994952,-1.4381051688036606e-12,1.563371827828508e-13,-1.1274284457407635e-12,2.6392776852901534e-13,-7.49521972265299e-13,-8.202293011461137e-13,-2.6539838035577468e-12,0.0,0.0,0.0,-1.57079,0.0,1.57079,-0.7853
14.875332062,439.080000000,HOME,2.596037252822452e-13,3.511531983456128e-12,2.0345080419112473e-13,-1.5707900000114494,-4.5052658085064005e-12,1.5707899999890473,-0.7852999999995207,-1.3662607286843431e-12,1.485144472679334e-13,-1.0710113351741768e-12,2.5278390491934033e-13,-7.120137812677285e-13,-7.758238496080594e-13,-2.520757907964466e-12,0.0,0.0,0.0,-1.57079,0.0,1.57079,-0.7853
14.885714200,439.090000000,HOME,2.4662468534742956e-13,3.5129430522006166e-12,1.932759228543417e-13,-1.5707900000114472,-4.512030137186919e-12,1.5707899999890407,-0.7852999999995451,-1.2978976617408766e-12,1.411091295894229e-13,-1.0175042232385412e-12,2.417302469304161e-13,-6.764068471998286e-13,-7.425067505284488e-13,-2.393078790685621e-12,0.0,0.0,0.0,-1.57079,0.0,1.57079,-0.7853
14.895317356,439.100000000,HOME,2.3429450604363765e-13,3.5142835246385268e-12,1.8360982832364748e-13,-1.570790000011445,-4.5184561531562594e-12,1.570789999989034,-0.7852999999995673,-1.2330218226649925e-12,1.3404533559524534e-13,-9.666035333255607e-13,2.3060373055550087e-13,-6.426005560999926e-13,-7.092347542592137e-13,-2.2709559927003298e-12,0.0,0.0,0.0,-1.57079,0.0,1.57079,-0.7853
14.906768133,439.110000000,HOME,2.225808967944067e-13,3.515556925727962e-12,1.744269479560805e-13,-1.5707900000114428,-4.524560842826697e-12,1.5707899999890274,-0.7852999999995884,-1.1713557641207517e-12,1.2734193040320196e-13,-9.182908339983031e-13,2.1951537809705712e-13,-6.104734773249021e-13,-6.759003079448433e-13,-2.1599137409178404e-12,0.0,0.0,0.0,-1.57079,0.0,1.57079,-0.7853
14.916523377,439.120000000,HOME,2.114530413213882e-13,3.5167666286387213e-12,1.6570316324063295e-13,-1.5707900000114405,-4.53036020381813e-12,1.5707899999890207,-0.7852999999996095,-1.1128085215458827e-12,1.2097202579941513e-13,-8.723523205883543e-13,2.083958006160458e-13,-5.799492830416142e-13,-6.425138199261937e-13,-2.0544477577488784e-12,0.0,0.0,0.0,-1.57079,0.0,1.57079,-0.7853
14.926257336,439.130000000,HOME,2.0088155221627673e-13,3.517915943873718e-12,1.5741561811130668e-13,-1.5707900000114383,-4.5358697306806435e-12,1.570789999989014,-0.7852999999996295,-1.0571742049478305e-12,1.1494191015648525e-13,-8.287246756888411e-13,1.9734908152102548e-13,-5.509689926519457e-13,-6.093112125959976e-13,-1.9489826419416545e-12,0.0,0.0,0.0,-1.57079,0.0,1.57079,-0.7853
14.941325973,439.140000000,HOME,1.9083859443143743e-13,3.5190077816484237e-12,1.495424780373904e-13,-1.570790000011436,-4.541103891008026e-12,1.5707899999890074,-0.7852999999996484,-1.0042893166389844e-12,1.091711356732139e-13,-7.873276683389996e-13,1.861739928887829e-13,-5.233799504900105e-13,-5.759490107060117e-13,-1.8490755801514602e-12,0.0,0.0,0.0,-1.57079,0.0,1.57079,-0.7853
14.951770737,439.150000000,HOME,1.812978045068441e-13,3.5200450114123073e-12,1.4206292915609808e-13,-1.5707900000114339,-4.546076267685096e-12,1.570789999989003,-0.7852999999996662,-9.540676625466316e-13,1.0371629770300483e-13,-7.479631063816994e-13,1.7510992655900282e-13,-4.972168510253283e-13,-5.426596672020167e-13,-1.7547196334843917e-12,0.0,0.0,0.0,-1.57079,0.0,1.57079,-0.7853
14.960903731,439.160000000,HOME,1.7223389212578093e-13,3.5210303133131397e-12,1.349574319758772e-13,-1.5707900000114317,-4.550799881546265e-12,1.5707899999889985,-0.7852999999996828,-9.063762110642082e-13,9.854161757416602e-14,-7.1056008299486e-13,1.6398687963103953e-13,-4.723443858267729e-13,-5.203962261113304e-13,-1.6658549539805279e-12,0.0,0.0,0.0,-1.57079,0.0,1.57079,-0.7853
14.976766648,439.170000000,HOME,1.636232989845026e-13,3.52196635665667e-12,1.2820712181260733e-13,-1.5707900000114294,-4.55528735790899e-12,1.570789999988994,-0.7852999999996984,-8.610527655467104e-13,9.360546192327401e-14,-6.750253567916475e-13,1.5290546606649968e-13,-4.487937799169117e-13,-4.983305434969054e-13,-1.5826263910501126e-12,0.0,0.0,0.0,-1.57079,0.0,1.57079,-0.7853
14.985827272,439.180000000,HOME,1.5544322713024737e-13,3.5228556273016382e-12,1.2179440336607167e-13,-1.5707900000114272,-4.559550534526271e-12,1.5707899999889896,-0.7852999999997139,-8.179880384151517e-13,8.893341792159948e-14,-6.412782631304292e-13,1.417962969263442e-13,-4.263707442664355e-13,-4.761226135574503e-13,-1.5049021057089718e-12,0.0,0.0,0.0,-1.57079,0.0,1.57079,-0.7853
14.996614727,439.190000000,HOME,1.4767225370386896e-13,3.5237004862066965e-12,1.157022115109157e-13,-1.570790000011425,-4.563600687100702e-12,1.5707899999889852,-0.7852999999997283,-7.771080870813685e-13,8.449057425918838e-14,-6.09205828144832e-13,1.3070100557399655e-13,-4.050232371710649e-13,-4.5389386693628353e-13,-1.4271821571765209e-12,0.0,0.0,0.0,-1.57079,0.0,1.57079,-0.7853
15.008854022,439.200000000,HOME,1.4028967152807504e-13,3.5245030044148337e-12,1.0991477652654062e-13,-1.5707900000114228,-4.567448130298071e-12,1.5707899999889807,-0.7852999999997416,-7.382482212353603e-13,8.023247864696881e-14,-5.787529743644937e-13,1.1955714196432154e-13,-3.84747789183848e-13,-4.3162001750474133e-13,-1.3550141911289337e-12,0.0,0.0,0.0,-1.57079,0.0,1.57079,-0.7853
15.017675172,439.210000000,HOME,1.3327634714502666e-13,3.5252655435352223e-12,1.0441662164377469e-13,-1.5707900000114228,-4.571103407767666e-12,1.5707899999889763,-0.785299999999755,-7.013468581937299e-13,7.62463009396086e-14,-5.498164857425936e-13,1.0850695342234928e-13,-3.6554440030478474e-13,-4.094884153982292e-13,-1.2884042790983763e-12,0.0,0.0,0.0,-1.57079,0.0,1.57079,-0.7853
15.027993726,439.220000000,HOME,1.2661348742794686e-13,3.5259898400260617e-12,9.919354554888176e-14,-1.5707900000114228,-4.574575803749527e-12,1.5707899999889718,-0.7852999999997672,-6.662678221636131e-13,7.244010079288099e-14,-5.223326111913895e-13,1.0852430065710905e-13,-3.4726388431494115e-13,-3.8729436324658195e-13,-1.221790897620867e-12,0.0,0.0,0.0,-1.57079,0.0,1.57079,-0.7853
15.042825564,439.230000000,HOME,1.202838751379163e-13,3.5266779937701196e-12,9.423148115235475e-14,-1.5707900000114228,-4.577874557380892e-12,1.5707899999889674,-0.7852999999997783,-6.329576619779065e-13,6.881084244070301e-14,-4.961977009831919e-13,1.0848266729368561e-13,-3.299062412143172e-13,-3.6509337220103077e-13,-1.1607312333516973e-12,0.0,0.0,0.0,-1.57079,0.0,1.57079,-0.7853
15.051998642,439.240000000,HOME,1.142707027560167e-13,3.5273316666324855e-12,8.951762294233438e-14,-1.5707900000114228,-4.581008373504159e-12,1.570789999988963,-0.7852999999997894,-6.01317389978262e-13,6.536177848959213e-14,-4.71395275244979e-13,1.0847919784673365e-13,-3.1334310146569067e-13,-3.4279870608777685e-13,-1.1052027348856797e-12,0.0,0.0,0.0,-1.57079,0.0,1.57079,-0.7853
15.062195590,439.250000000,HOME,1.0855819698378209e-13,3.527952587915625e-12,8.503943407225982e-14,-1.5707900000114228,-4.583985419197457e-12,1.5707899999889607,-0.7852999999997994,-5.712921455347519e-13,6.208445216260294e-14,-4.477705099065199e-13,1.0842021724855044e-13,-2.9768201792457205e-13,-3.2048669273976316e-13,-1.0497037267187537e-12,0.0,0.0,0.0,-1.57079,0.0,1.57079,-0.7853
15.073959067,439.260000000,HOME,1.0313127938791887e-13,3.5285424589495878e-12,8.078519475032736e-14,-1.5707900000114228,-4.586813639494303e-12,1.5707899999889585,-0.7852999999998094,-5.426838449104632e-13,5.899599385406074e-14,-4.2544028196200845e-13,1.0850001452844538e-13,-2.8285707109887426e-13,-3.0954405705330146e-13,-9.997601704836434e-13,0.0,0.0,0.0,-1.57079,0.0,1.57079,-0.7853
15.084829396,439.270000000,HOME,9.797583994451385e-14,3.529102933142686e-12,7.674357744907929e-14,-1.5707900000114228,-4.5895006047279484e-12,1.5707899999889563,-0.7852999999998194,-5.155730443268114e-13,5.605325231750058e-14,-4.0413093878310935e-13,1.0848960618758952e-13,-2.6867744140623984e-13,-2.984244795722901e-13,-9.497949302050834e-13,0.0,0.0,0.0,-1.57079,0.0,1.57079,-0.7853
15.094852682,439.280000000,HOME,9.30782219345822e-14,3.5296353932863708e-12,7.290401358257866e-14,-1.5707900000114228,-4.592053278078424e-12,1.570789999988954,-0.7852999999998282,-4.897870303777196e-13,5.3248638137715076e-14,-3.8392704813927647e-13,1.0848960618758952e-13,-2.552680289369391e-13,-2.8733959656079833e-13,-8.998400982673793e-13,0.0,0.0,0.0,-1.57079,0.0,1.57079,-0.7853
15.107066535,439.290000000,HOME,8.842532548537484e-14,3.5301411950670386e-12,6.925661609437412e-14,-1.5707900000114228,-4.594478254964385e-12,1.5707899999889519,-0.7852999999998371,-4.653176715468943e-13,5.058063343166275e-14,-3.6472257505804073e-13,1.0849307563454147e-13,-2.425004641537498e-13,-2.762338968675948e-13,-8.554303099206351e-13,0.0,0.0,0.0,-1.57079,0.0,1.57079,-0.7853
15.123480439,439.300000000,HOME,8.400511584435697e-14,3.530621690484798e-12,6.579145174100184e-14,-1.5707900000114228,-4.596781839370945e-12,1.5707899999889496,-0.7852999999998449,-4.420152395143151e-13,4.8057911816723475e-14,-3.465131827307122e-13,1.0850695342234928e-13,-2.3038168595057584e-13,-2.651628916439108e-13,-8.109892965513232e-13,0.0,0.0,0.0,-1.57079,0.0,1.57079,-0.7853
15.141169766,439.310000000,HOME,7.980592721299311e-14,3.53107812225218e-12,6.24995797576666e-14,-1.5707900000114228,-4.598970220791466e-12,1.5707899999889474,-0.7852999999998527,-4.1991301928667735e-13,4.5650332472502164e-14,-3.2919500458916673e-13,1.0849307563454147e-13,-2.1884924428228203e-13,-2.539912724586202e-13,-7.721540420946305e-13,0.0,0.0,0.0,-1.57079,0.0,1.57079,-0.7853
15.154736636,439.320000000,HOME,7.5816506656935e-14,3.5315118126621537e-12,5.937249696357004e-14,-1.5707900000114228,-4.601049293816318e-12,1.5707899999889452,-0.7852999999998604,-3.989363093342968e-13,4.336960478246166e-14,-3.1270862635435215e-13,1.0849654508149342e-13,-2.0790313914886838e-13,-2.429445533635999e-13,-7.332832258066802e-13,0.0,0.0,0.0,-1.57079,0.0,1.57079,-0.7853
15.165994293,439.330000000,HOME,7.20268198850763e-14,3.5319238684682963e-12,5.6401524754002267e-14,-1.5707900000114228,-4.603024443027172e-12,1.570789999988943,-0.7852999999998671,-3.7897636417927316e-13,4.119816467140769e-14,-2.9708939301709147e-13,1.0851042286930124e-13,-1.9749479829300753e-13,-2.31866609246012e-13,-6.944523081586773e-13,0.0,0.0,0.0,-1.57079,0.0,1.57079,-0.7853
15.176667085,439.340000000,HOME,6.842665035192546e-14,3.5323152780293092e-12,5.3578944910537813e-14,-1.5707900000114228,-4.604900834430537e-12,1.5707899999889408,-0.7852999999998738,-3.6000933137381175e-13,3.9153576214534525e-14,-2.8227420401094605e-13,1.0849654508149342e-13,-1.8763463005555536e-13,-2.2076784844671238e-13,-6.611438826964466e-13,0.0,0.0,0.0,-1.57079,0.0,1.57079,-0.7853
15.187453177,439.350000000,HOME,6.500643300907637e-14,3.5326872088140912e-12,5.0897548356091373e-14,-1.5707900000114228,-4.606683533418966e-12,1.5707899999889385,-0.7852999999998804,-3.4204008982768874e-13,3.719333868668073e-14,-2.681182099256718e-13,1.0849654508149342e-13,-1.782740621791845e-13,-2.0962398483703737e-13,-6.278285183403121e-13,0.0,0.0,0.0,-1.57079,0.0,1.57079,-0.7853
15.196926934,439.360000000,HOME,6.175708657913229e-14,3.533040401115885e-12,4.8350408339823373e-14,-1.5707900000114228,-4.608376918434511e-12,1.5707899999889363,-0.785299999999886,-3.2492769325848103e-13,3.5319403651756787e-14,-2.5471790475461997e-13,1.0850695342234928e-13,-1.6937146130047154e-13,-1.9858073518896902e-13,-5.945096845372255e-13,0.0,0.0,0.0,-1.57079,0.0,1.57079,-0.7853
15.207582028,439.370000000,HOME,5.867032233648459e-14,3.533375974698695e-12,4.5930542599743024e-14,-1.5707900000114228,-4.609985666291661e-12,1.570789999988934,-0.7852999999998915,-3.0864785553752494e-13,3.3567766621889206e-14,-2.4202102995307673e-13,1.0851736176320514e-13,-1.608470301395215e-13,-1.8741605489758228e-13,-5.667393637720508e-13,0.0,0.0,0.0,-1.57079,0.0,1.57079,-0.7853
15.217917098,439.380000000,HOME,5.5738007138536366e-14,3.5336948027789512e-12,4.363151813068008e-14,-1.5707900000114228,-4.6115139576739976e-12,1.5707899999889319,-0.7852999999998971,-2.9321727337827674e-13,3.187576071150833e-14,-2.2991005800554465e-13,1.0850001452844538e-13,-1.5280832155184498e-13,-1.76293007969619e-13,-5.389889923268498e-13,0.0,0.0,0.0,-1.57079,0.0,1.57079,-0.7853
15.227094754,439.390000000,HOME,5.2952255474466894e-14,3.533997639310844e-12,4.144754247410784e-14,-1.5707900000114228,-4.6129657859149595e-12,1.5707899999889297,-0.7852999999999026,-2.7856113683083494e-13,3.028241719882363e-14,-2.1840797399808043e-13,1.0849307563454147e-13,-1.4520329383316266e-13,-1.6527057500326237e-13,-5.112394882433868e-13,0.0,0.0,0.0,-1.57079,0.0,1.57079,-0.7853
15.237424951,439.400000000,HOME,5.030582292220007e-14,3.534285391554752e-12,3.937270022297321e-14,-1.5707900000114228,-4.614345033325684e-12,1.5707899999889274,-0.7852999999999071,-2.646773859110718e-13,2.877299093428931e-14,-2.074534120877214e-13,1.0846532005892584e-13,-1.3788969965844444e-13,-1.5409548637101977e-13,-4.834925862451378e-13,0.0,0.0,0.0,-1.57079,0.0,1.57079,-0.7853
15.247751300,439.410000000,HOME,4.7791764624720044e-14,3.534558800020758e-12,3.740160918085153e-14,-1.5707900000114228,-4.615655505889483e-12,1.5707899999889252,-0.7852999999999115,-2.5139222301073794e-13,2.733924198139448e-14,-1.9711380964959613e-13,1.0851736176320514e-13,-1.3105835861004778e-13,-1.4307305340466314e-13,-4.613020035404425e-13,0.0,0.0,0.0,-1.57079,0.0,1.57079,-0.7853
15.257980413,439.420000000,HOME,4.5403486898094624e-14,3.5348185176154114e-12,3.552895242028895e-14,-1.5707900000114228,-4.616900284475245e-12,1.570789999988923,-0.785299999999916,-2.3883195768292786e-13,2.5962088381903392e-14,-1.8726882024255875e-13,1.0850695342234928e-13,-1.2447334829523982e-13,-1.318424536211893e-13,-4.3910361458010527e-13,0.0,0.0,0.0,-1.57079,0.0,1.57079,-0.7853
15.266367702,439.430000000,HOME,4.3134380771140983e-14,3.53506515257613e-12,3.3750073943475946e-14,-1.5707900000114228,-4.618082710160386e-12,1.5707899999889208,-0.7852999999999204,-2.2689619280646944e-13,2.4664081541003746e-14,-1.77901747153153e-13,1.0846185061197389e-13,-1.182075271000116e-13,-1.207575706096975e-13,-4.1688180685284237e-13,0.0,0.0,0.0,-1.57079,0.0,1.57079,-0.7853
15.283107707,439.440000000,HOME,4.097879484003506e-14,3.5352994133206134e-12,3.2060071855550264e-14,-1.5707900000114228,-4.619206127491768e-12,1.5707899999889208,-0.7852999999999248,-2.1555793174726778e-13,2.3416381680907428e-14,-1.6900218204052297e-13,1.0844797282416607e-13,-1.1229212004693068e-13,-1.0964493202259007e-13,-3.9467647899860125e-13,0.0,0.0,0.0,-1.57079,0.0,1.57079,-0.7853
15.297396762,439.450000000,HOME,3.893097968907636e-14,3.5355220043634333e-12,3.045455557139421e-14,-1.5707900000114228,-4.6202733328436355e-12,1.5707899999889208,-0.7852999999999282,-2.0477391483864071e-13,2.2261489526775868e-14,-1.6055147662730196e-13,1.0848960618758952e-13,-1.0674447437075685e-13,-1.0969003483296547e-13,-3.724720185060981e-13,0.0,0.0,0.0,-1.57079,0.0,1.57079,-0.7853
15.312063633,439.460000000,HOME,3.6985606030906255e-14,3.5357335675522758e-12,2.8929443720349676e-14,-1.5707900000114228,-4.621287296062579e-12,1.5707899999889208,-0.7852999999999315,-1.9452495170213524e-13,2.117164950299344e-14,-1.5252122481657082e-13,1.08527770104061e-13,-1.0139458717084437e-13,-1.0980799602933189e-13,-3.5584382662712244e-13,0.0,0.0,0.0,-1.57079,0.0,1.57079,-0.7853
15.321912766,439.470000000,HOME,3.513732668883027e-14,3.535934489513636e-12,2.748071282815457e-14,-1.5707900000114228,-4.622250431883676e-12,1.5707899999889208,-0.7852999999999348,-1.8482101699773823e-13,2.00900494157219e-14,-1.448858394370589e-13,1.0851042286930124e-13,-9.631531683318428e-14,-1.0973860709029282e-13,-3.391748687464613e-13,0.0,0.0,0.0,-1.57079,0.0,1.57079,-0.7853
15.335191331,439.480000000,HOME,3.33815486571851e-14,3.5361253502956754e-12,2.610429670298121e-14,-1.5707900000114228,-4.623165474231125e-12,1.5707899999889208,-0.7852999999999382,-1.755404632416968e-13,1.9088680289214288e-14,-1.3767958127741675e-13,1.0849654508149342e-13,-9.149625501692071e-14,-1.0981840437018775e-13,-3.2252932963272585e-13,0.0,0.0,0.0,-1.57079,0.0,1.57079,-0.7853
15.345808584,439.490000000,HOME,3.171344560999992e-14,3.536306690481598e-12,2.4796826728679672e-14,-1.5707900000114228,-4.624034948862308e-12,1.5707899999889208,-0.7852999999999415,-1.668191409662234e-13,1.8136533941337518e-14,-1.3074610838437195e-13,1.0848960618758952e-13,-8.690617669948608e-14,-1.0968656538601351e-13,-3.0586470856075465e-13,0.0,0.0,0.0,-1.57079,0.0,1.57079,-0.7853
15.357934755,439.500000000,HOME,3.012887329289064e-14,3.536478903203111e-12,2.3554596668543544e-14,-1.5707900000114228,-4.624860621725723e-12,1.5707899999889208,-0.7852999999999448,-1.5845788223223245e-13,1.7221033626890758e-14,-1.2422593335947862e-13,1.084757283997817e-13,-8.259712358515969e-14,-1.09724729302485e-13,-2.8920876110616334e-13,0.0,0.0,0.0,-1.57079,0.0,1.57079,-0.7853
15.366911057,439.510000000,HOME,2.8623532735823114e-14,3.536642521887684e-12,2.23745904889694e-14,-1.5707900000114228,-4.6256450706204545e-12,1.5707899999889208,-0.785299999999947,-1.5054385689439176e-13,1.6367766517144666e-14,-1.1797941096292064e-13,1.0850348397539733e-13,-7.845113447757512e-14,-1.0975595432505258e-13,-2.725614872689519e-13,0.0,0.0,0.0,-1.57079,0.0,1.57079,-0.7853
15.381240898,439.520000000,HOME,2.719361741338998e-14,3.5367979411849075e-12,2.1253377123762193e-14,-1.5707900000114228,-4.626390377214674e-12,1.5707899999889208,-0.7852999999999493,-1.4297948675717764e-13,1.555157912169758e-14,-1.1212363502932643e-13,1.0848266729368561e-13,-7.453065942186754e-14,-1.0971085151467719e-13,-2.6146793064008023e-13,0.0,0.0,0.0,-1.57079,0.0,1.57079,-0.7853
15.393216864,439.530000000,HOME,2.583513475109105e-14,3.5369456470341957e-12,2.018824433276723e-14,-1.5707900000114228,-4.6270984497042044e-12,1.5707899999889208,-0.7852999999999515,-1.358516164146062e-13,1.477875981314991e-14,-1.0652156240409383e-13,1.0848613674063756e-13,-7.082182063022913e-14,-1.096726875982057e-13,-2.503544246912348e-13,0.0,0.0,0.0,-1.57079,0.0,1.57079,-0.7853
15.403648749,439.540000000,HOME,2.4544501786006907e-14,3.537085933037496e-12,1.9176401162752103e-14,-1.5707900000114228,-4.6277709985263934e-12,1.5707899999889208,-0.7852999999999537,-1.2906180030941572e-13,1.40391170910803e-14,-1.0117839725765077e-13,1.0850001452844538e-13,-6.725175971666886e-14,-1.096275847878303e-13,-2.3924612291281733e-13,0.0,0.0,0.0,-1.57079,0.0,1.57079,-0.7853
15.414238026,439.550000000,HOME,2.3318415821479742e-14,3.5372192430671777e-12,1.8215078995049153e-14,-1.5707900000114228,-4.628409706363014e-12,1.5707899999889208,-0.7852999999999559,-1.2261795311746537e-13,1.3334819359833716e-14,-9.611690783561944e-14,1.0844797282416607e-13,-6.386557949156213e-14,-1.095824819774549e-13,-2.2813782113439984e-13,0.0,0.0,0.0,-1.57079,0.0,1.57079,-0.7853
15.432843604,439.560000000,HOME,2.2153704048271984e-14,3.5373458724599134e-12,1.7301870900835464e-14,-1.5707900000114228,-4.629016637535001e-12,1.5707899999889208,-0.7852999999999581,-1.1646185318209268e-13,1.2658927725506253e-14,-9.132907104192345e-14,1.0846185061197389e-13,-6.07118522122363e-14,-1.0969003483296547e-13,-2.170269172707684e-13,0.0,0.0,0.0,-1.57079,0.0,1.57079,-0.7853
15.445459403,439.570000000,HOME,2.1047247758834476e-14,3.5374661956991335e-12,1.6434383395395055e-14,-1.5707900000114228,-4.62959343656021e-12,1.5707899999889208,-0.7852999999999604,-1.1063795279236954e-13,1.2042233529796498e-14,-8.675113578882065e-14,1.0850695342234928e-13,-5.76969028109886e-14,-1.0978024045371626e-13,-2.0593249328015872e-13,0.0,0.0,0.0,-1.57079,0.0,1.57079,-0.7853
15.466212517,439.580000000,HOME,1.99960340637501e-14,3.5375805059531044e-12,1.5610370662347832e-14,-1.5707900000114228,-4.630141369786779e-12,1.5707899999889208,-0.7852999999999626,-1.0513768675113333e-13,1.1442452887977517e-14,-8.239372725760141e-14,1.085208312101571e-13,-5.480338405305929e-14,-1.0978370990066821e-13,-1.94842406098239e-13,0.0,0.0,0.0,-1.57079,0.0,1.57079,-0.7853
15.480800607,439.590000000,HOME,1.8997254879392123e-14,3.537689059960901e-12,1.4827603365186742e-14,-1.5707900000114228,-4.6306618249934894e-12,1.5707899999889208,-0.7852999999999648,-9.986542842677082e-14,1.0863705768304754e-14,-7.828243261953638e-14,1.0849654508149342e-13,-5.2052112620160074e-14,-1.097177904085811e-13,-1.837280327876556e-13,0.0,0.0,0.0,-1.57079,0.0,1.57079,-0.7853
15.497485219,439.600000000,HOME,1.804859630148402e-14,3.5377923326030756e-12,1.4083781260582638e-14,-1.5707900000114228,-4.631156540373261e-12,1.5707899999889208,-0.785299999999967,-9.487354478421306e-14,1.0335482469869817e-14,-7.437757007511259e-14,1.0851389231625319e-13,-4.94847218757144e-14,-1.0973166819638891e-13,-1.7264575186137776e-13,0.0,0.0,0.0,-1.57079,0.0,1.57079,-0.7853
15.510556954,439.610000000,HOME,1.7147060402598663e-14,3.5378903243133078e-12,1.3377307535575876e-14,-1.5707900000114228,-4.631626359001707e-12,1.5707899999889208,-0.7852999999999681,-9.015444640825265e-14,9.799886596661977e-15,-7.064726408045896e-14,1.0846185061197389e-13,-4.6965903388596075e-14,-1.0965187091649398e-13,-1.6153051118905637e-13,0.0,0.0,0.0,-1.57079,0.0,1.57079,-0.7853
15.526646486,439.620000000,HOME,1.629075796045048e-14,3.5379833187188874e-12,1.2706111580857447e-14,-1.5707900000114228,-4.632072404979639e-12,1.5707899999889208,-0.7852999999999692,-8.563841909919878e-14,9.299852554711663e-15,-6.712252281770859e-14,1.0848266729368561e-13,-4.461708780212348e-14,-1.0972819874943696e-13,-1.560010801093803e-13,0.0,0.0,0.0,-1.57079,0.0,1.57079,-0.7853
