elapsed_time_s,ros_stamp_s,phase,q1,q2,q3,q4,q5,q6,q7,dq1,dq2,dq3,dq4,dq5,dq6,dq7,target1,target2,target3,target4,target5,target6,target7
0.118829125,1785935948.752179623,BASELINE,-4.491953735888212e-18,0.006581714242671163,-1.778705137920787e-06,-1.5771029104160683,-0.0003344845339609833,1.5696488841127119,-0.7852999791214369,-9.673379580743964e-15,-9.931282678938106e-13,-1.1550945014464551e-14,-1.0844386261289646e-12,-1.7566274474315957e-14,-3.063537971087758e-12,-2.5431497644708096e-14,nan,nan,nan,nan,nan,nan,nan
0.119659803,1785935948.771464586,BASELINE,6.686813377594477e-18,0.006581714242671654,-1.7787051379089736e-06,-1.5771029104160674,-0.00033448453396095316,1.5696488841127156,-0.7852999791214369,7.762120232995445e-15,8.352771734654952e-13,9.64814066584533e-15,8.888471161994202e-13,9.918786659764769e-15,2.283427154794196e-12,-2.3084485256859732e-14,nan,nan,nan,nan,nan,nan,nan
0.120171408,1785935948.790683746,BASELINE,7.393391389948061e-18,0.006581714242672424,-1.7787051379073405e-06,-1.577102910416067,-0.00033448453396095777,1.569648884112716,-0.7852999791214369,1.8458973548260404e-15,2.7866899384731124e-13,2.4878833711831556e-15,2.429924345436974e-13,1.3069774977087632e-15,5.244414259795377e-13,-2.4132754592235422e-14,nan,nan,nan,nan,nan,nan,nan
0.120859587,1785935948.810928822,BASELINE,-1.4491311273458616e-17,0.00658171424267012,-1.7787051379333163e-06,-1.5771029104160696,-0.00033448453396099913,1.569648884112709,-0.7852999791214369,-1.0538276085609664e-14,-1.204146046761647e-12,-1.257999853520878e-14,-1.2061014668859585e-12,-1.9510699386687724e-14,-3.478643710574813e-12,-2.5182557469727826e-14,nan,nan,nan,nan,nan,nan,nan
0.121296021,1785935948.831807613,BASELINE,8.066468738678745e-19,0.006581714242671627,-1.7787051379154752e-06,-1.577102910416068,-0.0003344845339609654,1.569648884112714,-0.7852999791214369,2.2758482262739248e-15,2.2845114720416846e-13,2.3148104274538427e-15,2.335993605092616e-13,7.618190179180371e-15,9.587789622949338e-13,-2.2457735218403532e-14,nan,nan,nan,nan,nan,nan,nan
0.121952219,1785935948.851560354,BASELINE,1.050230030868975e-17,0.006581714242672335,-1.7787051379035304e-06,-1.5771029104160672,-0.0003344845339609528,1.5696488841127163,-0.7852999791214369,2.579677867770913e-15,3.8581232131348666e-13,3.462253686791425e-15,3.3664939696246293e-13,1.8702453860433806e-15,7.198070830903382e-13,-2.368315403213839e-14,nan,nan,nan,nan,nan,nan,nan
0.140090099,1785935948.871349812,BASELINE,-1.6705745259615705e-17,0.00658171424266984,-1.7787051379357765e-06,-1.57710291041607,-0.0003344845339610051,1.569648884112708,-0.7852999791214369,-1.3106005920174995e-14,-1.4817058900607714e-12,-1.5650798541862734e-14,-1.4888356600985182e-12,-2.4274415819355264e-14,-4.300949791332344e-12,-2.5197440023287748e-14,nan,nan,nan,nan,nan,nan,nan
0.159788178,1785935948.891048431,BASELINE,1.150021379851138e-18,0.006581714242671736,-1.7787051379150655e-06,-1.577102910416068,-0.0003344845339609644,1.5696488841127143,-0.7852999791214369,2.7902802566878223e-15,2.827416957435253e-13,2.832762177865647e-15,2.895465149212127e-13,9.32895990013044e-15,1.1797795799341249e-12,-2.1995567054092856e-14,nan,nan,nan,nan,nan,nan,nan
0.179965562,1785935948.910907984,BASELINE,1.2893932115321772e-17,0.0065817142426726006,-1.7787051379006094e-06,-1.5771029104160665,-0.0003344845339609484,1.5696488841127172,-0.7852999791214369,3.1781754628482793e-15,4.760230090680044e-13,4.26719435019727e-15,4.1183548319734735e-13,2.399137584734068e-15,8.903595755641045e-13,-2.4154530958537595e-14,nan,nan,nan,nan,nan,nan,nan
0.200280235,1785935948.931325197,BASELINE,-2.3805126701058298e-17,0.006581714242668779,-1.7787051379444556e-06,-1.5771029104160705,-0.0003344845339610158,1.5696488841127056,-0.7852999791214369,-1.5535679171375978e-14,-1.8092812318933343e-12,-1.8480133787564764e-14,-1.7947966104927766e-12,-2.898793073950235e-14,-5.233697608505717e-12,-2.6113539716190337e-14,nan,nan,nan,nan,nan,nan,nan
0.221352248,1785935948.951132059,BASELINE,-5.009875087441023e-18,0.006581714242670892,-1.7787051379230663e-06,-1.5771029104160688,-0.0003344845339609719,1.5696488841127125,-0.7852999791214369,4.612043418975746e-15,3.801953896586529e-13,4.973091575628146e-15,4.652693623297825e-13,1.3290581559617995e-14,1.6596856549773987e-12,-2.1341233124608506e-14,nan,nan,nan,nan,nan,nan,nan
0.240415428,1785935948.971728802,BASELINE,1.8232274160405043e-17,0.006581714242672745,-1.7787051378940008e-06,-1.5771029104160663,-0.00033448453396094026,1.569648884112718,-0.7852999791214369,4.008019297515125e-15,6.2142577022216e-13,5.38353363483405e-15,5.249021014671908e-13,2.8970890918940133e-15,1.1462564162168569e-12,-2.459584379359973e-14,nan,nan,nan,nan,nan,nan,nan
0.260366500,1785935948.991092920,BASELINE,-2.8740723230556195e-17,0.0065817142426682065,-1.7787051379502049e-06,-1.5771029104160712,-0.0003344845339610265,1.5696488841127039,-0.7852999791214369,-1.9305571914983574e-14,-2.2371743717721437e-12,-2.2970283982378546e-14,-2.222435971437419e-12,-3.593381327688916e-14,-6.480495580543878e-12,-2.721313525991582e-14,nan,nan,nan,nan,nan,nan,nan
0.279811041,1785935949.010828972,BASELINE,-6.231770006140991e-18,0.006581714242670827,-1.7787051379246937e-06,-1.5771029104160685,-0.00033448453396097246,1.5696488841127119,-0.7852999791214369,5.688948881246603e-15,4.694249816913433e-13,6.130596489379065e-15,5.724251513139653e-13,1.6475605307718927e-14,2.05859557119078e-12,-2.0778761734556683e-14,nan,nan,nan,nan,nan,nan,nan
0.299743878,1785935949.030986071,BASELINE,6.085969313346591e-18,0.006581714242672373,-1.7787051379090092e-06,-1.5771029104160672,-0.00033448453396095864,1.5696488841127156,-0.7852999791214369,2.5753234474533917e-15,3.288816227300914e-13,3.1665269517282554e-15,3.1532493786895894e-13,2.9588836266303615e-15,8.688042070553097e-13,-2.339860125718589e-14,nan,nan,nan,nan,nan,nan,nan
0.319972769,1785935949.051394939,BASELINE,1.3085159410470063e-17,0.006581714242672945,-1.778705137899922e-06,-1.577102910416066,-0.0003344845339609501,1.5696488841127172,-0.7852999791214369,1.6001517719218476e-16,1.8638380480205294e-13,4.2366916051390836e-16,6.695276541792925e-14,-7.890932440817369e-16,1.0503665479579055e-13,-2.400113665151119e-14,nan,nan,nan,nan,nan,nan,nan
0.340654260,1785935949.071069956,BASELINE,-7.964337291921616e-18,0.006581714242670086,-1.778705137927095e-06,-1.5771029104160688,-0.000334484533960972,1.5696488841127108,-0.7852999791214369,7.752181818666775e-15,6.412008516973793e-13,8.480886076967464e-15,7.742146326407285e-13,2.1462697991937486e-14,2.7026232058110164e-12,-2.009738797991976e-14,nan,nan,nan,nan,nan,nan,nan
0.359914307,1785935949.091009855,BASELINE,3.4106623589474228e-18,0.00658171424267179,-1.7787051379126195e-06,-1.5771029104160676,-0.00033448453396096113,1.5696488841127147,-0.7852999791214369,4.160578542128004e-15,4.4769998335870274e-13,5.158494363839621e-15,4.796306930143472e-13,5.315416240546262e-15,1.2452918470568075e-12,-2.3717092205503203e-14,nan,nan,nan,nan,nan,nan,nan
0.381216534,1785935949.111743450,BASELINE,1.8314627552437896e-17,0.006581714242673224,-1.7787051378933279e-06,-1.5771029104160659,-0.0003344845339609428,1.569648884112718,-0.7852999791214369,1.7034322864785665e-16,2.520795694557297e-13,4.947307769443377e-16,8.930352721699555e-14,-1.1094900021767818e-15,1.5026827330710716e-13,-2.4548881819150917e-14,nan,nan,nan,nan,nan,nan,nan
0.400071527,1785935949.131464481,BASELINE,-9.256555280214135e-18,0.00658171424266984,-1.7787051379288704e-06,-1.5771029104160692,-0.00033448453396097257,1.5696488841127105,-0.7852999791214369,9.501337774889885e-15,7.929714133685498e-13,1.0383149673650171e-14,9.568219411160752e-13,2.6439219038700923e-14,3.333200912802659e-12,-1.942352507816064e-14,nan,nan,nan,nan,nan,nan,nan
0.420197464,1785935949.151431799,BASELINE,4.1386238886207745e-18,0.006581714242671939,-1.7787051379118285e-06,-1.5771029104160674,-0.0003344845339609592,1.569648884112715,-0.7852999791214369,5.129729746517007e-15,5.522324108085134e-13,6.359351713516341e-15,5.907380354559312e-13,6.593344087926218e-15,1.540066018490766e-12,-2.3221373938718454e-14,nan,nan,nan,nan,nan,nan,nan
0.440103675,1785935949.171166897,BASELINE,7.250823201003809e-18,0.006581714242672673,-1.7787051379073264e-06,-1.5771029104160668,-0.00033448453396095896,1.5696488841127159,-0.7852999791214369,6.401390406455552e-16,1.6012219717681668e-13,9.115410695221538e-16,1.0906484387843091e-13,-1.5790675249187358e-16,2.5081287801686165e-13,-2.4048778559918146e-14,nan,nan,nan,nan,nan,nan,nan
0.459847421,1785935949.191345930,BASELINE,-4.207209368938003e-18,0.006581714242671151,-1.7787051379205775e-06,-1.577102910416068,-0.00033448453396098157,1.5696488841127119,-0.7852999791214369,-8.549886686536256e-15,-8.815455873510097e-13,-1.0206632093380421e-14,-9.621811874826847e-13,-1.5577391586116406e-14,-2.713943152199324e-12,-2.468346787976493e-14,nan,nan,nan,nan,nan,nan,nan
0.480605321,1785935949.211333513,BASELINE,5.947448928289378e-18,0.006581714242671586,-1.778705137909789e-06,-1.5771029104160672,-0.0003344845339609545,1.5696488841127152,-0.7852999791214369,6.880741276250467e-15,7.400674438417235e-13,8.552870286603349e-15,7.841168523618097e-13,8.796739012718916e-15,2.024979032237359e-12,-2.3525388534041288e-14,nan,nan,nan,nan,nan,nan,nan
0.500157489,1785935949.231496572,BASELINE,6.607234582358503e-18,0.0065817142426722736,-1.778705137908296e-06,-1.577102910416067,-0.000334484533960959,1.5696488841127156,-0.7852999791214369,1.6311791300113544e-15,2.464280811121927e-13,2.19836914259404e-15,2.137551681226054e-13,1.1334729316274825e-15,4.622354024299945e-13,-2.357229476759554e-14,nan,nan,nan,nan,nan,nan,nan
0.520063636,1785935949.251040220,BASELINE,-3.34781803677799e-18,0.006581714242671033,-1.77870513791921e-06,-1.5771029104160683,-0.00033448453396098233,1.5696488841127116,-0.7852999791214369,-1.0687923214427324e-14,-1.0798254431875544e-12,-1.276080074797874e-14,-1.1928941607294534e-12,-1.947087365282392e-14,-3.3618134640996806e-12,-2.5539441905276082e-14,nan,nan,nan,nan,nan,nan,nan
0.542152282,1785935949.271691799,BASELINE,7.778610010877548e-18,0.006581714242671695,-1.7787051379076825e-06,-1.5771029104160672,-0.00033448453396095105,1.5696488841127156,-0.7852999791214369,8.436951762843971e-15,9.142596225982183e-13,1.0485416170742018e-14,9.686624926833107e-13,1.0808186900329247e-14,2.4954509943767454e-12,-2.294559676100418e-14,nan,nan,nan,nan,nan,nan,nan
0.560138205,1785935949.291200638,BASELINE,8.10217201066966e-18,0.006581714242672541,-1.7787051379064708e-06,-1.577102910416067,-0.00033448453396095674,1.5696488841127163,-0.7852999791214369,2.0089640943250797e-15,3.042293398956693e-13,2.7075238580797997e-15,2.6516585832514226e-13,1.3816218372990722e-15,5.697297939444627e-13,-2.4071025788441424e-14,nan,nan,nan,nan,nan,nan,nan
0.579887421,1785935949.311094999,BASELINE,-1.590511752571941e-17,0.00658171424267002,-1.7787051379349756e-06,-1.5771029104160696,-0.00033448453396100184,1.5696488841127085,-0.7852999791214369,-1.1522964406752232e-14,-1.317003837081707e-12,-1.3755797290099299e-14,-1.3196436882105333e-12,-2.1312161046021913e-14,-3.802970588701612e-12,-2.528665011454933e-14,nan,nan,nan,nan,nan,nan,nan
0.599806757,1785935949.331259966,BASELINE,8.466705957286052e-19,0.006581714242671663,-1.7787051379154384e-06,-1.5771029104160679,-0.0003344845339609648,1.5696488841127139,-0.7852999791214369,2.495316455112708e-15,2.5022699845463256e-13,2.538923013563041e-15,2.537041890893593e-13,8.349933334532074e-15,1.0503071323932282e-12,-2.237660804674806e-14,nan,nan,nan,nan,nan,nan,nan
0.620259751,1785935949.351336241,BASELINE,1.1460327127731197e-17,0.006581714242672431,-1.7787051379023619e-06,-1.5771029104160665,-0.0003344845339609506,1.5696488841127165,-0.7852999791214369,2.8200577631005428e-15,4.2203985942701787e-13,3.785968690406841e-15,3.62046072789071e-13,2.1077931327983355e-15,7.918567382850362e-13,-2.451329443058428e-14,nan,nan,nan,nan,nan,nan,nan
0.640306619,1785935949.371477365,BASELINE,-2.093655217367825e-17,0.006581714242669064,-1.7787051379410656e-06,-1.57710291041607,-0.00033448453396101025,1.5696488841127063,-0.7852999791214369,-1.370223335204914e-14,-1.5954534641950282e-12,-1.629936241438419e-14,-1.5845084912003884e-12,-2.558973970246555e-14,-4.616223126531109e-12,-2.61688065245144e-14,nan,nan,nan,nan,nan,nan,nan
0.660468929,1785935949.391582489,BASELINE,2.80770587938256e-18,0.006581714242671687,-1.7787051379129799e-06,-1.577102910416068,-0.00033448453396096184,1.5696488841127143,-0.7852999791214369,3.0318814511271225e-15,3.243357572635925e-13,3.0692030016834526e-15,3.189299220333681e-13,1.0161626015272595e-14,1.3105455455473576e-12,-2.1903876974884047e-14,nan,nan,nan,nan,nan,nan,nan
0.680655180,1785935949.411494970,BASELINE,1.45374273321233e-17,0.006581714242672741,-1.7787051378985757e-06,-1.5771029104160668,-0.00033448453396094655,1.5696488841127176,-0.7852999791214369,3.436683964000521e-15,5.22253696212731e-13,4.6164376536721784e-15,4.523165527225138e-13,2.5311169927317927e-15,9.72010748438368e-13,-2.407974158736947e-14,nan,nan,nan,nan,nan,nan,nan
0.699944247,1785935949.430733681,BASELINE,-2.5949339085103407e-17,0.006581714242668581,-1.7787051379469832e-06,-1.5771029104160714,-0.00033448453396102065,1.5696488841127052,-0.7852999791214369,-1.6960913094542197e-14,-1.9741448383914154e-12,-2.0176334953563074e-14,-1.9541169722151874e-12,-3.162116274821154e-14,-5.713807672208271e-12,-2.6287198883275957e-14,nan,nan,nan,nan,nan,nan,nan
0.721899376,1785935949.452537775,BASELINE,-5.554037985668676e-18,0.006581714242670879,-1.7787051379237914e-06,-1.577102910416069,-0.0003344845339609725,1.569648884112712,-0.7852999791214369,5.0426182271833534e-15,4.1530256245763297e-13,5.437115156665086e-15,5.118069365809782e-13,1.4545824349500693e-14,1.8172751567936406e-12,-2.1220667236299138e-14,nan,nan,nan,nan,nan,nan,nan
0.740139108,1785935949.471608877,BASELINE,5.360119771220684e-18,0.0065817142426722415,-1.7787051379098882e-06,-1.5771029104160674,-0.0003344845339609598,1.5696488841127152,-0.7852999791214369,2.269168283665282e-15,2.8953572101932094e-13,2.790085133846732e-15,2.788531075699883e-13,2.624580379327096e-15,7.672738673418834e-13,-2.3763701300956854e-14,nan,nan,nan,nan,nan,nan,nan
0.759920204,1785935949.491253138,BASELINE,1.1551825915802552e-17,0.006581714242672745,-1.7787051379018484e-06,-1.5771029104160668,-0.0003344845339609524,1.5696488841127167,-0.7852999791214369,1.3640270959198804e-16,1.6391061146986853e-13,3.6762170490914328e-16,6.16878025478414e-14,-6.861456330180445e-16,9.279113608191486e-14,-2.4316481471726212e-14,nan,nan,nan,nan,nan,nan,nan
0.779738074,1785935949.511054754,BASELINE,-6.953874535975853e-18,0.006581714242670236,-1.7787051379257377e-06,-1.5771029104160692,-0.000334484533960972,1.5696488841127112,-0.7852999791214369,6.809729258032579e-15,5.636257074605647e-13,7.449762521292682e-15,6.865099340389665e-13,1.8856495789930176e-14,2.374313072528696e-12,-2.0571564524120296e-14,nan,nan,nan,nan,nan,nan,nan
0.800238529,1785935949.531622648,BASELINE,8.193556679976732e-18,0.00658171424267242,-1.778705137906361e-06,-1.5771029104160674,-0.0003344845339609555,1.569648884112716,-0.7852999791214369,2.7388043366805824e-15,3.6973180126179113e-13,3.3657165526524537e-15,3.4443701888560773e-13,3.1213018191454255e-15,9.566371956354234e-13,-2.3330218289570166e-14,nan,nan,nan,nan,nan,nan,nan
0.819148580,1785935949.550827265,BASELINE,1.4550343672447134e-17,0.006581714242673114,-1.778705137898068e-06,-1.5771029104160665,-0.00033448453396094834,1.5696488841127179,-0.7852999791214369,1.3631745026766118e-16,2.035090997133922e-13,4.127245343169199e-16,7.559043820109528e-14,-8.93789894734928e-16,1.1055739221532762e-13,-2.3968558910185663e-14,nan,nan,nan,nan,nan,nan,nan
0.839987142,1785935949.571395159,BASELINE,-8.686295422292275e-18,0.00658171424267001,-1.7787051379280624e-06,-1.5771029104160692,-0.0003344845339609726,1.5696488841127108,-0.7852999791214369,8.419237093649246e-15,6.967242857764609e-13,9.209247322995168e-15,8.463110475281315e-13,2.3344837550495865e-14,2.9355242509060144e-12,-1.9934448457303592e-14,nan,nan,nan,nan,nan,nan,nan
0.860028268,1785935949.591000319,BASELINE,3.615002858693085e-18,0.0065817142426718486,-1.7787051379124113e-06,-1.5771029104160672,-0.00033448453396096037,1.5696488841127147,-0.7852999791214369,4.53772047911948e-15,4.876453683734065e-13,5.62624347235943e-15,5.228764664914121e-13,5.861728627837148e-15,1.3614378688523928e-12,-2.3619797174904814e-14,nan,nan,nan,nan,nan,nan,nan
0.880058189,1785935949.611435413,BASELINE,6.449236235446903e-18,0.006581714242672492,-1.778705137908323e-06,-1.577102910416067,-0.00033448453396095994,1.5696488841127159,-0.7852999791214369,5.746300717165537e-16,1.420351095643061e-13,8.16282899293819e-16,9.606557358475608e-14,-1.887181859575083e-16,2.1878825727072454e-13,-2.3487111021031936e-14,nan,nan,nan,nan,nan,nan,nan
0.902015667,1785935949.632324934,BASELINE,-9.027178789149868e-18,0.0065817142426693905,-1.7787051379286945e-06,-1.5771029104160694,-0.00033448453396097046,1.56964888411271,-0.7852999791214369,1.070043797419331e-14,9.064725039141772e-13,1.1729930373706532e-14,1.0770542941437812e-12,2.938988146416071e-14,3.737721530643304e-12,-1.9186887605746312e-14,nan,nan,nan,nan,nan,nan,nan
0.919288169,1785935949.650852680,BASELINE,5.490289954397625e-18,0.006581714242671987,-1.7787051379101734e-06,-1.5771029104160672,-0.0003344845339609574,1.5696488841127154,-0.7852999791214369,5.552726730487658e-15,6.09649666107439e-13,6.882153899576709e-15,6.467319930070663e-13,7.110069237379621e-15,1.6843132334335502e-12,-2.3117687163816853e-14,nan,nan,nan,nan,nan,nan,nan
0.940270757,1785935949.671095848,BASELINE,8.050601513090126e-18,0.0065817142426728105,-1.7787051379063194e-06,-1.5771029104160665,-0.0003344845339609577,1.569648884112716,-0.7852999791214369,6.802528796704311e-16,1.749833115032939e-13,9.709267736840613e-16,1.1644548871422202e-13,-2.0540864724111692e-16,2.7308785680328354e-13,-2.4005384996691695e-14,nan,nan,nan,nan,nan,nan,nan
0.959930604,1785935949.690821409,BASELINE,-4.621406774644297e-18,0.006581714242671152,-1.7787051379209975e-06,-1.577102910416068,-0.0003344845339609828,1.5696488841127112,-0.7852999791214369,-9.338829836425233e-15,-9.627015113801772e-13,-1.1148848865065327e-14,-1.0500418346390118e-12,-1.7010700312618794e-14,-2.960982705500718e-12,-2.475931012264612e-14,nan,nan,nan,nan,nan,nan,nan
0.979993652,1785935949.710793257,BASELINE,6.44921325023408e-18,0.00658171424267162,-1.7787051379092426e-06,-1.577102910416067,-0.000334484533960953,1.569648884112715,-0.7852999791214369,7.528326234609615e-15,8.093478787852223e-13,9.357635489899941e-15,8.55893701538205e-13,9.628595333364299e-15,2.219613343693005e-12,-2.339567793943457e-14,nan,nan,nan,nan,nan,nan,nan
0.999852365,1785935949.731288910,BASELINE,7.182450366748442e-18,0.006581714242672366,-1.7787051379075955e-06,-1.5771029104160665,-0.0003344845339609577,1.5696488841127156,-0.7852999791214369,1.7868862489582055e-15,2.6952308331754567e-13,2.4082490392310296e-15,2.300125070027704e-13,1.2553663340140923e-15,5.096654594366873e-13,-2.351796204396037e-14,nan,nan,nan,nan,nan,nan,nan
1.020293692,1785935949.750832081,BASELINE,-1.3951869099801645e-17,0.006581714242670146,-1.7787051379326797e-06,-1.5771029104160692,-0.0003344845339609978,1.569648884112709,-0.7852999791214369,-1.0175210956744366e-14,-1.1623155331304714e-12,-1.2146641552998119e-14,-1.1690652492167475e-12,-1.8823285285150366e-14,-3.356165910865403e-12,-2.540736999295694e-14,nan,nan,nan,nan,nan,nan,nan
1.039772051,1785935949.770915031,BASELINE,1.0051614804760393e-17,0.006581714242671494,-1.7787051379049513e-06,-1.577102910416067,-0.00033448453396094655,1.5696488841127154,-0.7852999791214369,9.458851237438608e-15,1.037818854337921e-12,1.1762988725272903e-14,1.0840694174082136e-12,1.2047199966448464e-14,2.8084052120016764e-12,-2.2770045920877887e-14,nan,nan,nan,nan,nan,nan,nan
1.060378295,1785935949.790975094,BASELINE,9.684845094971979e-18,0.006581714242672649,-1.7787051379044913e-06,-1.5771029104160665,-0.00033448453396095484,1.5696488841127165,-0.7852999791214369,2.138190234857375e-15,3.3686621706464525e-13,2.887259951828362e-15,2.8750396479658604e-13,1.4481776628957003e-15,6.27079964179794e-13,-2.400713029792703e-14,nan,nan,nan,nan,nan,nan,nan
1.080041684,1785935949.810852051,BASELINE,-1.7250673797630052e-17,0.006581714242669914,-1.7787051379365335e-06,-1.5771029104160694,-0.0003344845339610047,1.569648884112708,-0.7852999791214369,-1.2587342777414955e-14,-1.436761685507139e-12,-1.5028034071719523e-14,-1.4436655284402049e-12,-2.326096411359749e-14,-4.150648214136373e-12,-2.5400371704527453e-14,nan,nan,nan,nan,nan,nan,nan
1.099912569,1785935949.831113815,BASELINE,9.035567779441991e-19,0.006581714242671704,-1.7787051379153778e-06,-1.5771029104160676,-0.00033448453396096455,1.5696488841127139,-0.7852999791214369,2.7233562250365014e-15,2.7330780841859304e-13,2.7705576305072717e-15,2.754873237052902e-13,9.141077043969817e-15,1.1480126486114364e-12,-2.2279197071120875e-14,nan,nan,nan,nan,nan,nan,nan
1.120684074,1785935949.851383924,BASELINE,1.25342484253525e-17,0.006581714242672546,-1.7787051379010507e-06,-1.5771029104160663,-0.0003344845339609491,1.5696488841127172,-0.7852999791214369,3.0879533414166295e-15,4.621706497068953e-13,4.145339679956973e-15,3.963369531737462e-13,2.2966112891627218e-15,8.643174203294701e-13,-2.4434239834951552e-14,nan,nan,nan,nan,nan,nan,nan
1.139943977,1785935949.870858431,BASELINE,-2.298290916327238e-17,0.006581714242668855,-1.7787051379434832e-06,-1.5771029104160703,-0.00033448453396101426,1.569648884112706,-0.7852999791214369,-1.502715626436421e-14,-1.7496383085169945e-12,-1.7875559451515204e-14,-1.7391324341599484e-12,-2.801239670980346e-14,-5.0642955886723775e-12,-2.6317657560680406e-14,nan,nan,nan,nan,nan,nan,nan
1.160370430,1785935949.891746283,BASELINE,-4.815906533749314e-18,0.006581714242670903,-1.7787051379228093e-06,-1.5771029104160683,-0.00033448453396097186,1.5696488841127125,-0.7852999791214369,4.448295530835705e-15,3.668254325169369e-13,4.7958767399787575e-15,4.4645591636202425e-13,1.2827682000558723e-14,1.601505213628186e-12,-2.1642116238443108e-14,nan,nan,nan,nan,nan,nan,nan
1.180174990,1785935949.911435366,BASELINE,1.7629340344980394e-17,0.006581714242672689,-1.7787051378947403e-06,-1.577102910416066,-0.0003344845339609413,1.5696488841127183,-0.7852999791214369,3.870418438646243e-15,6.000317841830882e-13,5.198676548789271e-15,5.049291086868863e-13,2.7819210594849668e-15,1.1023610240823735e-12,-2.3989921522789645e-14,nan,nan,nan,nan,nan,nan,nan
1.199544941,1785935949.930793285,BASELINE,-2.7676565419289598e-17,0.006581714242668316,-1.7787051379489493e-06,-1.577102910416071,-0.00033448453396102434,1.5696488841127045,-0.7852999791214369,-1.8609663373273853e-14,-2.1563651532268857e-12,-2.2141986699986936e-14,-2.1445258310249897e-12,-3.462024048508273e-14,-6.249619259075183e-12,-2.6483349692230737e-14,nan,nan,nan,nan,nan,nan,nan
1.219969115,1785935949.951160908,BASELINE,-5.977049896422058e-18,0.006581714242670847,-1.7787051379243562e-06,-1.5771029104160685,-0.00033448453396097246,1.5696488841127123,-0.7852999791214369,5.48325884987538e-15,4.527602308609134e-13,5.908780339075599e-15,5.521376779462307e-13,1.585247653525853e-14,1.9789546764473125e-12,-2.109466487325053e-14,nan,nan,nan,nan,nan,nan,nan
1.240054606,1785935949.971385002,BASELINE,5.8460380053441246e-18,0.006581714242672331,-1.7787051379093e-06,-1.5771029104160672,-0.00033448453396095896,1.5696488841127159,-0.7852999791214369,2.4844235526811588e-15,3.169155661895166e-13,3.0544511723900777e-15,3.023378055529815e-13,2.8290646064604397e-15,8.334315577908105e-13,-2.369039817429355e-14,nan,nan,nan,nan,nan,nan,nan
1.262170098,1785935949.992452621,BASELINE,1.2631286516703815e-17,0.006581714242672887,-1.778705137900492e-06,-1.5771029104160663,-0.00033448453396095105,1.5696488841127176,-0.7852999791214369,1.4971805191001404e-16,1.7963812066384426e-13,4.03054113794515e-16,6.55119647035816e-14,-7.368164272330474e-16,9.679329445804764e-14,-2.427278191938913e-14,nan,nan,nan,nan,nan,nan,nan
1.279898188,1785935950.010844707,BASELINE,-7.664483160667977e-18,0.006581714242670132,-1.7787051379266914e-06,-1.5771029104160688,-0.00033448453396097214,1.5696488841127112,-0.7852999791214369,7.465741244892748e-15,6.177612248102136e-13,8.16756181791803e-15,7.472924464934074e-13,2.0697782948931254e-14,2.600640626505232e-12,-2.0412142317874983e-14,nan,nan,nan,nan,nan,nan,nan
1.299967418,1785935950.031136036,BASELINE,3.265492721578522e-18,0.006581714242671768,-1.7787051379127798e-06,-1.5771029104160674,-0.0003344845339609613,1.569648884112715,-0.7852999791214369,4.006270217372638e-15,4.308284697396179e-13,4.96725357971895e-15,4.604082821726899e-13,5.143464933616916e-15,1.1984426791369861e-12,-2.312087171371641e-14,nan,nan,nan,nan,nan,nan,nan
1.319652713,1785935950.050755262,BASELINE,1.767974580622083e-17,0.006581714242673152,-1.7787051378941253e-06,-1.5771029104160663,-0.00033448453396094384,1.5696488841127183,-0.7852999791214369,1.666888978755721e-16,2.4342639565652054e-13,4.804013190690347e-16,8.725317209589178e-14,-1.0619296845218047e-15,1.4197535722930643e-13,-2.3924613214017266e-14,nan,nan,nan,nan,nan,nan,nan
1.339976343,1785935950.070660353,BASELINE,-8.914046016238985e-18,0.006581714242669898,-1.7787051379284065e-06,-1.5771029104160694,-0.0003344845339609727,1.569648884112711,-0.7852999791214369,9.146687823098233e-15,7.63535812192203e-13,9.994982662476467e-15,9.228213245868607e-13,2.5492429949908543e-14,3.206397504112473e-12,-1.9753029832412447e-14,nan,nan,nan,nan,nan,nan,nan
1.360923174,1785935950.091682911,BASELINE,3.991553036506214e-18,0.0065817142426719205,-1.7787051379119882e-06,-1.5771029104160676,-0.0003344845339609599,1.5696488841127154,-0.7852999791214369,4.9408550250034305e-15,5.320587478690104e-13,6.125091640496669e-15,5.716762337494641e-13,6.3479564650801535e-15,1.4772098925382897e-12,-2.3516639862524392e-14,nan,nan,nan,nan,nan,nan,nan
1.380113825,1785935950.110812426,BASELINE,6.998497774525876e-18,0.006581714242672625,-1.7787051379076408e-06,-1.5771029104160672,-0.0003344845339609596,1.5696488841127163,-0.7852999791214369,6.250874644547052e-16,1.549825563267544e-13,8.883760731860644e-16,1.0889175216357882e-13,-1.8847910368650402e-16,2.37047509852537e-13,-2.3431540096253944e-14,nan,nan,nan,nan,nan,nan,nan
1.399760487,1785935950.130642176,BASELINE,-4.056325956271135e-18,0.006581714242671163,-1.7787051379204274e-06,-1.5771029104160685,-0.0003344845339609814,1.5696488841127119,-0.7852999791214369,-8.238283775120516e-15,-8.492259761557163e-13,-9.834792131347798e-15,-9.230084211292877e-13,-1.500105084243122e-14,-2.615382060711579e-12,-2.491161340562258e-14,nan,nan,nan,nan,nan,nan,nan
1.420155982,1785935950.151322365,BASELINE,5.747311951214155e-18,0.006581714242671588,-1.7787051379100083e-06,-1.5771029104160679,-0.00033448453396095566,1.569648884112715,-0.7852999791214369,6.62777450654902e-15,7.131456849183905e-13,8.238373859373888e-15,7.627947519275385e-13,8.463828138351555e-15,1.953831906050219e-12,-2.293825631156299e-14,nan,nan,nan,nan,nan,nan,nan
1.440280546,1785935950.171264887,BASELINE,1.0183760826366746e-17,0.006581714242672919,-1.7787051379036295e-06,-1.5771029104160672,-0.0003344845339609555,1.5696488841127165,-0.7852999791214369,6.925823432219086e-16,2.0196694166039798e-13,9.979816755292801e-16,1.3579496799173282e-13,-4.061558527678055e-16,3.0440166286884323e-13,-2.3954196347354102e-14,nan,nan,nan,nan,nan,nan,nan
1.459874840,1785935950.190998793,BASELINE,-4.789580596625796e-18,0.006581714242671162,-1.7787051379210938e-06,-1.5771029104160685,-0.00033448453396098385,1.5696488841127112,-0.7852999791214369,-1.021927656160891e-14,-1.0498146721096841e-12,-1.2202721248294226e-14,-1.1429351864834367e-12,-1.8601238232220874e-14,-3.2315740148977906e-12,-2.484196800032002e-14,nan,nan,nan,nan,nan,nan,nan
1.479402222,1785935950.210782051,BASELINE,7.025066440539735e-18,0.006581714242671676,-1.778705137908609e-06,-1.5771029104160676,-0.00033448453396095197,1.5696488841127152,-0.7852999791214369,8.21025398074154e-15,8.829455948687873e-13,1.0204791550233726e-14,9.409695960441722e-13,1.0464991574482304e-14,2.419763553323625e-12,-2.324413828720169e-14,nan,nan,nan,nan,nan,nan,nan
1.499527001,1785935950.230830431,BASELINE,7.819767933256647e-18,0.00658171424267249,-1.778705137906823e-06,-1.5771029104160672,-0.00033448453396095707,1.5696488841127159,-0.7852999791214369,1.9523261160532013e-15,2.9482114647752245e-13,2.6312894432513706e-15,2.60115410486647e-13,1.3850193445052248e-15,5.573223369778812e-13,-2.4334417345841388e-14,nan,nan,nan,nan,nan,nan,nan
1.520273831,1785935950.251014709,BASELINE,-1.5362618394027788e-17,0.006581714242670047,-1.7787051379343406e-06,-1.5771029104160694,-0.0003344845339610005,1.5696488841127083,-0.7852999791214369,-1.114732097981713e-14,-1.274056555309182e-12,-1.3307023550378912e-14,-1.276244115876382e-12,-2.0612464437007483e-14,-3.675949572772334e-12,-2.5486500421709985e-14,nan,nan,nan,nan,nan,nan,nan
1.540602118,1785935950.271531343,BASELINE,8.647434020776066e-19,0.006581714242671636,-1.7787051379154109e-06,-1.5771029104160679,-0.0003344845339609646,1.5696488841127136,-0.7852999791214369,2.4122861257471857e-15,2.419547412569463e-13,2.4550470050416937e-15,2.4555690681001667e-13,8.047655281179168e-15,1.0179973383095089e-12,-2.1748248356144652e-14,nan,nan,nan,nan,nan,nan,nan
1.560072703,1785935950.290923357,BASELINE,1.112552107804781e-17,0.00658171424267239,-1.7787051379027687e-06,-1.577102910416067,-0.0003344845339609514,1.5696488841127163,-0.7852999791214369,2.7200059518930758e-15,4.076644112021465e-13,3.651785093486599e-15,3.544168284622336e-13,2.022740812983387e-15,7.656847322009628e-13,-2.3885543016761058e-14,nan,nan,nan,nan,nan,nan,nan
1.580957643,1785935950.311034203,BASELINE,-1.768117676652398e-17,0.006581714242669748,-1.778705137936911e-06,-1.57710291041607,-0.0003344845339610066,1.5696488841127074,-0.7852999791214369,-1.3867282524283599e-14,-1.567677307633222e-12,-1.6559786143120372e-14,-1.5775962220185962e-12,-2.5644153451249998e-14,-4.5453774543847385e-12,-2.5527971893213558e-14,nan,nan,nan,nan,nan,nan,nan
1.600759293,1785935950.331690311,BASELINE,1.2049982444917e-18,0.006581714242671752,-1.778705137915005e-06,-1.5771029104160676,-0.00033448453396096357,1.5696488841127136,-0.7852999791214369,2.9488496163996608e-15,2.9881463037147407e-13,2.9934186281104903e-15,3.0240808234960276e-13,9.89657834345217e-15,1.2539077698118426e-12,-2.217770146196034e-14,nan,nan,nan,nan,nan,nan,nan
1.619823345,1785935950.350855589,BASELINE,1.3680164018412144e-17,0.006581714242672673,-1.7787051378996493e-06,-1.5771029104160665,-0.00033448453396094714,1.5696488841127165,-0.7852999791214369,3.369937320317979e-15,5.046635401294349e-13,4.523419959919988e-15,4.362730121244982e-13,2.4663292931987293e-15,9.513427509440884e-13,-2.4350864821072126e-14,nan,nan,nan,nan,nan,nan,nan
1.639728685,1785935950.371214151,BASELINE,-2.5199002033937374e-17,0.006581714242668632,-1.7787051379461025e-06,-1.5771029104160705,-0.0003344845339610182,1.5696488841127043,-0.7852999791214369,-1.6437459698039968e-14,-1.914268555439714e-12,-1.9553148710955098e-14,-1.901557440723927e-12,-3.06448452218683e-14,-5.5289067705382636e-12,-2.647950527810415e-14,nan,nan,nan,nan,nan,nan,nan
1.661224608,1785935950.390996933,BASELINE,-5.328852301329276e-18,0.006581714242670867,-1.7787051379234924e-06,-1.5771029104160683,-0.0003344845339609717,1.5696488841127114,-0.7852999791214369,4.87833395161108e-15,4.0188992570878107e-13,5.259854265006113e-15,4.88528484730105e-13,1.4057832494782992e-14,1.7657224234303344e-12,-2.1518128957872782e-14,nan,nan,nan,nan,nan,nan,nan
1.679928185,1785935950.411435127,BASELINE,5.251537697498355e-18,0.006581714242672189,-1.778705137910014e-06,-1.5771029104160672,-0.0003344845339609597,1.5696488841127145,-0.7852999791214369,2.194840641918665e-15,2.803344819420398e-13,2.698788194973886e-15,2.654137147773307e-13,2.505047966721496e-15,7.481935078362665e-13,-2.313776268816288e-14,nan,nan,nan,nan,nan,nan,nan
1.700152938,1785935950.431325197,BASELINE,-2.984615124421551e-17,0.006581714242667643,-1.7787051379514705e-06,-1.5771029104160714,-0.00033448453396102797,1.5696488841127019,-0.7852999791214369,-2.038363685538377e-14,-2.3607387617465697e-12,-2.4226380864348056e-14,-2.3565029589114054e-12,-3.818623733462697e-14,-6.861697316651217e-12,-2.6706179362411277e-14,nan,nan,nan,nan,nan,nan,nan
1.719587820,1785935950.450829744,BASELINE,-5.491152793671141e-18,0.006581714242670774,-1.7787051379237717e-06,-1.5771029104160685,-0.0003344845339609714,1.5696488841127114,-0.7852999791214369,5.9464401943868425e-15,5.021427679450292e-13,6.396058097578446e-15,6.026716777891897e-13,1.7242627162801562e-14,2.1795391424944003e-12,-2.0941224977875756e-14,nan,nan,nan,nan,nan,nan,nan
1.740883500,1785935950.471509695,BASELINE,6.56906235214681e-18,0.0065817142426724375,-1.7787051379084074e-06,-1.5771029104160668,-0.0003344845339609576,1.5696488841127154,-0.7852999791214369,2.681051420310652e-15,3.455641250176795e-13,3.295209249419928e-15,3.2572513743292025e-13,3.087995203638563e-15,9.13660187402909e-13,-2.3595792203058144e-14,nan,nan,nan,nan,nan,nan,nan
1.760765511,1785935950.491663218,BASELINE,1.378413318756868e-17,0.006581714242673044,-1.7787051378990413e-06,-1.577102910416066,-0.00033448453396094926,1.569648884112717,-0.7852999791214369,1.6626832431009986e-16,1.964499883610188e-13,4.4277921321245047e-16,7.071595766385807e-14,-8.518102667633083e-16,1.1401813779168617e-13,-2.421101884677058e-14,nan,nan,nan,nan,nan,nan,nan
1.780130742,1785935950.511166334,BASELINE,-8.417752647620584e-18,0.006581714242670033,-1.778705137927704e-06,-1.577102910416069,-0.00033448453396097235,1.5696488841127105,-0.7852999791214369,8.168280033225877e-15,6.757358316336538e-13,8.935913831068846e-15,8.164917509447005e-13,2.2627052555588842e-14,2.8515159684529814e-12,-2.022730029329975e-14,nan,nan,nan,nan,nan,nan,nan
1.800009978,1785935950.531044722,BASELINE,3.546625224932881e-18,0.0065817142426718225,-1.778705137912479e-06,-1.5771029104160672,-0.00033448453396096064,1.569648884112715,-0.7852999791214369,4.392108376569893e-15,4.720239988552035e-13,5.445493126622288e-15,5.037483531678923e-13,5.635312867615002e-15,1.3144652467578293e-12,-2.3005200940756846e-14,nan,nan,nan,nan,nan,nan,nan
1.819846273,1785935950.551102877,BASELINE,6.273462956476559e-18,0.006581714242672453,-1.7787051379085433e-06,-1.577102910416067,-0.0003344845339609606,1.569648884112716,-0.7852999791214369,5.541595568292773e-16,1.3750099477376032e-13,7.872762321452279e-16,9.357076307428093e-14,-2.069672716776058e-16,2.0882820486211837e-13,-2.374294804101049e-14,nan,nan,nan,nan,nan,nan,nan
1.839248514,1785935950.570748091,BASELINE,-8.707515253259666e-18,0.006581714242669455,-1.778705137928258e-06,-1.5771029104160694,-0.00033448453396097046,1.5696488841127103,-0.7852999791214369,1.0318427448029304e-14,8.740536060321528e-13,1.1311051489196428e-14,1.0369448262774094e-12,2.8373305575026766e-14,3.6017386034118643e-12,-1.9507987039105526e-14,nan,nan,nan,nan,nan,nan,nan
1.860223478,1785935950.591445446,BASELINE,5.3126043728426085e-18,0.006581714242671964,-1.778705137910372e-06,-1.5771029104160674,-0.00033448453396095804,1.5696488841127156,-0.7852999791214369,5.353923811406107e-15,5.879737323423392e-13,6.635544208494941e-15,6.240188335458282e-13,6.83687400387678e-15,1.6216926786086793e-12,-2.3396960917906e-14,nan,nan,nan,nan,nan,nan,nan
1.879561618,1785935950.610937357,BASELINE,7.780843435289346e-18,0.006581714242672763,-1.778705137906657e-06,-1.5771029104160668,-0.00033448453396095853,1.5696488841127163,-0.7852999791214369,6.576384024702265e-16,1.6890289117766345e-13,9.383707674328898e-16,1.1495020282581648e-13,-2.141792601384715e-16,2.6031246908433075e-13,-2.3371613624097282e-14,nan,nan,nan,nan,nan,nan,nan
1.899293661,1785935950.630595922,BASELINE,-4.461304747222356e-18,0.006581714242671164,-1.7787051379208397e-06,-1.5771029104160683,-0.00033448453396098265,1.5696488841127116,-0.7852999791214369,-8.998741727996117e-15,-9.277063333985976e-13,-1.0743235305756069e-14,-1.0098453139205402e-12,-1.639588233398074e-14,-2.855486889648191e-12,-2.4969245716823828e-14,nan,nan,nan,nan,nan,nan,nan
1.919485958,1785935950.650888205,BASELINE,6.2240945677389384e-18,0.0065817142426716204,-1.7787051379094918e-06,-1.5771029104160676,-0.00033448453396095425,1.5696488841127154,-0.7852999791214369,7.254935797120439e-15,7.80083455917245e-13,9.017721601186612e-15,8.302967639781513e-13,9.254483574306566e-15,2.1329182607090207e-12,-2.368427640820428e-14,nan,nan,nan,nan,nan,nan,nan
1.940114694,1785935950.670877695,BASELINE,6.925261607391056e-18,0.0065817142426723395,-1.7787051379079117e-06,-1.5771029104160672,-0.00033448453396095864,1.5696488841127159,-0.7852999791214369,1.7249131421128003e-15,2.6007475380032793e-13,2.3242550718439684e-15,2.2772236369367934e-13,1.192453225379525e-15,4.874911483858611e-13,-2.3768307171827986e-14,nan,nan,nan,nan,nan,nan,nan
1.959507537,1785935950.690886021,BASELINE,-1.3441626074794188e-17,0.006581714242670199,-1.778705137932085e-06,-1.5771029104160694,-0.0003344845339609971,1.5696488841127092,-0.7852999791214369,-9.797775750851643e-15,-1.1194764524181956e-12,-1.169593912013394e-14,-1.1204407795374902e-12,-1.8149233091512907e-14,-3.233586454152837e-12,-2.4700545186682293e-14,nan,nan,nan,nan,nan,nan,nan
1.980817418,1785935950.711217880,BASELINE,9.659074475222796e-18,0.0065817142426714895,-1.7787051379054008e-06,-1.5771029104160674,-0.0003344845339609473,1.5696488841127156,-0.7852999791214369,9.117418912021446e-15,9.998258898695415e-13,1.1337968227256954e-14,1.0472974618932222e-12,1.1570129174376031e-14,2.7017707857748827e-12,-2.3067162854593068e-14,nan,nan,nan,nan,nan,nan,nan
1.999382409,1785935950.730768919,BASELINE,9.348641142834274e-18,0.006581714242672606,-1.778705137904904e-06,-1.577102910416067,-0.00033448453396095555,1.5696488841127165,-0.7852999791214369,2.060711572413853e-15,3.247992402546617e-13,2.7821662793044762e-15,2.8248198389635844e-13,1.3746141737964094e-15,6.007368062589496e-13,-2.4267982760515143e-14,nan,nan,nan,nan,nan,nan,nan
2.020426624,1785935950.751929998,TARGET,0.0009511697705310526,0.0053734289403915845,0.0007932989547523685,-1.5786995049089865,0.0010471501152662746,1.5711378310647044,-0.7838090534330575,0.09976793087716648,-0.11635311886696255,0.089863349863063,-0.1425522155945928,0.12747370482649648,0.1335603865163166,0.1343482541283726,0.5,-0.4,0.3,-1.8,0.2,1.8,-0.5
2.039901622,1785935950.771391153,TARGET,0.004315450626901943,0.0017273234565285936,0.003983604337616076,-1.582819288358404,0.004891187458431201,1.575084597353726,-0.7798455032503154,0.22208082970476434,-0.23356966650841487,0.21472065815645824,-0.25389409474974795,0.2419697682731323,0.24623311136077902,0.24696684596470495,0.5,-0.4,0.3,-1.8,0.2,1.8,-0.5
2.060486965,1785935950.791597366,TARGET,0.009926100065278186,-0.004051004899605455,0.009480734778727191,-1.5889112432373858,0.010797148975448558,1.5810562276827131,-0.7738639237401053,0.32519971110488843,-0.3312558344997061,0.32080890075835294,-0.343334857226253,0.3360721253125818,0.33862723256303867,0.3389304935679778,0.5,-0.4,0.3,-1.8,0.2,1.8,-0.5
2.080160969,1785935950.811619282,TARGET,0.01737786179290652,-0.011578362970927146,0.016870692763515525,-1.5966064539526545,0.018388567230956797,1.5886845069658146,-0.7662336948787558,0.40865468466308713,-0.4107951627069148,0.40652129569301904,-0.4164755150719745,0.4128029280829484,0.41412944604470964,0.4140762801974595,0.5,-0.4,0.3,-1.8,0.2,1.8,-0.5
2.099573339,1785935950.830775261,TARGET,0.026313688645426027,-0.020526718664861637,0.02578260864055417,-1.605615449553769,0.027353229367140155,1.5976658390697327,-0.7572562313490395,0.47579721271119507,-0.4753636591693726,0.47528630322298904,-0.47646762446504864,0.47529779019617435,0.47577637397553174,0.47548518130242795,0.5,-0.4,0.3,-1.8,0.2,1.8,-0.5
2.119875163,1785935950.851442575,TARGET,0.036442652578570454,-0.030628728684425698,0.03591464402806123,-1.6157023126832173,0.03743623494971313,1.6077517350867352,-0.7471778038298174,0.5297566570496143,-0.5277976193454409,0.530393399892736,-0.5256901222813317,0.5261901590500362,0.5260960093097807,0.5256688446659125,0.5,-0.4,0.3,-1.8,0.2,1.8,-0.5
2.140945447,1785935950.871015549,TARGET,0.04753028576117365,-0.041667965871771274,0.0470243211481588,-1.6266734921402928,0.048429959095082874,1.6187391619285532,-0.7361996632181526,0.5731061674731872,-0.5704102765006962,0.5745455121988283,-0.5660707543796124,0.5676346630151244,0.5671637904363245,0.566679145518591,0.5,-0.4,0.3,-1.8,0.2,1.8,-0.5
2.159388152,1785935950.890722036,TARGET,0.059388001682853346,-0.0534691707458229,0.058917268272516116,-1.6383700657233449,0.06016535376100557,1.630462328531834,-0.7244862742908605,0.6079251602100889,-0.6050653708785463,0.6099191386182606,-0.5991916633055845,0.6013872283105622,0.6006781353637481,0.6001928470280393,0.5,-0.4,0.3,-1.8,0.2,1.8,-0.5
2.180545370,1785935950.911641836,TARGET,0.07186421398336545,-0.065890247101085,0.07143776545137738,-1.6506615660993658,0.0725047937268508,1.6427858998451275,-0.7121720398712817,0.6358886186200268,-0.6332650327211086,0.638261073501488,-0.6263534750399906,0.6288777577174183,0.6280273376294531,0.627580232330595,0.5,-0.4,0.3,-1.8,0.2,1.8,-0.5
2.201076140,1785935950.932114124,TARGET,0.08483712102675928,-0.07881585695540493,0.08446109737735538,-1.663440915882048,0.08533623846020666,1.6555994265959346,-0.6993667954998991,0.6583442925125542,-0.6562224979330513,0.6609720514528611,-0.6486251318151802,0.6512703719118105,0.6503454726125618,0.649961127648911,0.5,-0.4,0.3,-1.8,0.2,1.8,-0.5
2.219399039,1785935950.950758457,TARGET,0.09820887845279994,-0.09215229780484993,0.09788740488876321,-1.6766202561202108,0.09856847504412534,1.668812783208167,-0.6861602997979773,0.6763759413401038,-0.67491961337139,0.6791748139593806,-0.6668847283843814,0.669512690150263,0.6685585401070504,0.6682506784803657,0.5,-0.4,0.3,-1.8,0.2,1.8,-0.5
2.239468985,1785935950.970750570,TARGET,0.11190090167327373,-0.105823392067981,0.11163674831395982,-1.6901275114156329,0.11212724398234074,1.6823524354588082,-0.6726259041234923,0.6908546472600812,-0.6901522669842022,0.6937689791048219,-0.6818532848796724,0.6843760401714908,0.683422351036124,0.6831967594779932,0.5,-0.4,0.3,-1.8,0.2,1.8,-0.5
2.260515940,1785935950.991524935,TARGET,0.12585008334023737,-0.11976717756812763,0.12564514625371673,-1.7039035636749256,0.1259520848961828,1.6961583897953028,-0.6588235515260294,0.7024803066905136,-0.7025663952462343,0.7054751643585365,-0.694122604834777,0.6964882272089172,0.6955537001102383,0.6954105462042357,0.5,-0.4,0.3,-1.8,0.2,1.8,-0.5
2.280497559,1785935951.011703253,TARGET,0.14001375387946696,-0.1339359248415307,0.13987104329358657,-1.717894761154203,0.13931452961688887,1.7101808072791642,-0.6448023738331519,0.7126332294207409,-0.7130362308746279,0.715900558944893,-0.7036934592947551,0.6165008008147773,0.7053928128129449,0.7053783948952574,0.5,-0.4,0.3,-1.8,0.2,1.8,-0.5
2.300012588,1785935951.031076431,TARGET,0.15435040538872596,-0.1482913795786874,0.1542735950217951,-1.7320625406898709,0.15036485372331618,1.7243802295969364,-0.6306022957246951,0.7199423098379941,-0.7213334019211461,0.7232252184398925,-0.7120181787310894,0.5035780425171722,0.713467810912285,0.7135425123674177,0.5,-0.4,0.3,-1.8,0.2,1.8,-0.5
2.320222783,1785935951.051412582,TARGET,0.16881068429253235,-0.16266846578222988,0.16880368198324516,-1.745708385735844,0.1593795995869923,1.73789866871992,-0.6162554352294252,0.72519415566948,-0.7153943770470423,0.7288239737425115,-0.63267045805718,0.41038781847755257,0.6196239795214897,0.7202508661871373,0.5,-0.4,0.3,-1.8,0.2,1.8,-0.5
2.339796072,1785935951.071365356,TARGET,0.18336219881622234,-0.17703933552773812,0.18342602128099184,-1.757059729174411,0.16673481229374687,1.7490027819231722,-0.6017885974558264,0.7294882148644009,-0.7222221827708702,0.7329596381798062,-0.5168355993262944,0.33521777532242103,0.5061374127359441,0.7257026167406812,0.5,-0.4,0.3,-1.8,0.2,1.8,-0.5
2.359970641,1785935951.091081858,TARGET,0.19799538590427368,-0.19158126987486127,0.1981276984835264,-1.7662988492639502,0.17274483033843993,1.7580798278870806,-0.587224177963978,0.7333432167854643,-0.7308946803875446,0.7367423457801207,-0.41994794759879855,0.2739592821260255,0.41387735727438985,0.7301460484754311,0.5,-0.4,0.3,-1.8,0.2,1.8,-0.5
2.379845027,1785935951.110961676,TARGET,0.21269853713079745,-0.2062790620434354,0.2128986250598649,-1.7738016885338554,0.17765696215460497,1.7655029225868808,-0.5725801386838995,0.7365435671593638,-0.7378858490956599,0.7399296029872935,-0.34093326714090233,0.2239241094987732,0.338472955170444,0.7337740403422771,0.5,-0.4,0.3,-1.8,0.2,1.8,-0.5
2.399815310,1785935951.130688190,TARGET,0.22745716544756092,-0.22109769781539046,0.22772474807803827,-1.7798926456598716,0.18167212084166653,1.7715731918161075,-0.5593001465409274,0.7390306874109288,-0.7431975117466578,0.7424028745356601,-0.2767610270348033,0.18303705174525428,0.27678177197825704,0.6054297259546523,0.5,-0.4,0.3,-1.8,0.2,1.8,-0.5
2.420164348,1785935951.151506662,TARGET,0.24250143421444367,-0.23604443861900887,0.24145340846242216,-1.7848488435598242,0.18497820070001447,1.7765207128726466,-0.5484509014470008,0.7559398571207097,-0.7503200916708033,0.6320636505666943,-0.22509043109529098,0.1511776071635353,0.22525340858217985,0.4943979821131339,0.5,-0.4,0.3,-1.8,0.2,1.8,-0.5
2.439810033,1785935951.171021700,TARGET,0.257595841525874,-0.25109260247300524,0.25277378849849014,-1.78886410982358,0.18768770286838163,1.78056011365685,-0.5395882188670704,0.7532484620254732,-0.7536862545256539,0.514683042821883,-0.18227855259151485,0.12339873273939943,0.1841849995575982,0.4039412145870368,0.5,-0.4,0.3,-1.8,0.2,1.8,-0.5
2.460204692,1785935951.190903664,TARGET,0.2726243560795538,-0.26618536110242386,0.26196234436887533,-1.7921188023468464,0.18989691519486346,1.7838636538829842,-0.5323467453819059,0.7500696676382185,-0.7552679402669218,0.4172182637838759,-0.1478452820642011,0.10056953030306279,0.1506339434711921,0.3300564957380503,0.5,-0.4,0.3,-1.8,0.2,1.8,-0.5
2.480461305,1785935951.211004972,TARGET,0.28760002354779085,-0.2813013716486578,0.2694092113628342,-1.794759293248385,0.19169729655837583,1.7865652771500937,-0.5264297825946654,0.7478745914859125,-0.7561677362425346,0.3381305236071059,-0.11995232049435207,0.08195906526876001,0.12318202543553872,0.2696873738313323,0.5,-0.4,0.3,-1.8,0.2,1.8,-0.5
2.500343422,1785935951.231257677,TARGET,0.302541393981027,-0.2964311879717007,0.27544539062408596,-1.7969013384821582,0.19316461673975538,1.7887744312005345,-0.5215950693893818,0.7465161952590482,-0.756714922735482,0.2741233150161142,-0.09729214598926839,0.0668017561554529,0.10072275284313394,0.2203595914586452,0.5,-0.4,0.3,-1.8,0.2,1.8,-0.5
2.520314156,1785935951.251507044,TARGET,0.3174626095107692,-0.3115694114680835,0.2803400915426811,-1.7986382179828482,0.19436068452229982,1.790580686475342,-0.5176446670513998,0.7457638649951046,-0.7570461653095749,0.22233422406340927,-0.07886598727413073,0.05445719916419425,0.0823484204465921,0.18005364332553875,0.5,-0.4,0.3,-1.8,0.2,1.8,-0.5
2.539895484,1785935951.271373987,TARGET,0.33238440176543643,-0.32660729819414025,0.2843178721427923,-1.7999974661508553,0.19533654969250316,1.7920621762962228,-0.5144167944876191,0.7478692767894819,-0.7307014888299207,0.18207913304974105,-0.0531060101224328,0.04465301735748993,0.06860535468696219,0.14711839691833398,0.5,-0.4,0.3,-1.8,0.2,1.8,-0.5
2.560172015,1785935951.291471720,TARGET,0.3473765113960462,-0.33989489118095556,0.2876114752778582,-1.8008112155590352,0.1961452342450911,1.7933188288230086,-0.5117801781119903,0.7499755391933818,-0.6080695412686256,0.15051079599420683,-0.03526450676851761,0.03699043643368565,0.057639379244910735,0.12015520486446665,0.5,-0.4,0.3,-1.8,0.2,1.8,-0.5
2.579872614,1785935951.311189413,TARGET,0.36236324436469264,-0.3507655162803789,0.2902958080915244,-1.8014659803058282,0.19680692890393392,1.7943477722015293,-0.509626165695033,0.7486987018203984,-0.4936833947590895,0.12156249187439562,-0.03116009284441143,0.03006725822519101,0.04664588498696799,0.09817942389788031,0.5,-0.4,0.3,-1.8,0.2,1.8,-0.5
2.599615397,1785935951.331054449,TARGET,0.37732230088364394,-0.35957010439599496,0.2924545465083501,-1.8020578363502906,0.1973434896246322,1.795177742462235,-0.5078659831374633,0.747405613409518,-0.3994175530825893,0.09753711663505062,-0.02833715640578567,0.024353886245227243,0.03757457994086864,0.08023157811664523,0.5,-0.4,0.3,-1.8,0.2,1.8,-0.5
2.620852506,1785935951.351193428,TARGET,0.3922605007040691,-0.3666912139138655,0.29418498434134827,-1.8025939250857788,0.19777796216357268,1.7958461576211893,-0.5064275583117012,0.7465723718527152,-0.3230049426129624,0.07814501321387922,-0.02554781165395924,0.019718373503454737,0.03026081200382648,0.0655656579846205,0.5,-0.4,0.3,-1.8,0.2,1.8,-0.5
2.640816057,1785935951.371492386,TARGET,0.4071865932722219,-0.3724499429724131,0.29557102631430787,-1.8030743502882631,0.19812975691525792,1.7963845614964515,-0.5052520714635593,0.7461365607526265,-0.2612134432337161,0.06258230415149568,-0.02278281090817054,0.015967274741106353,0.02437909986803741,0.05358043017547499,0.5,-0.4,0.3,-1.8,0.2,1.8,-0.5
2.660138481,1785935951.391320467,TARGET,0.4221072937993224,-0.37710720088274857,0.29668090916323836,-1.8035005740230197,0.19841465883775183,1.7968184062368402,-0.5042914634656303,0.745987437536709,-0.21125918784219583,0.05010895306415544,-0.020129419216217862,0.012932380715164187,0.01964807524543406,0.04378580856863275,0.5,-0.4,0.3,-1.8,0.2,1.8,-0.5
2.680882970,1785935951.411372900,TARGET,0.4364151410909532,-0.3809122597980038,0.2977266885557948,-1.8038632961538006,0.19866207782477124,1.797161745876124,-0.5035088172129675,0.6636098706727858,-0.17533427896862586,0.0561219309217002,-0.016140767057133437,0.012070122925326558,0.01525521852491498,0.03555633373564677,0.5,-0.4,0.3,-1.8,0.2,1.8,-0.5
2.700199484,1785935951.431431770,TARGET,0.44831294282072026,-0.38406082032583144,0.2987399049270302,-1.8041517343301463,0.19887867697016284,1.797434395381634,-0.5028714776920686,0.5415273236876662,-0.14315030464151873,0.04511431604338108,-0.01335150683795249,0.009767333713761529,0.012414497094553794,0.02906161118279218,0.5,-0.4,0.3,-1.8,0.2,1.8,-0.5
2.719280388,1785935951.450793743,TARGET,0.4579942168687151,-0.3866084132044815,0.29950864799370835,-1.8044012515943229,0.1990499752523059,1.7976564653274847,-0.5023500097133082,0.4401292401613898,-0.11527041971361278,0.03334481931323107,-0.011837186845828128,0.007645728120873528,0.010096645231921357,0.023788135011965597,0.5,-0.4,0.3,-1.8,0.2,1.8,-0.5
2.739381062,1785935951.470793724,TARGET,0.4658605936335404,-0.3886557165647833,0.30007075884052553,-1.8046240718235118,0.19918359415082468,1.7978368475604662,-0.5019231250567416,0.35758757468163754,-0.09253388613800326,0.02420118283960373,-0.010587818310752506,0.005952379379953656,0.008196145870140054,0.019474096637752136,0.5,-0.4,0.3,-1.8,0.2,1.8,-0.5
2.760425298,1785935951.491611958,TARGET,0.4722518098820309,-0.3902983451877561,0.30047592899697273,-1.8048228591592312,0.19928749637724022,1.7979832623820189,-0.501573659406662,0.2905388904259041,-0.07421944963063479,0.017332647085795284,-0.009418876643927682,0.00462436226702922,0.006653068773498484,0.015942115428202213,0.5,-0.4,0.3,-1.8,0.2,1.8,-0.5
2.780125591,1785935951.511078358,TARGET,0.47744489964123055,-0.3916155689284795,0.3007638051847412,-1.804999033274916,0.19936814234898104,1.7981021327312725,-0.5012875811221202,0.23608314461591168,-0.05950673240011676,0.012217632299162586,-0.00832085950855719,0.0035863237694971012,0.005402387586406032,0.013050252576394335,0.5,-0.4,0.3,-1.8,0.2,1.8,-0.5
2.799763842,1785935951.531292915,TARGET,0.48166484779372215,-0.39267151974949777,0.30096462626941756,-1.8051541218160911,0.1994306244754512,1.7981986781893748,-0.5010534013836452,0.1918509273497588,-0.04769783590516417,0.008432958689546625,-0.007303790069648292,0.0027760859064561018,0.004388597980915002,0.010682575108193794,0.5,-0.4,0.3,-1.8,0.2,1.8,-0.5
2.819510588,1785935951.550897360,TARGET,0.48509430303930057,-0.39351782305126837,0.3011012751848498,-1.8052898292783124,0.19947893822702326,1.7982771227497845,-0.5008617119603083,0.1559187082530998,-0.038224319234881475,0.00565319564630091,-0.006374704644026408,0.0021444467909412313,0.0035664424612008344,0.008744152600687801,0.5,-0.4,0.3,-1.8,0.2,1.8,-0.5
2.839672468,1785935951.570972681,TARGET,0.4878815607686115,-0.39419597331292966,0.3011910073699208,-1.8054079481610565,0.19951621441103867,1.798340884294353,-0.5007048086535396,0.12672588142402846,-0.03062707852426736,0.00363001493368284,-0.0055359476938550605,0.0016526973891956161,0.0028993848701997778,0.007157229318815426,0.5,-0.4,0.3,-1.8,0.2,1.8,-0.5
2.860289981,1785935951.590915203,TARGET,0.4901470430830266,-0.3947392953871458,0.3012467889489605,-1.8055102756343806,0.19954490416871026,1.7983927299166897,-0.5005763829922402,0.10300610841919688,-0.024536261283777467,0.0021742866232843626,-0.0047862054365601925,0.0012704244034853417,0.002357927765585508,0.0058581189703263625,0.5,-0.4,0.3,-1.8,0.2,1.8,-0.5
2.880531281,1785935951.611568689,TARGET,0.4919885518843734,-0.3951745376430524,0.30127832169638386,-1.8055985530555052,0.19956692479525273,1.7984349011216318,-0.5004712696437136,0.08373160202758842,-0.01965430876437349,0.0011421761480776024,-0.004121633693873569,0.0009737454455645607,0.0019182403548020147,0.004794662430571272,0.5,-0.4,0.3,-1.8,0.2,1.8,-0.5
2.899954246,1785935951.631171942,TARGET,0.49348552799561285,-0.39552316018534106,0.3012928271408518,-1.805674425814381,0.1995837744940895,1.7984692146218404,-0.5003852394729502,0.06806801756288791,-0.015742047920622438,0.0004244986171661667,-0.003536773513470066,0.0007439166819393302,0.0015610553605962263,0.003924144173399161,0.5,-0.4,0.3,-1.8,0.2,1.8,-0.5
2.919475271,1785935951.650871038,TARGET,0.49470250550706363,-0.39580237418501724,0.3012956463611015,-1.8057394190336393,0.19959662265563985,1.7984971435604218,-0.5003148300154732,0.05533792383079071,-0.012607373007100228,-6.142872465822307e-05,-0.003025246536339723,0.0005662361742577399,0.001270786216764065,0.003211584583517858,0.5,-0.4,0.3,-1.8,0.2,1.8,-0.5
2.939805218,1785935951.671001434,TARGET,0.4956919142508195,-0.39602597912414017,0.3012906986399224,-1.8057949251083953,0.19960638087114846,1.7985198830070044,-0.5002572066113946,0.044991211021606095,-0.010096074718447402,-0.00037802458536149373,-0.0025802719243553807,0.00042918251212709373,0.0010348082745435694,0.002628340644399157,0.5,-0.4,0.3,-1.8,0.2,1.8,-0.5
2.959457100,1785935951.690901756,TARGET,0.4964963540156313,-0.3962050364505966,0.30128083196366495,-1.805842199779163,0.19961375876245083,1.7985384028806815,-0.5002100486655348,0.036581096087091605,-0.008084414585531368,-0.0005722379514832026,-0.0021950193603783312,0.00032373138631971185,0.0008429054718019615,0.0021509590791853814,0.5,-0.4,0.3,-1.8,0.2,1.8,-0.5
2.979393754,1785935951.710803509,TARGET,0.4971504404552241,-0.39634841111621233,0.30126809047022796,-1.8058823641796267,0.19961930787551382,1.7985534906596128,-0.5001714564927942,0.029744676991263288,-0.006473146687178998,-0.0006792137793245242,-0.0018628686268754642,0.00024282407178144208,0.0006867924622816774,0.0017602370990303271,0.5,-0.4,0.3,-1.8,0.2,1.8,-0.5
2.999541557,1785935951.730827332,TARGET,0.4976823036623699,-0.39646320658794115,0.30125391824192616,-1.805916410839158,0.19962345615544547,1.7985657859488293,-0.5001398750287125,0.024187151048189113,-0.00518269050188227,-0.0007251165093555584,-0.0015775646107729295,0.00018094391419267038,0.0005597535144760592,0.001440452704257585,0.5,-0.4,0.3,-1.8,0.2,1.8,-0.5
3.019767572,1785935951.751071692,TARGET,0.49811480493946286,-0.39655511408609045,0.3012393141943348,-1.8059452121577242,0.19962653501665392,1.798575808427688,-0.5001140313552555,0.01966901421237153,-0.004149250504383643,-0.0007292910489449344,-0.0013333143285620785,0.00013378483009626578,0.00045634157647768343,0.001178734279077927,0.5,-0.4,0.3,-1.8,0.2,1.8,-0.5
3.040200995,1785935951.771715403,TARGET,0.4984665249006776,-0.39662869282275054,0.30122494948038886,-1.8059695302278373,0.19962880057443105,1.7985839805003363,-0.5000928835432706,0.015995670417989924,-0.0033216950235016034,-0.000705923435052788,-0.0011248344127343147,9.799020261978769e-05,0.00037213651945759696,0.0009645442368176871,0.5,-0.4,0.3,-1.8,0.2,1.8,-0.5
3.059364856,1785935951.790938854,TARGET,0.4987525659842271,-0.39668759480588556,0.30121125617150163,-1.8059900272467773,0.19963045029568396,1.7985906456016834,-0.5000755787630126,0.013008999549673314,-0.00265904920108567,-0.0006653077305593632,-0.0009473652885170848,7.094699368005201e-05,0.0003035516382554513,0.0007892560913436812,0.5,-0.4,0.3,-1.8,0.2,1.8,-0.5
3.080208301,1785935951.811589956,TARGET,0.4989852042938064,-0.39673474509954115,0.3011984939585794,-1.8060072759212942,0.19963163603216694,1.7985960830645402,-0.5000614189859391,0.010580511185097773,-0.0021284838602146977,-0.0006148181731653104,-0.000796665105683325,5.062589021235585e-05,0.00024766844348497047,0.0006458081607931173,0.5,-0.4,0.3,-1.8,0.2,1.8,-0.5
3.100224972,1785935951.831423283,TARGET,0.4991744191193165,-0.3967724863443411,0.3011868000820604,-1.8060217695279368,0.19963247421701638,1.7986005201647086,-0.5000498329029355,0.008605781787890489,-0.001703693699849438,-0.0005596509839889251,-0.0006689771246423736,3.544957576916955e-05,0.00020212931030833141,0.0005284198075079465,0.5,-0.4,0.3,-1.8,0.2,1.8,-0.5
3.120565349,1785935951.851476669,TARGET,0.49932832312571684,-0.39680269460303585,0.3011762264659152,-1.806033931388882,0.199633053841966,1.7986041418541274,-0.5000403529330659,0.006999946940690662,-0.0013636112880770596,-0.0005033837060878171,-0.0005610098131620217,2.4200463955432794e-05,0.00016500265005859043,0.00043235934847017025,0.5,-0.4,0.3,-1.8,0.2,1.8,-0.5
3.139753770,1785935951.871135950,TARGET,0.49945351186658443,-0.39682687218734913,0.30116676714961965,-1.8060441236022158,0.19963344266919453,1.798607098713774,-0.5000325964013012,0.005694028415598594,-0.001091358238475717,-0.00044840638024802343,-0.0004698860555758741,1.5935333961283682e-05,0.00013472920405501373,0.0003537537066902438,0.5,-0.4,0.3,-1.8,0.2,1.8,-0.5
3.160818299,1785935951.891540527,TARGET,0.49955534778031074,-0.3968462220473814,0.3011583783622445,-1.806052654993259,0.19963369208192455,1.798609513370866,-0.5000262501293357,0.004631959861660435,-0.0008734177049807073,-0.00039624283818165184,-0.00039311060242125997,9.928758707177136e-06,0.00011003458683908165,0.00028943278975547104,0.5,-0.4,0.3,-1.8,0.2,1.8,-0.5
3.180057446,1785935951.911076307,TARGET,0.4996381909665628,-0.3968617073735648,0.30115099306278004,-1.8060597882610845,0.19963384085710573,1.7986114857154765,-0.5000210578212534,0.0037681654457782376,-0.0006989626948660449,-0.0003477935052927789,-0.00032852521073587344,5.621605832144452e-06,8.988831200704373e-05,0.00023680191220491173,0.5,-0.4,0.3,-1.8,0.2,1.8,-0.5
3.199556024,1785935951.930889368,TARGET,0.49970558672402476,-0.39687409934148193,0.30114453131709107,-1.8060657463324903,0.19963391809590708,1.79861309714164,-0.5000168097374853,0.0030655961757876703,-0.0005593234273265635,-0.0003035173231117862,-0.000274273601907355,2.5861806094679486e-06,7.344840091408632e-05,0.0001937374568840506,0.5,-0.4,0.3,-1.8,0.2,1.8,-0.5
3.220318878,1785935951.951204300,TARGET,0.49976041796458937,-0.3968840153609573,0.30113890757659895,-1.8060707179750406,0.19963394549778057,1.7986144139854168,-0.5000133342421351,0.0024941332773685747,-0.000447558225281173,-0.00026356601580062005,-0.0002287652604428208,4.964072774727933e-07,6.002681549188708e-05,0.00015850140114272005,0.5,-0.4,0.3,-1.8,0.2,1.8,-0.5
3.239707152,1785935951.970838547,TARGET,0.4998050290865238,-0.3968919497081906,0.3011340356626116,-1.8060748627095882,0.19963393911595317,1.7986154903383442,-0.500010490884211,0.002029288477017973,-0.0003581065033154207,-0.00022788567516510646,-0.00019063777248780437,-8.973014057955431e-07,4.9069686661607397e-05,0.0001296712971410892,0.5,-0.4,0.3,-1.8,0.2,1.8,-0.5
3.262056200,1785935951.991879225,TARGET,0.4998413266621409,-0.3968982980678204,0.30112983206169047,-1.806078315102135,0.19963391072039557,1.7986163703039397,-0.5000081647342797,0.0016511528871735587,-0.0002865177149346547,-0.00019628733942936302,-0.00015873240869392047,-1.782821975698813e-06,4.01203774170773e-05,0.0001060830602234197,0.5,-0.4,0.3,-1.8,0.2,1.8,-0.5
3.280020837,1785935952.011295557,TARGET,0.49987086127636254,-0.3969033771789314,0.30112621799604544,-1.8060811884715093,0.1996338688395231,1.7986170898675655,-0.5000062617492408,0.0013435377118969523,-0.00022922710755760224,-0.0001685017869485512,-0.00013206221600801398,-2.3026754916033946e-06,3.2810747115777684e-05,8.678402334888961e-05,0.5,-0.4,0.3,-1.8,0.2,1.8,-0.5
3.300342774,1785935952.031515837,TARGET,0.4998948940585496,-0.39690744057809224,0.3011231206163046,-1.8060835781029216,0.1996338195684327,1.7986176783835897,-0.5000047049783335,0.001093280261625094,-0.00018338194401077662,-0.00014421507217353784,-0.0001097918742548835,-2.5628812376890665e-06,2.6837061582039416e-05,7.099459540299444e-05,0.5,-0.4,0.3,-1.8,0.2,1.8,-0.5
3.319589707,1785935952.050878286,TARGET,0.4999144507640497,-0.3969106911983843,0.3011204735732844,-1.806085563999582,0.19963376718123227,1.7986181598141309,-0.5000034314581095,0.0008896760116200329,-0.00014669693496980097,-0.00012309632472287123,-9.121247259572095e-05,-2.6434328695714733e-06,2.1956269539770665e-05,5.807679383444854e-05,0.5,-0.4,0.3,-1.8,0.2,1.8,-0.5
3.339453974,1785935952.070877552,TARGET,0.4999303657434546,-0.39691329146265864,0.30111821715980674,-1.80608721324628,0.19963371460297313,1.7986185537184827,-0.5000023896710885,0.0007240206572486639,-0.00011734376565589068,-0.0001048145794788432,-7.572679912623465e-05,-2.602529157941614e-06,1.796621471777805e-05,4.7508575942119375e-05,0.5,-0.4,0.3,-1.8,0.2,1.8,-0.5
3.360673966,1785935952.091531515,TARGET,0.49994331769009787,-0.3969153713634599,0.3011162981687832,-1.8060885820254242,0.19963366376591002,1.7986188760690116,-0.5000015374659718,0.0005892351095756214,-9.385844562531208e-05,-8.905103069046433e-05,-6.283073376979364e-05,-2.4830525847017405e-06,1.4703387776107043e-05,3.886275551643029e-05,0.5,-0.4,0.3,-1.8,0.2,1.8,-0.5
3.379952132,1785935952.111097097,TARGET,0.4999538587054133,-0.39691703493341457,0.3011146695672451,-1.8060897173353105,0.19963361588022424,1.798619139911367,-0.5000008403555583,0.0004795617095977742,-7.50686158078679e-05,-7.550620260211303e-05,-5.2099284704388995e-05,-2.3164181607451114e-06,1.2036052671365663e-05,3.1789772129236664e-05,0.5,-0.4,0.3,-1.8,0.2,1.8,-0.5
3.399826153,1785935952.130761385,TARGET,0.499962437931695,-0.396918365425415,0.3011132900603448,-1.8060906584493488,0.19963357163820977,1.7986193559016574,-0.5000002701238236,0.00039031811798122593,-6.003672271276421e-05,-6.390378797368408e-05,-4.317637168555287e-05,-2.124332553464579e-06,9.853752407897538e-06,2.60036147081396e-05,0.5,-0.4,0.3,-1.8,0.2,1.8,-0.5
3.420282990,1785935952.151569605,TARGET,0.4999694207688642,-0.3969194294591856,0.3011121236011652,-1.806091438152049,0.1996335313658024,1.7986195327492842,-0.4999998036860617,0.0003176953985686439,-4.801167639593809e-05,-5.399294483008957e-05,-3.5762216791930925e-05,-1.9224724182838504e-06,8.068613966386535e-06,2.1270249808753596e-05,0.5,-0.4,0.3,-1.8,0.2,1.8,-0.5
3.439643987,1785935952.171054602,TARGET,0.49997510450213306,-0.39692028034249194,0.30111113888058294,-1.8060920837865053,0.19963349513694978,1.7986196775709862,-0.4999994221560834,0.00025859554963874524,-3.839262755493039e-05,-4.554821333963168e-05,-2.9605925252782467e-05,-1.7213112460039174e-06,6.607936193823861e-06,1.7398193666663234e-05,0.5,-0.4,0.3,-1.8,0.2,1.8,-0.5
3.460075616,1785935952.191359520,TARGET,0.4999797310097728,-0.39692096072831407,0.3011103088223703,-1.8060926181365837,0.19963346285663622,1.7986197961852113,-0.49999911008293396,0.00021049845966833865,-3.069864369589986e-05,-3.836904386510457e-05,-2.449736081819139e-05,-1.5277509058893182e-06,5.412516242779222e-06,1.4230775437860385e-05,0.5,-0.4,0.3,-1.8,0.2,1.8,-0.5
3.479911650,1785935952.211398840,TARGET,0.4999834970985937,-0.3969215047428546,0.30110961010052656,-1.8060930601717133,0.19963343432214883,1.7986198933492137,-0.4999988548262997,0.00017135406220760048,-2.454483610326457e-05,-3.227836817543334e-05,-2.0260774807265204e-05,-1.346070798711814e-06,4.434025096442185e-06,1.1639810856457426e-05,0.5,-0.4,0.3,-1.8,0.2,1.8,-0.5
3.499979577,1785935952.230874300,TARGET,0.4999865629094443,-0.3969219396884778,0.30110902268764744,-1.8060934256728813,0.1996334092669872,1.7986199729537813,-0.49999864604543404,0.00013949458260134435,-1.9623205035233348e-05,-2.7120901245718738e-05,-1.6749355931119124e-05,-1.1786622154906204e-06,3.6329530124792254e-06,9.520425524301817e-06,0.5,-0.4,0.3,-1.8,0.2,1.8,-0.5
3.520015744,1785935952.251248837,TARGET,0.4999890587539942,-0.39692228740703456,0.3011085294404417,-1.8060937277589588,0.19963338739216183,1.7986200381814768,-0.4999984752809724,0.00011356319094605952,-1.5687286379936527e-05,-2.276121286546414e-05,-1.3840573211818973e-05,-1.026593734445792e-06,2.9770204013056135e-06,7.786817492010588e-06,0.5,-0.4,0.3,-1.8,0.2,1.8,-0.5
3.540564864,1785935952.271051884,TARGET,0.49999109067554837,-0.39692256537095044,0.3011081157241339,-1.8060939773281122,0.19963336838790144,1.7986200916361026,-0.49999833561276663,9.24559770586954e-05,-1.253986828785929e-05,-1.908176813852185e-05,-1.143225751981661e-05,-8.900243121722575e-07,2.4398438679061934e-06,6.368790283529846e-06,0.5,-0.4,0.3,-1.8,0.2,1.8,-0.5
3.560541339,1785935952.291682243,TARGET,0.4999927449723248,-0.3969227875564934,0.301107769075932,-1.80609418342771,0.19963335194833487,1.7986201354483569,-0.4999982213799215,7.527476535165377e-05,-1.002315742335754e-05,-1.5980994762957648e-05,-9.439292516074038e-06,-7.685082673946228e-07,1.9998539774041265e-06,5.208915750152655e-06,0.5,-0.4,0.3,-1.8,0.2,1.8,-0.5
3.580215817,1785935952.311041594,TARGET,0.4999940918769477,-0.396922965142663,0.3011074789062038,-1.8060943535639193,0.19963333778101938,1.798620171362109,-0.4999981279517333,6.12887400186473e-05,-8.01090690629661e-06,-1.3371442872257131e-05,-7.790826539751652e-06,-6.612176626442213e-07,1.6394132075162982e-06,4.26021250924678e-06,0.5,-0.4,0.3,-1.8,0.2,1.8,-0.5
3.599682355,1785935952.331020117,TARGET,0.4999951885496918,-0.39692310707049344,0.30110723623510954,-1.8060944939605306,0.1996333256127372,1.7986202008048842,-0.49999805154027943,4.9903234278682784e-05,-6.402115070064214e-06,-1.1178070959589704e-05,-6.42792759852329e-06,-5.67102296567249e-07,1.3440962481666104e-06,3.4842463201451657e-06,0.5,-0.4,0.3,-1.8,0.2,1.8,-0.5
3.620214914,1785935952.351073265,TARGET,0.4999960815135792,-0.39692322049062695,0.30110703346195117,-1.8060946097751174,0.199633315192629,1.7986202249454468,-0.49999798904708637,4.063434510688912e-05,-5.1159818311477866e-06,-9.33667582406198e-06,-5.301613871700349e-06,-4.8500292964839e-07,1.102102645218242e-06,2.8495757240018764e-06,0.5,-0.4,0.3,-1.8,0.2,1.8,-0.5
3.640019284,1785935952.371081114,TARGET,0.49999680863549417,-0.3969233111214579,0.30110686416426885,-1.8060947052793892,0.19963330629346285,1.7986202447408657,-0.4999979379376854,3.308828515923329e-05,-4.087871867815881e-06,-7.792473246025153e-06,-4.371201822804473e-06,-4.1372969362797216e-07,9.037773139770341e-07,2.3304802487711997e-06,0.5,-0.4,0.3,-1.8,0.2,1.8,-0.5
3.659766370,1785935952.390951395,TARGET,0.4999974007380266,-0.3969233835357028,0.3011067229236694,-1.8060947840095292,0.199633298711631,1.798620260974982,-0.4999978961389836,2.6944587089546362e-05,-3.266083789270873e-06,-6.498828447246265e-06,-3.6029224535018288e-06,-3.521148085024371e-07,7.412190401509845e-07,1.9059198274837846e-06,0.5,-0.4,0.3,-1.8,0.2,1.8,-0.5
3.680411156,1785935952.411522388,TARGET,0.4999978829109322,-0.3969234413896868,0.3011066051754515,-1.8060948488914086,0.1996332922663086,1.798620274289864,-0.49999786195530244,2.1942440882431882e-05,-2.609264487466064e-06,-5.4161303616959435e-06,-2.968763493554648e-06,-2.990464983374132e-07,6.079606770240832e-07,1.558683396089456e-06,0.5,-0.4,0.3,-1.8,0.2,1.8,-0.5
3.699550315,1785935952.430745840,TARGET,0.4999982755782362,-0.39692348760678836,0.30110650707924547,-1.8060949023447892,0.19963328679809106,1.7986202852115263,-0.49999783399969094,1.7869579250895392e-05,-2.0843399357839737e-06,-4.5108006481154e-06,-2.4455017237173142e-06,-2.5348933632719507e-07,4.987079799238445e-07,1.2746923252677724e-06,0.5,-0.4,0.3,-1.8,0.2,1.8,-0.5
3.720023287,1785935952.451581478,TARGET,0.4999985953665483,-0.39692352452419793,0.3011064254080913,-1.8060949463699754,0.19963328216733633,1.7986202941709715,-0.49999781113773417,1.4553235497569051e-05,-1.6648593629166427e-06,-3.754426685708437e-06,-2.0138950082892715e-06,-2.1449492627251598e-07,4.091260991909751e-07,1.0424305066606894e-06,0.5,-0.4,0.3,-1.8,0.2,1.8,-0.5
3.740006474,1785935952.471017838,TARGET,0.49999885581165104,-0.39692355401032176,0.3011063574535999,-1.8060949826198205,0.1996332782523717,1.7986203015213977,-0.4999977924415864,1.1852787061478346e-05,-1.329670290168497e-06,-3.123007049522431e-06,-1.6580083156042202e-06,-1.8120584498885393e-07,3.356651733080336e-07,8.524780992581275e-07,0.5,-0.4,0.3,-1.8,0.2,1.8,-0.5
3.759944401,1785935952.491476059,TARGET,0.49999906793350896,-0.396923577558696,0.30110630094507673,-1.8060950124595212,0.19963327494767533,1.798620307552285,-0.4999977771523676,9.653770224958178e-06,-1.0618583761370706e-06,-2.5962978752211676e-06,-1.3646520500191785e-06,-1.5285500785300204e-07,2.754176998847539e-07,6.971300765783052e-07,0.5,-0.4,0.3,-1.8,0.2,1.8,-0.5
3.780756132,1785935952.511745930,TARGET,0.49999924070422075,-0.39692359636310737,0.3011062539807124,-1.8060950370162399,0.19963327216210536,1.7986203125009204,-0.49999776464940365,7.86301019748429e-06,-8.478991788653633e-07,-2.157248901380841e-06,-1.122914293613574e-06,-1.2876204416484143e-07,2.260019283696025e-07,5.700841616029444e-07,0.5,-0.4,0.3,-1.8,0.2,1.8,-0.5
3.799859223,1785935952.531010389,TARGET,0.49999938142886236,-0.3969236113776763,0.30110621496916645,-1.8060950572202583,0.19963326981722357,1.7986203165618322,-0.4999977544250638,6.404658560075635e-06,-6.769795315273998e-07,-1.791518616648326e-06,-9.237716848355233e-07,-1.0832783091827098e-07,1.8546650297963116e-07,4.6618552768844153e-07,0.5,-0.4,0.3,-1.8,0.2,1.8,-0.5
3.819758542,1785935952.550727844,TARGET,0.4999994960554505,-0.39692362336491055,0.3011061825800702,-1.806095073839092,0.19963326784574062,1.7986203198945134,-0.49999774606417824,5.216968843400415e-06,-5.404546275141297e-07,-1.487058730404446e-06,-7.597658278502314e-07,-9.102800847144822e-08,1.5221246900126213e-07,3.812179534910791e-07,0.5,-0.4,0.3,-1.8,0.2,1.8,-0.5
3.840751855,1785935952.571920395,TARGET,0.49999958942722694,-0.3969236329341357,0.3011061557021611,-1.8060950875057495,0.19963326619009655,1.7986203226297477,-0.4999977392272019,4.249672663104024e-06,-4.314137081215376e-07,-1.2337590616164166e-06,-6.247344913830982e-07,-7.640606063742827e-08,1.2492943687606623e-07,3.117329724041408e-07,0.5,-0.4,0.3,-1.8,0.2,1.8,-0.5
3.859886275,1785935952.590913534,TARGET,0.49999966548800723,-0.3969236405722261,0.30110613340793063,-1.8060950987421318,0.19963326480118077,1.798620324874789,-0.49999773363644306,3.461844432148942e-06,-3.443326543800056e-07,-1.0231448345311549e-06,-5.135884035861125e-07,-6.406634378866674e-08,1.0254337176125742e-07,2.5491010787369137e-07,0.5,-0.4,0.3,-1.8,0.2,1.8,-0.5
3.880026705,1785935952.610712767,TARGET,0.4999997274493311,-0.39692364666817903,0.30110611492381734,-1.8060951079783978,0.19963326363718925,1.798620326717603,-0.4999977290647992,2.820163621245819e-06,-2.747960982623526e-07,-8.481192424694081e-07,-4.221260499567438e-07,-5.366734099833798e-08,8.417384044504604e-08,2.084425515651274e-07,0.5,-0.4,0.3,-1.8,0.2,1.8,-0.5
3.899980747,1785935952.631139755,TARGET,0.4999997779265262,-0.3969236515327626,0.30110609960511003,-1.8060951155689826,0.19963326266261272,1.7986203282303446,-0.4999977253265427,2.2975004902487608e-06,-2.1927516762263264e-07,-7.027449716971455e-07,-3.4688011201446005e-07,-4.491529696762402e-08,6.909902835116368e-08,1.7044363825918972e-07,0.5,-0.4,0.3,-1.8,0.2,1.8,-0.5
3.919753602,1785935952.651045084,TARGET,0.4999998190494717,-0.3969236554142255,0.30110608691484486,-1.8060951218058414,0.1996332618473473,1.7986203294722036,-0.4999977222697856,1.8717650166690742e-06,-1.7494972729790377e-07,-5.820591376947273e-07,-2.8499017652936676e-07,-3.7558332355646574e-08,5.672709690285529e-08,1.3937034818498975e-07,0.5,-0.4,0.3,-1.8,0.2,1.8,-0.5
3.940058902,1785935952.671455622,TARGET,0.4999998525527684,-0.3969236585108549,0.3011060764060811,-1.806095126929396,0.19963326116591654,1.7986203304917407,-0.4999977197703153,1.5249700208240742e-06,-1.395662296234018e-07,-4.819168051506244e-07,-2.340973127622462e-07,-3.138108040558651e-08,4.657272618905509e-08,1.1396073067436043e-07,0.5,-0.4,0.3,-1.8,0.2,1.8,-0.5
3.959318824,1785935952.690825462,TARGET,0.49999987984914906,-0.3969236609810167,0.3011060677070328,-1.8060951311375764,0.1996332605967952,1.7986203313287985,-0.49999771772655327,1.2424685731989947e-06,-1.113240361478232e-07,-3.988588888676145e-07,-1.9225679986995187e-07,-2.6199860342444222e-08,3.8237886164298436e-08,9.31827227737106e-08,0.5,-0.4,0.3,-1.8,0.2,1.8,-0.5
3.979762730,1785935952.711281538,TARGET,0.4999999020892442,-0.3969236629511794,0.3011060605086077,-1.8060951345932872,0.19963326012182378,1.79862033201607,-0.49999771605543175,1.0123332584720093e-06,-8.878452142722973e-08,-3.3000080056206153e-07,-1.5786589460453046e-07,-2.1858374071106103e-08,3.139611159279801e-08,7.619228237692655e-08,0.5,-0.4,0.3,-1.8,0.2,1.8,-0.5
3.999808826,1785935952.730922699,TARGET,0.49999992021024275,-0.396923664522329,0.3011060545539755,-1.8060951374305731,0.19963325972570356,1.7986203325803836,-0.49999771468902116,8.248508876000028e-07,-7.079839246578304e-08,-2.7293871646335467e-07,-1.2960408948209947e-07,-1.8223904441209507e-08,2.5779611347200163e-08,6.229914001946366e-08,0.5,-0.4,0.3,-1.8,0.2,1.8,-0.5
4.019784404,1785935952.751209497,TARGET,0.4999999349755126,-0.39692366577509447,0.3011060496298416,-1.8060951397597043,0.1996332593955624,1.7986203330437562,-0.49999771357177236,6.721111445662468e-07,-5.64475894020131e-08,-2.2567077568299566e-07,-1.0638373873187348e-07,-1.518396793992236e-08,2.1168699419411063e-08,5.0938796903532717e-08,0.5,-0.4,0.3,-1.8,0.2,1.8,-0.5
4.039881952,1785935952.771355391,TARGET,0.4999999470068605,-0.39692366677384444,0.3011060455591553,-1.8060951416713706,0.1996332591205828,1.7986203334242579,-0.4999977126582605,5.476717229884998e-07,-4.499882947501418e-08,-1.8653091305728107e-07,-8.730923931769473e-08,-1.2643398198174248e-08,1.7383134743557322e-08,4.164961056496034e-08,0.5,-0.4,0.3,-1.8,0.2,1.8,-0.5
4.060174889,1785935952.790845871,TARGET,0.49999995681080134,-0.39692366756996067,0.3011060421950202,-1.8060951432401426,0.19963325889168418,1.7986203337367208,-0.4999977119113403,4.4628570392414173e-07,-3.5866476736070405e-08,-1.5413335793136261e-07,-7.16433316717212e-08,-1.0521809044352298e-08,1.4275030078420305e-08,3.4054061685175424e-08,0.5,-0.4,0.3,-1.8,0.2,1.8,-0.5
4.079405039,1785935952.810795307,TARGET,0.4999999647999487,-0.3969236682044535,0.30110603941561326,-1.8060951445273228,0.19963325870125184,1.7986203339933198,-0.4999977113006376,3.6367959131033343e-07,-2.8582858148660492e-08,-1.273261293168148e-07,-5.8779246929181953e-08,-8.751399382379327e-09,1.1723029446873099e-08,2.7843425912876133e-08,0.5,-0.4,0.3,-1.8,0.2,1.8,-0.5
4.101698162,1785935952.831669569,TARGET,0.49999997131043483,-0.3969236687100513,0.3011060371199492,-1.806095145583295,0.19963325854290664,1.798620334204049,-0.4999977108013147,2.96372599320045e-07,-2.2774546553232113e-08,-1.0515211560676986e-07,-4.8217756383724226e-08,-7.275059995450478e-09,9.627538813905737e-09,2.2765241018146334e-08,0.5,-0.4,0.3,-1.8,0.2,1.8,-0.5
4.119764296,1785935952.850869417,TARGET,0.49999997661609585,-0.39692366911286986,0.3011060352243504,-1.8060951464494617,0.19963325841130936,1.7986203343771128,-0.4999977103930623,2.415295066443375e-07,-1.8143392379745052e-08,-8.681651552986923e-08,-3.9548188258114965e-08,-6.044751874286849e-09,7.906832953457269e-09,1.8613060335376613e-08,0.5,-0.4,0.3,-1.8,0.2,1.8,-0.5
4.140647321,1785935952.871600628,TARGET,0.49999998094002457,-0.39692366943374574,0.3011060336595082,-1.8060951471598379,0.199633258301995,1.7986203345192475,-0.49999771005927324,1.9684084962387838e-07,-1.44513823466638e-08,-7.165963721398615e-08,-3.243281605848641e-08,-5.020109908275198e-09,6.493823167179349e-09,1.521806009436427e-08,0.5,-0.4,0.3,-1.8,0.2,1.8,-0.5
4.161155965,1785935952.891488791,TARGET,0.49999998446398103,-0.3969236696893029,0.3011060323680382,-1.8060951477423643,0.19963325821123382,1.7986203346359781,-0.49999770978636804,1.604259581241728e-07,-1.1509357190140151e-08,-5.913383504245328e-08,-2.659502731220891e-08,-4.16660150459224e-09,5.3307494942982815e-09,1.2442202450128076e-08,0.5,-0.4,0.3,-1.8,0.2,1.8,-0.5
4.180223779,1785935952.911324978,TARGET,0.49999998733604933,-0.3969236698927958,0.30110603130244146,-1.806095148219982,0.1996332581359076,1.798620334731859,-0.49999770956324363,1.307503659028231e-07,-9.162920528499167e-09,-4.8786253193291e-08,-2.1803016341944592e-08,-3.458095342795158e-09,4.381719917413663e-09,1.0172558747939389e-08,0.5,-0.4,0.3,-1.8,0.2,1.8,-0.5
4.202853096,1785935952.933263302,TARGET,0.49999998967689013,-0.3969236700548018,0.3011060304234224,-1.8060951486115346,0.1996332580734198,1.798620334810609,-0.4999977093808211,1.0656774110658106e-07,-7.294161702565594e-09,-4.023999514437582e-08,-1.787314253795594e-08,-2.868057967031007e-09,3.5985226714161864e-09,8.316874713988219e-09,0.5,-0.4,0.3,-1.8,0.2,1.8,-0.5
4.220379911,1785935952.951520443,TARGET,0.49999999158481584,-0.3969236701837529,0.30110602969847894,-1.8060951489324908,0.1996332580216033,1.7986203348752896,-0.49999770923167697,8.68602120497156e-08,-5.805388300308963e-09,-3.3183420729736634e-08,-1.46498257541146e-08,-2.377728272230157e-09,2.9552665364423873e-09,6.799648677916505e-09,0.5,-0.4,0.3,-1.8,0.2,1.8,-0.5
4.241434336,1785935952.971352577,TARGET,0.49999999313993554,-0.39692367028637454,0.30110602910073836,-1.8060951491955488,0.19963325797865375,1.7986203349284098,-0.49999770910974134,7.079900670141787e-08,-4.6189903393895716e-09,-2.7357808575018935e-08,-1.2005692184536189e-08,-1.9711713498421797e-09,2.4296964481720133e-09,5.55914460644925e-09,0.5,-0.4,0.3,-1.8,0.2,1.8,-0.5
4.259855935,1785935952.991257191,TARGET,0.4999999944075202,-0.3969236703680199,0.301106028607982,-1.8060951494111206,0.19963325794306408,1.7986203349720489,-0.4999977090100515,5.770943874640251e-08,-3.6746355372461594e-09,-2.2550783767354465e-08,-9.838136383671507e-09,-1.6328075192287996e-09,1.9949449841898638e-09,4.544927139503492e-09,0.5,-0.4,0.3,-1.8,0.2,1.8,-0.5
4.279492458,1785935953.010672569,TARGET,0.49999999544076473,-0.396923670432965,0.3011060282018572,-1.8060951495877613,0.19963325791358563,1.798620335007891,-0.49999770892854956,4.704130527569953e-08,-2.9228648309795276e-09,-1.858440507511547e-08,-8.061262323514034e-09,-1.3520433370526264e-09,1.6378308591106034e-09,3.7157171202588753e-09,0.5,-0.4,0.3,-1.8,0.2,1.8,-0.5
4.300446212,1785935953.031353235,TARGET,0.4999999962830161,-0.39692367048461485,0.30110602786720153,-1.8060951497324864,0.1996332578891782,1.7986203350373269,-0.49999770886191774,3.8346802705961326e-08,-2.3250151000893715e-09,-1.5312290380305003e-08,-6.605423419641783e-09,-1.1187017584730714e-09,1.342636604223123e-09,3.0377792826328836e-09,0.5,-0.4,0.3,-1.8,0.2,1.8,-0.5
4.320712248,1785935953.051530123,TARGET,0.49999999696959574,-0.39692367052567856,0.3011060275914911,-1.8060951498510467,0.1996332578689735,1.7986203350615115,-0.49999770880744354,3.1258866031298945e-08,-1.8471082750836388e-09,-1.2614567584703586e-08,-5.4093425938387525e-09,-9.268025028089152e-10,1.1068102171107396e-09,2.4834791087095256e-09,0.5,-0.4,0.3,-1.8,0.2,1.8,-0.5
4.341203169,1785935953.071941614,TARGET,0.4999999975292912,-0.3969236705583187,0.30110602736438363,-1.8060951499481626,0.19963325785225505,1.7986203350813756,-0.499997708762909,2.5482547512467147e-08,-1.4683270734510484e-09,-1.0389844064718415e-08,-4.431153873341745e-09,-7.665251406423362e-10,9.080199487618949e-10,2.0303299602349584e-09,0.5,-0.4,0.3,-1.8,0.2,1.8,-0.5
4.360063757,1785935953.091196060,TARGET,0.4999999979855658,-0.3969236705842589,0.3011060271773485,-1.8060951500277078,0.19963325783842675,1.7986203350976848,-0.4999977087265007,2.077489156319771e-08,-1.1678290407582663e-09,-8.555326155708024e-09,-3.6306524510950358e-09,-6.331553202464197e-10,7.422798010236404e-10,1.659864384795085e-09,0.5,-0.4,0.3,-1.8,0.2,1.8,-0.5
4.380375614,1785935953.110941887,TARGET,0.4999999983575363,-0.3969236706048644,0.30110602702334066,-1.8060951500928486,0.19963325782698854,1.7986203351110912,-0.4999977086967361,1.6935954600430487e-08,-9.266761279404644e-10,-7.0443440672911186e-09,-2.971936346832769e-09,-5.244151057741009e-10,6.132427866782624e-10,1.356955251726863e-09,0.5,-0.4,0.3,-1.8,0.2,1.8,-0.5
4.400344975,1785935953.131501675,TARGET,0.499999998660789,-0.3969236706212299,0.30110602689655064,-1.8060951501461913,0.19963325781753233,1.798620335122102,-0.49999770867240306,1.3807216434457157e-08,-7.3573419199689e-10,-5.799311964807247e-09,-2.4333007261750805e-09,-4.3345274913189637e-10,5.036755422575955e-10,1.1093278862834978e-09,0.5,-0.4,0.3,-1.8,0.2,1.8,-0.5
4.419341946,1785935953.150745153,TARGET,0.4999999989080268,-0.3969236706342273,0.30110602679218595,-1.8060951501898725,0.1996332578097191,1.7986203351311352,-0.49999770865251053,1.1258011977134615e-08,-5.856021787507395e-10,-4.772414778825881e-09,-1.994288275972874e-09,-3.570968139463418e-10,4.0902299555876294e-10,9.069063291095418e-10,0.5,-0.4,0.3,-1.8,0.2,1.8,-0.5
4.439435010,1785935953.170968533,TARGET,0.4999999991095973,-0.39692367064454037,0.3011060267062924,-1.8060951502256306,0.19963325780325986,1.7986203351385681,-0.4999977086362484,9.177853354897902e-09,-4.634511940527896e-10,-3.927770545355356e-09,-1.6309906595689394e-09,-2.9620123964138687e-10,3.406859202221036e-10,7.413754092238775e-10,0.5,-0.4,0.3,-1.8,0.2,1.8,-0.5
4.460888092,1785935953.191620350,TARGET,0.49999999927394223,-0.39692367065272344,0.3011060266356132,-1.8060951502549032,0.19963325779792399,1.7986203351446735,-0.49999770862295406,7.482762913231163e-09,-3.674990514676453e-10,-3.2323835338904965e-09,-1.3348708493021623e-09,-2.4458049504653235e-10,2.796932115978664e-10,6.060711210302169e-10,0.5,-0.4,0.3,-1.8,0.2,1.8,-0.5
4.480196861,1785935953.211385965,TARGET,0.4999999994079421,-0.39692367065921896,0.301106026577463,-1.8060951502788711,0.1996332577935207,1.7986203351496732,-0.499997708612086,6.102540193486808e-09,-2.9342039747057534e-10,-2.658147007049276e-09,-1.0952129904445346e-09,-2.0054001291119445e-10,2.237052408508472e-10,4.954855814268837e-10,0.5,-0.4,0.3,-1.8,0.2,1.8,-0.5
4.499547539,1785935953.230889320,TARGET,0.49999999951719715,-0.3969236706643651,0.30110602652962587,-1.806095150298483,0.19963325778988086,1.7986203351537964,-0.49999770860320164,4.9746660323143956e-09,-2.3097776186960563e-10,-2.186958292287445e-09,-8.942217867628759e-10,-1.670500176241048e-10,1.8974933034636048e-10,4.050248912162059e-10,0.5,-0.4,0.3,-1.8,0.2,1.8,-0.5
4.521039935,1785935953.251831770,TARGET,0.499999999606282,-0.3969236706684447,0.3011060264902792,-1.806095150314534,0.19963325778687685,1.7986203351571806,-0.4999977085959388,4.056292884986377e-09,-1.831111802968914e-10,-1.7989168260082464e-09,-7.319065869483319e-10,-1.3770621997574003e-10,1.5520010898501091e-10,3.3110186340268157e-10,0.5,-0.4,0.3,-1.8,0.2,1.8,-0.5
4.540206371,1785935953.270896435,TARGET,0.4999999996789225,-0.3969236706716777,0.3011060264579214,-1.8060951503276703,0.19963325778439783,1.798620335159959,-0.4999977085900016,3.307522436806871e-09,-1.45141471463536e-10,-1.4795051449513924e-09,-5.990482916578264e-10,-1.135126044195317e-10,1.2699861029513071e-10,2.70670728676437e-10,0.5,-0.4,0.3,-1.8,0.2,1.8,-0.5
4.560811641,1785935953.291368723,TARGET,0.4999999997381567,-0.3969236706742409,0.3011060264313161,-1.8060951503384233,0.19963325778235363,1.798620335162235,-0.49999770858514797,2.6968821700240667e-09,-1.1452466200811558e-10,-1.2160993573361767e-09,-4.8965676151326e-10,-9.421399891642003e-11,1.064574817626065e-10,2.2125259719529228e-10,0.5,-0.4,0.3,-1.8,0.2,1.8,-0.5
4.579831992,1785935953.310953617,TARGET,0.4999999997864562,-0.3969236706762673,0.30110602640943945,-1.806095150347218,0.1996332577806655,1.7986203351641121,-0.4999977085811804,2.1991992122892004e-09,-9.071695515911652e-11,-1.0000262949156049e-09,-4.0071209371777485e-10,-7.749157712745823e-11,8.6637288643846e-11,1.8086830450352577e-10,0.5,-0.4,0.3,-1.8,0.2,1.8,-0.5
4.599942414,1785935953.331166983,TARGET,0.49999999982584287,-0.3969236706778716,0.3011060263914557,-1.806095150354414,0.19963325777927357,1.798620335165652,-0.49999770857793707,1.7934631830033427e-09,-7.195509878097684e-11,-8.220537805793429e-10,-3.2810103910812504e-10,-6.374904197993858e-11,7.048477428004409e-11,1.4785617325171623e-10,0.5,-0.4,0.3,-1.8,0.2,1.8,-0.5
4.620400808,1785935953.351642370,TARGET,0.49999999985796395,-0.3969236706791429,0.3011060263766767,-1.8060951503603044,0.1996332577781268,1.7986203351669117,-0.49999770857528586,1.4622150457635091e-09,-5.632694861697877e-11,-6.754046832193503e-10,-2.6767122337044204e-10,-5.325937421146e-11,6.059016724796261e-11,1.2085407288924413e-10,0.5,-0.4,0.3,-1.8,0.2,1.8,-0.5
4.640755817,1785935953.371651173,TARGET,0.4999999998841556,-0.39692367068014495,0.30110602636452677,-1.8060951503651186,0.19963325777717944,1.7986203351679542,-0.4999977085731186,1.1924989812553663e-09,-4.461902124150215e-11,-5.553431130550451e-10,-2.1907958072621078e-10,-4.361349840745228e-11,4.871290553689832e-11,9.879463010569047e-11,0.5,-0.4,0.3,-1.8,0.2,1.8,-0.5
4.659576836,1785935953.390689135,TARGET,0.49999999990551586,-0.3969236706809376,0.30110602635454303,-1.8060951503690574,0.19963325777639915,1.7986203351688077,-0.49999770857134695,9.72624354957245e-10,-3.54733096158924e-11,-4.5635169542302516e-10,-1.7952536824341456e-10,-3.574853996048981e-11,3.9169633675471475e-11,8.076437611805595e-11,0.5,-0.4,0.3,-1.8,0.2,1.8,-0.5
4.680331945,1785935953.411445141,TARGET,0.49999999992293725,-0.39692367068156525,0.301106026346341,-1.8060951503722817,0.19963325777575705,1.798620335169504,-0.4999977085698987,7.937259920276841e-10,-2.877100065382894e-11,-3.7465534145114885e-10,-1.47834892428161e-10,-2.8882168558427753e-11,2.9742320075726815e-11,6.603263593116642e-11,0.5,-0.4,0.3,-1.8,0.2,1.8,-0.5
4.700642626,1785935953.431549311,TARGET,0.49999999993714445,-0.39692367068205936,0.3011060263396029,-1.8060951503749167,0.19963325777522642,1.7986203351700818,-0.4999977085687149,6.466200538257646e-10,-2.1620585562916095e-11,-3.0816592509779697e-10,-1.1942864274593891e-10,-2.4640424568083916e-11,2.7972521588407845e-11,5.395754758995299e-11,0.5,-0.4,0.3,-1.8,0.2,1.8,-0.5
4.719931893,1785935953.451226473,TARGET,0.49999999994873084,-0.39692367068244905,0.30110602633406597,-1.8060951503770717,0.1996332577747897,1.7986203351705545,-0.4999977085677471,5.275217440473127e-10,-1.731521680206271e-11,-2.531284057691285e-10,-9.804279490980078e-11,-2.005709760952221e-11,2.198223601919736e-11,4.4110996664012086e-11,0.5,-0.4,0.3,-1.8,0.2,1.8,-0.5
4.739892908,1785935953.471124887,TARGET,0.4999999999581816,-0.3969236706827577,0.30110602632951877,-1.8060951503788356,0.19963325777443097,1.7986203351709387,-0.4999977085669561,4.3087761293950435e-10,-1.4617403001522672e-11,-2.0757222189763598e-10,-8.147552359472964e-11,-1.578110375312711e-11,1.4927845339356136e-11,3.6074533216573886e-11,0.5,-0.4,0.3,-1.8,0.2,1.8,-0.5
4.759973048,1785935953.491250277,TARGET,0.49999999996588906,-0.3969236706829995,0.30110602632578504,-1.8060951503802762,0.19963325777413377,1.7986203351712609,-0.4999977085663095,3.505561329276101e-10,-1.0170796759596271e-11,-1.7091918515781081e-10,-6.478760450539027e-11,-1.4040730742314105e-11,1.665676547937923e-11,2.9463161885184375e-11,0.5,-0.4,0.3,-1.8,0.2,1.8,-0.5
4.780071583,1785935953.511639833,TARGET,0.49999999997217487,-0.3969236706831898,0.3011060263227168,-1.806095150381454,0.19963325777388968,1.7986203351715233,-0.49999770856578096,2.8611457873197057e-10,-8.331137244801053e-12,-1.4033825912434056e-10,-5.343987937069554e-11,-1.1261133460299564e-11,1.244550396260245e-11,2.4090472754284405e-11,0.5,-0.4,0.3,-1.8,0.2,1.8,-0.5
4.800274449,1785935953.531282187,TARGET,0.4999999999773036,-0.396923670683342,0.30110602632019884,-1.8060951503824199,0.19963325777369037,1.7986203351717318,-0.4999977085653488,2.3422192388085093e-10,-7.712919259385258e-12,-1.1460913033935804e-10,-4.522925378718168e-11,-8.418374179150944e-12,6.619390511993023e-12,1.9707784465706313e-11,0.5,-0.4,0.3,-1.8,0.2,1.8,-0.5
4.819638433,1785935953.550800562,TARGET,0.4999999999814849,-0.3969236706834588,0.30110602631813077,-1.8060951503832061,0.19963325777352386,1.7986203351719132,-0.49999770856499576,1.9031802409930993e-10,-5.091354287512192e-12,-9.443843298173326e-11,-3.570200044270163e-11,-7.800962708959978e-12,8.953074364164954e-12,1.6094534138872742e-11,0.5,-0.4,0.3,-1.8,0.2,1.8,-0.5
4.840209520,1785935953.571445227,TARGET,0.4999999999848961,-0.396923670683551,0.30110602631643335,-1.8060951503838494,0.19963325777338717,1.7986203351720607,-0.4999977085647072,1.5510780693385846e-10,-3.8498064056977886e-12,-7.786837062105011e-11,-2.8955285846977847e-11,-6.368774870109695e-12,7.295011562325595e-12,1.3154857274069208e-11,0.5,-0.4,0.3,-1.8,0.2,1.8,-0.5
4.860365859,1785935953.591057062,TARGET,0.4999999999876803,-0.3969236706836264,0.3011060263150405,-1.8060951503843792,0.19963325777327712,1.7986203351721712,-0.49999770856447123,1.2759230181567696e-10,-4.4545635264299586e-12,-6.312218500976506e-11,-2.5557756890452708e-11,-4.185054757703864e-12,1.5470985236423665e-12,1.0774057806051637e-11,0.5,-0.4,0.3,-1.8,0.2,1.8,-0.5
4.880427829,1785935953.611464262,TARGET,0.4999999999899485,-0.39692367068368156,0.30110602631389566,-1.8060951503848073,0.19963325777318333,1.7986203351722752,-0.4999977085642784,1.0317598242749159e-10,-2.303187719395394e-12,-5.224299860827855e-11,-1.934308642696681e-11,-4.512749098290568e-12,5.5767146177211234e-12,8.788597088072599e-12,0.5,-0.4,0.3,-1.8,0.2,1.8,-0.5
4.900022548,1785935953.631351471,TARGET,0.49999999999179967,-0.39692367068372547,0.3011060263129569,-1.8060951503851579,0.19963325777310675,1.7986203351723582,-0.49999770856412074,8.401358347156562e-11,-1.6264929521030049e-12,-4.328093671371013e-11,-1.553186036962758e-11,-3.644238958655759e-12,4.495633503224373e-12,7.181732467921067e-12,0.5,-0.4,0.3,-1.8,0.2,1.8,-0.5
4.919835594,1785935953.650972843,TARGET,0.49999999999331207,-0.3969236706837637,0.3011060263121874,-1.8060951503854494,0.19963325777304688,1.7986203351724135,-0.4999977085639918,6.985837381156896e-11,-3.0441748716236187e-12,-3.453236907922795e-11,-1.5026516409593703e-11,-1.6929416568811019e-12,-1.7951891603019267e-12,5.8957682333770845e-12,0.5,-0.4,0.3,-1.8,0.2,1.8,-0.5
4.939503732,1785935953.670657158,TARGET,0.49999999999454275,-0.39692367068378936,0.3011060263115545,-1.8060951503856826,0.19963325777299393,1.7986203351724739,-0.4999977085638865,5.592053858394137e-11,-8.860619481264574e-13,-2.8749254170984317e-11,-1.0301371246259173e-11,-2.7390692645789985e-12,3.990775799812715e-12,4.79350905043281e-12,0.5,-0.4,0.3,-1.8,0.2,1.8,-0.5
4.960524993,1785935953.691220999,TARGET,0.49999999999554706,-0.39692367068380974,0.30110602631103495,-1.8060951503858735,0.19963325777295107,1.7986203351725207,-0.49999770856380044,4.561840401271979e-11,-7.358821578066784e-13,-2.381433319403737e-11,-8.482843616861983e-12,-2.0879120633537216e-12,2.678240372260808e-12,3.920675763610212e-12,0.5,-0.4,0.3,-1.8,0.2,1.8,-0.5
4.980432958,1785935953.711504936,TARGET,0.4999999999963668,-0.396923670683826,0.3011060263106092,-1.80609515038603,0.19963325777291607,1.7986203351725583,-0.49999770856373005,3.7198636475107676e-11,-6.398293885479463e-13,-1.9706150308552217e-11,-7.023764653991225e-12,-1.6009263179330616e-12,1.7670202716241818e-12,3.2073433945963436e-12,0.5,-0.4,0.3,-1.8,0.2,1.8,-0.5
4.999483831,1785935953.730884790,TARGET,0.49999999999703704,-0.39692367068384093,0.30110602631026145,-1.8060951503861606,0.19963325777288846,1.7986203351725836,-0.4999977085636725,3.019971236324205e-11,-1.2855531817385309e-13,-1.581781880072951e-11,-5.276044084899046e-12,-1.8114368981178725e-12,3.356426430533765e-12,2.611609363043157e-12,0.5,-0.4,0.3,-1.8,0.2,1.8,-0.5
5.020155542,1785935953.750716686,TARGET,0.4999999999975814,-0.3969236706838494,0.30110602630997335,-1.8060951503862634,0.199633257772864,1.798620335172612,-0.49999770856362546,2.4649641305833187e-11,-1.7276327513239692e-13,-1.3248039064320254e-11,-4.435508620646707e-12,-1.2688360358910592e-12,1.933390919852457e-12,2.1379910540836433e-12,0.5,-0.4,0.3,-1.8,0.2,1.8,-0.5
5.040200456,1785935953.771685362,TARGET,0.4999999999980262,-0.3969236706838567,0.30110602630973804,-1.8060951503863483,0.19963325777284438,1.7986203351726335,-0.49999770856358705,2.0099557551172902e-11,-2.2020490594629967e-13,-1.1058427181297862e-11,-3.744720303769203e-12,-8.970436577297367e-13,1.0440675048537365e-12,1.751041121817571e-12,0.5,-0.4,0.3,-1.8,0.2,1.8,-0.5
5.059998784,1785935953.791455746,TARGET,0.4999999999983911,-0.396923670683865,0.3011060263095472,-1.806095150386421,0.1996332577728298,1.7986203351726446,-0.49999770856355563,1.6216195510255822e-11,2.854968079236341e-13,-8.638498096933421e-12,-2.4844424560251412e-12,-1.3497688874561402e-12,3.211075630745518e-12,1.419277704381834e-12,0.5,-0.4,0.3,-1.8,0.2,1.8,-0.5
5.080151877,1785935953.811127901,TARGET,0.4999999999986864,-0.39692367068386836,0.30110602630938793,-1.8060951503864768,0.19963325777281596,1.7986203351726617,-0.49999770856353,1.3263943849716865e-11,1.636725429198603e-13,-7.356721504493572e-12,-2.109656610249299e-12,-8.621267177893172e-13,1.7592312851545662e-12,1.1627307641379084e-12,0.5,-0.4,0.3,-1.8,0.2,1.8,-0.5
5.099393404,1785935953.830784798,TARGET,0.49999999999892764,-0.3969236706838714,0.3011060263092575,-1.806095150386523,0.19963325777280508,1.7986203351726737,-0.4999977085635091,1.0918897451161526e-11,-6.067276240881966e-14,-6.053058306066617e-12,-2.0067058259482976e-12,-5.31156177786317e-13,7.035115174518422e-13,9.555371297973922e-13,0.5,-0.4,0.3,-1.8,0.2,1.8,-0.5
5.120202771,1785935953.851613998,TARGET,0.49999999999912564,-0.39692367068387524,0.30110602630915156,-1.8060951503865625,0.19963325777279706,1.79862033517268,-0.4999977085634919,9.361258730009822e-12,-7.15802896296995e-13,-4.7052895330261744e-12,-2.5235003740465654e-12,7.510898888884563e-14,-1.5711379301716605e-12,7.921068312853653e-13,0.5,-0.4,0.3,-1.8,0.2,1.8,-0.5
5.139904688,1785935953.870877028,TARGET,0.49999999999928657,-0.396923670683877,0.3011060263090652,-1.8060951503865936,0.19963325777278915,1.79862033517269,-0.4999977085634779,7.0133174499336664e-12,3.949969837740077e-13,-4.187083146847752e-12,-7.527332100036038e-13,-6.774968623602118e-13,1.827839035518569e-12,6.300094460905253e-13,0.5,-0.4,0.3,-1.8,0.2,1.8,-0.5
5.159906294,1785935953.891265392,TARGET,0.49999999999941697,-0.39692367068387785,0.30110602630899225,-1.806095150386618,0.1996332577727829,1.7986203351726977,-0.4999977085634665,5.8583461118386474e-12,5.6636434893627386e-14,-3.4409518761559583e-12,-1.0031543144380608e-12,-3.2367541747757667e-13,5.201943180565523e-13,5.21479457200038e-13,0.5,-0.4,0.3,-1.8,0.2,1.8,-0.5
5.179845744,1785935953.910863161,TARGET,0.499999999999525,-0.39692367068388035,0.3011060263089342,-1.80609515038664,0.19963325777277902,1.7986203351726988,-0.4999977085634571,5.345430346121229e-12,-7.841383127551636e-13,-2.492483479838944e-12,-1.9117956901192084e-12,3.6611421832627386e-13,-2.225920764432626e-12,4.4033265471081915e-13,0.5,-0.4,0.3,-1.8,0.2,1.8,-0.5
5.199880027,1785935953.930648327,TARGET,0.4999999999996125,-0.39692367068388085,0.30110602630888716,-1.8060951503866567,0.1996332577727742,1.798620335172706,-0.4999977085634495,3.589960993404225e-12,5.632529209345802e-13,-2.449066071836699e-12,4.695789820573588e-14,-6.114305995086224e-13,2.020187429529906e-12,3.381922317908758e-13,0.5,-0.4,0.3,-1.8,0.2,1.8,-0.5
5.219895374,1785935953.951338530,TARGET,0.49999999999968325,-0.396923670683881,0.30110602630884675,-1.8060951503866698,0.19963325777277077,1.79862033517271,-0.4999977085634434,3.0953582678128357e-12,1.607286650103854e-13,-1.9956201176091844e-12,-3.684064842439052e-13,-2.3895639832459673e-13,5.80298252987061e-13,2.841573630575158e-13,0.5,-0.4,0.3,-1.8,0.2,1.8,-0.5
5.239798741,1785935953.971293211,TARGET,0.4999999999997425,-0.39692367068388323,0.30110602630881483,-1.8060951503866833,0.19963325777276947,1.798620335172707,-0.49999770856343817,3.2749625893522685e-12,-8.878010461914277e-13,-1.0898560561231119e-12,-1.6448002780120746e-12,5.513361225730175e-13,-2.6791211990301448e-12,2.4730061294712996e-13,0.5,-0.4,0.3,-1.8,0.2,1.8,-0.5
5.260139593,1785935953.991602659,TARGET,0.4999999999997891,-0.3969236706838825,0.30110602630878813,-1.8060951503866913,0.1996332577727663,1.7986203351727132,-0.49999770856343406,2.0354304502427305e-12,1.5282268925398165e-13,-1.1909112412881646e-12,-2.2415536190109324e-13,-3.0766219961054503e-13,8.801012977544048e-13,1.8941311042845992e-13,0.5,-0.4,0.3,-1.8,0.2,1.8,-0.5
5.279608249,1785935954.010805130,TARGET,0.49999999999982764,-0.39692367068388223,0.30110602630876654,-1.8060951503866978,0.199633257772764,1.798620335172717,-0.49999770856343057,1.5486419672739676e-12,2.4970504648257855e-13,-1.2719375636853839e-12,1.8519719795318344e-14,-2.0691074621687864e-13,6.747678133725382e-13,1.529129238292141e-13,0.5,-0.4,0.3,-1.8,0.2,1.8,-0.5
5.299921459,1785935954.031354189,TARGET,0.4999999999998604,-0.39692367068388434,0.30110602630874883,-1.8060951503867064,0.19963325777276408,1.798620335172712,-0.4999977085634277,2.205139736474233e-12,-1.073626437840142e-12,-3.467541591317187e-13,-1.6744461084160354e-12,7.643014926510442e-13,-3.3937432710363596e-12,1.4379866881271767e-13,0.5,-0.4,0.3,-1.8,0.2,1.8,-0.5
5.319793336,1785935954.051049471,TARGET,0.49999999999988526,-0.3969236706838832,0.3011060263087339,-1.8060951503867098,0.1996332577727617,1.7986203351727181,-0.4999977085634254,1.0184483757833021e-12,2.0330144290145888e-13,-6.429881354636833e-13,9.746863182137077e-15,-3.09809009381957e-13,1.012115072102612e-12,1.0114772445596372e-13,0.5,-0.4,0.3,-1.8,0.2,1.8,-0.5
5.340749610,1785935954.071644068,TARGET,0.49999999999990613,-0.3969236706838826,0.30110602630872224,-1.8060951503867129,0.19963325777276014,1.7986203351727217,-0.4999977085634235,6.906258167416689e-13,3.2009826986024373e-13,-8.927432383979158e-13,2.5791198634654974e-13,-1.9853134694440965e-13,7.718489616439858e-13,8.015894186953964e-14,0.5,-0.4,0.3,-1.8,0.2,1.8,-0.5
5.359786546,1785935954.091263056,TARGET,0.499999999999925,-0.3969236706838854,0.30110602630871325,-1.8060951503867197,0.19963325777276156,1.7986203351727128,-0.499997708563422,1.7247824353701756e-12,-1.3010956913011487e-12,1.3084652115059386e-13,-1.8297870494942662e-12,9.802425418821837e-13,-4.173200515951416e-12,8.881439961685276e-14,0.5,-0.4,0.3,-1.8,0.2,1.8,-0.5
5.379891633,1785935954.111398697,TARGET,0.49999999999993794,-0.39692367068388396,0.3011060263087047,-1.8060951503867209,0.19963325777275948,1.798620335172719,-0.4999977085634208,4.722783225838071e-13,2.89917655729426e-13,-2.5226900175853173e-13,2.414366628253008e-13,-3.729091527213911e-13,1.3614217726777582e-12,5.084682430366926e-14,0.5,-0.4,0.3,-1.8,0.2,1.8,-0.5
5.399954150,1785935954.130898952,TARGET,0.49999999999994876,-0.3969236706838827,0.30110602630869804,-1.8060951503867213,0.19963325777275795,1.7986203351727241,-0.49999770856341974,1.644914486608508e-13,4.208303814916544e-13,-7.66445302207952e-13,4.752065811977004e-13,-2.2334270255043909e-13,9.637941475465052e-13,4.0636437318735395e-14,0.5,-0.4,0.3,-1.8,0.2,1.8,-0.5
5.421089206,1785935954.151406288,TARGET,0.49999999999996025,-0.39692367068388607,0.30110602630869343,-1.8060951503867273,0.1996332577727602,1.798620335172713,-0.49999770856341896,1.586645178985571e-12,-1.6023863090197647e-12,4.640961782943951e-13,-2.154402937575767e-12,1.2379361872314564e-12,-5.187201508756825e-12,6.264765541818048e-14,0.5,-0.4,0.3,-1.8,0.2,1.8,-0.5
5.439717185,1785935954.171143532,TARGET,0.49999999999996647,-0.3969236706838842,0.3011060263086884,-1.8060951503867264,0.19963325777275812,1.7986203351727204,-0.4999977085634183,1.4086842475811014e-13,3.6177781998573236e-13,-6.147437780876002e-14,3.80851885072837e-13,-4.3935627281979124e-13,1.6600235175139985e-12,2.399787020678625e-14,0.5,-0.4,0.3,-1.8,0.2,1.8,-0.5
5.459883422,1785935954.191010475,TARGET,0.4999999999999719,-0.3969236706838832,0.3011060263086839,-1.8060951503867262,0.19963325777275717,1.7986203351727235,-0.4999977085634177,1.1347878055813987e-13,2.346094204450103e-13,-2.9243484778203885e-13,2.415891460528483e-13,-1.83335793824324e-13,7.131529570022793e-13,2.1632524858680307e-14,0.5,-0.4,0.3,-1.8,0.2,1.8,-0.5
5.479944431,1785935954.211261988,TARGET,0.4999999999999768,-0.39692367068388273,0.30110602630868083,-1.8060951503867262,0.19963325777275662,1.7986203351727252,-0.4999977085634172,7.571090075093656e-14,1.1133226816066886e-13,-4.2065562603492335e-13,9.48661409227957e-14,-2.4746608536920215e-14,1.1507440531945296e-13,2.0701886107136526e-14,0.5,-0.4,0.3,-1.8,0.2,1.8,-0.5
5.500188551,1785935954.230840683,TARGET,0.4999999999999824,-0.3969236706838846,0.30110602630868005,-1.8060951503867295,0.1996332577727575,1.7986203351727206,-0.4999977085634168,-9.84673512392076e-14,4.878745949227305e-13,3.3797081354864326e-14,5.80970502775547e-13,-5.582617833621569e-13,2.162144480720924e-12,5.795031305630996e-15,0.5,-0.4,0.3,-1.8,0.2,1.8,-0.5
5.520919670,1785935954.252022028,TARGET,0.4999999999999848,-0.39692367068388346,0.3011060263086771,-1.8060951503867286,0.19963325777275664,1.798620335172724,-0.49999770856341663,-4.909141698946683e-14,3.247086561680398e-13,-2.106783547903592e-13,4.0207979536459387e-13,-2.4048677162918526e-13,9.969859289278718e-13,7.997440766675522e-15,0.5,-0.4,0.3,-1.8,0.2,1.8,-0.5
5.540043395,1785935954.271030664,TARGET,0.4999999999999869,-0.3969236706838825,0.30110602630867483,-1.8060951503867277,0.19963325777275592,1.7986203351727268,-0.4999977085634165,-8.375819200400129e-14,1.508179989330591e-13,-4.574904723604607e-13,1.5784833313601888e-13,-2.719580790862133e-14,1.4931873504883887e-13,1.3501782777237308e-14,0.5,-0.4,0.3,-1.8,0.2,1.8,-0.5
5.559462728,1785935954.290675640,TARGET,0.49999999999999095,-0.39692367068388484,0.30110602630867545,-1.8060951503867315,0.19963325777275717,1.7986203351727208,-0.49999770856341635,-2.527359013345366e-13,6.033720144014906e-13,1.1335025290733009e-13,7.425783682776168e-13,-6.8164147689132e-13,2.657103688578776e-12,-5.243502574573592e-16,0.5,-0.4,0.3,-1.8,0.2,1.8,-0.5
5.580195374,1785935954.311612844,TARGET,0.4999999999999916,-0.3969236706838834,0.30110602630867317,-1.80609515038673,0.19963325777275623,1.7986203351727246,-0.49999770856341624,-1.666722303841369e-13,4.016092110944589e-13,-1.9899571027952882e-13,5.183691031665064e-13,-2.914283947527086e-13,1.2234023151753228e-12,3.277071161889906e-15,0.5,-0.4,0.3,-1.8,0.2,1.8,-0.5
5.599731457,1785935954.330812454,TARGET,0.4999999999999927,-0.39692367068388296,0.3011060263086714,-1.80609515038673,0.199633257772756,1.7986203351727252,-0.49999770856341613,-3.166765705774462e-14,1.0914075976609539e-13,-1.844948001115639e-13,1.1741897151748534e-13,-4.774720747520542e-14,2.0837429024855184e-13,8.261303541757995e-15,0.5,-0.4,0.3,-1.8,0.2,1.8,-0.5
5.619672315,1785935954.350886583,TARGET,0.49999999999999484,-0.396923670683884,0.3011060263086712,-1.8060951503867315,0.19963325777275678,1.7986203351727217,-0.49999770856341597,4.636880627145973e-13,-6.413059391776899e-13,1.2910722350278507e-13,-8.629653537230899e-13,5.159617317429091e-13,-2.1561154601037374e-12,1.9577514790440978e-14,0.5,-0.4,0.3,-1.8,0.2,1.8,-0.5
5.640487667,1785935954.371363640,TARGET,0.4999999999999957,-0.39692367068388357,0.3011060263086715,-1.8060951503867317,0.19963325777275606,1.7986203351727243,-0.49999770856341585,-3.0051511101972144e-13,5.330154007015035e-13,-2.52205298423216e-13,7.154287417469629e-13,-3.792739342840228e-13,1.615841482635663e-12,-2.6153852326970687e-15,0.5,-0.4,0.3,-1.8,0.2,1.8,-0.5
5.659760423,1785935954.390947104,TARGET,0.49999999999999595,-0.3969236706838831,0.3011060263086701,-1.8060951503867313,0.1996332577727559,1.798620335172725,-0.49999770856341574,-9.741936937478163e-14,1.6920705346822773e-13,-1.946645376081324e-13,2.2711473452328443e-13,-7.951705745709069e-14,3.743212348391214e-13,3.1602235395875343e-15,0.5,-0.4,0.3,-1.8,0.2,1.8,-0.5
5.680245553,1785935954.411130428,TARGET,0.4999999999999973,-0.396923670683884,0.30110602630866984,-1.806095150386732,0.19963325777275673,1.7986203351727215,-0.4999977085634156,5.237720992272974e-13,-7.882269822588709e-13,1.5901873712970909e-13,-1.0546472474273449e-12,6.392035307489212e-13,-2.666835335007563e-12,1.8515703693681407e-14,0.5,-0.4,0.3,-1.8,0.2,1.8,-0.5
5.699950319,1785935954.430914164,TARGET,0.49999999999999767,-0.3969236706838834,0.30110602630867034,-1.8060951503867315,0.19963325777275578,1.7986203351727248,-0.49999770856341547,-4.0112292829699443e-13,6.563913653958949e-13,-2.9412164359505444e-13,8.829671040427574e-13,-4.647128346471257e-13,1.987682398867809e-12,-8.83747930193577e-15,0.5,-0.4,0.3,-1.8,0.2,1.8,-0.5
5.720096975,1785935954.451144695,TARGET,0.4999999999999975,-0.3969236706838828,0.30110602630866895,-1.806095150386731,0.19963325777275567,1.7986203351727255,-0.49999770856341536,-1.4521806216778823e-13,2.0718399487666078e-13,-2.243220162088338e-13,2.81145904498067e-13,-9.612230012780313e-14,4.610714241508701e-13,-1.433857246209228e-15,0.5,-0.4,0.3,-1.8,0.2,1.8,-0.5
5.740184163,1785935954.471544504,TARGET,0.49999999999999906,-0.3969236706838847,0.3011060263086692,-1.8060951503867337,0.19963325777275717,1.7986203351727195,-0.49999770856341524,6.928370285705518e-13,-9.370183369907837e-13,4.0721158087366275e-13,-1.2232033826165763e-12,7.308802218108646e-13,-3.0396223025142272e-12,1.5208667520347133e-14,0.5,-0.4,0.3,-1.8,0.2,1.8,-0.5
5.760106571,1785935954.491253853,TARGET,0.49999999999999845,-0.3969236706838835,0.30110602630866873,-1.8060951503867322,0.19963325777275615,1.7986203351727237,-0.4999977085634152,-1.2528370908274525e-13,1.8499469098148645e-13,1.0885513773424486e-14,2.1177756898833216e-13,-2.2434826793519535e-13,8.424300839819707e-13,-3.309513934983332e-15,0.5,-0.4,0.3,-1.8,0.2,1.8,-0.5
5.779855426,1785935954.511019945,TARGET,0.49999999999999845,-0.39692367068388285,0.30110602630866884,-1.8060951503867315,0.1996332577727556,1.7986203351727261,-0.49999770856341513,-2.2446265822004978e-13,2.8577254249069416e-13,-3.1324215879867415e-13,3.944156402757438e-13,-1.3430560452648705e-13,6.365056148281703e-13,-4.386326937698908e-15,0.5,-0.4,0.3,-1.8,0.2,1.8,-0.5
5.800213050,1785935954.531340599,TARGET,0.5000000000000002,-0.3969236706838853,0.3011060263086695,-1.8060951503867346,0.1996332577727575,1.7986203351727181,-0.4999977085634151,8.334581479639463e-13,-1.1358192228637213e-12,4.986092671162789e-13,-1.4654450569830138e-12,8.911763470034144e-13,-3.68841161564371e-12,1.629398116909461e-14,0.5,-0.4,0.3,-1.8,0.2,1.8,-0.5
5.820952489,1785935954.551618814,TARGET,0.4999999999999989,-0.3969236706838835,0.3011060263086684,-1.8060951503867322,0.19963325777275603,1.798620335172724,-0.4999977085634151,-1.7401381446063642e-13,2.3701765067716607e-13,-4.9861266333429884e-17,2.6842541838757946e-13,-2.7966491325823366e-13,1.049511433648984e-12,-4.683178679659396e-15,0.5,-0.4,0.3,-1.8,0.2,1.8,-0.5
5.839974978,1785935954.570867777,TARGET,0.4999999999999987,-0.3969236706838827,0.3011060263086685,-1.8060951503867313,0.19963325777275537,1.7986203351727266,-0.499997708563415,-2.838331063318546e-13,3.5319086876479896e-13,-3.833679471191514e-13,4.85151330939757e-13,-1.644634563594828e-13,7.85936575043463e-13,-6.1896663078431755e-15,0.5,-0.4,0.3,-1.8,0.2,1.8,-0.5
5.859937677,1785935954.591349125,TARGET,0.5000000000000009,-0.39692367068388573,0.30110602630866934,-1.8060951503867353,0.19963325777275778,1.7986203351727166,-0.49999770856341497,1.0239734239487614e-12,-1.4030604057131126e-12,6.205378713297116e-13,-1.8092803226856913e-12,1.1018001579015183e-12,-4.556713746755648e-12,1.9121149116079923e-14,0.5,-0.4,0.3,-1.8,0.2,1.8,-0.5
5.879928338,1785935954.611084461,TARGET,0.4999999999999998,-0.3969236706838841,0.3011060263086688,-1.8060951503867333,0.19963325777275634,1.7986203351727226,-0.49999770856341497,-1.7556404573944927e-13,3.181239260171247e-13,1.1851056318757373e-13,3.9995211956498085e-13,-3.699909675008471e-13,1.4355190579630094e-12,-9.19212722617659e-15,0.5,-0.4,0.3,-1.8,0.2,1.8,-0.5
5.899921143,1785935954.630919695,TARGET,0.49999999999999917,-0.3969236706838831,0.301106026308668,-1.806095150386732,0.19963325777275578,1.798620335172725,-0.4999977085634149,-1.4459480015190794e-13,2.052073182940001e-13,-1.1519964084603405e-13,2.627976140824105e-13,-1.4803465813649756e-13,6.078553012864301e-13,-6.14402445006841e-15,0.5,-0.4,0.3,-1.8,0.2,1.8,-0.5
5.919851681,1785935954.651429892,TARGET,0.5000000000000019,-0.39692367068388645,0.30110602630866984,-1.8060951503867362,0.19963325777275834,1.7986203351727146,-0.4999977085634148,1.2548928414403974e-12,-1.7401742044074827e-12,7.427990981887197e-13,-2.242806777285622e-12,1.3722209152696443e-12,-5.674864145571963e-12,2.294955372574412e-14,0.5,-0.4,0.3,-1.8,0.2,1.8,-0.5
5.939778787,1785935954.671077490,TARGET,0.5000000000000001,-0.3969236706838842,0.3011060263086687,-1.8060951503867335,0.1996332577727564,1.7986203351727221,-0.49999770856341486,-2.2660757623830633e-13,3.9746708347037274e-13,1.4020626355853837e-13,4.930248956203045e-13,-4.592176177795704e-13,1.7838066746960082e-12,-1.151616818373833e-14,0.5,-0.4,0.3,-1.8,0.2,1.8,-0.5
5.960151133,1785935954.691540956,TARGET,0.4999999999999992,-0.3969236706838829,0.3011060263086677,-1.806095150386732,0.19963325777275565,1.7986203351727255,-0.4999977085634149,-1.8137566658161863e-13,2.535744300121825e-13,-1.400815590884577e-13,3.251266815617564e-13,-1.8183847027890776e-13,7.52386324193189e-13,-6.798250114727845e-15,0.5,-0.4,0.3,-1.8,0.2,1.8,-0.5
5.981648899,1785935954.711646080,TARGET,0.49999999999999906,-0.3969236706838825,0.30110602630866756,-1.806095150386731,0.1996332577727554,1.7986203351727266,-0.49999770856341497,-1.654726877286097e-13,1.2009838555259252e-13,-3.1054600476320544e-13,1.570141460912254e-13,-1.3906439534739454e-14,1.1209081547657888e-13,-1.9453202613141032e-15,0.5,-0.4,0.3,-1.8,0.2,1.8,-0.5
6.000310897,1785935954.731627464,TARGET,0.5000000000000007,-0.3969236706838847,0.30110602630866945,-1.8060951503867337,0.1996332577727566,1.7986203351727212,-0.4999977085634149,-3.0916817939871965e-13,5.286131041579503e-13,1.5447851906171685e-13,6.747733565060763e-13,-5.950936853263795e-13,2.3359955753026936e-12,-1.358107324302677e-14,0.5,-0.4,0.3,-1.8,0.2,1.8,-0.5
6.019896599,1785935954.751457453,TARGET,0.49999999999999967,-0.3969236706838834,0.30110602630866834,-1.8060951503867322,0.1996332577727558,1.7986203351727248,-0.4999977085634149,-2.1918769397855568e-13,3.5289587120944225e-13,-1.327036052405821e-13,4.742567082978172e-13,-2.524708415274048e-13,1.0753028277619873e-12,-9.335183713862645e-15,0.5,-0.4,0.3,-1.8,0.2,1.8,-0.5
6.040015832,1785935954.770906925,TARGET,0.4999999999999992,-0.39692367068388296,0.3011060263086675,-1.8060951503867315,0.19963325777275565,1.7986203351727255,-0.49999770856341486,-8.591801892179267e-14,9.405426609674086e-14,-1.2710213071299007e-13,1.159245939950643e-13,-3.83615358816625e-14,1.7955146904458658e-13,-4.579079751503972e-15,0.5,-0.4,0.3,-1.8,0.2,1.8,-0.5
6.060037107,1785935954.791458130,TARGET,0.5000000000000011,-0.3969236706838851,0.30110602630866995,-1.8060951503867344,0.1996332577727567,1.798620335172721,-0.4999977085634148,-4.109566015257544e-13,6.796371085940017e-13,1.5791877533137136e-13,8.687830489316526e-13,-7.522523288214911e-13,2.953609651122614e-12,-1.7581174766421e-14,0.5,-0.4,0.3,-1.8,0.2,1.8,-0.5
6.080229318,1785935954.811517715,TARGET,0.49999999999999956,-0.39692367068388335,0.3011060263086681,-1.8060951503867324,0.1996332577727557,1.798620335172725,-0.49999770856341486,-2.7511267629555144e-13,4.3963011743966274e-13,-1.680534679203686e-13,5.883082314212863e-13,-3.1175038412398944e-13,1.3285223316849623e-12,-1.1391074977657794e-14,0.5,-0.4,0.3,-1.8,0.2,1.8,-0.5
6.099655885,1785935954.830956936,TARGET,0.499999999999999,-0.39692367068388285,0.3011060263086672,-1.8060951503867317,0.19963325777275553,1.798620335172726,-0.4999977085634149,-1.0564964391764185e-13,1.1777815716540873e-13,-1.5480006540758097e-13,1.46633805842503e-13,-4.6920915315588825e-14,2.1913700745378993e-13,-3.948548736631136e-15,0.5,-0.4,0.3,-1.8,0.2,1.8,-0.5
6.119579789,1785935954.850850105,TARGET,0.4999999999999999,-0.396923670683884,0.3011060263086678,-1.806095150386733,0.1996332577727565,1.7986203351727221,-0.4999977085634149,4.462542061402314e-13,-6.939988904639031e-13,1.7664426102266783e-13,-9.152582151708285e-13,5.621825066569934e-13,-2.3425801470389414e-12,9.293928193786687e-15,0.5,-0.4,0.3,-1.8,0.2,1.8,-0.5
6.140470836,1785935954.871109009,TARGET,0.5,-0.3969236706838836,0.3011060263086688,-1.8060951503867324,0.19963325777275576,1.798620335172725,-0.4999977085634149,-3.7259858191371696e-13,5.78041881936865e-13,-2.427943217339748e-13,7.848756332094618e-13,-4.0801238106885164e-13,1.7456119527579799e-12,-1.3141808395342616e-14,0.5,-0.4,0.3,-1.8,0.2,1.8,-0.5
6.160393573,1785935954.891680479,TARGET,0.4999999999999995,-0.39692367068388307,0.3011060263086678,-1.8060951503867322,0.19963325777275565,1.7986203351727255,-0.4999977085634149,-1.4544617221708933e-13,1.845709500109839e-13,-1.8664592923093085e-13,2.5490689704087637e-13,-8.413711645789346e-14,4.039423949353521e-13,-5.7560061228141076e-15,0.5,-0.4,0.3,-1.8,0.2,1.8,-0.5
6.182579233,1785935954.913553476,TARGET,0.5000000000000006,-0.3969236706838847,0.30110602630866823,-1.8060951503867342,0.19963325777275695,1.7986203351727201,-0.49999770856341486,5.9284054920623e-13,-8.199146123920134e-13,3.645880554926627e-13,-1.0667965692294504e-12,6.408852858556774e-13,-2.665387668767475e-12,8.720183416196572e-15,0.5,-0.4,0.3,-1.8,0.2,1.8,-0.5
6.199794315,1785935954.930956125,TARGET,0.5000000000000002,-0.3969236706838835,0.30110602630866934,-1.8060951503867324,0.1996332577727557,1.7986203351727252,-0.49999770856341486,-4.871919585256985e-13,7.35971420960593e-13,-3.3757810028704185e-13,9.991818768517568e-13,-5.174784970733646e-13,2.2108109075599123e-12,-1.644775905363002e-14,0.5,-0.4,0.3,-1.8,0.2,1.8,-0.5
6.220046685,1785935954.951144218,TARGET,0.4999999999999993,-0.3969236706838828,0.30110602630866773,-1.8060951503867317,0.1996332577727555,1.798620335172726,-0.49999770856341486,-1.8194767699670042e-13,2.288874470347934e-13,-2.3629419365307537e-13,3.125586257108974e-13,-1.0388051189851767e-13,4.972601600824519e-13,-6.365677923991424e-15,0.5,-0.4,0.3,-1.8,0.2,1.8,-0.5
6.240059608,1785935954.971390963,TARGET,0.5000000000000006,-0.3969236706838847,0.3011060263086682,-1.8060951503867346,0.19963325777275712,1.7986203351727192,-0.4999977085634149,7.32245028472793e-13,-1.0128514435598368e-12,4.503212789048363e-13,-1.316532786565998e-12,7.916151107550796e-13,-3.2886492600902634e-12,1.2204044836890583e-14,0.5,-0.4,0.3,-1.8,0.2,1.8,-0.5
6.259852426,1785935954.991208076,TARGET,0.4999999999999996,-0.3969236706838834,0.3011060263086679,-1.8060951503867329,0.19963325777275603,1.798620335172724,-0.4999977085634149,-1.4794819558209773e-13,1.9877357158788918e-13,2.1095806354758566e-14,2.349887367315711e-13,-2.4154902137109136e-13,9.090440350994017e-13,-6.4042441624179495e-15,0.5,-0.4,0.3,-1.8,0.2,1.8,-0.5
6.279909217,1785935955.010940552,TARGET,0.4999999999999995,-0.3969236706838828,0.30110602630866806,-1.8060951503867317,0.1996332577727555,1.798620335172726,-0.49999770856341486,-2.5556037146146986e-13,3.0963241309479137e-13,-3.3156863849136707e-13,4.3269332574084066e-13,-1.4515935467104347e-13,6.941736000930933e-13,-7.275005241538047e-15,0.5,-0.4,0.3,-1.8,0.2,1.8,-0.5
6.300435174,1785935955.030900955,TARGET,0.5000000000000013,-0.39692367068388534,0.30110602630866884,-1.8060951503867353,0.19963325777275762,1.7986203351727175,-0.4999977085634148,8.95229076031899e-13,-1.2339482878833447e-12,5.489867975456293e-13,-1.5869054172050974e-12,9.68508298425357e-13,-4.006333516962377e-12,1.505934225222384e-14,0.5,-0.4,0.3,-1.8,0.2,1.8,-0.5
6.320249873,1785935955.051042080,TARGET,0.5000000000000002,-0.3969236706838839,0.3011060263086684,-1.8060951503867335,0.19963325777275628,1.7986203351727226,-0.4999977085634148,-1.5795834958994886e-13,2.7690753232326227e-13,1.0705757159244049e-13,3.537861389400399e-13,-3.237827554013911e-13,1.257150255946922e-12,-9.881026391658725e-15,0.5,-0.4,0.3,-1.8,0.2,1.8,-0.5
6.340387211,1785935955.071415424,TARGET,0.49999999999999944,-0.3969236706838826,0.3011060263086683,-1.8060951503867313,0.1996332577727553,1.798620335172727,-0.49999770856341486,-3.3700255094653285e-13,3.993045456532516e-13,-4.4340925676731857e-13,5.501438905732818e-13,-1.8648632431841367e-13,8.860989669731145e-13,-8.221617234811256e-15,0.5,-0.4,0.3,-1.8,0.2,1.8,-0.5
6.359912920,1785935955.090819836,TARGET,0.5000000000000014,-0.3969236706838858,0.301106026308669,-1.8060951503867357,0.19963325777275787,1.7986203351727161,-0.4999977085634148,1.1027986534122088e-12,-1.5188877894299912e-12,6.720378882238345e-13,-1.9605749451683694e-12,1.1944727085851894e-12,-4.938755076934689e-12,1.935128879553396e-14,0.5,-0.4,0.3,-1.8,0.2,1.8,-0.5
6.379913499,1785935955.111319065,TARGET,0.5000000000000002,-0.396923670683884,0.30110602630866845,-1.8060951503867337,0.19963325777275628,1.7986203351727226,-0.4999977085634149,-1.9342331842695113e-13,3.427054037341102e-13,1.3190028224203314e-13,4.3346639379831444e-13,-3.9885851546526794e-13,1.5513707307551662e-12,-1.029945928718592e-14,0.5,-0.4,0.3,-1.8,0.2,1.8,-0.5
6.400147920,1785935955.131037951,TARGET,0.49999999999999933,-0.396923670683883,0.3011060263086677,-1.8060951503867322,0.19963325777275567,1.7986203351727255,-0.4999977085634149,-1.585212315811569e-13,2.2212745403772984e-13,-1.2157459488153845e-13,2.876898662554809e-13,-1.5910691260191187e-13,6.57783807341103e-13,-6.46751545893512e-15,0.5,-0.4,0.3,-1.8,0.2,1.8,-0.5
6.419461302,1785935955.150863171,TARGET,0.49999999999999944,-0.39692367068388257,0.30110602630866756,-1.8060951503867315,0.19963325777275545,1.7986203351727268,-0.49999770856341486,-1.4757886520801657e-13,1.0436157340757877e-13,-2.714514223442106e-13,1.4069203081735409e-13,-1.1840691049948361e-14,9.297568028832176e-14,-3.399997741426626e-15,0.5,-0.4,0.3,-1.8,0.2,1.8,-0.5
6.440113658,1785935955.170999527,TARGET,0.5000000000000009,-0.39692367068388446,0.30110602630866923,-1.8060951503867342,0.19963325777275648,1.7986203351727217,-0.4999977085634148,-2.730609403593279e-13,4.615474981528875e-13,1.3559961479811093e-13,5.95963824724299e-13,-5.191531505256536e-13,2.0381534578712574e-12,-1.331407937681539e-14,0.5,-0.4,0.3,-1.8,0.2,1.8,-0.5
6.460740224,1785935955.191696167,TARGET,0.4999999999999995,-0.3969236706838829,0.3011060263086676,-1.806095150386732,0.19963325777275556,1.7986203351727257,-0.49999770856341486,-2.1049235066358842e-13,2.8289659196599764e-13,-1.687095564948184e-13,3.584305348588598e-13,-2.0032142145135358e-13,8.269879141089601e-13,-7.571094339288053e-15,0.5,-0.4,0.3,-1.8,0.2,1.8,-0.5
6.479889988,1785935955.210790157,TARGET,0.4999999999999992,-0.3969236706838823,0.30110602630866734,-1.8060951503867313,0.19963325777275523,1.7986203351727275,-0.4999977085634149,-1.8318604814681303e-13,1.302594291216372e-13,-3.3684678680709203e-13,1.7266566999473757e-13,-1.4026725862619773e-14,1.1319422088823438e-13,-2.755760483483195e-15,0.5,-0.4,0.3,-1.8,0.2,1.8,-0.5
6.499660198,1785935955.230965376,TARGET,0.500000000000001,-0.3969236706838846,0.30110602630866934,-1.8060951503867342,0.1996332577727566,1.7986203351727215,-0.4999977085634149,-3.364797548460728e-13,5.709681634447898e-13,1.6871383866079914e-13,7.359275814237799e-13,-6.426235270206013e-13,2.5210823855030097e-12,-1.5103835273733305e-14,0.5,-0.4,0.3,-1.8,0.2,1.8,-0.5
6.519606795,1785935955.251221895,TARGET,0.49999999999999983,-0.3969236706838833,0.30110602630866823,-1.8060951503867322,0.19963325777275576,1.7986203351727248,-0.49999770856341497,-2.3995473859907914e-13,3.815162964660875e-13,-1.424400782329826e-13,5.160161541185745e-13,-2.7326008608881133e-13,1.1646210366557191e-12,-9.310408012834795e-15,0.5,-0.4,0.3,-1.8,0.2,1.8,-0.5
6.539690517,1785935955.270908833,TARGET,0.49999999999999933,-0.39692367068388285,0.3011060263086675,-1.8060951503867315,0.1996332577727556,1.7986203351727257,-0.4999977085634149,-9.42220265201282e-14,1.024310412788477e-13,-1.3822342485061297e-13,1.2740536079546115e-13,-4.134308162647945e-14,1.935273143471919e-13,-3.8916160392764606e-15,0.5,-0.4,0.3,-1.8,0.2,1.8,-0.5
6.560169545,1785935955.291614056,TARGET,0.5000000000000002,-0.3969236706838838,0.301106026308668,-1.8060951503867326,0.19963325777275645,1.7986203351727224,-0.49999770856341486,3.875783360824642e-13,-6.108148970552407e-13,1.531432126131824e-13,-8.062717989445434e-13,4.931674480969223e-13,-2.055427419522246e-12,6.959494615205645e-15,0.5,-0.4,0.3,-1.8,0.2,1.8,-0.5
6.579802852,1785935955.311288118,TARGET,0.5000000000000002,-0.3969236706838835,0.30110602630866884,-1.8060951503867324,0.19963325777275576,1.7986203351727246,-0.4999977085634148,-3.2834817230890805e-13,5.045198099090445e-13,-2.1359858130047544e-13,6.863633558394855e-13,-3.5689471564771597e-13,1.529208348189284e-12,-1.3006546146928396e-14,0.5,-0.4,0.3,-1.8,0.2,1.8,-0.5
6.599677930,1785935955.330850601,TARGET,0.4999999999999993,-0.3969236706838827,0.3011060263086673,-1.8060951503867315,0.19963325777275548,1.798620335172726,-0.49999770856341486,-1.2731761441219241e-13,1.325483645509388e-13,-1.836471228931834e-13,1.5992082548265674e-13,-5.317814753126848e-14,2.464027018173976e-13,-4.525457568153333e-15,0.5,-0.4,0.3,-1.8,0.2,1.8,-0.5
6.620742924,1785935955.351066828,TARGET,0.5000000000000002,-0.3969236706838839,0.30110602630866784,-1.8060951503867329,0.1996332577727565,1.7986203351727217,-0.4999977085634149,4.782016341715366e-13,-7.515182368732934e-13,1.8875845232108168e-13,-9.926157162734051e-13,6.083833014933942e-13,-2.529260477431767e-12,1.0082919095275117e-14,0.5,-0.4,0.3,-1.8,0.2,1.8,-0.5
6.639949290,1785935955.371344805,TARGET,0.5000000000000002,-0.3969236706838834,0.30110602630866895,-1.8060951503867322,0.1996332577727557,1.7986203351727248,-0.4999977085634149,-4.044853434220329e-13,6.229760730384793e-13,-2.6357418027304113e-13,8.477975743653452e-13,-4.4098516071453434e-13,1.890630935455195e-12,-1.3860273287778169e-14,0.5,-0.4,0.3,-1.8,0.2,1.8,-0.5
6.660052944,1785935955.391477346,TARGET,0.4999999999999996,-0.39692367068388296,0.3011060263086679,-1.8060951503867315,0.1996332577727556,1.7986203351727255,-0.4999977085634149,-1.5853042196851192e-13,1.9851615379410962e-13,-2.0375028389551714e-13,2.7107755603633375e-13,-9.106156048599205e-14,4.403417715679185e-13,-5.704762423015043e-15,0.5,-0.4,0.3,-1.8,0.2,1.8,-0.5
6.680720081,1785935955.411700249,TARGET,0.5000000000000007,-0.3969236706838846,0.30110602630866834,-1.806095150386734,0.199633257772757,1.7986203351727197,-0.4999977085634149,6.436003462795822e-13,-8.910400687754088e-13,3.9485512293860625e-13,-1.1619070086934398e-12,6.962630366881876e-13,-2.891501565601106e-12,1.0209220171004837e-14,0.5,-0.4,0.3,-1.8,0.2,1.8,-0.5
6.699915863,1785935955.431018591,TARGET,0.49999999999999994,-0.39692367068388346,0.30110602630866806,-1.8060951503867324,0.199633257772756,1.7986203351727241,-0.49999770856341486,-1.3329121699556923e-13,1.7472066547508994e-13,1.7264186650777415e-14,2.0483494645067995e-13,-2.1154124537583716e-13,7.94086937780725e-13,-6.384722267022515e-15,0.5,-0.4,0.3,-1.8,0.2,1.8,-0.5
6.719896941,1785935955.450957775,TARGET,0.49999999999999967,-0.3969236706838829,0.30110602630866823,-1.806095150386732,0.1996332577727555,1.7986203351727261,-0.4999977085634148,-2.2431483141533342e-13,2.714728145155707e-13,-2.920655254376924e-13,3.7766590017343984e-13,-1.2638287880493694e-13,6.002561857260683e-13,-7.551009806903787e-15,0.5,-0.4,0.3,-1.8,0.2,1.8,-0.5
6.739885628,1785935955.470891237,TARGET,0.5000000000000008,-0.39692367068388484,0.30110602630866823,-1.8060951503867344,0.1996332577727572,1.7986203351727192,-0.49999770856341486,7.876502644360949e-13,-1.09666950727098e-12,4.776309286958219e-13,-1.433575562057431e-12,8.589283525500277e-13,-3.5728193405485723e-12,1.3283933115482542e-14,0.5,-0.4,0.3,-1.8,0.2,1.8,-0.5
6.759194291,1785935955.490680933,TARGET,0.4999999999999998,-0.3969236706838834,0.30110602630866784,-1.8060951503867326,0.19963325777275595,1.7986203351727241,-0.4999977085634149,-1.6293340956348716e-13,2.1573767504551595e-13,2.2004752140951026e-14,2.5033547412571587e-13,-2.6048281109187104e-13,9.81411803350007e-13,-6.321290237745738e-15,0.5,-0.4,0.3,-1.8,0.2,1.8,-0.5
6.780360376,1785935955.510975122,TARGET,0.49999999999999944,-0.3969236706838827,0.3011060263086681,-1.8060951503867315,0.1996332577727554,1.7986203351727268,-0.49999770856341497,-2.762291735847952e-13,3.345795426675327e-13,-3.5884349206412343e-13,4.646207505874878e-13,-1.56090854256536e-13,7.44587059117434e-13,-6.598801888545408e-15,0.5,-0.4,0.3,-1.8,0.2,1.8,-0.5
6.799236829,1785935955.530735970,TARGET,0.5000000000000013,-0.39692367068388557,0.301106026308669,-1.8060951503867355,0.19963325777275773,1.798620335172717,-0.4999977085634149,9.704886239755294e-13,-1.3373545692027551e-12,5.946543141420197e-13,-1.7233366670256325e-12,1.0502279821387794e-12,-4.345139371303455e-12,1.7776707487511878e-14,0.5,-0.4,0.3,-1.8,0.2,1.8,-0.5
6.819551542,1785935955.550949574,TARGET,0.5000000000000002,-0.39692367068388396,0.30110602630866845,-1.8060951503867337,0.19963325777275634,1.7986203351727226,-0.4999977085634149,-1.712588055526777e-13,3.019390168604566e-13,1.1569692673820959e-13,3.8351475558250964e-13,-3.5187733982380165e-13,1.3650889774230564e-12,-9.460140088041459e-15,0.5,-0.4,0.3,-1.8,0.2,1.8,-0.5
6.839491817,1785935955.570829391,TARGET,0.49999999999999956,-0.3969236706838831,0.30110602630866773,-1.8060951503867324,0.19963325777275576,1.798620335172725,-0.49999770856341486,-1.4029883748900265e-13,1.9476152495676552e-13,-1.0684714796921332e-13,2.541271341571703e-13,-1.399981035582607e-13,5.780335232053537e-13,-6.7245368192838626e-15,0.5,-0.4,0.3,-1.8,0.2,1.8,-0.5
6.859800649,1785935955.591277838,TARGET,0.5000000000000019,-0.39692367068388623,0.3011060263086696,-1.8060951503867362,0.19963325777275817,1.798620335172715,-0.4999977085634148,1.1872703895854424e-12,-1.651215862143383e-12,7.063563867423713e-13,-2.1263323714854195e-12,1.3020163379536014e-12,-5.3814912329733925e-12,2.147456294918817e-14,0.5,-0.4,0.3,-1.8,0.2,1.8,-0.5
6.880243905,1785935955.611589432,TARGET,0.5000000000000001,-0.396923670683884,0.3011060263086685,-1.8060951503867335,0.19963325777275634,1.7986203351727224,-0.4999977085634149,-2.1589704980479773e-13,3.7571688049724015e-13,1.3473945390437102e-13,4.673169409695876e-13,-4.3462190362200227e-13,1.6880187722477504e-12,-1.085170111577881e-14,0.5,-0.4,0.3,-1.8,0.2,1.8,-0.5
6.899804935,1785935955.631200075,TARGET,0.4999999999999993,-0.3969236706838829,0.3011060263086676,-1.8060951503867322,0.19963325777275567,1.7986203351727252,-0.49999770856341497,-1.7114727334749024e-13,2.4083284026772605e-13,-1.3174613177695707e-13,3.108017984111593e-13,-1.724222998338313e-13,7.118969329473387e-13,-6.034406898111067e-15,0.5,-0.4,0.3,-1.8,0.2,1.8,-0.5
6.919580139,1785935955.650885820,TARGET,0.499999999999999,-0.3969236706838825,0.30110602630866756,-1.8060951503867315,0.1996332577727554,1.7986203351727266,-0.4999977085634149,-1.5571548554682322e-13,1.1337353500994192e-13,-2.9451222770441465e-13,1.5151219469816646e-13,-1.2830945390037704e-14,1.0468555557048636e-13,-2.528735249460761e-15,0.5,-0.4,0.3,-1.8,0.2,1.8,-0.5
6.939917314,1785935955.670918941,TARGET,0.5000000000000008,-0.39692367068388446,0.3011060263086693,-1.8060951503867342,0.1996332577727565,1.7986203351727217,-0.49999770856341486,-2.935812803261e-13,4.99828101907842e-13,1.4703578987150292e-13,6.457111174057559e-13,-5.632345284272639e-13,2.2095419618278566e-12,-1.341413812729637e-14,0.5,-0.4,0.3,-1.8,0.2,1.8,-0.5
6.959879086,1785935955.691182852,TARGET,0.4999999999999999,-0.39692367068388323,0.3011060263086683,-1.8060951503867326,0.19963325777275576,1.7986203351727248,-0.49999770856341486,-2.0973192646730618e-13,3.331035450323977e-13,-1.2474298143224341e-13,4.547610042691685e-13,-2.3857055643952087e-13,1.0151194413617437e-12,-9.941403575124442e-15,0.5,-0.4,0.3,-1.8,0.2,1.8,-0.5
6.979582830,1785935955.711066961,TARGET,0.49999999999999917,-0.3969236706838822,0.30110602630866756,-1.806095150386731,0.1996332577727552,1.7986203351727275,-0.49999770856341486,-2.1651010477241502e-13,1.5315309456287144e-13,-3.958715160819755e-13,1.9834254006282732e-13,-2.0792418863772562e-14,1.4864620587160204e-13,-3.2130093824330236e-15,0.5,-0.4,0.3,-1.8,0.2,1.8,-0.5
6.999672799,1785935955.731135607,TARGET,0.500000000000001,-0.3969236706838846,0.30110602630866945,-1.8060951503867344,0.19963325777275662,1.798620335172721,-0.4999977085634148,-3.670219671127306e-13,6.190999491181217e-13,1.7897436652083568e-13,7.942586877002168e-13,-6.964477558642152e-13,2.733906810093391e-12,-1.695785969574479e-14,0.5,-0.4,0.3,-1.8,0.2,1.8,-0.5
7.020187969,1785935955.751213789,TARGET,0.4999999999999997,-0.3969236706838831,0.30110602630866806,-1.8060951503867324,0.19963325777275573,1.798620335172725,-0.49999770856341486,-2.578609154992661e-13,4.116561270234093e-13,-1.529626665500803e-13,5.589195879191091e-13,-2.953306884702114e-13,1.2557781601175541e-12,-1.1165690798775791e-14,0.5,-0.4,0.3,-1.8,0.2,1.8,-0.5
7.040089292,1785935955.771614075,TARGET,0.4999999999999992,-0.3969236706838827,0.3011060263086673,-1.8060951503867315,0.1996332577727556,1.7986203351727257,-0.4999977085634149,-1.0244211044712797e-13,1.0964614320886145e-13,-1.47410368746309e-13,1.3897481563882773e-13,-4.532102227170168e-14,2.1046440541394074e-13,-4.128421509173334e-15,0.5,-0.4,0.3,-1.8,0.2,1.8,-0.5
7.059576708,1785935955.790848494,TARGET,0.5000000000000001,-0.39692367068388384,0.3011060263086679,-1.8060951503867329,0.19963325777275648,1.7986203351727221,-0.4999977085634149,4.230317808763695e-13,-6.624257668904936e-13,1.6679180041638413e-13,-8.743500725501602e-13,5.353143045815221e-13,-2.227408913700609e-12,8.505174626544413e-15,0.5,-0.4,0.3,-1.8,0.2,1.8,-0.5
7.080142120,1785935955.811612606,TARGET,0.5000000000000002,-0.3969236706838834,0.30110602630866884,-1.8060951503867322,0.19963325777275578,1.798620335172725,-0.49999770856341486,-3.5588112762618267e-13,5.474351584494763e-13,-2.3167062035646963e-13,7.442722912868402e-13,-3.8819219621225545e-13,1.658385858567891e-12,-1.3055755745916558e-14,0.5,-0.4,0.3,-1.8,0.2,1.8,-0.5
7.100097880,1785935955.830850124,TARGET,0.49999999999999967,-0.396923670683883,0.3011060263086679,-1.8060951503867317,0.19963325777275565,1.7986203351727252,-0.49999770856341486,-1.3902433322565544e-13,1.7368682010060426e-13,-1.7758643767217135e-13,2.375642002561306e-13,-7.975636939046254e-14,3.8313566004218966e-13,-5.855279922495034e-15,0.5,-0.4,0.3,-1.8,0.2,1.8,-0.5
7.119487101,1785935955.850899458,HOME,0.4989134311173731,-0.39578858497125197,0.3003059191216224,-1.8045272525369696,0.19821040255040553,1.7971015934256835,-0.5014874128173369,-0.1090268067579214,0.11117294368042492,-0.0915590864852672,0.14162102891879402,-0.13009491132245163,-0.13528110036839305,-0.1342832549843109,0.0,0.0,0.0,-1.57079,0.0,1.57079,-0.7853
7.140220589,1785935955.871352911,HOME,0.4953831483598822,-0.392235007570653,0.2970714430158547,-1.8004119472499023,0.19432118227689615,1.7931297545221156,-0.5054498419176777,-0.2290448652326793,0.22982378212116136,-0.21684895829146827,0.2540424234957272,-0.24382229844025144,-0.24708804042307106,-0.24692131798411338,0.0,0.0,0.0,-1.57079,0.0,1.57079,-0.7853
7.159837625,1785935955.890901566,HOME,0.4896710093799307,-0.3865038394301421,0.29154320747745877,-1.7943134258391547,0.18838855405482308,1.7871496461691074,-0.5114308092072215,-0.328801752784929,0.33002317715131657,-0.3218613177973001,0.34375853802459877,-0.3370093588885385,-0.3387287045549089,-0.33891165278055957,0.0,0.0,0.0,-1.57079,0.0,1.57079,-0.7853
7.180519281,1785935955.911539078,HOME,0.48217740236818024,-0.3789765189369568,0.2841432854856775,-1.7866086496052804,0.18078628199358468,1.7795257835964746,-0.5190609067399852,-0.4096387720227916,0.41172216833963987,-0.4066121624333854,0.41698490437057883,-0.4130598333326542,-0.4136728485814084,-0.41407877004887317,0.0,0.0,0.0,-1.57079,0.0,1.57079,-0.7853
7.200067747,1785935955.931437016,HOME,0.473243215282,-0.3699908953780321,0.27523712352758645,-1.7775891406849054,0.17182182437915877,1.7705580757133752,-0.5280385950391825,-0.4749496477666459,0.47791327957045043,-0.4747355946163644,0.4770000825446747,-0.47509894675755243,-0.4749354369970023,-0.47550269717333815,0.0,0.0,0.0,-1.57079,0.0,1.57079,-0.7853
7.220076983,1785935955.951412201,HOME,0.4631453505536473,-0.35982478053068107,0.2651204914604507,-1.767491711371578,0.16174614276804058,1.7604918423962057,-0.5381174878532247,-0.5277047902529971,0.5314698373366494,-0.5294804398402627,0.5262109512453091,-0.5257093501814007,-0.5250160318783468,-0.5256961114810388,0.0,0.0,0.0,-1.57079,0.0,1.57079,-0.7853
7.240713423,1785935955.971704006,HOME,0.45210746133203555,-0.3487037507087558,0.2540310363416544,-1.7565104554741005,0.1507639163557097,1.7495275470215659,-0.5490962417584331,-0.5703235602972887,0.5747848724263744,-0.5734805599333108,0.5665581358349386,-0.5669987200228942,-0.5659594978591013,-0.5667120567349727,0.0,0.0,0.0,-1.57079,0.0,1.57079,-0.7853
7.260294521,1785935955.990942478,HOME,0.44031010103990914,-0.33681052768968783,0.242159649498288,-1.7448046289491288,0.13904209143301807,1.737829008211714,-0.5608103215442529,-0.604758838546116,0.6098073636510247,-0.6088479316341515,0.5996326938073901,-0.6006847819350821,-0.5994354442314916,-0.6002283344226059,0.0,0.0,0.0,-1.57079,0.0,1.57079,-0.7853
7.280281425,1785935956.010962963,HOME,0.4278990557000152,-0.3242930273013617,0.22965974901875777,-1.732504881383386,0.12671686076401711,1.725530125156301,-0.5731252728123646,-0.6325856933687092,0.6381179578354323,-0.6372753396025523,0.6267418357071247,-0.6281677019894104,-0.6268071568337952,-0.6276160907873752,0.0,0.0,0.0,-1.57079,0.0,1.57079,-0.7853
7.301058846,1785935956.031542063,HOME,0.4149920663593991,-0.3112709568879395,0.21665470362285846,-1.7197183614460283,0.11389934493111983,1.712740361742766,-0.585931223785495,-0.6550748541439794,0.6609971417809271,-0.660120814713881,0.6489592680149088,-0.650589147168842,-0.6491882402766295,-0.649995842292853,0.0,0.0,0.0,-1.57079,0.0,1.57079,-0.7853
7.321012531,1785935956.051575661,HOME,0.401684243142809,-0.2978411782889829,0.20324376276238065,-1.7065329201696087,0.10068021800637052,1.6995492186441359,-0.5991383916727312,-0.6732519295374214,0.6794817570104952,-0.6784748588230871,0.6671664458047749,-0.6688802702395212,-0.6674886064033346,-0.6682832699317736,0.0,0.0,0.0,-1.57079,0.0,1.57079,-0.7853
7.339817701,1785935956.071091890,HOME,0.3880524273715233,-0.2840820582323591,0.18950679990012662,-1.6930205709155164,0.08713347583522024,1.686029881866102,-0.6126734101599979,-0.6879449654027552,0.6944110778726597,-0.6932138168569868,0.6820866070849011,-0.6838006814584375,-0.6824519799634985,-0.6832266514061962,0.0,0.0,0.0,-1.57079,0.0,1.57079,-0.7853
7.360087919,1785935956.091433525,HOME,0.37415870823343717,-0.2700569940754972,0.17550811213778306,-1.6792403346286562,0.07331950724547544,1.6722422018007386,-0.626476328078976,-0.6998227004094683,0.7064643220028333,-0.7050423834051405,0.6943129586749408,-0.695970157928191,-0.694686330437647,-0.6954374575664902,0.0,0.0,0.0,-1.57079,0.0,1.57079,-0.7853
7.380011644,1785935956.111441374,HOME,0.3600437129478291,-0.2558150623823925,0.16128796626503208,-1.6652449433841008,0.059966353484667084,1.6582358090623786,-0.6404978822910183,-0.7103877164861735,0.7164919488923304,-0.7157861127413269,0.703928514196344,-0.6160926475599591,-0.7046612770386208,-0.7053886110707227,0.0,0.0,0.0,-1.57079,0.0,1.57079,-0.7853
7.399999389,1785935956.131187439,HOME,0.3457480729311468,-0.2413952686001696,0.14688523564172087,-1.651072899707924,0.04892324613638554,1.6440491360930154,-0.6546980456541097,-0.7180525649684986,0.724353434621833,-0.7233160804521327,0.7122095376274834,-0.5032507681708273,-0.7129032242864821,-0.713542615400332,0.0,0.0,0.0,-1.57079,0.0,1.57079,-0.7853
7.420143210,1785935956.151200294,HOME,0.33132101300514666,-0.2269671544958917,0.13234898625809657,-1.6374285371673376,0.03991196233059632,1.6305382759016454,-0.6690445088482949,-0.7237423912712968,0.7174895780253197,-0.72927250148591,0.632434842196049,-0.41033158115211293,-0.6194063887224373,-0.7202138670950813,0.0,0.0,0.0,-1.57079,0.0,1.57079,-0.7853
7.440213601,1785935956.170810699,HOME,0.31679443181850164,-0.21256182902306622,0.11771918302834182,-1.6260802863527835,0.03255772021766125,1.6194376405626763,-0.6835105265307958,-0.7283756363153588,0.7237201556139139,-0.7332312300992024,0.5167497073629083,-0.3351621296442105,-0.5059753365218694,-0.7256611820653691,0.0,0.0,0.0,-1.57079,0.0,1.57079,-0.7853
7.461073959,1785935956.191493034,HOME,0.30218155671877406,-0.19799257877713913,0.10301558311072259,-1.616841888396989,0.026549178346643335,1.610363957468468,-0.6980741753905803,-0.7323882023367472,0.732188407482751,-0.7366851058308165,0.41993852320188896,-0.27386998077960667,-0.41370159312712296,-0.7301105854017313,0.0,0.0,0.0,-1.57079,0.0,1.57079,-0.7853
7.480054258,1785935956.211425543,HOME,0.28749658525463534,-0.18326975082653618,0.08824969472018811,-1.609339038643624,0.021639195433087358,1.6029446117515904,-0.7127175962275489,-0.7356654321905031,0.7391114517720011,-0.7395193073766977,0.3409363812386163,-0.22380254899852636,-0.33827569669600827,-0.7337469403912493,0.0,0.0,0.0,-1.57079,0.0,1.57079,-0.7853
7.500030672,1785935956.231295347,HOME,0.2727550039690177,-0.16842702128061815,0.07343558438455444,-1.6032485222490258,0.017627527456649073,1.5968783720002018,-0.7259971383953886,-0.7381989727868121,0.7443837509033705,-0.7416522296836399,0.2767310909087341,-0.18284888560073434,-0.2765707535967785,-0.6054109251574276,0.0,0.0,0.0,-1.57079,0.0,1.57079,-0.7853
7.519904828,1785935956.250921965,HOME,0.2577247723576896,-0.15348224168643002,0.05973678344949419,-1.5983016720962064,0.014309274923503116,1.591919288433279,-0.7368459512475036,-0.7552988840562784,0.7490852645338996,-0.6301666732504534,0.2246359758502436,-0.15200745789509526,-0.22614345745499587,-0.49437792122285645,0.0,0.0,0.0,-1.57079,0.0,1.57079,-0.7853
7.540316012,1785935956.271466970,HOME,0.24264088183959767,-0.13847613939872142,0.04845692113065422,-1.594290970653143,0.011585491261047794,1.5878620152192575,-0.7457083365227601,-0.7528206646195696,0.7510730613692743,-0.512624699751308,0.18221033005441636,-0.12398788787826341,-0.1850401828245134,-0.40393023826031005,0.0,0.0,0.0,-1.57079,0.0,1.57079,-0.7853
7.560564160,1785935956.291671276,HOME,0.22761897034759096,-0.12344136463660987,0.03930897843878325,-1.5910351913500544,0.009367572033753813,1.5845429387346528,-0.7529496643981728,-0.7498050942659896,0.7522286228537969,-0.4152164885029611,0.14797717305524455,-0.10088748304975212,-0.151343359025964,-0.33005189265764534,0.0,0.0,0.0,-1.57079,0.0,1.57079,-0.7853
7.581050892,1785935956.311737537,HOME,0.21264768231808112,-0.10838645684122734,0.031901502427686856,-1.588390897831026,0.00756323393592821,1.5818287977034597,-0.7588665876496659,-0.7476804715567201,0.7531432622990881,-0.33618341098843096,0.12018032259720723,-0.08206788974138277,-0.12374038609226672,-0.26968732991430855,0.0,0.0,0.0,-1.57079,0.0,1.57079,-0.7853
7.599631076,1785935956.330905676,HOME,0.19771006755349035,-0.09331495702215833,0.025903917085064614,-1.5862436738129706,0.006095503341317397,1.5796100528748502,-0.7637013381113089,-0.7463261063366756,0.7539069671732362,-0.27220421842003534,0.0975724627675093,-0.06675757039895765,-0.10113973747086286,-0.220362847888272,0.0,0.0,0.0,-1.57079,0.0,1.57079,-0.7853
7.620083630,1785935956.351061106,HOME,0.182792966862964,-0.07822971036479066,0.02104747996812624,-1.5845007745036195,0.004901575697532539,1.577796878190493,-0.7676518323465535,-0.7455418403410276,0.7545331278813872,-0.22042369314305343,0.07918288747453427,-0.05430469578113439,-0.0826386083573313,-0.1800591979772135,0.0,0.0,0.0,-1.57079,0.0,1.57079,-0.7853
7.639397864,1785935956.370906830,HOME,0.1678855648144653,-0.06323168519030334,0.01711321320312757,-1.5831392270935871,0.0039287094329282036,1.576312427770781,-0.7708797901209827,-0.7454644047908919,0.7302066081025121,-0.178855359500255,0.052455068687272725,-0.04457255307666296,-0.06848470647470215,-0.14712532446948687,0.0,0.0,0.0,-1.57079,0.0,1.57079,-0.7853
7.660055724,1785935956.391168356,HOME,0.15296970572353238,-0.04991238258038276,0.01391060288044486,-1.5823628337995619,0.003124021240279872,1.5750555918123395,-0.7735172068324679,-0.7459943456120247,0.6104261836955137,-0.14576285130919853,0.032757902928836444,-0.03674358422435464,-0.057822013093764765,-0.12020721907698646,0.0,0.0,0.0,-1.57079,0.0,1.57079,-0.7853
7.679644471,1785935956.411077499,HOME,0.13804677994976283,-0.03900001311683161,0.011303863657921008,-1.5817595275283727,0.002466988072825578,1.5740202118471582,-0.7756721711980694,-0.7462573766443653,0.49535956364795325,-0.11853265587553573,0.028695947880623046,-0.029854209684784593,-0.04704369106799899,-0.09822078249088417,0.0,0.0,0.0,-1.57079,0.0,1.57079,-0.7853
7.699960381,1785935956.430829525,HOME,0.1231189512198283,-0.03017417465158646,0.00918512207234506,-1.5812108880952183,0.0019341463707580604,1.5731816427793035,-0.7774330039107424,-0.7465053930642055,0.3999972146681585,-0.09631811874744457,0.026444957021183706,-0.024188408469937004,-0.038015476784166266,-0.08025720412073792,0.0,0.0,0.0,-1.57079,0.0,1.57079,-0.7853
7.719963531,1785935956.451562643,HOME,0.10818582442608707,-0.02305135397018492,0.007463606682818134,-1.580706135795014,0.0015025861649533717,1.572504600257914,-0.7788718012610699,-0.7467839063335289,0.3227308287418639,-0.07825766362654199,0.024235974483171566,-0.01958702480970976,-0.030678574078007635,-0.06557917012773472,0.0,0.0,0.0,-1.57079,0.0,1.57079,-0.7853
7.739670382,1785935956.471145630,HOME,0.09324689593654571,-0.01730484786993354,0.006064880294815494,-1.5802464430884404,0.001153150033202034,1.5719583439094698,-0.7800474605351834,-0.7470808598408981,0.2603644787485472,-0.06358499817782927,0.021955196451713774,-0.01585899897193332,-0.02474908565203792,-0.0535855431098831,0.0,0.0,0.0,-1.57079,0.0,1.57079,-0.7853
7.760041260,1785935956.490887403,HOME,0.07830197857975946,-0.012668777578564503,0.0049283785882732805,-1.5798324447638534,0.0008702284175673037,1.5715176987903003,-0.7810081055983115,-0.7473802349259616,0.2100560682134159,-0.0516654958042798,0.019679826138345027,-0.012840122705467263,-0.019963258561304684,-0.043785356369676134,0.0,0.0,0.0,-1.57079,0.0,1.57079,-0.7853
7.780074877,1785935956.511386156,HOME,0.06391009564150342,-0.008926001173378337,0.003804860025218645,-1.5794622428110647,0.0006178290474752987,1.571162134789265,-0.7817909322719818,-0.6712849657573952,0.16974742699676035,-0.06279916252792485,0.0175448343360034,-0.012893338521729228,-0.016128509836857336,-0.03555202611949074,0.0,0.0,0.0,-1.57079,0.0,1.57079,-0.7853
7.799709567,1785935956.530955315,HOME,0.051849204845308326,-0.005904453591909686,0.0026435512349150835,-1.5791353920215507,0.00038244645560163676,1.570873898639524,-0.7824278522065498,-0.549264645315727,0.13678132843179905,-0.052387199492527466,0.015406964426503435,-0.010646613097100329,-0.01310127213071024,-0.029035193979435922,0.0,0.0,0.0,-1.57079,0.0,1.57079,-0.7853
7.819984043,1785935956.551289082,HOME,0.04203565266428601,-0.0034729564677248434,0.001746199781777891,-1.5788480934402878,0.0001971885560874855,1.570639931921094,-0.7829488207436378,-0.4458002446426067,0.10999764714912755,-0.03902254323907031,0.013543217988191449,-0.008193491722678801,-0.01062485755500146,-0.02376535916928732,0.0,0.0,0.0,-1.57079,0.0,1.57079,-0.7853
7.840112259,1785935956.571165562,HOME,0.034076806290953394,-0.001517717224533684,0.0010883230150351031,-1.5785960993554369,5.582903598140319e-05,1.570450348522994,-0.7833753143077506,-0.36141827049278236,0.08846027286519406,-0.028302864979086042,0.011850243727511568,-0.006220406068625239,-0.00860421624393038,-0.019457094083293214,0.0,0.0,0.0,-1.57079,0.0,1.57079,-0.7853
7.859806535,1785935956.591207743,HOME,0.027625184358356213,5.508141953112995e-05,0.0006156049604719898,-1.5783763264232726,-5.111362917995854e-05,1.570296889603122,-0.7837244944737205,-0.2929572500535615,0.07117470416912354,-0.020164455636270482,0.010306196365427655,-0.004692455754242526,-0.0069624025410764045,-0.01592989628544483,0.0,0.0,0.0,-1.57079,0.0,1.57079,-0.7853
7.879722591,1785935956.610914469,HOME,0.02239575306741101,0.0013208954924156704,0.0002822857258737114,-1.578185770230617,-0.0001315379384601216,1.570172747647631,-0.7840103703789782,-0.23745757936762718,0.05729595711715185,-0.01407229640916564,0.008913869906481138,-0.003518818208762049,-0.005631089173535478,-0.01304169760432981,0.0,0.0,0.0,-1.57079,0.0,1.57079,-0.7853
7.900277582,1785935956.631086349,HOME,0.01815701365950484,0.0023401274700938493,5.279587242910914e-05,-1.5780213871382716,-0.00019164036650259854,1.5700723625515105,-0.7842444105053198,-0.1924731063824893,0.0461438930865654,-0.009554642445158617,0.007673212677706578,-0.0026211426253261853,-0.004552805145910527,-0.010676759289920533,0.0,0.0,0.0,-1.57079,0.0,1.57079,-0.7853
7.919553864,1785935956.650887012,HOME,0.0147212357528687,0.003161143380853864,-0.00010009414404622156,-1.5778801977952015,-0.00023623154436021887,1.569991210514166,-0.7844360067827257,-0.15601382516045093,0.037176278788262414,-0.006237984217720283,0.00657858228185609,-0.0019372597845669194,-0.0036801546344469344,-0.008740347280279165,0.0,0.0,0.0,-1.57079,0.0,1.57079,-0.7853
7.940476595,1785935956.671614647,HOME,0.011936236422301676,0.0038227157619297875,-0.00019708669354974933,-1.5777593813668203,-0.00026903202809455207,1.5699256186321182,-0.7845928507236555,-0.12646486157520406,0.029960786324931616,-0.003831833783154833,0.005620484623190433,-0.001418490202394615,-0.0029743351534835673,-0.0071548725679908155,0.0,0.0,0.0,-1.57079,0.0,1.57079,-0.7853
7.960091792,1785935956.691095829,HOME,0.009678668059505643,0.004355961361807957,-0.00025382611352337426,-1.577656332166009,-0.00029291078480164003,1.5698726091498167,-0.7847212411014656,-0.10251658299621097,0.024152119214526268,-0.0021116850159617114,0.004787357198341308,-0.0010268646490767472,-0.0024036964945253893,-0.005856784465960167,0.0,0.0,0.0,-1.57079,0.0,1.57079,-0.7853
7.980071402,1785935956.711257458,HOME,0.007848563885833486,0.004785876506864683,-0.0002820573894087338,-1.577568686329028,-0.0003100734708728413,1.5698297704790252,-0.78482633594959,-0.08310722442772672,0.019474007862392523,-0.000904836220580681,0.004066828951232334,-0.00073284288525466,-0.001942490423525873,-0.004794031549770533,0.0,0.0,0.0,-1.57079,0.0,1.57079,-0.7853
8.002052040,1785935956.731058836,HOME,0.006364910625090624,0.005132556644537013,-0.00029053313899839547,-1.5774943283410048,-0.0003222103346826052,1.5697951511746948,-0.7849123589913397,-0.0673761499553413,0.015705083062097173,-7.904322892412785e-05,0.003446539916615936,-0.0005134972123563938,-0.0015698083064699907,-0.003923982411446774,0.0,0.0,0.0,-1.57079,0.0,1.57079,-0.7853
8.020417348,1785935956.751381159,HOME,0.005162056923488964,0.005412167589882637,-0.00028572035223727737,-1.5774313848575925,-0.00033061210222585266,1.5697671731130831,-0.7849827687414381,-0.05462585307489887,0.012667747632384329,0.00046647323271034786,0.002914644814054082,-0.00035107556925412193,-0.0012686978636361152,-0.0032117221332204453,0.0,0.0,0.0,-1.57079,0.0,1.57079,-0.7853
8.039845437,1785935956.770874739,HOME,0.004186800871633002,0.00563772081458335,-0.0002723489021563556,-1.5773782109228196,-0.00033626057816577,1.5697445606643765,-0.7850403970254628,-0.04429109247025022,0.010219378662719561,0.0008081167208988971,0.0024601039192366676,-0.00023186826819765778,-0.0010254301279059074,-0.002628656683461002,0.0,0.0,0.0,-1.57079,0.0,1.57079,-0.7853
8.060106353,1785935956.791284323,HOME,0.0033960288958154025,0.005819693495967504,-0.0002538356058889219,-1.5773333720444087,-0.00033989933030601464,1.5697262830554495,-0.7850875624446336,-0.03591384075862317,0.008245346344321069,0.0010034800102654404,0.002072830638022448,-0.00014531626141355672,-0.0008288964485417835,-0.002151369544818075,0.0,0.0,0.0,-1.57079,0.0,1.57079,-0.7853
8.080102234,1785935956.810913324,HOME,0.0027548020430810615,0.005966525185202313,-0.00023261079319950316,-1.5772956244198275,-0.00034208871970374934,1.569711507562955,-0.7851261633143662,-0.02912296208712362,0.006653457913536491,0.0010956969047267175,0.0017437446904545798,-8.331092358646645e-05,-0.0006701150733054696,-0.0017606850066399682,0.0,0.0,0.0,-1.57079,0.0,1.57079,-0.7853
8.100062497,1785935956.830896378,HOME,0.0022348051256764145,0.006085016148884904,-0.0002103687804308297,-1.57726389480887,-0.0003432486513329485,1.5696995615556952,-0.7851577537869379,-0.02361773256074267,0.005369525945961751,0.0011168332645290244,0.0014647658863015977,-3.964527021252302e-05,-0.0005418246688191851,-0.0014409007875233627,0.0,0.0,0.0,-1.57079,0.0,1.57079,-0.7853
8.119577681,1785935956.850879431,HOME,0.0018130900602429543,0.0061806471911459585,-0.00018825915855013271,-1.5772372609865437,-0.0003436917112441551,1.569689901768951,-0.7851836061983727,-0.019154480986322824,0.0043338236317304055,0.0010905202274921876,0.001228767633331642,-9.584776399653937e-06,-0.00043816237206240576,-0.001179159400600955,0.0,0.0,0.0,-1.57079,0.0,1.57079,-0.7853
8.140666064,1785935956.870756865,HOME,0.0014710576673327789,0.006257836634571039,-0.00016703220452856792,-1.5772149333546,-0.00034364879178304646,1.5696820894271704,-0.7852047621303292,-0.015535761557341099,0.003498249267604735,0.001033992046979196,0.0010295127070432872,1.046777440999352e-05,-0.00035439062234160533,-0.0009649331913967119,0.0,0.0,0.0,-1.57079,0.0,1.57079,-0.7853
8.159647576,1785935956.890968800,HOME,0.0011936327176670296,0.0063201469661131205,-0.00014714885452965252,-1.5771962380050142,-0.0003432888581349609,1.569675770145244,-0.7852220742279542,-0.0126015801553535,0.002824050858869695,0.0009596576232502535,0.0008615751024510337,2.3233375313638847e-05,-0.00028668420599860836,-0.0007896025154711341,0.0,0.0,0.0,-1.57079,0.0,1.57079,-0.7853
8.179494395,1785935956.910838127,HOME,0.0009685955617229221,0.006370451091253109,-0.00012886339947526008,-1.577180601380443,-0.000342734154552387,1.5696706576816886,-0.7852362404456725,-0.010222285590834209,0.0022800006343421707,0.0008763080819786339,0.0007202592993352647,3.075985879438281e-05,-0.00023195439980832965,-0.0006461102197410484,0.0,0.0,0.0,-1.57079,0.0,1.57079,-0.7853
8.200637251,1785935956.931622744,HOME,0.0007860406225257738,0.006411066157260305,-0.00011228526244146767,-1.5771675365509052,-0.0003420718679873153,1.5696665208169758,-0.7852478320908332,-0.008292810323207993,0.0018409284409916372,0.0007900411187374612,0.0006015200546733789,3.4579483364594887e-05,-0.0001877072829760883,-0.0005286786391750546,0.0,0.0,0.0,-1.57079,0.0,1.57079,-0.7853
8.219771005,1785935956.950926065,HOME,0.0006379376657489105,0.006443861312686465,-9.742479872955723e-05,-1.5771566310582097,-0.0003413630455364921,1.5696631727576276,-0.7852573167874799,-0.006728004723327976,0.0014865427242807452,0.0007049656108130977,0.000501885836908918,3.583096805482556e-05,-0.00015192918316755816,-0.0004325778073878534,0.0,0.0,0.0,-1.57079,0.0,1.57079,-0.7853
8.240122342,1785935956.971525669,HOME,0.0005177763309593502,0.006470344507541752,-8.4226945501615e-05,-1.5771475362350376,-0.00034064938780948266,1.5696604625824226,-0.7852650772796327,-0.005458857343340872,0.0012004821743363163,0.0006237362846934679,0.00041838755215696446,3.535377729454468e-05,-0.00012299414736409474,-0.00035393562177634617,0.0,0.0,0.0,-1.57079,0.0,1.57079,-0.7853
8.260251494,1785935956.991047144,HOME,0.0004202781126546544,0.006491732428921634,-7.259567581111755e-05,-1.5771399578833918,-0.0003399584033530079,1.5696582683355667,-0.7852714268272107,-0.004429432964258724,0.0009695524521746843,0.0005479573657860485,0.0003484934492347577,3.37607869014258e-05,-9.958916745733946e-05,-0.00028958237543250863,0.0,0.0,0.0,-1.57079,0.0,1.57079,-0.7853
8.279721337,1785935957.010945559,HOME,0.0003411629824750759,0.006509006862787272,-6.24115310016017e-05,-1.5771336481832425,-0.0003393073016913112,1.5696564914536382,-0.7852766218115288,-0.0035943920911564093,0.000783111780680739,0.0004784855587047941,0.00029005045491450085,3.149413547902676e-05,-8.065386041241809e-05,-0.00023692344104704773,0.0,0.0,0.0,-1.57079,0.0,1.57079,-0.7853
8.299976532,1785935957.031409740,HOME,0.0002769602770091568,0.006522960124700904,-5.354397547362101e-05,-1.5771283987043452,-0.00033870591836188964,1.5696550522656922,-0.7852808720556945,-0.0029169814372960487,0.0006325760225523968,0.0004156559551790973,0.0002412318887572784,2.886802642154592e-05,-6.533183648159885e-05,-0.00019383501254645,0.0,0.0,0.0,-1.57079,0.0,1.57079,-0.7853
8.319945573,1785935957.050910473,HOME,0.0002248554468170128,0.006534231685770935,-4.5859906273219565e-05,-1.5771240343951403,-0.00033815889936273795,1.5696538863609042,-0.7852843492738022,-0.002367405912731326,0.0005110201425793295,0.00035944916823232387,0.00020049145596762885,2.610142378708621e-05,-5.2931075266986496e-05,-0.0001585787328324673,0.0,0.0,0.0,-1.57079,0.0,1.57079,-0.7853
8.339846875,1785935957.071142673,HOME,0.00018256585904890865,0.006543337705594585,-3.922933137035891e-05,-1.5771204084307668,-0.00033766732098201,1.5696529416567764,-0.7852871939879214,-0.0019215096392799283,0.0004128567771006352,0.00030961383298769074,0.0001665225687552486,2.3342931673144718e-05,-4.289279047384001e-05,-0.00012973178937746575,0.0,0.0,0.0,-1.57079,0.0,1.57079,-0.7853
8.359898356,1785935957.090949535,HOME,0.00014824013939822932,0.006550694848024413,-3.352898454716346e-05,-1.5771173978118718,-0.0003372298808263535,1.5696521760318076,-0.7852895211905132,-0.0015597072756056362,0.0003335775358075299,0.0002657553889880116,0.00013822333399447382,2.068965575645023e-05,-3.4765312670788624e-05,-0.00010612967759356473,0.0,0.0,0.0,-1.57079,0.0,1.57079,-0.7853
8.380694668,1785935957.111692667,HOME,0.00012037658668217356,0.006556639489530828,-2.8644455523993873e-05,-1.5771148996154478,-0.000336843764635919,1.5696515554137889,-0.7852914249796461,-0.0012661181087521099,0.00026954425989358894,0.00022739951627689806,0.00011466597619963236,1.8201430969956934e-05,-2.8183515938292565e-05,-8.681933810614358e-05,0.0,0.0,0.0,-1.57079,0.0,1.57079,-0.7853
8.399538719,1785935957.130902052,HOME,9.775704178923907e-05,0.00656144321351534,-2.4471268739398166e-05,-1.5771128278087492,-0.0003365052691792408,1.5696510522370137,-0.7852929823532118,-0.0010278643985070996,0.00021782072862819968,0.0001940366462117481,9.507042881379661e-05,1.5911494230802385e-05,-2.2852462684382917e-05,-7.102079012106964e-05,0.0,0.0,0.0,-1.57079,0.0,1.57079,-0.7853
8.419917308,1785935957.151492119,HOME,7.939327988340861e-05,0.006565325309097116,-2.091523322734459e-05,-1.577111110548919,-0.000336210242715318,1.5696506441947478,-0.785294256314611,-0.0008345027808413798,0.00017603706416862612,0.00016515244642548925,7.878180807393963e-05,1.3834448689365122e-05,-1.853355618216766e-05,-5.809572028987195e-05,0.0,0.0,0.0,-1.57079,0.0,1.57079,-0.7853
8.439486077,1785935957.170761347,HOME,6.448355132757878e-05,0.006568462855633547,-1.7892301502444468e-05,-1.5771096878979018,-0.00033595438991815,1.5696503132329063,-0.7852952984147679,-0.0006775634711733616,0.00014228030429336064,0.00014024799754760986,6.525098858883495e-05,1.1972154057092917e-05,-1.5033932912616138e-05,-4.7521768931354076e-05,0.0,0.0,0.0,-1.57079,0.0,1.57079,-0.7853
8.460336100,1785935957.191711664,HOME,5.2377347545011e-05,0.006570998859338707,-1.5328111326959644e-05,-1.5771085098932507,-0.0003357334769279485,1.5696500447363613,-0.7852961508327003,-0.0005501768030768699,0.0001150061947259463,0.00011885247893517485,5.401809979718319e-05,1.0318051156977446e-05,-1.2197586092498215e-05,-3.8871479739938436e-05,0.0,0.0,0.0,-1.57079,0.0,1.57079,-0.7853
8.480988285,1785935957.211364746,HOME,4.2546833161491366e-05,0.006573048818959318,-1.3157335897194495e-05,-1.5771075349220653,-0.0003355434635162933,1.5696498268710872,-0.7852968480783544,-0.0004467705304142998,9.296796696049795e-05,0.00010053047936848127,4.4698399754654575e-05,8.860300702821267e-06,-9.89839238367444e-06,-3.17950682715785e-05,0.0,0.0,0.0,-1.57079,0.0,1.57079,-0.7853
8.499748373,1785935957.231106997,HOME,3.4563681516461254e-05,0.0065747060248562755,-1.1322931737754223e-05,-1.5771067283520452,-0.000335380582686454,1.5696496500537958,-0.7852974183862322,-0.0003628244661301628,7.515903709141469e-05,8.488551887652657e-05,3.6970418680610154e-05,7.584032025120482e-06,-8.034192259795013e-06,-2.6006317230671522e-05,0.0,0.0,0.0,-1.57079,0.0,1.57079,-0.7853
8.520127457,1785935957.251341105,HOME,2.8080290179673356e-05,0.00657604583526597,-9.775346600951279e-06,-1.5771060613816803,-0.00033524138295256924,1.5696495065216394,-0.7852978848559237,-0.00029467158524902143,6.076658474343036e-05,7.156095438736391e-05,3.056573746328619e-05,6.472925968081371e-06,-6.522383175233612e-06,-2.1271031119720035e-05,0.0,0.0,0.0,-1.57079,0.0,1.57079,-0.7853
8.540189192,1785935957.270962238,HOME,2.2814547195041837e-05,0.00657712912824592,-8.47172967356679e-06,-1.5771055100749194,-0.0003351227446160312,1.5696493899853372,-0.7852982663854767,-0.0002393367798017372,4.9134219447940364e-05,6.0239138565708716e-05,2.526045387981075e-05,5.5103049859854536e-06,-5.296151652384361e-06,-1.7397586627765058e-05,0.0,0.0,0.0,-1.57079,0.0,1.57079,-0.7853
8.560072145,1785935957.290791512,HOME,1.8537475977437398e-05,0.006578005088097838,-7.375171778556306e-06,-1.5771050545521743,-0.000335021878415791,1.569649295348445,-0.7852985784352056,-0.00019440612905687713,3.973186664894338e-05,5.063946212380835e-05,2.086799931390233e-05,4.679861550760507e-06,-4.301317216728853e-06,-1.4229198217419443e-05,0.0,0.0,0.0,-1.57079,0.0,1.57079,-0.7853
8.580170525,1785935957.311547518,HOME,1.5063214169878915e-05,0.006578713454877548,-6.453992651001199e-06,-1.5771046783129867,-0.0003349363126750581,1.5696492184803852,-0.785298833652727,-0.00015792090340536197,3.2131398530066716e-05,4.251573309814345e-05,1.723300395836699e-05,3.966120638055795e-06,-3.4940372411576716e-06,-1.1637588162645273e-05,0.0,0.0,0.0,-1.57079,0.0,1.57079,-0.7853
8.599767051,1785935957.331009865,HOME,1.2240884968429206e-05,0.006579286340403828,-5.6810848005100685e-06,-1.5771043676697285,-0.00033486387337561236,1.5696491560325105,-0.7852990423844171,-0.00012829161507947625,2.598699428452081e-05,3.565321679889247e-05,1.4226180197434914e-05,3.354713502975398e-06,-2.8388140348210592e-06,-9.51780589994512e-06,0.0,0.0,0.0,-1.57079,0.0,1.57079,-0.7853
8.619972969,1785935957.351198196,HOME,9.94800305002896e-06,0.006579749694685523,-5.033318155937963e-06,-1.5771041112743667,-0.00033480266031646615,1.5696491052896142,-0.7852992130939161,-0.00010422831971521745,2.1019289590396652e-05,2.9865559341273724e-05,1.1740013905706964e-05,2.832516579619198e-06,-2.306934272982869e-06,-7.783988382580036e-06,0.0,0.0,0.0,-1.57079,0.0,1.57079,-0.7853
8.639437838,1785935957.370781660,HOME,8.085124997932015e-06,0.006580124490003404,-4.491006057602753e-06,-1.5771038997235316,-0.0003347510215712008,1.5696490640496685,-0.7852993527045663,-8.468409153016369e-05,1.700261271264058e-05,2.4991746237266965e-05,9.685186513376419e-06,2.387698383927036e-06,-1.8750716422498604e-06,-6.365890342345653e-06,0.0,0.0,0.0,-1.57079,0.0,1.57079,-0.7853
8.659875999,1785935957.391109228,HOME,6.5715090368543766e-06,0.006580427677132661,-4.0374307533995045e-06,-1.5771037252291824,-0.00033470752775598757,1.5696490305264659,-0.7852994668795972,-6.880917965403215e-05,1.3754631483547125e-05,2.0893192792255987e-05,7.987522039388575e-06,2.0097022010792927e-06,-1.5243453582425032e-06,-5.206045129305559e-06,0.0,0.0,0.0,-1.57079,0.0,1.57079,-0.7853
8.680017384,1785935957.411207438,HOME,5.341593395730515e-06,0.006580672957606543,-3.6584250438900507e-06,-1.5771035813442151,-0.00033467094710493947,1.5696490032707995,-0.785299560251371,-5.591382390083082e-05,1.1128016619034945e-05,1.745102659183703e-05,6.585455408210198e-06,1.689189234563803e-06,-1.2394669542750644e-06,-4.257441248889948e-06,0.0,0.0,0.0,-1.57079,0.0,1.57079,-0.7853
8.699811308,1785935957.431211233,HOME,4.34213868857202e-06,0.006580871407436477,-3.342005850536366e-06,-1.5771034627340426,-0.000334640221977751,1.5696489811065983,-0.7852996366089458,-4.543809216165775e-05,9.00372019701459e-06,1.4563593987582564e-05,5.427929263902264e-06,1.4179572279674145e-06,-1.0080273729321334e-06,-3.4816211590692263e-06,0.0,0.0,0.0,-1.57079,0.0,1.57079,-0.7853
8.720998092,1785935957.451631308,HOME,3.529908944302454e-06,0.006581031981011295,-3.0780550609871833e-06,-1.577103364986492,-0.00033461444715600456,1.5696489630793835,-0.7852996990515255,-3.692741193510489e-05,7.285544982377457e-06,1.2144203182317955e-05,4.472625457643299e-06,1.1888459140906048e-06,-8.199445883677621e-07,-2.8471256072730064e-06,0.0,0.0,0.0,-1.57079,0.0,1.57079,-0.7853
8.740254908,1785935957.471391439,HOME,2.869789616003585e-06,0.006581161918015591,-2.8580429014267505e-06,-1.5771032844539068,-0.00033459285010027705,1.5696489484141642,-0.7852997501140044,-3.00127196773992e-05,5.8957277461511825e-06,1.011910384665653e-05,3.684466571381374e-06,9.956369319304052e-07,-6.67086053350314e-07,-2.3282207569882337e-06,0.0,0.0,0.0,-1.57079,0.0,1.57079,-0.7853
8.759709477,1785935957.490931749,HOME,2.333260119658901e-06,0.006581267072328084,-2.674789181318844e-06,-1.577103218121818,-0.00033457477320386527,1.569648936481727,-0.785299791869673,-2.439435477975602e-05,4.771426160591916e-06,8.42569540178921e-06,3.0344144349877062e-06,8.329547788184644e-07,-5.428254599297242e-07,-1.903856651988379e-06,0.0,0.0,0.0,-1.57079,0.0,1.57079,-0.7853
8.780243434,1785935957.511063814,HOME,1.897154026026163e-06,0.006581352177648406,-2.5222579960504646e-06,-1.5771031635000097,-0.0003345596580009381,1.5696489267710332,-0.7852998260142413,-1.982899146250296e-05,3.861840680394869e-06,7.010949187739538e-06,2.4984312089788133e-06,6.961708750570107e-07,-4.417927827208998e-07,-1.556815108057189e-06,0.0,0.0,0.0,-1.57079,0.0,1.57079,-0.7853
8.800176836,1785935957.531525612,HOME,1.5426526641956548e-06,0.0065814210621722045,-2.3953817812706277e-06,-1.577103118532094,-0.0003345470312258536,1.5696489188669596,-0.785299853934574,-1.6119034443955818e-05,3.1259051577180035e-06,5.830028285903921e-06,2.056628989024651e-06,5.813138148875126e-07,-3.596302753382644e-07,-1.273012506211254e-06,0.0,0.0,0.0,-1.57079,0.0,1.57079,-0.7853
8.819451832,1785935957.550748348,HOME,1.2544681357515375e-06,0.0065814768220577346,-2.2899109682147227e-06,-1.5771030815205276,-0.00033453649259112617,1.569648912432228,-0.7852998767649184,-1.3104013368105044e-05,2.5304191886479854e-06,4.845086657122054e-06,1.6925605434151063e-06,4.849867237629051e-07,-2.928007857954847e-07,-1.040929413709235e-06,0.0,0.0,0.0,-1.57079,0.0,1.57079,-0.7853
8.839528976,1785935957.570858717,HOME,1.0201800446507841e-06,0.006581521961613399,-2.20228585568569e-06,-1.5771030510644657,-0.0003345277041343345,1.5696489071927529,-0.7852998954329011,-1.065359874414592e-05,2.048539327897026e-06,4.024229235438823e-06,1.3926296840359844e-06,4.042922857161986e-07,-2.3843264433784074e-07,-8.5114392542877e-07,0.0,0.0,0.0,-1.57079,0.0,1.57079,-0.7853
8.859719780,1785935957.590802670,HOME,8.296969835767903e-07,0.00658155850659972,-2.1295276773437925e-06,-1.5771030260082783,-0.00033452038097911836,1.5696489029257572,-0.7852999106971521,-8.661933457299533e-06,1.6585601256110697e-06,3.3406151171775143e-06,1.1456014979116276e-06,3.3676551514318277e-07,-1.9419397656437016e-07,-6.959498866763338e-07,0.0,0.0,0.0,-1.57079,0.0,1.57079,-0.7853
8.880280772,1785935957.611498594,HOME,6.748192805192901e-07,0.006581588095809291,-2.0691461899580772e-06,-1.5771030053989223,-0.00033451428335755097,1.5696488994501347,-0.7852999231780811,-7.043031712601067e-06,1.342929242488117e-06,2.7716869666833663e-06,9.421957574532891e-07,2.8031403898853026e-07,-1.5819087542809086e-07,-5.690445983313464e-07,0.0,0.0,0.0,-1.57079,0.0,1.57079,-0.7853
8.900290159,1785935957.631450891,HOME,5.48883940378038e-07,0.00658161205509543,-2.0190614323751913e-06,-1.5771029884506627,-0.0003345092097481223,1.5696488966186246,-0.785299933383052,-5.727044138758997e-06,1.0874516319680515e-06,2.2985110135125533e-06,7.747496414465333e-07,2.331654640489591e-07,-1.2888482235218354e-07,-4.6527330708038085e-07,0.0,0.0,0.0,-1.57079,0.0,1.57079,-0.7853
8.920004854,1785935957.651113987,HOME,4.464763106827287e-07,0.006581631457217945,-1.977537602346443e-06,-1.5771029745158853,-0.0003345049909933824,1.5696488943114637,-0.7852999417269731,-4.657225781544859e-06,8.806464340014164e-07,1.9052134022129213e-06,6.36938019989468e-07,1.9382129407525383e-07,-1.0502575453553913e-07,-3.8042021661650775e-07,0.0,0.0,0.0,-1.57079,0.0,1.57079,-0.7853
8.940328564,1785935957.671532154,HOME,3.631959163002712e-07,0.00658164717022738,-1.9431272674772713e-06,-1.5771029630609676,-0.0003345014852726818,1.5696488924312346,-0.7852999485491393,-3.7874745334299327e-06,7.132272465701884e-07,1.5785000786521335e-06,5.235416863140115e-07,1.6101680804036754e-07,-8.559777904782228e-08,-3.1103752034536944e-07,0.0,0.0,0.0,-1.57079,0.0,1.57079,-0.7853
8.960931866,1785935957.691508532,HOME,2.954662735113058e-07,0.0065816598965860165,-1.914624367451423e-06,-1.5771029536463288,-0.00033449857381738973,1.5696488908986808,-0.7852999541270069,-3.0803325390967332e-06,5.776820564673906e-07,1.307248792373306e-06,4.30255371071156e-07,1.3368629924316664e-07,-6.977516336971034e-08,-2.5430554474388963e-07,0.0,0.0,0.0,-1.57079,0.0,1.57079,-0.7853
8.979819891,1785935957.711110830,HOME,2.4038041307519657e-07,0.006581670204801628,-1.8910246783463077e-06,-1.5771029459099517,-0.0003344961572678964,1.5696488896493086,-0.7852999586874605,-2.5053633865422584e-06,4.6793370421807083e-07,1.0821631222992674e-06,3.535287962848405e-07,1.1093308558611792e-07,-5.6886583419367595e-08,-2.0791836391141636e-07,0.0,0.0,0.0,-1.57079,0.0,1.57079,-0.7853
9.001093373,1785935957.731422186,HOME,1.9557539917047636e-07,0.006581678555009111,-1.871492597964498e-06,-1.577102939553769,-0.00033449415258316297,1.5696488886306283,-0.7852999624160268,-2.0378343358643073e-06,3.790654125057984e-07,8.954796678834433e-07,2.904351463422077e-07,9.200373399080784e-08,-4.6386159489876976e-08,-1.699902309060446e-07,0.0,0.0,0.0,-1.57079,0.0,1.57079,-0.7853
9.020259788,1785935957.751083851,HOME,1.591303947537761e-07,0.006581685319659535,-1.8553332756586043e-06,-1.577102934332426,-0.00033449249042432185,1.569648887799911,-0.7852999654644124,-1.6576461742014941e-06,3.0709889521091963e-07,7.407206772315162e-07,2.3856226591363515e-07,7.626597953823841e-08,-3.7829924642147997e-08,-1.3897902835742714e-07,0.0,0.0,0.0,-1.57079,0.0,1.57079,-0.7853
9.039920597,1785935957.770867348,HOME,1.2948384935801876e-07,0.006581690800253703,-1.8419692532960861e-06,-1.5771029300440045,-0.00033449111294371603,1.5696488871223688,-0.7852999679566656,-1.3484641054231614e-06,2.4881495623476206e-07,6.124854035480859e-07,1.959226935060167e-07,6.318986624921124e-08,-3.08567280801802e-08,-1.1362368804145647e-07,0.0,0.0,0.0,-1.57079,0.0,1.57079,-0.7853
9.060039009,1785935957.791337729,HOME,1.0536621760303445e-07,0.0065816952408776445,-1.8309209079841456e-06,-1.5771029265223697,-0.00033448997191972747,1.569648886569673,-0.7852999699942178,-1.0970118603671393e-06,2.016084423874087e-07,5.062743926170464e-07,1.6087934028618314e-07,5.233168113448879e-08,-2.517274706027922e-08,-9.289298449712212e-08,0.0,0.0,0.0,-1.57079,0.0,1.57079,-0.7853
9.079904303,1785935957.811244965,HOME,8.574529217380035e-08,0.006581698839152065,-1.8217900940877737e-06,-1.5771029236308594,-0.00033448902718577386,1.5696488861187505,-0.7852999716600063,-8.924983359838692e-07,1.6337094333433054e-07,4.183417099050167e-07,1.3208405913024962e-07,4.332030258560095e-08,-2.0538871829215594e-08,-7.594365020083603e-08,0.0,0.0,0.0,-1.57079,0.0,1.57079,-0.7853
9.099961730,1785935957.830881834,HOME,6.978178330403635e-08,0.006581701755090581,-1.8142464739383086e-06,-1.577102921257077,-0.0003344882453089926,1.5696488857508066,-0.7852999730218444,-7.261518499332521e-07,1.3239593391999984e-07,3.4557082581906214e-07,1.084269147728117e-07,3.5845623900500265e-08,-1.676048858422986e-08,-6.208613849443713e-08,0.0,0.0,0.0,-1.57079,0.0,1.57079,-0.7853
9.119957691,1785935957.850966215,HOME,5.6793221871546946e-08,0.006581704118266734,-1.8080161053055313e-06,-1.5771029193086035,-0.0003344875984804178,1.569648885450527,-0.7852999741351796,-5.908417867059468e-07,1.0730206086724414e-07,2.8537049691777414e-07,8.899431273108986e-08,2.9648756666627272e-08,-1.3679167930987187e-08,-5.0756601546752155e-08,0.0,0.0,0.0,-1.57079,0.0,1.57079,-0.7853
9.140350256,1785935957.870895624,HOME,4.622462451737739e-08,0.006581706033613136,-1.802871920901678e-06,-1.577102917709459,-0.00033448706358395604,1.5696488852054336,-0.7852999750453464,-4.807712169878688e-07,8.697108920832296e-08,2.3558751956009287e-07,7.303443066046236e-08,2.4513755520131886e-08,-1.1165921364811519e-08,-4.149399323139592e-08,0.0,0.0,0.0,-1.57079,0.0,1.57079,-0.7853
9.159473219,1785935957.890910149,HOME,3.76246525357561e-08,0.00658170758611424,-1.7986257924121861e-06,-1.5771029163971926,-0.00033448662141626306,1.5696488850053556,-0.7852999757894116,-3.9122716013170993e-07,7.049771475944762e-08,1.9443369838628103e-07,5.992872643248474e-08,2.0260639423134547e-08,-9.115702767775503e-09,-3.392133054553389e-08,0.0,0.0,0.0,-1.57079,0.0,1.57079,-0.7853
9.180703976,1785935957.910846949,HOME,3.0626234440802736e-08,0.0065817088446040485,-1.7951219201862611e-06,-1.5771029153204816,-0.0003344862560337662,1.5696488848420027,-0.785299976397681,-3.183776668482686e-07,5.714895410991055e-08,1.6042477383809511e-07,4.916840745894392e-08,1.673951580522934e-08,-7.44294945750256e-09,-2.7730360038340685e-08,0.0,0.0,0.0,-1.57079,0.0,1.57079,-0.7853
9.199835009,1785935957.930556297,HOME,2.493081550022063e-08,0.006581709864839764,-1.792231330959937e-06,-1.577102914437156,-0.00033448595420666624,1.5696488847086159,-0.7852999768949324,-2.591069332251584e-07,4.633130069645425e-08,1.3232939707909088e-07,4.033504612409028e-08,1.3825639274011188e-08,-6.077969640745651e-09,-2.2669045935786592e-08,0.0,0.0,0.0,-1.57079,0.0,1.57079,-0.7853
9.220359268,1785935957.951563597,HOME,2.029555455683067e-08,0.006581710691989636,-1.7898473008855982e-06,-1.5771029137125716,-0.00033448570496282247,1.5696488845996834,-0.7852999773014235,-2.1088130993504304e-07,3.7564142793341564e-08,1.0912653652799487e-07,3.30845943749445e-08,1.1415263494254552e-08,-4.96397112069716e-09,-1.8531312638419273e-08,0.0,0.0,0.0,-1.57079,0.0,1.57079,-0.7853
9.239714359,1785935957.971002340,HOME,1.652291598902063e-08,0.006581711362647632,-1.7878815506214558e-06,-1.5771029131182728,-0.0003344854992070541,1.5696488845107126,-0.7852999776337168,-1.7164040725608754e-07,3.0458636907631376e-08,8.996995518099498e-08,2.7134584695390267e-08,9.422166811290938e-09,-4.05363729394913e-09,-1.51486650311219e-08,0.0,0.0,0.0,-1.57079,0.0,1.57079,-0.7853
9.259467371,1785935957.990931511,HOME,1.345220817351143e-08,0.006581711906459742,-1.7862610841711318e-06,-1.5771029126308924,-0.0003344853294037385,1.5696488844380299,-0.7852999779053528,-1.3970861369228172e-07,2.4698030883686826e-08,7.415857901740886e-08,2.2251081652172132e-08,7.774705267007448e-09,-3.313395697492059e-09,-1.2383344079970306e-08,0.0,0.0,0.0,-1.57079,0.0,1.57079,-0.7853
9.280267330,1785935958.011404276,HOME,1.0952704139588853e-08,0.006581712347450905,-1.7849255638586205e-06,-1.577102912231238,-0.0003344851893121176,1.5696488843786505,-0.7852999781274016,-1.1372311734426665e-07,2.0029171611061842e-08,6.111189479806675e-08,1.8245246730111224e-08,6.4134515322868215e-09,-2.706450975529188e-09,-1.0122715560455163e-08,0.0,0.0,0.0,-1.57079,0.0,1.57079,-0.7853
9.299770124,1785935958.031010151,HOME,8.918047999411121e-09,0.006581712705091618,-1.7838251319421452e-06,-1.5771029119035553,-0.00033448507376619875,1.5696488843301388,-0.7852999783089135,-9.257550862554e-08,1.6243338163568e-08,5.0349341511655396e-08,1.4957970476769823e-08,5.28903219635712e-09,-2.214232793015354e-09,-8.274690486268767e-09,0.0,0.0,0.0,-1.57079,0.0,1.57079,-0.7853
9.319838242,1785935958.051310539,HOME,7.261706713437984e-09,0.006581712995150796,-1.7829186036259302e-06,-1.577102911634916,-0.00033448497849141557,1.569648884290488,-0.7852999784572873,-7.536416961650153e-08,1.3174619671252809e-08,4.147333571450915e-08,1.2262451179200304e-08,4.36060557875293e-09,-1.8085259321376002e-09,-6.763972360217892e-09,0.0,0.0,0.0,-1.57079,0.0,1.57079,-0.7853
9.339577203,1785935958.070797205,HOME,5.913271716235215e-09,0.0065817132304202275,-1.782171968722122e-06,-1.577102911414701,-0.0003344848999521604,1.5696488842580854,-0.7852999785785718,-6.135571337001655e-08,1.0686616126010441e-08,3.415500047910228e-08,1.0051833101601123e-08,3.59421428094211e-09,-1.4772629150846419e-09,-5.5290131084803535e-09,0.0,0.0,0.0,-1.57079,0.0,1.57079,-0.7853
9.359769519,1785935958.091375113,HOME,4.815451125079501e-09,0.0065817134212643146,-1.7815571502200892e-06,-1.5771029112341994,-0.000334484835225219,1.5696488842316052,-0.7852999786777118,-4.995352248151807e-08,8.669827859716521e-09,2.8122428264191597e-08,8.239610629676542e-09,2.9617873471982362e-09,-1.204836981165796e-09,-4.51948797853407e-09,0.0,0.0,0.0,-1.57079,0.0,1.57079,-0.7853
9.381831851,1785935958.112150908,HOME,3.921623665082365e-09,0.0065817135760798725,-1.781050975856743e-06,-1.577102911086267,-0.00033448478189465137,1.5696488842099523,-0.7852999787587497,-4.067225796181509e-08,7.032041464396416e-09,2.3150842297027177e-08,6.751184779354499e-09,2.4400187232741936e-09,-9.889106777799421e-10,-3.6942564806600575e-09,0.0,0.0,0.0,-1.57079,0.0,1.57079,-0.7853
9.399572059,1785935958.130749941,HOME,3.193849337444237e-09,0.006581713701677852,-1.7806343264713556e-06,-1.5771029109650379,-0.00033448473796428047,1.569648884192251,-0.7852999788249904,-3.3116991537221844e-08,5.705519489427116e-09,1.905459893432928e-08,5.532786886074052e-09,2.0097231949614842e-09,-8.072625491272387e-10,-3.0196751516676314e-09,0.0,0.0,0.0,-1.57079,0.0,1.57079,-0.7853
9.419817455,1785935958.151374102,HOME,2.601251219272676e-09,0.006581713803583213,-1.7802914312960129e-06,-1.577102910865698,-0.00033448470178547697,1.5696488841777843,-0.785299978879135,-2.696644911760691e-08,4.630477647326183e-09,1.568029600768087e-08,4.5347158534183745e-09,1.6549493228639733e-09,-6.565965097954765e-10,-2.4682496630747567e-09,0.0,0.0,0.0,-1.57079,0.0,1.57079,-0.7853
9.440376094,1785935958.171126604,HOME,2.1186992098259134e-09,0.006581713886266945,-1.7800092849292925e-06,-1.5771029107843073,-0.00033448467199714024,1.5696488841659462,-0.7852999789233921,-2.1959241643788023e-08,3.755535718808477e-09,1.2901236267300627e-08,3.713443089889197e-09,1.3624654345868956e-09,-5.420195524736922e-10,-2.017506998995343e-09,0.0,0.0,0.0,-1.57079,0.0,1.57079,-0.7853
9.459725620,1785935958.191058636,HOME,1.7257394976268305e-09,0.006581713953360565,-1.7797771649328402e-06,-1.577102910717626,-0.00033448464747565503,1.5696488841562675,-0.7852999789595668,-1.788259067853447e-08,3.047965604196143e-09,1.061293160618642e-08,3.042696004770939e-09,1.1214654628732165e-09,-4.418571200796347e-10,-1.6490606377885478e-09,0.0,0.0,0.0,-1.57079,0.0,1.57079,-0.7853
9.479627142,1785935958.210859299,HOME,1.4057234530583496e-09,0.006581714007810911,-1.7795862332646643e-06,-1.577102910662998,-0.0003344846272939554,1.5696488841483598,-0.7852999789891351,-1.4563407768164871e-08,2.475083045685633e-09,8.729075916350576e-09,2.493993056711562e-09,9.229230572435404e-10,-3.571784217154693e-10,-1.3478877793073014e-09,0.0,0.0,0.0,-1.57079,0.0,1.57079,-0.7853
9.500664890,1785935958.231577873,HOME,1.1450989740836204e-09,0.0065817140519973585,-1.7794292068608317e-06,-1.5771029106182544,-0.00033448461068742117,1.5696488841418799,-0.7852999790133033,-1.1860853271277365e-08,2.007453119850248e-09,7.178439708688454e-09,2.0414991664076392e-09,7.593366769686887e-10,-2.962927044351278e-10,-1.1017136375231485e-09,0.0,0.0,0.0,-1.57079,0.0,1.57079,-0.7853
9.519281151,1785935958.250706196,HOME,9.328341627443323e-10,0.006581714087860634,-1.7793000851852724e-06,-1.5771029105816063,-0.00033448459702528654,1.5696488841365808,-0.7852999790330573,-9.660236829031346e-09,1.6291296444171906e-09,5.9023524816570635e-09,1.6718967188888194e-09,6.246521728619488e-10,-2.423246338238015e-10,-9.00487733431698e-10,0.0,0.0,0.0,-1.57079,0.0,1.57079,-0.7853
9.539895980,1785935958.271251678,HOME,7.599481313982673e-10,0.006581714116974061,-1.779193925533375e-06,-1.577102910551587,-0.0003344845857875488,1.569648884132258,-0.7852999790492031,-7.868243557597974e-09,1.324305189196093e-09,4.8524010128318045e-09,1.3711011339131404e-09,5.137853391277903e-10,-1.9300381375375725e-10,-7.360101159599852e-10,0.0,0.0,0.0,-1.57079,0.0,1.57079,-0.7853
9.560080657,1785935958.291094780,HOME,6.1912919995082e-10,0.006581714140601068,-1.7791066575464e-06,-1.5771029105270087,-0.0003344845765458248,1.5696488841287053,-0.7852999790623999,-6.408974429906046e-09,1.073399699238331e-09,3.988606895331462e-09,1.121185202633663e-09,4.2246651065350945e-10,-1.6300691888463206e-10,-6.01575032455353e-10,0.0,0.0,0.0,-1.57079,0.0,1.57079,-0.7853
9.579732935,1785935958.311129332,HOME,5.044246177153215e-10,0.006581714159782259,-1.7790349296145489e-06,-1.5771029105068815,-0.00033448456894682153,1.5696488841258007,-0.785299979073186,-5.220559721492783e-09,8.711403447504434e-10,3.2781263236110994e-09,9.178784308471079e-10,3.473496763553478e-10,-1.3328792602966186e-10,-4.916854917639422e-10,0.0,0.0,0.0,-1.57079,0.0,1.57079,-0.7853
9.600768923,1785935958.331645250,HOME,4.109876282553643e-10,0.006581714175359395,-1.7789759826564805e-06,-1.577102910490396,-0.0003344845626995441,1.5696488841234397,-0.7852999790820019,-4.252672555368888e-09,7.096561606371281e-10,2.693856515574966e-09,7.538715454906195e-10,2.8557001788256793e-10,-1.025517075398939e-10,-4.0186604992254923e-10,0.0,0.0,0.0,-1.57079,0.0,1.57079,-0.7853
9.619471724,1785935958.350784779,HOME,3.348716587532604e-10,0.006581714188000732,-1.7789275459538054e-06,-1.5771029104769045,-0.00033448455756457537,1.569648884121489,-0.7852999790892073,-3.464411374138367e-09,5.741599201911099e-10,2.2133847438750038e-09,6.150936028065893e-10,2.346717201450775e-10,-9.044226572158444e-11,-3.284589590054803e-10,0.0,0.0,0.0,-1.57079,0.0,1.57079,-0.7853
9.639929196,1785935958.371402740,HOME,2.728632609618459e-10,0.006581714198265367,-1.7788877507126379e-06,-1.5771029104658585,-0.00033448455334443236,1.5696488841198957,-0.7852999790950964,-2.8223595421235705e-09,4.662502625736795e-10,1.8183925386295777e-09,5.036971073560285e-10,1.928575289110299e-10,-7.329859768161839e-11,-2.6845479420367307e-10,0.0,0.0,0.0,-1.57079,0.0,1.57079,-0.7853
9.660139777,1785935958.391224146,HOME,2.2234560791844036e-10,0.006581714206600865,-1.778855059419783e-06,-1.5771029104568153,-0.00033448454987669194,1.569648884118593,-0.7852999790999097,-2.2993918660315358e-09,3.7867937070016007e-10,1.4937009661540588e-09,4.124955931090449e-10,1.584646830534552e-10,-5.946543470370041e-11,-2.1941103944431165e-10,0.0,0.0,0.0,-1.57079,0.0,1.57079,-0.7853
9.680447301,1785935958.411819935,HOME,1.8118769949534844e-10,0.006581714213372705,-1.7788282072455262e-06,-1.57710291044941,-0.00033448454702761767,1.5696488841175331,-0.7852999791038435,-1.873411313012567e-09,3.0708501910334497e-10,1.2268267478175696e-09,3.3701297592657425e-10,1.3016385495231162e-10,-5.099435631293931e-11,-1.7932933111845554e-10,0.0,0.0,0.0,-1.57079,0.0,1.57079,-0.7853
9.700079901,1785935958.431498289,HOME,1.4765399236314214e-10,0.006581714218867915,-1.7788061539751274e-06,-1.5771029104433523,-0.00033448454468723246,1.569648884116656,-0.7852999791070587,-1.5263998515835593e-09,2.4948085614451815e-10,1.0075223466565293e-09,2.7606319341908775e-10,1.0693053050332854e-10,-4.075020167631744e-11,-1.4656329873560287e-10,0.0,0.0,0.0,-1.57079,0.0,1.57079,-0.7853
9.719777008,1785935958.451212883,HOME,1.203311025783189e-10,0.00658171422333198,-1.7787880440599935e-06,-1.5771029104383936,-0.000334484542764953,1.5696488841159406,-0.7852999791096867,-1.2437146297558357e-09,2.0272191069285264e-10,8.273242792015431e-10,2.2615262891998424e-10,8.78250391160137e-11,-3.269143461576305e-11,-1.1978265135697746e-10,0.0,0.0,0.0,-1.57079,0.0,1.57079,-0.7853
9.740200426,1785935958.471141815,HOME,9.806786570507889e-11,0.006581714226961436,-1.7787731740579393e-06,-1.5771029104343315,-0.00033448454118627837,1.5696488841153629,-0.7852999791118345,-1.0134316876204185e-09,1.6412169453360398e-10,6.79267471117605e-10,1.8428974902833225e-10,7.209615339887574e-11,-2.963841712704018e-11,-9.789976086065247e-11,0.0,0.0,0.0,-1.57079,0.0,1.57079,-0.7853
9.760181318,1785935958.491654158,HOME,7.992657557969768e-11,0.006581714229905105,-1.7787609657699021e-06,-1.5771029104310113,-0.00033448453989002176,1.5696488841148801,-0.7852999791135896,-8.258100643552421e-10,1.3339189070533813e-10,5.576546930742353e-10,1.5098012071661872e-10,5.920977823016141e-11,-2.3215616621402282e-11,-8.000853250051752e-11,0.0,0.0,0.0,-1.57079,0.0,1.57079,-0.7853
9.779707041,1785935958.510906219,HOME,6.514353648604124e-11,0.006581714232297147,-1.7787509437956386e-06,-1.5771029104282936,-0.00033448453882576305,1.5696488841144869,-0.7852999791150241,-6.729481865434442e-10,1.0861665843173525e-10,4.5776816497159633e-10,1.238852893154514e-10,4.861431212575341e-11,-1.810844164405173e-11,-6.538909414837166e-11,0.0,0.0,0.0,-1.57079,0.0,1.57079,-0.7853
9.801110765,1785935958.531465292,HOME,5.309663616758015e-11,0.006581714234244009,-1.7787427174514758e-06,-1.5771029104260668,-0.00033448453795208784,1.5696488841141716,-0.7852999791161965,-5.48415434661076e-10,8.743892620323257e-11,3.7571974308607733e-10,1.0036024109213415e-10,3.987604158083877e-11,-1.8419375030363255e-11,-5.344526380052988e-11,0.0,0.0,0.0,-1.57079,0.0,1.57079,-0.7853
9.820115510,1785935958.550665379,HOME,4.327904322840778e-11,0.006581714235820484,-1.7787359657639089e-06,-1.5771029104242484,-0.00033448453723498633,1.5696488841139036,-0.7852999791171547,-4.4693316609571897e-10,7.116605893447354e-11,3.083580255953613e-10,8.23483896151826e-11,3.274603994090465e-11,-1.3700765394502723e-11,-4.367562503995483e-11,0.0,0.0,0.0,-1.57079,0.0,1.57079,-0.7853
9.839466649,1785935958.570770979,HOME,3.527795498754909e-11,0.0065817142371026064,-1.77873042489861e-06,-1.5771029104227599,-0.0003344845366464404,1.569648884113687,-0.7852999791179378,-3.6424193704322887e-10,5.814423437517351e-11,2.530508391397649e-10,6.778640119392128e-11,2.6879783487559765e-11,-1.0100117338432718e-11,-3.569289649971239e-11,0.0,0.0,0.0,-1.57079,0.0,1.57079,-0.7853
9.860169955,1785935958.591559410,HOME,2.8757040937766444e-11,0.006581714238146702,-1.7787258781452626e-06,-1.5771029104215402,-0.00033448453616344493,1.5696488841135152,-0.7852999791185776,-2.968541250836101e-10,4.836067676394029e-11,2.0765181416410116e-10,5.661569571035627e-11,2.2073806347869027e-11,-5.054494830795126e-12,-2.916974615960607e-11,0.0,0.0,0.0,-1.57079,0.0,1.57079,-0.7853
9.880841721,1785935958.611482382,HOME,2.344224841539448e-11,0.006581714238993249,-1.7787221475385251e-06,-1.5771029104205445,-0.00033448453576718633,1.5696488841133671,-0.7852999791191007,-2.419657141133687e-10,3.7690094304154774e-11,1.7035313600694792e-10,4.4582702063129964e-11,1.808724798900066e-11,-8.831075797471873e-12,-2.3840866035274708e-11,0.0,0.0,0.0,-1.57079,0.0,1.57079,-0.7853
9.899626165,1785935958.630916834,HOME,1.9110362538926414e-11,0.006581714239680788,-1.7787190868340454e-06,-1.5771029104197294,-0.000334484535442053,1.5696488841132479,-0.7852999791195281,-1.9721632227305656e-10,3.101894651161289e-11,1.3976196023532847e-10,3.6939789901538545e-11,1.484540479030991e-11,-5.9069069721622626e-12,-1.9484028014051377e-11,0.0,0.0,0.0,-1.57079,0.0,1.57079,-0.7853
9.920479499,1785935958.651082277,HOME,1.5579497679971693e-11,0.0065817142402423735,-1.7787165759440124e-06,-1.5771029104190597,-0.0003344845351752955,1.5696488841131582,-0.7852999791198775,-1.607403807183532e-10,2.6603926299870616e-11,1.146639244322842e-10,3.158614107123199e-11,1.2197787897410569e-11,-1.0320048435477602e-12,-1.5921470710228965e-11,0.0,0.0,0.0,-1.57079,0.0,1.57079,-0.7853
9.939620858,1785935958.670713186,HOME,1.2701375343665888e-11,0.006581714240695591,-1.778714516353044e-06,-1.5771029104185164,-0.00033448453495657027,1.5696488841130718,-0.7852999791201628,-1.3104283504041135e-10,1.9618546415827823e-11,9.403109896122966e-11,2.3772168830001354e-11,9.977111660910812e-12,-6.456596515691189e-12,-1.3012955111656628e-11,0.0,0.0,0.0,-1.57079,0.0,1.57079,-0.7853
9.960046399,1785935958.691011190,HOME,1.0355298318366945e-11,0.006581714241063882,-1.7787128270281705e-06,-1.5771029104180707,-0.00033448453477712657,1.5696488841130056,-0.7852999791203963,-1.0681543104213969e-10,1.6457832300586904e-11,7.71293018412692e-11,2.0048526707825927e-11,8.191058084060856e-12,-3.593656200065578e-12,-1.0633582632155619e-11,0.0,0.0,0.0,-1.57079,0.0,1.57079,-0.7853
9.981275753,1785935958.711610794,HOME,8.44285932828441e-12,0.006581714241366934,-1.7787114415055e-06,-1.5771029104177028,-0.00033448453462992255,1.5696488841129612,-0.785299979120587,-8.706027337561525e-11,1.5104721534148067e-11,6.32722895694198e-11,1.8090330269978765e-11,6.741840277528711e-12,1.761153508763263e-12,-8.688151758451941e-12,0.0,0.0,0.0,-1.57079,0.0,1.57079,-0.7853
9.999460931,1785935958.730824471,HOME,6.883792210205275e-12,0.0065817142416092125,-1.7787103053174675e-06,-1.5771029104174061,-0.0003344845345092952,1.5696488841129113,-0.7852999791207428,-7.098604452439644e-11,1.0821793628472697e-11,5.187099502636534e-11,1.332108119443777e-11,5.499687419269803e-12,-3.1482407837698193e-12,-7.10296663755692e-12,0.0,0.0,0.0,-1.57079,0.0,1.57079,-0.7853
10.020355698,1785935958.751574993,HOME,5.6127968951905945e-12,0.006581714241806778,-1.778709373626111e-06,-1.5771029104171632,-0.0003344845344103711,1.5696488841128724,-0.7852999791208701,-5.7871716522846995e-11,8.555117785742188e-12,4.2531417976662493e-11,1.0722201033945602e-11,4.514399776158909e-12,-2.5036601913825753e-12,-5.803471533542952e-12,0.0,0.0,0.0,-1.57079,0.0,1.57079,-0.7853
10.039850448,1785935958.770962477,HOME,4.576654877808404e-12,0.0065817142419717905,-1.778708609632046e-06,-1.5771029104169594,-0.0003344845343291879,1.5696488841128544,-0.785299979120974,-4.716329109929295e-11,9.101260698146067e-12,3.4893854463783726e-11,1.084514103089344e-11,3.731254491708115e-12,3.778364268286963e-12,-4.739808818713164e-12,0.0,0.0,0.0,-1.57079,0.0,1.57079,-0.7853
10.060060083,1785935958.791383505,HOME,3.731858583457801e-12,0.006581714242100852,-1.7787079832990518e-06,-1.5771029104167982,-0.00033448453426273254,1.5696488841128238,-0.7852999791210591,-3.846886248636405e-11,5.592367118126415e-12,2.8588380517271228e-11,6.980922842721642e-12,3.0225110650728512e-12,-2.7129039792960834e-12,-3.877925525854548e-12,0.0,0.0,0.0,-1.57079,0.0,1.57079,-0.7853
10.079914085,1785935958.811258554,HOME,3.04308109863514e-12,0.006581714242205665,-1.7787074698257325e-06,-1.5771029104166674,-0.0003344845342082541,1.5696488841127987,-0.7852999791211286,-3.1364706487905794e-11,4.2420562342462225e-12,2.343545491777177e-11,5.5687180847578464e-12,2.4853088894795315e-12,-2.0149204792690742e-12,-3.1666818299164403e-12,0.0,0.0,0.0,-1.57079,0.0,1.57079,-0.7853
10.100177331,1785935958.831342697,HOME,2.481561594140801e-12,0.006581714242296774,-1.778707048818759e-06,-1.5771029104165537,-0.00033448453416349194,1.5696488841127965,-0.7852999791211857,-2.5551096480001727e-11,6.120761056996585e-12,1.923767479136547e-11,7.1390878862948354e-12,2.0743068778050778e-12,5.577484971667792e-12,-2.5834522229714162e-12,0.0,0.0,0.0,-1.57079,0.0,1.57079,-0.7853
10.119864274,1785935958.851055622,HOME,2.0236621866746643e-12,0.0065817142423647,-1.778706703784931e-06,-1.577102910416467,-0.00033448453412692706,1.5696488841127754,-0.7852999791212321,-2.085449790204718e-11,2.747029917168386e-12,1.5744490035003924e-11,3.5080212380398857e-12,1.6553138748983492e-12,-2.6044458040835304e-12,-2.1153501135929164e-12,0.0,0.0,0.0,-1.57079,0.0,1.57079,-0.7853
10.139907324,1785935958.871128798,HOME,1.6503042051612414e-12,0.006581714242420502,-1.778706420971323e-06,-1.5771029104163954,-0.0003344845340969322,1.569648884112761,-0.7852999791212699,-1.7002646445625297e-11,2.286210521691281e-12,1.2906454909281751e-11,3.0193332780550556e-12,1.366682794567077e-12,-1.33843477057069e-12,-1.7272012973605253e-12,0.0,0.0,0.0,-1.57079,0.0,1.57079,-0.7853
10.160315883,1785935958.891207218,HOME,1.345867840923128e-12,0.00658171424246654,-1.7787061891738416e-06,-1.5771029104163363,-0.0003344845340723499,1.5696488841127505,-0.7852999791213008,-1.3862400535188038e-11,1.937340934166653e-12,1.0579900112534552e-11,2.6501241524459056e-12,1.1230331246354467e-12,-5.072539199552486e-13,-1.4108278236724514e-12,0.0,0.0,0.0,-1.57079,0.0,1.57079,-0.7853
10.179700901,1785935958.911042452,HOME,1.0976465622234223e-12,0.006581714242507213,-1.778705999171464e-06,-1.577102910416285,-0.00033448453405217956,1.5696488841127494,-0.7852999791213261,-1.1311434659337629e-11,1.098941640740805e-12,8.66254484930936e-12,1.4623610502421232e-12,8.986490368788861e-13,-2.9631485181488963e-12,-1.1574538583396372e-12,0.0,0.0,0.0,-1.57079,0.0,1.57079,-0.7853
10.199318803,1785935958.930861950,HOME,8.952052007121412e-13,0.00658171424253638,-1.7787058435013803e-06,-1.5771029104162466,-0.0003344845340356822,1.5696488841127396,-0.7852999791213467,-9.222002926304149e-12,9.663860326641267e-13,7.100439776094157e-12,1.347037382786052e-12,7.481770669456553e-13,-1.4832438824625382e-12,-9.427738650687773e-13,0.0,0.0,0.0,-1.57079,0.0,1.57079,-0.7853
10.220831362,1785935958.951828957,HOME,7.30112767239899e-13,0.006581714242560056,-1.7787057159460616e-06,-1.5771029104162155,-0.0003344845340221758,1.5696488841127314,-0.7852999791213636,-7.517324570663723e-12,8.948739837064763e-13,5.82186774989454e-12,1.3971326317775543e-12,6.182291851214761e-13,-3.6784135965627377e-13,-7.704819947781329e-13,0.0,0.0,0.0,-1.57079,0.0,1.57079,-0.7853
10.240137231,1785935958.971516609,HOME,5.955180444814782e-13,0.006581714242583734,-1.7787056113780792e-06,-1.5771029104161858,-0.00033448453401106753,1.569648884112735,-0.7852999791213775,-6.1395870520005775e-12,1.553855011978137e-13,4.760548869108935e-12,2.805416755361969e-13,4.79849985811306e-13,-3.425665060013716e-12,-6.330376343924409e-13,0.0,0.0,0.0,-1.57079,0.0,1.57079,-0.7853
10.261222718,1785935958.992301226,HOME,4.857176345603129e-13,0.006581714242598271,-1.778705525745894e-06,-1.5771029104161658,-0.00033448453400200496,1.5696488841127272,-0.7852999791213887,-5.004507590083401e-12,2.165632068679583e-13,3.9025107529595595e-12,4.1404950052606774e-13,4.0770898246999695e-13,-1.6471306951755168e-12,-5.143050054017867e-13,0.0,0.0,0.0,-1.57079,0.0,1.57079,-0.7853
10.281335329,1785935959.011607885,HOME,3.9617767525369444e-13,0.006581714242611049,-1.7787054555784888e-06,-1.5771029104161487,-0.0003344845339945717,1.5696488841127236,-0.785299979121398,-4.0780325467431965e-12,4.57023291152344e-13,3.2014045001803135e-12,7.026335668366353e-13,3.3938121865300117e-13,-3.6582688260791925e-13,-4.2046868006303704e-13,0.0,0.0,0.0,-1.57079,0.0,1.57079,-0.7853
10.301154757,1785935959.031619549,HOME,3.2316512706166815e-13,0.0065817142426235035,-1.778705398077238e-06,-1.5771029104161327,-0.0003344845339884613,1.5696488841127254,-0.7852999791214055,-3.317125129455961e-12,1.3568111319693495e-12,2.6333439102028407e-12,1.597410843786939e-12,2.9298301767906915e-13,2.5433119257797998e-12,-3.4253207909790833e-13,0.0,0.0,0.0,-1.57079,0.0,1.57079,-0.7853
10.320976910,1785935959.051497459,HOME,2.635976982349802e-13,0.006581714242632002,-1.7787053509932314e-06,-1.5771029104161218,-0.0003344845339835015,1.5696488841127205,-0.7852999791214116,-2.718936877059523e-12,-3.1323662436143096e-13,2.1407454279683844e-12,-2.218221682117813e-13,2.1887626051564668e-13,-2.0554506726297686e-12,-2.821061772605302e-13,0.0,0.0,0.0,-1.57079,0.0,1.57079,-0.7853
10.340009667,1785935959.071118116,HOME,2.1502106322944262e-13,0.006581714242638603,-1.7787053124166456e-06,-1.5771029104161127,-0.000334484533979414,1.569648884112718,-0.7852999791214166,-2.2137598430702524e-12,9.140020448682304e-14,1.758240249776409e-12,2.363298612371428e-13,1.8517093438874786e-13,-5.130220525714462e-13,-2.3036307228474207e-13,0.0,0.0,0.0,-1.57079,0.0,1.57079,-0.7853
10.359940961,1785935959.090969801,HOME,1.75410358380386e-13,0.006581714242645725,-1.7787052808061519e-06,-1.5771029104161034,-0.00033448453397604786,1.5696488841127212,-0.7852999791214208,-1.7939622214757094e-12,1.3189799886467117e-12,1.454331727834923e-12,1.5248000680912582e-12,1.7157057993842267e-13,3.2157847073011688e-12,-1.8607154011997404e-13,0.0,0.0,0.0,-1.57079,0.0,1.57079,-0.7853
10.380107900,1785935959.111510515,HOME,1.4308288314828023e-13,0.006581714242649884,-1.778705254934556e-06,-1.577102910416098,-0.00033448453397334017,1.5696488841127163,-0.7852999791214241,-1.479958594345589e-12,-6.711091766625556e-13,1.1708233244241873e-12,-6.445174282384634e-13,1.1440346459078523e-13,-2.4741612715984544e-12,-1.5514286239525484e-13,0.0,0.0,0.0,-1.57079,0.0,1.57079,-0.7853
10.399289664,1785935959.130680323,HOME,1.1672272594158298e-13,0.006581714242652968,-1.7787052337370659e-06,-1.577102910416093,-0.00033448453397109273,1.569648884112715,-0.7852999791214268,-1.2024382863852472e-12,-1.1796363955113525e-13,9.646290722082123e-13,-1.4708399450873727e-14,1.0089564444090969e-13,-5.931382118498435e-13,-1.2655957480411794e-13,0.0,0.0,0.0,-1.57079,0.0,1.57079,-0.7853
10.420115441,1785935959.151409864,HOME,9.524434671397093e-14,0.006581714242658606,-1.7787052163477615e-06,-1.577102910416086,-0.00033448453396921354,1.569648884112722,-0.785299979121429,-9.680301656898338e-13,1.4264948894985991e-12,8.055546658107457e-13,1.4839539306289534e-12,1.0447387152237634e-13,3.6683253110596945e-12,-1.0257920669803966e-13,0.0,0.0,0.0,-1.57079,0.0,1.57079,-0.7853
10.441700582,1785935959.171974421,HOME,7.76887345566243e-14,0.006581714242659595,-1.7787052021483134e-06,-1.5771029104160843,-0.000334484533967747,1.5696488841127163,-0.7852999791214312,-8.012291445489399e-13,-1.2612742784810575e-13,6.462619287971164e-13,-8.383323100977724e-14,6.04426344030807e-14,-1.0509868218515506e-12,-8.455277461230945e-14,0.0,0.0,0.0,-1.57079,0.0,1.57079,-0.7853
10.460894319,1785935959.191541910,HOME,6.337086059137172e-14,0.006581714242660948,-1.7787051905173487e-06,-1.5771029104160825,-0.00033448453396653057,1.5696488841127132,-0.7852999791214323,-6.543665595288046e-13,-3.154949781423052e-13,5.275599640546089e-13,-2.210723270782074e-13,5.4078972275089925e-14,-7.94388026785425e-13,-6.949332075217888e-14,0.0,0.0,0.0,-1.57079,0.0,1.57079,-0.7853
10.480291314,1785935959.211400986,HOME,5.1728436890145605e-14,0.006581714242665331,-1.7787051809481015e-06,-1.5771029104160772,-0.000334484533965468,1.5696488841127214,-0.7852999791214335,-5.175728497890647e-13,1.6603896705337425e-12,4.5173414937199135e-13,1.7057478689533142e-12,7.186196851349071e-14,4.57482116652872e-12,-5.633901216585121e-14,0.0,0.0,0.0,-1.57079,0.0,1.57079,-0.7853
10.500742835,1785935959.231935263,HOME,4.2188116439344456e-14,0.0065817142426647015,-1.7787051731629158e-06,-1.5771029104160774,-0.00033448453396468715,1.5696488841127147,-0.7852999791214346,-4.366172849686095e-13,-2.3826452005247566e-13,3.5316682688764543e-13,-2.1165941399298062e-13,2.7581729908629433e-14,-1.279521630698862e-12,-4.9640691997974154e-14,0.0,0.0,0.0,-1.57079,0.0,1.57079,-0.7853
10.519702671,1785935959.251137018,HOME,3.440814224536765e-14,0.0065817142426649045,-1.7787051667859116e-06,-1.577102910416077,-0.000334484533964029,1.569648884112711,-0.7852999791214357,-3.571701154091559e-13,-4.577702718941221e-13,2.870745423542287e-13,-3.638874901969907e-13,2.8261760042483457e-14,-9.629346809275751e-13,-3.698484410688192e-14,0.0,0.0,0.0,-1.57079,0.0,1.57079,-0.7853
10.540012203,1785935959.271133423,HOME,2.811060950813253e-14,0.006581714242669898,-1.778705161505057e-06,-1.577102910416071,-0.0003344845339634045,1.5696488841127232,-0.7852999791214366,-2.7200479546146334e-13,1.9751471459475413e-12,2.585384170253976e-13,1.977325098156999e-12,5.6158056402506685e-14,5.584776182169244e-12,-2.392212310141107e-14,0.0,0.0,0.0,-1.57079,0.0,1.57079,-0.7853
10.559664721,1785935959.291314602,HOME,2.2920780545260525e-14,0.006581714242668386,-1.7787051572426607e-06,-1.577102910416072,-0.0003344845339629996,1.569648884112716,-0.7852999791214368,-2.4039757135923954e-13,-3.7210186695433717e-13,1.901742749152951e-13,-4.4990705531510796e-13,6.430914141114932e-15,-1.7852213029642723e-12,-2.812552277344564e-14,0.0,0.0,0.0,-1.57079,0.0,1.57079,-0.7853
10.579989222,1785935959.311336756,HOME,1.8692319746618227e-14,0.006581714242667669,-1.7787051537479644e-06,-1.5771029104160725,-0.0003344845339626423,1.569648884112713,-0.7852999791214368,-1.9432200844025854e-13,-2.5474821552673674e-13,1.5732329142118223e-13,-2.300275677544909e-13,1.4301294358792052e-14,-7.565304200610584e-13,-2.4870891521553197e-14,0.0,0.0,0.0,-1.57079,0.0,1.57079,-0.7853
10.599529282,1785935959.330758810,HOME,1.5286576011487375e-14,0.00658171424267277,-1.7787051508339946e-06,-1.5771029104160676,-0.00033448453396227106,1.5696488841127254,-0.7852999791214368,-1.3613887300638546e-13,2.4085269242198106e-12,1.5550306294457077e-13,2.4130176095316995e-12,5.2376678926908325e-14,6.935275626237361e-12,-2.146302715793704e-14,0.0,0.0,0.0,-1.57079,0.0,1.57079,-0.7853
10.620362183,1785935959.351571560,HOME,1.2454349855285434e-14,0.00658171424267001,-1.7787051485107628e-06,-1.57710291041607,-0.00033448453396208046,1.569648884112716,-0.7852999791214369,-1.338793446864767e-13,-4.882895776256293e-13,1.0080717930126281e-13,-5.83679092962181e-13,-6.179830987606639e-15,-2.2029550169428086e-12,-2.573864825244794e-14,0.0,0.0,0.0,-1.57079,0.0,1.57079,-0.7853
10.640427119,1785935959.371105194,HOME,1.0151414752316265e-14,0.006581714242668661,-1.778705146601568e-06,-1.5771029104160712,-0.00033448453396189176,1.5696488841127123,-0.7852999791214369,-1.0704691399323346e-13,-3.3429996824508654e-13,8.447239584738653e-14,-3.098540751335074e-13,6.1142618127693125e-15,-9.276139412776288e-13,-2.3368358253073203e-14,0.0,0.0,0.0,-1.57079,0.0,1.57079,-0.7853
10.660059909,1785935959.390976906,HOME,8.275130024666273e-15,0.006581714242668326,-1.7787051450354097e-06,-1.5771029104160716,-0.00033448453396173476,1.5696488841127108,-0.7852999791214369,-8.530072423400641e-14,-1.8567393968283816e-13,7.14237165687246e-14,-5.2153558000433293e-14,8.416879090792183e-15,-1.1887618676689545e-13,-2.3044132809101618e-14,0.0,0.0,0.0,-1.57079,0.0,1.57079,-0.7853
10.680295607,1785935959.410972834,HOME,6.7724951996173965e-15,0.006581714242671583,-1.7787051437168365e-06,-1.5771029104160685,-0.0003344845339615755,1.5696488841127172,-0.7852999791214369,-7.771390673717786e-14,-6.725484401394032e-13,4.9803628571466797e-14,-8.110362530446503e-13,-1.669269218716046e-14,-2.884576510233319e-12,-2.73428310080836e-14,0.0,0.0,0.0,-1.57079,0.0,1.57079,-0.7853
10.699917522,1785935959.431022167,HOME,5.5160285274826984e-15,0.006581714242669947,-1.778705142676641e-06,-1.5771029104160696,-0.0003344845339614762,1.5696488841127128,-0.7852999791214369,-6.111733024738634e-14,-4.694052131199844e-13,4.264927483993613e-14,-5.013812515246017e-13,-6.165656689081515e-16,-1.3314457562909464e-12,-2.397280506799021e-14,0.0,0.0,0.0,-1.57079,0.0,1.57079,-0.7853
10.720878445,1785935959.451752424,HOME,4.497980082715887e-15,0.006581714242669456,-1.7787051418165384e-06,-1.5771029104160696,-0.00033448453396138554,1.5696488841127119,-0.7852999791214369,-4.6803442731555094e-14,-1.318898325703489e-13,3.862235636105177e-14,-8.73898735837853e-14,4.329024798101836e-15,-2.1622244853835132e-13,-2.3536468580451085e-14,0.0,0.0,0.0,-1.57079,0.0,1.57079,-0.7853
10.739884537,1785935959.471376896,HOME,3.684614731495468e-15,0.006581714242672604,-1.77870514108945e-06,-1.5771029104160672,-0.0003344845339613012,1.5696488841127172,-0.7852999791214369,-4.8168473954532766e-14,-8.781260569941624e-13,2.0822995308546696e-14,-1.0445821132067325e-12,-2.5246496899378443e-14,-3.6421487481303855e-12,-2.7219251091551614e-14,0.0,0.0,0.0,-1.57079,0.0,1.57079,-0.7853
10.759636298,1785935959.490926504,HOME,2.994389898623312e-15,0.00658171424267017,-1.7787051405287559e-06,-1.5771029104160692,-0.0003344845339612532,1.5696488841127119,-0.7852999791214369,-3.6201292109067625e-14,-5.894984820895843e-13,1.9698105031221175e-14,-6.262009382673081e-13,-4.175073759661487e-15,-1.6394907601411442e-12,-2.364695313745699e-14,0.0,0.0,0.0,-1.57079,0.0,1.57079,-0.7853
10.780195711,1785935959.511445761,HOME,2.4402400399745285e-15,0.00658171424266945,-1.7787051400588197e-06,-1.5771029104160699,-0.00033448453396120323,1.5696488841127108,-0.7852999791214369,-2.5796468130581445e-14,-1.6704154120151807e-13,2.0653934328226567e-14,-1.106124482177396e-13,2.5002864062756245e-15,-2.593145663342946e-13,-2.3101520772129716e-14,0.0,0.0,0.0,-1.57079,0.0,1.57079,-0.7853
10.799907316,1785935959.530890703,HOME,2.002405029999881e-15,0.0065817142426711295,-1.7787051396568774e-06,-1.5771029104160683,-0.00033448453396113834,1.5696488841127156,-0.7852999791214369,-1.1409375014846472e-14,9.405943437794738e-13,2.854129738302408e-14,1.026560271339341e-12,1.8389523906416915e-14,2.885945974461506e-12,-2.1815950429282036e-14,0.0,0.0,0.0,-1.57079,0.0,1.57079,-0.7853
10.820020533,1785935959.551259518,HOME,1.6242422043979427e-15,0.006581714242670722,-1.7787051393511129e-06,-1.577102910416069,-0.0003344845339611339,1.569648884112712,-0.7852999791214369,-2.4060082619993558e-14,-7.8541774164354e-13,5.363279756113196e-15,-8.321386051043434e-13,-7.8675392018069e-15,-2.156400715854781e-12,-2.3455306557349132e-14,0.0,0.0,0.0,-1.57079,0.0,1.57079,-0.7853
10.839957943,1785935959.571533680,HOME,1.3237331936007346e-15,0.006581714242670032,-1.7787051390931187e-06,-1.5771029104160694,-0.00033448453396110197,1.5696488841127116,-0.7852999791214369,-1.5395143880101823e-14,-2.606673472472208e-13,9.49681581033875e-15,-2.2587833682114467e-13,3.1280531731226935e-17,-4.924660888513717e-13,-2.2808247081008918e-14,0.0,0.0,0.0,-1.57079,0.0,1.57079,-0.7853
10.859375553,1785935959.590712070,HOME,1.0996649266927493e-15,0.00658171424267223,-1.778705138856254e-06,-1.577102910416067,-0.0003344845339610409,1.569648884112718,-0.7852999791214369,-1.2420652457949313e-15,1.1329479448418133e-12,2.1509987654082275e-14,1.1364466754635147e-12,1.93387972675728e-14,3.268653073954628e-12,-2.219956271417793e-14,0.0,0.0,0.0,-1.57079,0.0,1.57079,-0.7853
10.880072321,1785935959.610840559,HOME,8.766372258486879e-16,0.006581714242670954,-1.7787051387094219e-06,-1.577102910416069,-0.0003344845339610729,1.5696488841127114,-0.7852999791214369,-1.8313177675831658e-14,-1.0096260541240446e-12,-3.5351544594463153e-15,-1.0557850251953467e-12,-1.0836286721280082e-14,-2.729457803176726e-12,-2.4201354163409194e-14,0.0,0.0,0.0,-1.57079,0.0,1.57079,-0.7853
10.901244502,1785935959.631347179,HOME,7.140059384633832e-16,0.006581714242669845,-1.7787051385676919e-06,-1.5771029104160692,-0.0003344845339610495,1.5696488841127105,-0.7852999791214369,-9.503691662050666e-15,-3.272321313011956e-13,3.677151163259883e-15,-2.83735908269243e-13,-7.108131658174007e-16,-6.038033252306622e-13,-2.3319815313811743e-14,0.0,0.0,0.0,-1.57079,0.0,1.57079,-0.7853
10.920085333,1785935959.651643038,HOME,6.072825561840693e-16,0.006581714242672525,-1.7787051384200727e-06,-1.5771029104160663,-0.00033448453396098883,1.569648884112719,-0.7852999791214369,6.194893926747546e-15,1.3992396829052575e-12,1.9936446541607557e-14,1.4017877428430544e-12,2.3200751846203837e-14,4.0401960828648654e-12,-2.1433787801683842e-14,0.0,0.0,0.0,-1.57079,0.0,1.57079,-0.7853
10.940841047,1785935959.671623945,HOME,4.810852288848645e-16,0.006581714242670799,-1.7787051383454366e-06,-1.577102910416068,-0.00033448453396101794,1.5696488841127134,-0.7852999791214369,-7.599866339091743e-15,-2.6571158769287565e-13,1.640154742581857e-15,-2.726422148351345e-13,-8.409787767804298e-15,-1.116795835086078e-12,-2.4831126242654844e-14,0.0,0.0,0.0,-1.57079,0.0,1.57079,-0.7853
10.960716401,1785935959.691570282,HOME,3.812017502311147e-16,0.006581714242669994,-1.7787051382814557e-06,-1.5771029104160694,-0.0003344845339610251,1.5696488841127108,-0.7852999791214369,-7.0446930679654874e-15,-4.4938596981538607e-13,-4.86452727456939e-16,-3.8870578240919074e-13,-1.8473893754750824e-15,-8.459435137089989e-13,-2.3023614083251415e-14,0.0,0.0,0.0,-1.57079,0.0,1.57079,-0.7853
10.980263875,1785935959.711069822,HOME,3.434391609711412e-16,0.006581714242673594,-1.778705138176462e-06,-1.5771029104160654,-0.00033448453396095484,1.5696488841127216,-0.7852999791214369,1.1329751759119355e-14,1.7029462184181745e-12,2.0301427145256516e-14,1.6877767936371812e-12,2.758266208374513e-14,4.9225834039337965e-12,-2.1549661009495466e-14,0.0,0.0,0.0,-1.57079,0.0,1.57079,-0.7853
10.999730512,1785935959.731160402,HOME,2.667916835897249e-16,0.006581714242671609,-1.7787051381443865e-06,-1.5771029104160674,-0.0003344845339609906,1.5696488841127152,-0.7852999791214369,-7.020347126747011e-15,-3.5674988900649805e-13,-2.2930553098837798e-15,-4.3828543123336383e-13,-1.2236527685358111e-14,-1.564642883864434e-12,-2.5585274319122648e-14,0.0,0.0,0.0,-1.57079,0.0,1.57079,-0.7853
11.019948251,1785935959.750826836,HOME,1.9679578786359975e-16,0.0065817142426698805,-1.7787051381290313e-06,-1.5771029104160694,-0.000334484533961016,1.5696488841127096,-0.7852999791214369,-5.962312936684575e-15,-5.836383585914631e-13,-3.115642475415843e-15,-4.941917794301866e-13,-2.502934892813555e-15,-1.0787664666818385e-12,-2.2704104944200914e-14,0.0,0.0,0.0,-1.57079,0.0,1.57079,-0.7853
11.040053673,1785935959.771237612,HOME,2.0158838935706634e-16,0.006581714242674146,-1.7787051380413623e-06,-1.577102910416065,-0.00033448453396093153,1.569648884112723,-0.7852999791214369,1.6321174998573317e-14,2.0993769771001907e-12,2.3141527911789488e-14,2.085158418555071e-12,3.3881447235885246e-14,6.0813368608280755e-12,-2.063569667021004e-14,0.0,0.0,0.0,-1.57079,0.0,1.57079,-0.7853
11.059436848,1785935959.790724277,HOME,1.483503767323749e-16,0.006581714242671688,-1.7787051380367896e-06,-1.5771029104160674,-0.00033448453396097897,1.569648884112715,-0.7852999791214369,-6.7989139946832415e-15,-4.404623647521437e-13,-4.449469546713121e-15,-5.399543905114942e-13,-1.5299971125953572e-14,-1.9245184981225996e-12,-2.6264008025738222e-14,0.0,0.0,0.0,-1.57079,0.0,1.57079,-0.7853
11.079927893,1785935959.810674667,HOME,1.1067402934572665e-16,0.006581714242670253,-1.7787051380280645e-06,-1.577102910416069,-0.00033448453396099013,1.5696488841127116,-0.7852999791214369,-3.612104238081424e-15,-3.0804645542786765e-13,-1.909208287993082e-15,-2.9355216978650127e-13,-2.657754871403838e-15,-8.112822124291726e-13,-2.4019862630986542e-14,0.0,0.0,0.0,-1.57079,0.0,1.57079,-0.7853
11.099614330,1785935959.830702543,HOME,8.268287476409145e-17,0.006581714242669717,-1.7787051380175448e-06,-1.5771029104160696,-0.00033448453396099593,1.56964888411271,-0.7852999791214369,-1.1268891499225333e-15,-1.7513966529284317e-13,4.702028309272708e-16,-6.322986467210904e-14,8.529480011420522e-16,-9.47485200635478e-14,-2.2897745535339026e-14,0.0,0.0,0.0,-1.57079,0.0,1.57079,-0.7853
11.119424625,1785935959.850704193,HOME,8.495030737033491e-17,0.006581714242672388,-1.7787051379764627e-06,-1.577102910416067,-0.0003344845339609733,1.569648884112716,-0.7852999791214369,-8.06335714936264e-15,-6.018275060724773e-13,-7.238865886566593e-15,-7.30922328318912e-13,-2.0023488372171227e-14,-2.5314852590542005e-12,-2.617054120492232e-14,0.0,0.0,0.0,-1.57079,0.0,1.57079,-0.7853
11.139555716,1785935959.870934725,HOME,5.455235817063783e-17,0.006581714242670059,-1.7787051379843437e-06,-1.577102910416069,-0.00033448453396098954,1.5696488841127112,-0.7852999791214369,-3.574974648439906e-15,-3.948999767169667e-13,-3.012668435009759e-15,-3.6603648912229835e-13,-3.25025797718766e-15,-1.0184917147783404e-12,-2.3701209436895712e-14,0.0,0.0,0.0,-1.57079,0.0,1.57079,-0.7853
11.159904463,1785935959.891351938,HOME,3.614880904389476e-17,0.006581714242669322,-1.7787051379827288e-06,-1.57710291041607,-0.00033448453396099626,1.5696488841127094,-0.7852999791214369,-6.792404981560841e-16,-2.1739287866325965e-13,3.169192184016792e-17,-7.742244772836952e-14,1.033667235814796e-15,-1.1860149579547626e-13,-2.3371870997331246e-14,0.0,0.0,0.0,-1.57079,0.0,1.57079,-0.7853
11.180231644,1785935959.911405802,HOME,5.1453045502181213e-17,0.006581714242672639,-1.7787051379421688e-06,-1.5771029104160668,-0.0003344845339609693,1.569648884112717,-0.7852999791214369,-9.428136280589789e-15,-7.447020533994472e-13,-9.450004119863312e-15,-9.015908348444732e-13,-2.488687326289989e-14,-3.1398627310345167e-12,-2.695789513463452e-14,0.0,0.0,0.0,-1.57079,0.0,1.57079,-0.7853
11.199950482,1785935959.931014776,HOME,3.056355436879961e-17,0.006581714242670667,-1.7787051379518928e-06,-1.5771029104160688,-0.00033448453396098146,1.5696488841127123,-0.7852999791214369,-5.201696751954693e-15,-5.211893164338478e-13,-5.692615249494364e-15,-5.589190364426762e-13,-6.2073925260332386e-15,-1.4513373103512564e-12,-2.3552189648266554e-14,0.0,0.0,0.0,-1.57079,0.0,1.57079,-0.7853
11.219736412,1785935959.950968981,HOME,2.1258181137065702e-17,0.00658171424266998,-1.7787051379504797e-06,-1.5771029104160694,-0.00033448453396098157,1.5696488841127114,-0.7852999791214369,-8.940215161553207e-16,-1.5095574465848868e-13,-6.014578949929796e-16,-1.0043595644684378e-13,1.794604911351794e-16,-2.3449911492724605e-13,-2.309715780817696e-14,0.0,0.0,0.0,-1.57079,0.0,1.57079,-0.7853
11.239834871,1785935959.970940113,HOME,2.685502918949857e-17,0.006581714242671408,-1.7787051379333584e-06,-1.577102910416068,-0.0003344845339609597,1.5696488841127154,-0.7852999791214369,7.802618290491583e-15,8.283787518261737e-13,9.808883584964668e-15,9.054982471378514e-13,1.4689152923808074e-14,2.553162094820867e-12,-2.1988065462334376e-14,0.0,0.0,0.0,-1.57079,0.0,1.57079,-0.7853
11.261292831,1785935959.991034746,HOME,1.310004724462729e-17,0.0065817142426709925,-1.7787051379396667e-06,-1.5771029104160685,-0.00033448453396098433,1.5696488841127123,-0.7852999791214369,-6.654471739207689e-15,-6.953536564456452e-13,-7.85827169720454e-15,-7.38649018153661e-13,-8.225580969263703e-15,-1.9018543664484737e-12,-2.4253154433392518e-14,0.0,0.0,0.0,-1.57079,0.0,1.57079,-0.7853
11.279909484,1785935960.011445045,HOME,5.373357622570093e-18,0.006581714242669695,-1.778705137942707e-06,-1.5771029104160694,-0.0003344845339609841,1.5696488841127108,-0.785299979121437,-8.250935918115436e-16,-1.9637893526399998e-13,-8.218906133560994e-16,-1.2568653079342307e-13,3.7361183096922985e-16,-2.9677067699425253e-13,-2.1827850212827493e-14,0.0,0.0,0.0,-1.57079,0.0,1.57079,-0.7853
11.301054819,1785935960.031425714,HOME,1.711902372621288e-17,0.0065817142426714,-1.778705137923173e-06,-1.5771029104160679,-0.00033448453396095587,1.5696488841127156,-0.785299979121437,9.827746674794903e-15,1.022272475598407e-12,1.2004657813407726e-14,1.116493601239398e-12,1.8121622561889452e-14,3.1514667763797266e-12,-2.136508595152219e-14,0.0,0.0,0.0,-1.57079,0.0,1.57079,-0.7853
11.320085353,1785935960.051022291,HOME,3.342006399114502e-18,0.006581714242670898,-1.7787051379332108e-06,-1.5771029104160688,-0.0003344845339609866,1.5696488841127119,-0.785299979121437,-8.094756599860219e-15,-8.59732596253049e-13,-9.836122196820247e-15,-9.135259667018783e-13,-1.0196327116001654e-14,-2.35155869665933e-12,-2.238220352543553e-14,0.0,0.0,0.0,-1.57079,0.0,1.57079,-0.7853
11.339820101,1785935960.070849657,HOME,7.45785849891834e-19,0.00658171424267011,-1.778705137933177e-06,-1.5771029104160694,-0.0003344845339609817,1.5696488841127112,-0.785299979121437,-1.9851123561663013e-15,-2.865603868050721e-13,-2.482618664541149e-15,-2.4689229820826857e-13,-1.3555147867320922e-15,-5.382214660662613e-13,-2.1700232444625474e-14,0.0,0.0,0.0,-1.57079,0.0,1.57079,-0.7853
11.360721535,1785935960.091480255,HOME,2.1744893738316875e-17,0.006581714242672484,-1.7787051379050394e-06,-1.577102910416067,-0.00033448453396093907,1.569648884112718,-0.785299979121437,1.0782358063154638e-14,1.2403534307582149e-12,1.3018423666940558e-14,1.2467554647565061e-12,2.007792929245221e-14,3.5871905859161714e-12,-2.0977581412669194e-14,0.0,0.0,0.0,-1.57079,0.0,1.57079,-0.7853
11.379970216,1785935960.111447334,HOME,4.6881166551452374e-18,0.006581714242670935,-1.778705137922335e-06,-1.5771029104160685,-0.00033448453396097376,1.5696488841127132,-0.785299979121437,-2.408072964096281e-15,-2.3599911598014543e-13,-2.341187237544188e-15,-2.3670411199046365e-13,-7.798119815604555e-15,-9.842973873145943e-13,-2.41437371207457e-14,0.0,0.0,0.0,-1.57079,0.0,1.57079,-0.7853
11.400264605,1785935960.131536961,HOME,-6.2849369382525474e-18,0.006581714242670207,-1.7787051379336634e-06,-1.5771029104160694,-0.00033448453396098666,1.5696488841127105,-0.785299979121437,-2.6960781285910327e-15,-3.9697157749917393e-13,-3.514536825852255e-15,-3.3993963346456167e-13,-1.9621339086707633e-15,-7.402263871711924e-13,-2.1502547027258084e-14,0.0,0.0,0.0,-1.57079,0.0,1.57079,-0.7853
11.421245560,1785935960.151824951,HOME,2.0905998307611497e-17,0.006581714242672773,-1.7787051378996861e-06,-1.5771029104160663,-0.0003344845339609326,1.569648884112719,-0.785299979121437,1.3461267355334032e-14,1.5259542450524643e-12,1.6155196210240596e-14,1.5395313100012557e-12,2.4961065676783037e-14,4.433190282395536e-12,-2.031726525081383e-14,0.0,0.0,0.0,-1.57079,0.0,1.57079,-0.7853
11.440705875,1785935960.171689510,HOME,1.823038984297087e-18,0.006581714242670817,-1.7787051379204086e-06,-1.5771029104160685,-0.00033448453396097436,1.569648884112713,-0.785299979121437,-2.8985361851139666e-15,-2.9094238271816413e-13,-2.8817379750017573e-15,-2.9281964243121314e-13,-9.628755033530169e-15,-1.2151460804979685e-12,-2.3979979069084626e-14,0.0,0.0,0.0,-1.57079,0.0,1.57079,-0.7853
11.459794638,1785935960.191241264,HOME,-1.0841775754338882e-17,0.006581714242669923,-1.778705137934802e-06,-1.5771029104160696,-0.00033448453396099035,1.5696488841127099,-0.785299979121437,-3.303277703591435e-15,-4.91070710267295e-13,-4.376923845639824e-15,-4.2299933423949913e-13,-2.4075560599735297e-15,-9.14977585721482e-13,-2.1302294960582055e-14,0.0,0.0,0.0,-1.57079,0.0,1.57079,-0.7853
11.480399549,1785935960.211645365,HOME,2.6522637663785326e-17,0.006581714242673852,-1.7787051378892003e-06,-1.5771029104160654,-0.0003344845339609209,1.5696488841127216,-0.785299979121437,1.5980791532281098e-14,1.863138636272952e-12,1.9053475430106404e-14,1.849601265931979e-12,2.9821207147837775e-14,5.394218193010676e-12,-1.9645393665196204e-14,0.0,0.0,0.0,-1.57079,0.0,1.57079,-0.7853
11.499865525,1785935960.231141806,HOME,6.827220598713663e-18,0.006581714242671676,-1.7787051379108466e-06,-1.5771029104160676,-0.0003344845339609663,1.569648884112715,-0.785299979121437,-4.767973061561129e-15,-3.914290444150705e-13,-5.107508299727122e-15,-4.77763424731478e-13,-1.3667385202676975e-14,-1.7097848573531942e-12,-2.4906523544493395e-14,0.0,0.0,0.0,-1.57079,0.0,1.57079,-0.7853
11.519907928,1785935960.250954390,HOME,-3.738466696156219e-18,0.0065817142426703975,-1.778705137923644e-06,-1.577102910416069,-0.00033448453396097826,1.569648884112712,-0.785299979121437,-2.147691379154663e-15,-2.7235779996223253e-13,-2.6113961695065538e-15,-2.561667716213421e-13,-2.4626434738130486e-15,-7.17933590155773e-13,-2.2777794234642768e-14,0.0,0.0,0.0,-1.57079,0.0,1.57079,-0.7853
11.539802597,1785935960.271008968,HOME,3.0147271736355254e-17,0.006581714242674825,-1.7787051378831012e-06,-1.5771029104160648,-0.0003344845339609118,1.569648884112724,-0.785299979121437,1.9829967371989444e-14,2.297816682061587e-12,2.3592236175576843e-14,2.2949594715243016e-12,3.71759086324092e-14,6.690076890279733e-12,-1.8784019155330453e-14,0.0,0.0,0.0,-1.57079,0.0,1.57079,-0.7853
11.560525961,1785935960.291674137,HOME,6.183922501501175e-18,0.006581714242671763,-1.7787051379099428e-06,-1.577102910416067,-0.00033448453396096617,1.569648884112715,-0.785299979121437,-5.796705330107685e-15,-4.894699899626646e-13,-6.216257351394221e-15,-5.926755702051231e-13,-1.6747219246119283e-14,-2.110677740821918e-12,-2.4832877080572287e-14,0.0,0.0,0.0,-1.57079,0.0,1.57079,-0.7853
11.579998494,1785935960.310794592,HOME,-5.655123792690356e-18,0.006581714242670143,-1.7787051379246638e-06,-1.5771029104160688,-0.00033448453396097956,1.5696488841127112,-0.785299979121437,-2.614567698298535e-15,-3.362286821309574e-13,-3.1975186792047546e-15,-3.223634278521764e-13,-3.020725063079477e-15,-8.825543747987813e-13,-2.2585321806234432e-14,0.0,0.0,0.0,-1.57079,0.0,1.57079,-0.7853
11.599832449,1785935960.331433773,HOME,-1.2795736314905355e-17,0.006581714242669558,-1.7787051379336354e-06,-1.5771029104160694,-0.0003344845339609878,1.5696488841127096,-0.785299979121437,-1.6369661763062087e-16,-1.9066689961522355e-13,-4.20392193954817e-16,-7.311822260346696e-14,7.843012396930309e-16,-1.0285372641835912e-13,-2.235969895790452e-14,0.0,0.0,0.0,-1.57079,0.0,1.57079,-0.7853
11.620703767,1785935960.350943804,HOME,8.701440422255307e-18,0.006581714242672489,-1.7787051379056386e-06,-1.5771029104160668,-0.0003344845339609653,1.5696488841127163,-0.785299979121437,-7.95447508153374e-15,-6.575051286454303e-13,-8.691799096349739e-15,-7.996257790515412e-13,-2.203915407878917e-14,-2.7698710976880177e-12,-2.5796212823380586e-14,0.0,0.0,0.0,-1.57079,0.0,1.57079,-0.7853
11.640047067,1785935960.371318340,HOME,-3.0331624472867266e-18,0.006581714242670751,-1.7787051379203734e-06,-1.5771029104160683,-0.0003344845339609769,1.5696488841127123,-0.785299979121437,-4.283690879546491e-15,-4.597111993223981e-13,-5.3020918750431055e-15,-4.947117376874951e-13,-5.461429345361928e-15,-1.2782431949568584e-12,-2.254120400652178e-14,0.0,0.0,0.0,-1.57079,0.0,1.57079,-0.7853
11.660110856,1785935960.391358137,HOME,-5.749037626996879e-18,0.006581714242670142,-1.778705137924123e-06,-1.5771029104160688,-0.0003344845339609772,1.5696488841127114,-0.785299979121437,-5.421112840792546e-16,-1.3348481783140422e-13,-7.62487429681243e-16,-9.329884412250714e-14,1.83181344723685e-16,-2.0285879832850186e-13,-2.2203912085599608e-14,0.0,0.0,0.0,-1.57079,0.0,1.57079,-0.7853
11.680862032,1785935960.411890507,HOME,8.742523288454435e-18,0.006581714242673058,-1.7787051379049165e-06,-1.5771029104160665,-0.00033448453396096764,1.569648884112717,-0.785299979121437,-1.0041818115898527e-14,-8.505767818890416e-13,-1.100179802099024e-14,-1.0128400771644094e-12,-2.7633890986791816e-14,-3.507995658526245e-12,-2.5888260540905043e-14,0.0,0.0,0.0,-1.57079,0.0,1.57079,-0.7853
11.699302537,1785935960.430764198,HOME,-4.942138273882982e-18,0.006581714242670618,-1.7787051379222672e-06,-1.5771029104160683,-0.00033448453396097983,1.5696488841127119,-0.785299979121437,-5.214315581560853e-15,-5.722422975174919e-13,-6.457563276089684e-15,-6.105538107147068e-13,-6.642440228398319e-15,-1.577497744053842e-12,-2.2411987673868406e-14,0.0,0.0,0.0,-1.57079,0.0,1.57079,-0.7853
11.720695445,1785935960.451375961,HOME,-7.402866341778032e-18,0.006581714242669837,-1.7787051379258692e-06,-1.5771029104160688,-0.00033448453396097913,1.5696488841127108,-0.785299979121437,-6.394492316203293e-16,-1.6438729669717303e-13,-9.084721302313752e-16,-1.1637169317654182e-13,2.1046036059830742e-16,-2.4908080467136987e-13,-2.1953796999717268e-14,0.0,0.0,0.0,-1.57079,0.0,1.57079,-0.7853
11.739837689,1785935960.470775366,HOME,4.521524337897974e-18,0.006581714242671401,-1.7787051379119838e-06,-1.5771029104160676,-0.0003344845339609561,1.5696488841127156,-0.785299979121437,8.75764830157754e-15,9.033556919679806e-13,1.0458600332264689e-14,9.823107872848405e-13,1.5942573090351827e-14,2.779072994933541e-12,-2.0778733205167527e-14,0.0,0.0,0.0,-1.57079,0.0,1.57079,-0.7853
11.760180059,1785935960.490849972,HOME,-5.909801430194867e-18,0.006581714242670962,-1.778705137923012e-06,-1.5771029104160688,-0.00033448453396098406,1.569648884112712,-0.785299979121437,-7.0588748764529565e-15,-7.58520455004426e-13,-8.771446608589581e-15,-8.053382410035977e-13,-9.03369349980909e-15,-2.077578075036496e-12,-2.2379633490729327e-14,0.0,0.0,0.0,-1.57079,0.0,1.57079,-0.7853
11.781037069,1785935960.512404203,HOME,-6.690465389370074e-18,0.006581714242670255,-1.7787051379246234e-06,-1.5771029104160688,-0.0003344845339609793,1.5696488841127116,-0.785299979121437,-1.681522562825025e-15,-2.5381309167166587e-13,-2.263369853514354e-15,-2.2384416276214372e-13,-1.1295691259258585e-15,-4.742276055871329e-13,-2.1809981280364032e-14,0.0,0.0,0.0,-1.57079,0.0,1.57079,-0.7853
11.799753625,1785935960.530982494,HOME,3.5404660186839535e-18,0.006581714242671535,-1.7787051379133693e-06,-1.5771029104160676,-0.00033448453396095555,1.5696488841127159,-0.785299979121437,1.0984674427049867e-14,1.1102466452130756e-12,1.3116644742958882e-14,1.2241250413513246e-12,2.0043057808228312e-14,3.454864647506218e-12,-2.107586391285364e-14,0.0,0.0,0.0,-1.57079,0.0,1.57079,-0.7853
11.820085720,1785935960.551530838,HOME,-7.905343376648643e-18,0.00658171424267086,-1.7787051379251975e-06,-1.577102910416069,-0.00033448453396098797,1.5696488841127116,-0.785299979121437,-8.680732038346118e-15,-9.40214410522819e-13,-1.0786901070182219e-14,-9.953736472193446e-13,-1.1125603474038697e-14,-2.5683786795786903e-12,-2.3230665126167484e-14,0.0,0.0,0.0,-1.57079,0.0,1.57079,-0.7853
11.840613405,1785935960.571743011,HOME,-8.283013535283095e-18,0.006581714242669989,-1.778705137926474e-06,-1.5771029104160692,-0.000334484533960982,1.5696488841127114,-0.785299979121437,-2.068674186548256e-15,-3.132227969934671e-13,-2.7867041158802443e-15,-2.7275877347015343e-13,-1.4165137906852716e-15,-5.893135296006684e-13,-2.1575692994999755e-14,0.0,0.0,0.0,-1.57079,0.0,1.57079,-0.7853
11.859919038,1785935960.591211319,HOME,1.6424269145690768e-17,0.006581714242672585,-1.778705137897118e-06,-1.5771029104160668,-0.0003344845339609356,1.5696488841127192,-0.785299979121437,1.1860189513856896e-14,1.3557286856346344e-12,1.4159224331552162e-14,1.3600993457384118e-12,2.1931121939747827e-14,3.9131145852732495e-12,-2.069123061431868e-14,0.0,0.0,0.0,-1.57079,0.0,1.57079,-0.7853
11.879929125,1785935960.610808611,HOME,-8.522410893098921e-19,0.006581714242670897,-1.778705137917252e-06,-1.5771029104160685,-0.0003344845339609737,1.5696488841127136,-0.785299979121437,-2.5741334979137667e-15,-2.580651718016811e-13,-2.6194624050691016e-15,-2.5940574084308474e-13,-8.576119755993326e-15,-1.0849501420093042e-12,-2.40508062273199e-14,0.0,0.0,0.0,-1.57079,0.0,1.57079,-0.7853
11.900067525,1785935960.630798340,HOME,-1.178658326489795e-17,0.006581714242670103,-1.7787051379307095e-06,-1.5771029104160696,-0.0003344845339609883,1.569648884112711,-0.785299979121437,-2.9053216052339976e-15,-4.348150728923684e-13,-3.899566709624112e-15,-3.7060865084709676e-13,-2.16133667499449e-15,-8.165643150392694e-13,-2.139773238960176e-14,0.0,0.0,0.0,-1.57079,0.0,1.57079,-0.7853
11.919557867,1785935960.650817394,HOME,2.1548650008697028e-17,0.006581714242673559,-1.7787051378908732e-06,-1.5771029104160657,-0.0003344845339609265,1.5696488841127214,-0.785299979121437,1.4110406041735e-14,1.6424822552715059e-12,1.678526558883365e-14,1.6309055465630757e-12,2.6322387537029195e-14,4.750200718596436e-12,-2.0073719948605317e-14,0.0,0.0,0.0,-1.57079,0.0,1.57079,-0.7853
11.939996197,1785935960.671276093,HOME,-2.808142675766199e-18,0.006581714242670866,-1.778705137919669e-06,-1.5771029104160685,-0.00033448453396097674,1.5696488841127139,-0.785299979121437,-3.115743708912645e-15,-3.327002799107901e-13,-3.1524707872827146e-15,-3.233964779995342e-13,-1.0525757915103273e-14,-1.3582192329153593e-12,-2.480239382137662e-14,0.0,0.0,0.0,-1.57079,0.0,1.57079,-0.7853
11.959981408,1785935960.691545963,HOME,-1.4930109711740526e-17,0.006581714242669791,-1.7787051379345483e-06,-1.5771029104160699,-0.00033448453396099263,1.5696488841127099,-0.785299979121437,-3.540147093445654e-15,-5.37462788291965e-13,-4.7551776993529926e-15,-4.594382360024483e-13,-2.6198295223665195e-15,-1.0032575140520264e-12,-2.209570221071466e-14,0.0,0.0,0.0,-1.57079,0.0,1.57079,-0.7853
11.980848112,1785935960.711551905,HOME,2.6730707802793422e-17,0.006581714242674074,-1.7787051378847322e-06,-1.5771029104160652,-0.0003344845339609163,1.569648884112723,-0.785299979121437,1.7459166811159716e-14,2.032324970034915e-12,2.076942877767063e-14,2.0177932782840317e-12,3.257535757065914e-14,5.878698334757341e-12,-1.9294555937063695e-14,0.0,0.0,0.0,-1.57079,0.0,1.57079,-0.7853
11.999648586,1785935960.730647802,HOME,5.715233348536263e-18,0.006581714242671705,-1.7787051379086255e-06,-1.5771029104160676,-0.0003344845339609656,1.5696488841127154,-0.785299979121437,-5.19884196652866e-15,-4.2815053307663275e-13,-5.60604956008782e-15,-5.230167693290112e-13,-1.4923389784393526e-14,-1.8722911679033624e-12,-2.485841022284807e-14,0.0,0.0,0.0,-1.57079,0.0,1.57079,-0.7853
12.019973894,1785935960.751149893,HOME,-5.539336228788284e-18,0.006581714242670302,-1.7787051379229583e-06,-1.577102910416069,-0.00033448453396097853,1.5696488841127116,-0.785299979121437,-2.3390913024356132e-15,-2.984553887215567e-13,-2.8759077072469084e-15,-2.83133772423651e-13,-2.6861403906490004e-15,-7.854216584999374e-13,-2.267612160016984e-14,0.0,0.0,0.0,-1.57079,0.0,1.57079,-0.7853
12.040045322,1785935960.771464586,HOME,-1.1912603670823541e-17,0.006581714242669779,-1.7787051379312294e-06,-1.5771029104160696,-0.000334484533960986,1.5696488841127103,-0.785299979121437,-1.441674030761495e-16,-1.6934890711824591e-13,-3.8279576078931943e-16,-6.043461301735817e-14,7.224206458615934e-16,-9.323905784880227e-14,-2.1605847538213456e-14,0.0,0.0,0.0,-1.57079,0.0,1.57079,-0.7853
12.060074085,1785935960.790767908,HOME,7.177023236427179e-18,0.006581714242672359,-1.7787051379065854e-06,-1.5771029104160672,-0.00033448453396096585,1.569648884112716,-0.785299979121437,-7.006169060867253e-15,-5.79915341997469e-13,-7.663767396444288e-15,-7.023508745095211e-13,-1.9430281198734486e-14,-2.4430324344555607e-12,-2.4878596211711218e-14,0.0,0.0,0.0,-1.57079,0.0,1.57079,-0.7853
12.080825322,1785935960.811714411,HOME,-8.431768709030458e-18,0.006581714242670116,-1.7787051379265491e-06,-1.5771029104160692,-0.0003344845339609829,1.569648884112711,-0.785299979121437,-2.826535408928081e-15,-3.8113484317592346e-13,-3.473206278099179e-15,-3.510456938724642e-13,-3.1656964752363175e-15,-9.797230937544307e-13,-2.2485925691197898e-14,0.0,0.0,0.0,-1.57079,0.0,1.57079,-0.7853
12.099764659,1785935960.831303835,HOME,-1.4989288783995714e-17,0.006581714242669397,-1.7787051379351025e-06,-1.57710291041607,-0.0003344845339609904,1.5696488841127094,-0.785299979121437,-1.385361345457447e-16,-2.0945041489273525e-13,-4.222205682712617e-16,-7.367164223776255e-14,9.292700889406065e-16,-1.1313514584694969e-13,-2.2221785021526016e-14,0.0,0.0,0.0,-1.57079,0.0,1.57079,-0.7853
12.119493416,1785935960.850747824,HOME,8.923877839916192e-18,0.006581714242672592,-1.7787051379042317e-06,-1.577102910416067,-0.00033448453396096525,1.5696488841127165,-0.785299979121437,-8.670034182786016e-15,-7.178213242578435e-13,-9.483786821126504e-15,-8.693480863492971e-13,-2.4006444911180907e-14,-3.020712096477681e-12,-2.579253619055071e-14,0.0,0.0,0.0,-1.57079,0.0,1.57079,-0.7853
12.140026145,1785935960.871301174,HOME,-3.737124476699124e-18,0.006581714242670696,-1.7787051379203391e-06,-1.5771029104160688,-0.0003344845339609778,1.569648884112712,-0.785299979121437,-4.673965421229004e-15,-5.024552649406886e-13,-5.795162018551482e-15,-5.38044444225329e-13,-6.012177301928876e-15,-1.3976681757673314e-12,-2.2473562058379907e-14,0.0,0.0,0.0,-1.57079,0.0,1.57079,-0.7853
12.160118172,1785935960.891545773,HOME,-6.6314087082839545e-18,0.006581714242670028,-1.7787051379245167e-06,-1.5771029104160692,-0.0003344845339609781,1.5696488841127112,-0.785299979121437,-5.819968336052823e-16,-1.4567015847020655e-13,-8.286808595518964e-16,-9.886314568226856e-14,1.4540416825673572e-16,-2.226975969860406e-13,-2.2082522950424724e-14,0.0,0.0,0.0,-1.57079,0.0,1.57079,-0.7853
12.179876485,1785935960.911367655,HOME,3.770527287739652e-18,0.006581714242671402,-1.7787051379124846e-06,-1.5771029104160679,-0.00033448453396095755,1.5696488841127154,-0.785299979121437,7.745083394129678e-15,7.981771797397432e-13,9.246280918123419e-15,8.706784361800605e-13,1.4121293387817667e-14,2.4581443558306297e-12,-2.1064942155920962e-14,0.0,0.0,0.0,-1.57079,0.0,1.57079,-0.7853
12.199989196,1785935960.931093693,HOME,-5.3882207450519584e-18,0.0065817142426710055,-1.778705137922209e-06,-1.5771029104160685,-0.00033448453396098184,1.5696488841127123,-0.785299979121437,-6.220053475827273e-15,-6.691321827867125e-13,-7.731673176768869e-15,-7.105592973039496e-13,-7.971598353714352e-15,-1.8308384043184008e-12,-2.2411807537937055e-14,0.0,0.0,0.0,-1.57079,0.0,1.57079,-0.7853
